emp_id,first_name,last_name,dob,gender,marital_status,qualification,city,state,country,hire_date,is_active
EMP001A,Olivia,Jones,13-02-1997,Female,Single,Bachelors,London,England,UK,27-11-2019,True
EMP002A,Anjali,Chauhan,06-02-1980,Male,Single,Diploma,Bangalore,Karnataka,India,19-08-2022,False
EMP003A,Elizabeth,Jones,25-02-1978,Female,Married,Masters,New York,New York,US,19-10-2017,True
EMP004A,Kavita,Sharma,08-07-1993,Female,Single,Bachelors,New Delhi,Delhi,India,22-03-2020,True
EMP005A,Jacob,Taylor,16-09-1993,Male,Married,Masters,Glasgow,Scotland,UK,28-06-2020,True
EMP006A,Pooja,Mishra,11-06-1990,Female,Single,Bachelors,Mumbai,Maharashtra,India,31-12-2023,False
EMP007A,Isla,Williams,23-03-1991,Female,Married,Bachelors,Birmingham,England,UK,13-07-2020,True
EMP008A,Priya,Gupta,13-07-2000,Female,Married,Bachelors,Hyderabad,Telangana,India,21-01-2016,True
EMP009A,Isla,Roberts,24-06-1999,Female,Single,Bachelors,Birmingham,England,UK,27-07-2017,True
EMP010A,James,Jones,10-10-1987,Male,Single,Masters,Seattle,Washington,US,21-05-2026,True
EMP011A,Emily,Jones,23-04-2002,Female,Single,Bachelors,Glasgow,Scotland,UK,16-12-2025,False
EMP012A,George,Taylor,29-05-1972,Female,Married,Bachelors,Edinburgh,Scotland,UK,27-10-2017,False
EMP013A,Kiran,Gupta,20-03-1988,Female,Single,Bachelors,Bangalore,Karnataka,India,13-12-2023,True
EMP014A,James,Martinez,30-05-1966,Female,Single,Bachelors,Seattle,Washington,US,10-12-2019,True
EMP015A,Isla,Brown,17-07-1973,Male,Single,Bachelors,Glasgow,Scotland,UK,08-08-2025,True
EMP016A,Michael,Davis,26-11-1969,Male,Single,Bachelors,New York,New York,US,11-05-2016,True
EMP017A,Vikram,Nayak,22-08-2003,Male,Single,PhD,New Delhi,Delhi,India,08-08-2020,True
EMP018A,Rahul,Chauhan,19-08-1967,Male,Single,PhD,Bangalore,Karnataka,India,12-02-2024,False
EMP019A,Linda,Jones,25-12-1990,Male,Married,Diploma,Chicago,Illinois,US,22-06-2018,False
EMP020A,Isla,Roberts,28-01-1968,Male,Married,Bachelors,Glasgow,Scotland,UK,10-04-2016,False
EMP021A,Kiran,Bose,12-09-1976,Male,Married,Bachelors,Bangalore,Karnataka,India,02-11-2016,True
EMP022A,Michael,Williams,12-11-1992,Male,Single,Bachelors,Austin,Texas,US,03-02-2022,True
EMP023A,John,Garcia,23-07-1996,Female,Married,PhD,New York,New York,US,16-04-2023,True
EMP024A,Emily,Jones,29-11-2004,Male,Married,Bachelors,Glasgow,Scotland,UK,28-04-2017,True
EMP025A,Elizabeth,Brown,15-12-2002,Male,Single,Bachelors,Austin,Texas,US,02-12-2020,False
EMP026A,James,Smith,09-03-1984,Male,Single,Masters,Austin,Texas,US,15-11-2020,True
EMP027A,Harry,Roberts,17-09-2000,Male,Married,Bachelors,London,England,UK,28-04-2018,True
EMP028A,Kavita,Das,18-11-2000,Male,Married,High School,New Delhi,Delhi,India,20-06-2018,False
EMP029A,Amelia,Wilson,27-09-1966,Female,Single,Masters,Manchester,England,UK,28-07-2018,True
EMP030A,Jennifer,Jones,10-10-2003,Male,Divorced,Bachelors,San Francisco,California,US,13-07-2015,True
EMP031A,Emily,Wilson,28-11-1976,Male,Single,Bachelors,Glasgow,Scotland,UK,15-08-2015,True
EMP032A,Amelia,Wilson,17-10-1996,Female,Single,Masters,Glasgow,Scotland,UK,22-08-2023,True
EMP033A,Charlie,Brown,04-10-1994,Male,Married,Bachelors,Birmingham,England,UK,27-07-2016,True
EMP034A,David,Miller,03-01-1982,Male,Married,Bachelors,Austin,Texas,US,19-08-2021,True
EMP035A,Oliver,Davies,01-11-1984,Male,Married,Masters,Birmingham,England,UK,22-08-2024,True
EMP036A,Harry,Taylor,29-01-1975,Male,Single,High School,Birmingham,England,UK,04-02-2017,True
EMP037A,Elizabeth,Johnson,12-12-1975,Male,Married,High School,Chicago,Illinois,US,12-05-2019,True
EMP038A,Anjali,Singh,21-01-2003,Male,Married,Masters,Bangalore,Karnataka,India,14-08-2026,True
EMP039A,Emily,Roberts,30-07-1989,Female,Married,Masters,Glasgow,Scotland,UK,04-12-2024,True
EMP040A,Linda,Jones,03-01-1997,Female,Single,Bachelors,San Francisco,California,US,13-11-2025,True
EMP041A,George,Williams,15-04-1983,Female,Married,Bachelors,Manchester,England,UK,04-08-2023,True
EMP042A,Rakesh,Singh,30-06-1982,Female,Married,Masters,Hyderabad,Telangana,India,14-07-2023,True
EMP043A,Jack,Thomas,20-06-1995,Female,Married,Masters,Manchester,England,UK,10-10-2024,True
EMP044A,Ravi,Gupta,17-09-1985,Male,Single,Bachelors,Mumbai,Maharashtra,India,11-08-2015,True
EMP045A,Neha,Patel,03-09-1968,Female,Single,Bachelors,New Delhi,Delhi,India,29-03-2021,True
EMP046A,Patricia,Johnson,14-09-1975,Male,Married,Diploma,New York,New York,US,18-07-2020,True
EMP047A,Neha,Iyer,07-05-1972,Female,Single,High School,New Delhi,Delhi,India,06-10-2018,True
EMP048A,Elizabeth,Miller,27-08-1999,Female,Married,Bachelors,Chicago,Illinois,US,14-09-2016,True
EMP049A,Anjali,Bose,22-04-1980,Male,Married,Masters,Mumbai,Maharashtra,India,10-08-2024,True
EMP050A,Vikram,Patel,12-02-1977,Female,Married,Masters,Hyderabad,Telangana,India,07-10-2024,False
EMP051A,Jacob,Evans,25-07-1990,Female,Single,Bachelors,Manchester,England,UK,03-04-2021,True
EMP052A,John,Davis,05-03-1988,Male,Single,Masters,San Francisco,California,US,17-10-2020,True
EMP053A,William,Brown,21-02-1983,Male,Single,Bachelors,Chicago,Illinois,US,19-01-2025,True
EMP054A,William,Rodriguez,11-04-1976,Male,Single,Bachelors,Austin,Texas,US,02-06-2022,True
EMP055A,Sanjay,Gupta,07-02-1999,Female,Divorced,Masters,Bangalore,Karnataka,India,08-11-2019,True
EMP056A,Patricia,Garcia,13-06-1967,Female,Married,Diploma,San Francisco,California,US,26-04-2015,True
EMP057A,Mary,Smith,22-04-1967,Female,Divorced,Bachelors,Seattle,Washington,US,12-07-2025,True
EMP058A,Vikram,Kumar,19-02-1976,Male,Married,Bachelors,Mumbai,Maharashtra,India,27-05-2018,True
EMP059A,Poppy,Brown,27-03-1984,Female,Married,Diploma,Glasgow,Scotland,UK,07-02-2025,False
EMP060A,George,Brown,09-01-1972,Male,Married,Masters,Manchester,England,UK,27-10-2016,True
EMP061A,Robert,Smith,22-06-1975,Female,Married,Bachelors,San Francisco,California,US,05-05-2021,True
EMP062A,Jack,Wilson,11-06-1972,Female,Married,Masters,London,England,UK,05-05-2018,True
EMP063A,Linda,Johnson,21-08-1984,Male,Married,Masters,Chicago,Illinois,US,11-01-2024,True
EMP064A,Amelia,Clark,27-02-1995,Female,Married,Masters,Birmingham,England,UK,18-01-2017,False
EMP065A,Neha,Gupta,22-01-1987,Male,Married,Bachelors,Hyderabad,Telangana,India,26-01-2019,True
EMP066A,David,Johnson,19-12-1982,Male,Married,Bachelors,San Francisco,California,US,26-03-2024,True
EMP067A,Mary,Miller,06-12-1992,Female,Married,Masters,Seattle,Washington,US,12-05-2025,True
EMP068A,Manish,Gupta,06-04-1993,Male,Married,Bachelors,Bangalore,Karnataka,India,29-10-2024,True
EMP069A,Arjun,Singh,28-11-1971,Female,Divorced,Bachelors,Mumbai,Maharashtra,India,18-07-2017,True
EMP070A,Jacob,Wilson,21-11-1991,Male,Married,Bachelors,Edinburgh,Scotland,UK,19-06-2020,True
EMP071A,Jennifer,Rodriguez,12-01-1985,Female,Single,Bachelors,Austin,Texas,US,06-05-2021,False
EMP072A,Olivia,Thomas,06-06-1983,Male,Single,Bachelors,Birmingham,England,UK,10-05-2020,False
EMP073A,Michael,Williams,19-03-2004,Female,Single,Masters,Chicago,Illinois,US,31-10-2017,False
EMP074A,Sanjay,Nayak,28-01-1996,Female,Married,Masters,Hyderabad,Telangana,India,04-09-2016,True
EMP075A,Emily,Wilson,22-11-1977,Male,Married,Bachelors,Birmingham,England,UK,22-10-2015,True
EMP076A,Anjali,Reddy,18-09-2000,Male,Single,Bachelors,Mumbai,Maharashtra,India,24-09-2018,True
EMP077A,Pooja,Gupta,21-10-1975,Female,Divorced,Diploma,Hyderabad,Telangana,India,24-10-2018,True
EMP078A,David,Jones,25-05-1995,Male,Single,Masters,Chicago,Illinois,US,18-03-2015,False
EMP079A,Jacob,Wilson,14-10-1969,Male,Single,Bachelors,Birmingham,England,UK,10-10-2021,False
EMP080A,Barbara,Jones,05-06-1998,Female,Married,Masters,New York,New York,US,26-02-2021,False
EMP081A,Ravi,Chauhan,23-02-1993,Male,Single,Bachelors,New Delhi,Delhi,India,07-04-2019,True
EMP082A,Amelia,Williams,13-04-2000,Female,Married,Masters,London,England,UK,30-04-2022,True
EMP083A,Manish,Mishra,26-04-1971,Male,Married,Masters,Hyderabad,Telangana,India,06-08-2022,False
EMP084A,William,Garcia,08-03-1995,Female,Married,Masters,New York,New York,US,25-04-2015,True
EMP085A,Mary,Brown,03-07-1993,Female,Divorced,Bachelors,Chicago,Illinois,US,11-05-2022,True
EMP086A,Mary,Williams,19-10-2004,Male,Single,Bachelors,New York,New York,US,29-10-2021,True
EMP087A,Thomas,Roberts,20-07-1977,Male,Married,Bachelors,Edinburgh,Scotland,UK,21-04-2024,True
EMP088A,Patricia,Garcia,25-06-1970,Female,Single,Bachelors,New York,New York,US,17-01-2023,True
EMP089A,Poppy,Jones,29-04-1999,Male,Married,Masters,London,England,UK,18-06-2020,True
EMP090A,Sneha,Chauhan,26-03-1989,Female,Married,Diploma,Bangalore,Karnataka,India,21-03-2021,False
EMP091A,Priya,Kumari,10-04-1998,Female,Married,Masters,New Delhi,Delhi,India,06-04-2022,True
EMP092A,Linda,Garcia,22-11-2003,Female,Married,PhD,Seattle,Washington,US,19-02-2025,True
EMP093A,Neha,Mishra,16-08-1968,Female,Married,Diploma,Hyderabad,Telangana,India,03-06-2017,True
EMP094A,Elizabeth,Martinez,05-09-1987,Female,Single,Masters,Seattle,Washington,US,18-07-2023,True
EMP095A,Charlie,Roberts,06-05-1985,Female,Married,Diploma,Manchester,England,UK,16-02-2025,True
EMP096A,Jennifer,Jones,02-05-1969,Female,Married,Bachelors,Austin,Texas,US,21-08-2025,True
EMP097A,Emily,Roberts,06-05-1997,Male,Divorced,Bachelors,Birmingham,England,UK,19-03-2024,False
EMP098A,Mary,Martinez,15-09-1980,Female,Single,Bachelors,Seattle,Washington,US,21-06-2018,True
EMP099A,Anjali,Singh,11-11-1978,Female,Single,Bachelors,Chennai,Tamil Nadu,India,30-12-2020,True
EMP100A,Ravi,Reddy,18-10-1988,Male,Single,Bachelors,Hyderabad,Telangana,India,08-03-2018,True
EMP101A,Sneha,Verma,17-03-1977,Female,Married,Bachelors,New Delhi,Delhi,India,06-03-2016,True
EMP102A,Michael,Jones,10-08-1991,Female,Married,Bachelors,San Francisco,California,US,28-09-2022,True
EMP103A,Vikram,Bose,13-04-1999,Female,Single,Diploma,Mumbai,Maharashtra,India,02-08-2019,True
EMP104A,Barbara,Miller,20-05-2002,Female,Single,Masters,San Francisco,California,US,12-07-2023,True
EMP105A,Vikram,Kumari,27-09-1983,Female,Single,High School,Hyderabad,Telangana,India,08-01-2022,True
EMP106A,John,Martinez,02-06-1991,Female,Married,Bachelors,Chicago,Illinois,US,22-12-2016,True
EMP107A,Barbara,Garcia,12-09-1973,Female,Single,PhD,San Francisco,California,US,09-10-2018,True
EMP108A,Harry,Brown,28-05-1994,Male,Single,Masters,London,England,UK,27-09-2020,True
EMP109A,Linda,Martinez,24-01-1968,Female,Married,Bachelors,Seattle,Washington,US,01-04-2022,True
EMP110A,Elizabeth,Smith,23-04-2002,Female,Single,Masters,Austin,Texas,US,17-12-2021,True
EMP111A,Ravi,Bose,30-04-2001,Male,Single,Bachelors,Chennai,Tamil Nadu,India,18-05-2025,True
EMP112A,Amit,Kumar,28-09-1996,Female,Divorced,Bachelors,Mumbai,Maharashtra,India,21-11-2016,True
EMP113A,Harry,Evans,08-05-1967,Female,Single,Diploma,Birmingham,England,UK,09-09-2023,True
EMP114A,Olivia,Davies,01-12-1978,Female,Single,Masters,Birmingham,England,UK,23-06-2022,False
EMP115A,Manish,Gupta,28-01-1995,Female,Married,High School,Hyderabad,Telangana,India,12-11-2017,True
EMP116A,John,Brown,09-04-1978,Male,Married,Bachelors,Austin,Texas,US,22-04-2019,True
EMP117A,Emily,Jones,04-08-1999,Male,Married,High School,Birmingham,England,UK,14-06-2023,True
EMP118A,David,Brown,10-04-2001,Female,Divorced,Bachelors,Chicago,Illinois,US,25-01-2025,True
EMP119A,Poppy,Thomas,23-08-2001,Male,Married,Diploma,Edinburgh,Scotland,UK,26-07-2023,False
EMP120A,James,Davis,11-03-1972,Female,Married,Bachelors,Austin,Texas,US,28-07-2026,True
EMP121A,Mary,Brown,30-07-1975,Female,Divorced,Bachelors,Chicago,Illinois,US,07-08-2015,True
EMP122A,Sneha,Das,24-03-1971,Female,Married,High School,New Delhi,Delhi,India,01-02-2018,True
EMP123A,Amit,Verma,20-06-1970,Male,Single,Bachelors,Bangalore,Karnataka,India,29-06-2024,True
EMP124A,Isla,Taylor,25-01-1978,Female,Single,Bachelors,London,England,UK,15-05-2015,True
EMP125A,Olivia,Williams,09-10-1987,Male,Single,Bachelors,London,England,UK,08-07-2016,True
EMP126A,Olivia,Evans,23-06-1994,Male,Married,Masters,Birmingham,England,UK,04-01-2023,True
EMP127A,John,Smith,20-06-1986,Male,Married,Diploma,Austin,Texas,US,05-12-2018,False
EMP128A,James,Jones,14-02-1988,Female,Divorced,Bachelors,San Francisco,California,US,23-06-2019,False
EMP129A,James,Brown,09-11-2000,Female,Married,Bachelors,Austin,Texas,US,27-01-2016,True
EMP130A,Michael,Garcia,15-09-1968,Female,Single,Bachelors,San Francisco,California,US,27-02-2026,True
EMP131A,Arjun,Verma,13-01-1992,Female,Single,Bachelors,New Delhi,Delhi,India,17-10-2016,True
EMP132A,James,Garcia,07-08-1993,Female,Single,Masters,Seattle,Washington,US,27-02-2021,True
EMP133A,Harry,Jones,07-06-1981,Female,Single,Bachelors,Manchester,England,UK,13-10-2015,True
EMP134A,Harry,Thomas,09-11-1982,Female,Married,Bachelors,Birmingham,England,UK,15-12-2024,True
EMP135A,Amit,Iyer,07-10-1999,Female,Married,Bachelors,Bangalore,Karnataka,India,12-08-2026,True
EMP136A,Jacob,Thomas,31-12-1996,Female,Divorced,Masters,Manchester,England,UK,16-01-2018,True
EMP137A,David,Garcia,28-10-1987,Male,Single,Bachelors,New York,New York,US,23-09-2021,True
EMP138A,Pooja,Chauhan,30-09-1989,Male,Married,Diploma,Hyderabad,Telangana,India,04-02-2023,True
EMP139A,Michael,Davis,23-03-1979,Male,Married,Masters,Seattle,Washington,US,08-03-2024,True
EMP140A,John,Rodriguez,29-03-1988,Male,Single,Bachelors,Seattle,Washington,US,23-11-2017,True
EMP141A,Jack,Evans,14-01-1993,Female,Married,Diploma,Glasgow,Scotland,UK,08-10-2016,True
EMP142A,Harry,Clark,14-04-1990,Male,Married,High School,Glasgow,Scotland,UK,03-11-2018,True
EMP143A,Kavita,Chauhan,12-05-1966,Female,Married,Bachelors,Chennai,Tamil Nadu,India,23-09-2019,True
EMP144A,Jacob,Thomas,24-08-1983,Female,Married,Bachelors,Manchester,England,UK,02-09-2021,True
EMP145A,Sneha,Mishra,06-10-1969,Female,Single,Diploma,New Delhi,Delhi,India,11-12-2023,True
EMP146A,Patricia,Williams,26-10-2003,Male,Married,Masters,New York,New York,US,05-07-2021,True
EMP147A,Amelia,Brown,15-01-1969,Female,Married,PhD,Manchester,England,UK,18-07-2026,True
EMP148A,Ravi,Patel,14-05-1965,Male,Married,Masters,Mumbai,Maharashtra,India,23-04-2021,True
EMP149A,Amelia,Wilson,26-10-1989,Female,Single,Bachelors,Birmingham,England,UK,26-12-2023,True
EMP150A,Jacob,Clark,18-03-1980,Female,Married,Bachelors,Glasgow,Scotland,UK,20-11-2017,True
EMP151A,Olivia,Roberts,18-04-1988,Female,Single,Masters,London,England,UK,15-11-2015,True
EMP152A,Sneha,Bose,04-10-1987,Female,Married,Bachelors,New Delhi,Delhi,India,25-10-2023,True
EMP153A,Sneha,Patel,29-11-1976,Male,Married,Bachelors,Mumbai,Maharashtra,India,25-11-2021,True
EMP154A,Arjun,Reddy,04-06-1996,Male,Single,Bachelors,Chennai,Tamil Nadu,India,25-04-2018,True
EMP155A,John,Miller,03-01-1998,Male,Married,Bachelors,San Francisco,California,US,03-04-2026,False
EMP156A,Amelia,Thomas,10-05-1980,Female,Married,Masters,Glasgow,Scotland,UK,14-01-2022,False
EMP157A,Charlie,Davies,02-02-1975,Female,Married,Masters,Glasgow,Scotland,UK,25-04-2019,True
EMP158A,Thomas,Thomas,22-09-1990,Female,Married,Bachelors,Birmingham,England,UK,28-10-2022,True
EMP159A,John,Jones,11-07-1998,Female,Single,Masters,New York,New York,US,09-10-2016,True
EMP160A,William,Jones,12-06-1975,Male,Single,Bachelors,San Francisco,California,US,14-05-2020,True
EMP161A,Mary,Williams,12-12-1973,Female,Single,Bachelors,New York,New York,US,16-02-2024,True
EMP162A,Kavita,Bose,19-08-1966,Female,Married,Bachelors,Bangalore,Karnataka,India,05-12-2018,False
EMP163A,Jacob,Jones,08-10-1993,Female,Married,Diploma,London,England,UK,29-05-2017,True
EMP164A,Isla,Davies,27-03-1997,Male,Single,Bachelors,Manchester,England,UK,01-06-2022,True
EMP165A,Elizabeth,Brown,12-04-1969,Male,Divorced,Bachelors,San Francisco,California,US,04-08-2024,True
EMP166A,Amit,Verma,05-06-1997,Male,Single,Bachelors,Hyderabad,Telangana,India,07-01-2025,True
EMP167A,Amit,Reddy,28-10-2004,Female,Married,Bachelors,Mumbai,Maharashtra,India,18-11-2021,False
EMP168A,Jennifer,Martinez,04-03-1992,Female,Married,Bachelors,San Francisco,California,US,30-12-2017,True
EMP169A,William,Brown,23-04-1990,Male,Single,Bachelors,San Francisco,California,US,07-01-2025,True
EMP170A,Jack,Clark,08-07-1995,Male,Married,Bachelors,Glasgow,Scotland,UK,09-09-2018,True
EMP171A,Isla,Jones,07-03-1995,Female,Married,Bachelors,Edinburgh,Scotland,UK,06-07-2026,True
EMP172A,Sanjay,Sharma,15-09-1967,Male,Divorced,Bachelors,Chennai,Tamil Nadu,India,07-01-2016,True
EMP173A,Michael,Williams,07-12-1981,Female,Single,PhD,San Francisco,California,US,26-05-2023,True
EMP174A,Harry,Evans,03-12-1998,Male,Divorced,Bachelors,London,England,UK,25-10-2023,True
EMP175A,Emily,Wilson,16-06-1973,Male,Single,Masters,Glasgow,Scotland,UK,25-02-2020,True
EMP176A,Oliver,Brown,19-07-1996,Male,Single,High School,Manchester,England,UK,06-04-2017,True
EMP177A,Patricia,Rodriguez,25-10-1997,Female,Married,Masters,San Francisco,California,US,21-02-2018,True
EMP178A,Patricia,Jones,17-07-1991,Male,Married,Bachelors,San Francisco,California,US,10-04-2024,True
EMP179A,James,Garcia,04-11-1998,Female,Single,Bachelors,Chicago,Illinois,US,03-05-2024,True
EMP180A,Harry,Thomas,09-06-1976,Male,Single,Diploma,London,England,UK,05-05-2024,True
EMP181A,Jennifer,Johnson,10-06-1973,Male,Married,Masters,Seattle,Washington,US,27-02-2016,False
EMP182A,Robert,Smith,16-03-1996,Male,Single,Bachelors,San Francisco,California,US,19-08-2017,False
EMP183A,Robert,Miller,27-11-1985,Male,Married,Masters,Chicago,Illinois,US,01-12-2021,False
EMP184A,Patricia,Garcia,23-09-1965,Female,Married,Bachelors,Austin,Texas,US,10-01-2016,True
EMP185A,Olivia,Davies,14-05-1994,Female,Single,Masters,Manchester,England,UK,26-05-2022,True
EMP186A,Charlie,Thomas,23-11-2004,Male,Married,Masters,Edinburgh,Scotland,UK,25-11-2022,True
EMP187A,Rakesh,Reddy,11-10-1971,Male,Single,Bachelors,Mumbai,Maharashtra,India,01-04-2024,True
EMP188A,Ravi,Reddy,14-07-1965,Male,Married,Bachelors,Chennai,Tamil Nadu,India,10-12-2025,True
EMP189A,James,Rodriguez,11-08-1973,Female,Married,Bachelors,Chicago,Illinois,US,26-05-2017,True
EMP190A,Mary,Garcia,22-02-2002,Male,Married,Masters,Chicago,Illinois,US,15-06-2020,True
EMP191A,Rahul,Singh,16-09-1968,Female,Married,Bachelors,Hyderabad,Telangana,India,04-09-2025,True
EMP192A,Elizabeth,Johnson,03-05-1968,Female,Married,Bachelors,Seattle,Washington,US,26-02-2020,True
EMP193A,Priya,Mishra,05-06-1978,Male,Married,Bachelors,New Delhi,Delhi,India,25-08-2019,False
EMP194A,David,Rodriguez,07-07-1980,Male,Single,Bachelors,Austin,Texas,US,20-02-2018,True
EMP195A,Sneha,Bose,18-03-1985,Female,Single,Bachelors,Chennai,Tamil Nadu,India,27-04-2022,True
EMP196A,Michael,Williams,27-12-1996,Male,Single,Bachelors,Seattle,Washington,US,03-12-2016,True
EMP197A,Charlie,Williams,13-12-1984,Female,Married,Diploma,Edinburgh,Scotland,UK,02-02-2023,False
EMP198A,Priya,Singh,12-10-1991,Female,Married,High School,Hyderabad,Telangana,India,26-04-2017,True
EMP199A,Michael,Johnson,05-07-1978,Female,Married,Diploma,Seattle,Washington,US,21-10-2018,True
EMP200A,Robert,Miller,30-03-1987,Male,Married,Diploma,Austin,Texas,US,22-09-2016,True
EMP201A,Vikram,Patel,23-07-2003,Male,Single,Bachelors,Chennai,Tamil Nadu,India,23-05-2022,True
EMP202A,Jack,Thomas,23-05-1993,Female,Divorced,Masters,Birmingham,England,UK,07-12-2023,True
EMP203A,Michael,Jones,23-06-1989,Male,Married,Bachelors,Chicago,Illinois,US,21-07-2017,True
EMP204A,Isla,Brown,31-03-1971,Female,Single,Masters,Edinburgh,Scotland,UK,20-07-2016,True
EMP205A,Olivia,Wilson,05-01-2004,Female,Married,Masters,London,England,UK,30-09-2025,True
EMP206A,Barbara,Rodriguez,26-06-1992,Male,Married,Bachelors,Seattle,Washington,US,14-06-2017,True
EMP207A,Olivia,Evans,09-04-1988,Male,Married,Bachelors,Edinburgh,Scotland,UK,28-03-2015,True
EMP208A,Poppy,Roberts,07-11-1968,Male,Married,Masters,Manchester,England,UK,21-07-2015,True
EMP209A,Robert,Garcia,03-04-1996,Female,Single,Bachelors,Chicago,Illinois,US,31-10-2025,True
EMP210A,George,Jones,04-10-1989,Male,Single,Bachelors,Birmingham,England,UK,08-09-2018,True
EMP211A,Patricia,Miller,08-04-1984,Female,Single,Bachelors,San Francisco,California,US,10-09-2024,True
EMP212A,Barbara,Johnson,08-10-1976,Female,Married,Bachelors,Seattle,Washington,US,12-03-2019,True
EMP213A,Olivia,Clark,03-07-2001,Female,Divorced,Bachelors,Edinburgh,Scotland,UK,21-10-2022,True
EMP214A,Harry,Evans,01-12-1987,Female,Married,Diploma,London,England,UK,06-11-2021,True
EMP215A,Michael,Williams,09-10-2002,Female,Married,Masters,Chicago,Illinois,US,28-09-2018,True
EMP216A,Neha,Nayak,24-08-1983,Female,Married,Diploma,Bangalore,Karnataka,India,03-05-2026,True
EMP217A,Anjali,Chauhan,09-01-2000,Female,Married,Masters,Bangalore,Karnataka,India,25-09-2015,True
EMP218A,William,Rodriguez,13-12-1998,Male,Married,Bachelors,New York,New York,US,03-01-2021,True
EMP219A,Vikram,Das,26-11-1968,Female,Married,Diploma,Bangalore,Karnataka,India,22-09-2015,False
EMP220A,Pooja,Chauhan,29-06-2001,Male,Married,Bachelors,Chennai,Tamil Nadu,India,08-08-2024,True
EMP221A,Jacob,Clark,29-12-1976,Male,Single,Masters,Glasgow,Scotland,UK,05-04-2022,True
EMP222A,James,Jones,27-02-1999,Female,Married,Bachelors,San Francisco,California,US,07-08-2020,True
EMP223A,David,Miller,20-08-1998,Female,Married,Masters,Chicago,Illinois,US,10-09-2016,True
EMP224A,Linda,Garcia,12-04-1996,Female,Married,Masters,Seattle,Washington,US,02-02-2017,True
EMP225A,Patricia,Miller,04-12-1990,Male,Married,Bachelors,San Francisco,California,US,08-01-2021,True
EMP226A,David,Smith,12-01-1965,Female,Single,Masters,New York,New York,US,22-04-2025,True
EMP227A,Kiran,Reddy,06-09-1981,Male,Single,Bachelors,New Delhi,Delhi,India,22-02-2021,True
EMP228A,Thomas,Brown,19-08-1991,Male,Married,Bachelors,Edinburgh,Scotland,UK,18-02-2017,True
EMP229A,Sanjay,Patel,12-10-1997,Male,Single,Bachelors,Mumbai,Maharashtra,India,18-12-2017,True
EMP230A,John,Miller,12-05-1972,Female,Single,Bachelors,San Francisco,California,US,14-07-2016,True
EMP231A,Harry,Wilson,11-07-1970,Female,Single,Bachelors,Glasgow,Scotland,UK,15-11-2019,True
EMP232A,Pooja,Verma,15-07-1994,Female,Single,Bachelors,Mumbai,Maharashtra,India,23-05-2021,True
EMP233A,Sanjay,Singh,16-08-1993,Male,Married,PhD,New Delhi,Delhi,India,14-05-2020,True
EMP234A,Jennifer,Williams,23-07-1999,Male,Single,Diploma,Chicago,Illinois,US,13-03-2023,True
EMP235A,Patricia,Smith,01-01-1984,Female,Single,Bachelors,New York,New York,US,13-05-2026,True
EMP236A,Harry,Davies,21-12-1971,Female,Single,Bachelors,London,England,UK,09-10-2016,False
EMP237A,Charlie,Taylor,16-03-1970,Female,Married,Diploma,Birmingham,England,UK,08-05-2020,False
EMP238A,Thomas,Williams,21-07-1980,Female,Single,Diploma,London,England,UK,29-01-2018,True
EMP239A,Barbara,Johnson,13-11-1990,Male,Married,Bachelors,New York,New York,US,18-08-2024,True
EMP240A,Neha,Mishra,29-03-1995,Male,Single,Bachelors,Chennai,Tamil Nadu,India,01-04-2023,False
EMP241A,Rakesh,Mishra,11-01-1973,Male,Married,Masters,Mumbai,Maharashtra,India,12-01-2016,False
EMP242A,Charlie,Wilson,30-06-1968,Female,Single,Masters,Manchester,England,UK,26-07-2020,True
EMP243A,Priya,Sharma,13-09-1999,Female,Single,Bachelors,Chennai,Tamil Nadu,India,29-12-2023,False
EMP244A,Sneha,Sharma,22-10-1999,Male,Married,Bachelors,New Delhi,Delhi,India,10-06-2020,False
EMP245A,Priya,Kumari,24-01-1965,Female,Married,Masters,Hyderabad,Telangana,India,23-03-2020,False
EMP246A,Pooja,Gupta,05-03-1969,Male,Divorced,Masters,Bangalore,Karnataka,India,13-01-2026,True
EMP247A,Olivia,Evans,22-06-1990,Male,Married,PhD,Edinburgh,Scotland,UK,21-02-2017,True
EMP248A,Manish,Verma,04-02-1974,Male,Married,Bachelors,New Delhi,Delhi,India,26-04-2022,True
EMP249A,Rahul,Nayak,23-07-1999,Male,Married,Bachelors,Hyderabad,Telangana,India,16-01-2022,True
EMP250A,Rahul,Nayak,25-11-1996,Male,Divorced,Bachelors,New Delhi,Delhi,India,28-10-2019,True
EMP251A,Kavita,Verma,05-09-1989,Male,Single,Diploma,New Delhi,Delhi,India,12-09-2015,True
EMP252A,Rahul,Kumari,10-04-1993,Male,Married,Bachelors,Mumbai,Maharashtra,India,06-12-2017,True
EMP253A,Amit,Das,05-09-1985,Male,Single,Bachelors,Bangalore,Karnataka,India,21-11-2017,True
EMP254A,Olivia,Thomas,03-05-1977,Female,Married,Diploma,London,England,UK,27-07-2024,False
EMP255A,Poppy,Clark,08-12-1968,Female,Single,Bachelors,Manchester,England,UK,10-03-2026,True
EMP256A,Emily,Brown,21-01-2000,Female,Single,Bachelors,Glasgow,Scotland,UK,31-07-2023,True
EMP257A,Michael,Jones,04-12-1999,Female,Single,PhD,San Francisco,California,US,25-02-2022,False
EMP258A,Amelia,Clark,14-08-2001,Male,Married,Masters,Manchester,England,UK,31-03-2017,True
EMP259A,Olivia,Evans,08-04-1966,Female,Divorced,Bachelors,Manchester,England,UK,21-04-2020,False
EMP260A,Jack,Thomas,28-12-1991,Male,Single,Bachelors,Glasgow,Scotland,UK,09-12-2018,True
EMP261A,Elizabeth,Brown,18-08-1971,Male,Married,Masters,San Francisco,California,US,24-12-2018,True
EMP262A,Mary,Garcia,07-11-1997,Female,Married,PhD,Chicago,Illinois,US,20-07-2022,False
EMP263A,Amelia,Williams,04-12-1997,Female,Single,Masters,Glasgow,Scotland,UK,03-01-2020,True
EMP264A,Poppy,Wilson,02-09-1969,Female,Single,Masters,Glasgow,Scotland,UK,31-01-2019,True
EMP265A,Sneha,Patel,04-02-1996,Male,Single,Masters,Bangalore,Karnataka,India,13-07-2022,True
EMP266A,Oliver,Jones,27-12-1981,Female,Married,Diploma,Edinburgh,Scotland,UK,30-05-2024,True
EMP267A,Elizabeth,Brown,19-04-1979,Female,Divorced,Diploma,San Francisco,California,US,26-08-2016,True
EMP268A,Kiran,Singh,07-05-1984,Male,Married,Bachelors,Bangalore,Karnataka,India,01-02-2017,True
EMP269A,Rahul,Patel,18-08-1977,Female,Single,High School,Bangalore,Karnataka,India,06-03-2024,True
EMP270A,Emily,Thomas,12-09-1994,Female,Single,High School,Manchester,England,UK,03-02-2023,True
EMP271A,Kavita,Verma,27-08-1994,Female,Single,Bachelors,Mumbai,Maharashtra,India,04-08-2017,True
EMP272A,Sneha,Singh,24-02-1975,Female,Married,Bachelors,New Delhi,Delhi,India,30-12-2024,True
EMP273A,Charlie,Taylor,19-09-2002,Female,Married,Bachelors,London,England,UK,14-04-2024,True
EMP274A,Charlie,Thomas,16-01-1997,Male,Married,Masters,Glasgow,Scotland,UK,06-09-2025,False
EMP275A,Charlie,Clark,07-04-2001,Male,Single,Bachelors,Manchester,England,UK,26-01-2025,False
EMP276A,Olivia,Brown,16-12-1989,Female,Married,Masters,Manchester,England,UK,04-03-2022,True
EMP277A,Isla,Jones,20-02-1991,Male,Divorced,Bachelors,Glasgow,Scotland,UK,10-07-2017,True
EMP278A,Anjali,Verma,22-03-1986,Male,Single,Bachelors,Chennai,Tamil Nadu,India,20-03-2024,True
EMP279A,Poppy,Wilson,18-01-1977,Female,Single,Masters,London,England,UK,08-06-2022,True
EMP280A,Robert,Jones,25-05-1979,Female,Married,Bachelors,Chicago,Illinois,US,11-02-2020,True
EMP281A,Pooja,Kumar,12-02-1988,Male,Single,Masters,Bangalore,Karnataka,India,12-11-2025,True
EMP282A,John,Rodriguez,11-03-1976,Male,Married,Masters,Seattle,Washington,US,24-11-2018,True
EMP283A,Jack,Davies,08-11-1975,Female,Married,Bachelors,Birmingham,England,UK,30-04-2026,True
EMP284A,Elizabeth,Rodriguez,26-11-1995,Male,Single,Bachelors,Austin,Texas,US,01-09-2018,True
EMP285A,Rakesh,Bose,10-01-1988,Male,Married,PhD,Bangalore,Karnataka,India,19-01-2020,True
EMP286A,Oliver,Thomas,27-10-1996,Female,Married,Bachelors,Manchester,England,UK,11-03-2015,True
EMP287A,Linda,Jones,01-05-1965,Female,Married,Bachelors,San Francisco,California,US,11-10-2021,True
EMP288A,Robert,Johnson,18-09-1976,Female,Single,Bachelors,Chicago,Illinois,US,17-07-2022,False
EMP289A,Kiran,Kumari,06-04-1978,Female,Divorced,Bachelors,Chennai,Tamil Nadu,India,03-03-2022,True
EMP290A,Oliver,Clark,20-08-1993,Female,Divorced,Masters,Glasgow,Scotland,UK,12-09-2022,True
EMP291A,Jacob,Williams,13-07-1997,Male,Divorced,Masters,Glasgow,Scotland,UK,03-08-2021,True
EMP292A,George,Brown,08-04-1991,Female,Married,Diploma,Birmingham,England,UK,20-11-2021,True
EMP293A,Rakesh,Reddy,15-07-1995,Female,Married,Bachelors,Chennai,Tamil Nadu,India,04-08-2025,True
EMP294A,Priya,Sharma,15-11-1986,Female,Married,Bachelors,New Delhi,Delhi,India,06-04-2025,True
EMP295A,Oliver,Jones,09-02-1972,Female,Married,Masters,Edinburgh,Scotland,UK,12-09-2019,True
EMP296A,Ravi,Singh,11-12-1988,Male,Married,PhD,Hyderabad,Telangana,India,15-08-2024,True
EMP297A,William,Brown,10-08-1969,Female,Married,Bachelors,New York,New York,US,31-07-2020,True
EMP298A,Rakesh,Kumari,31-10-2004,Male,Single,Masters,New Delhi,Delhi,India,23-03-2025,True
EMP299A,Patricia,Williams,26-12-1965,Male,Single,Masters,Chicago,Illinois,US,15-02-2020,True
EMP300A,Vikram,Reddy,13-03-1970,Female,Married,Diploma,New Delhi,Delhi,India,28-01-2016,True
EMP301A,Linda,Williams,10-02-1977,Male,Married,Masters,San Francisco,California,US,02-10-2021,True
EMP302A,Thomas,Clark,17-12-1973,Female,Married,PhD,London,England,UK,22-07-2017,True
EMP303A,Barbara,Miller,25-07-1986,Female,Single,High School,Austin,Texas,US,19-11-2015,True
EMP304A,Kiran,Das,17-06-1997,Male,Divorced,Bachelors,Chennai,Tamil Nadu,India,06-05-2018,True
EMP305A,Robert,Jones,27-02-1981,Female,Married,Diploma,Chicago,Illinois,US,28-03-2017,False
EMP306A,Amit,Mishra,13-01-1977,Male,Single,Bachelors,Bangalore,Karnataka,India,16-05-2022,False
EMP307A,Vikram,Singh,08-02-1994,Male,Single,Masters,Hyderabad,Telangana,India,26-08-2023,True
EMP308A,Rakesh,Nayak,13-01-1982,Female,Married,Masters,Mumbai,Maharashtra,India,29-10-2025,True
EMP309A,Harry,Thomas,05-02-1979,Male,Married,Masters,Edinburgh,Scotland,UK,23-03-2024,True
EMP310A,Poppy,Clark,06-08-1997,Male,Married,Masters,Manchester,England,UK,23-08-2026,True
EMP311A,Olivia,Williams,19-01-1986,Female,Married,Diploma,Glasgow,Scotland,UK,06-04-2015,True
EMP312A,Jennifer,Brown,03-02-1983,Male,Single,Bachelors,Austin,Texas,US,17-02-2016,True
EMP313A,Isla,Taylor,19-10-1965,Male,Married,High School,Edinburgh,Scotland,UK,02-02-2022,True
EMP314A,Oliver,Taylor,20-04-1981,Male,Married,Masters,Glasgow,Scotland,UK,27-05-2026,False
EMP315A,William,Martinez,23-07-1994,Male,Single,Bachelors,Seattle,Washington,US,24-02-2023,True
EMP316A,Jacob,Roberts,13-11-2001,Female,Single,Bachelors,Glasgow,Scotland,UK,20-05-2017,True
EMP317A,Rahul,Mishra,01-11-1969,Female,Single,Bachelors,Hyderabad,Telangana,India,02-04-2025,True
EMP318A,Poppy,Taylor,10-01-1998,Male,Married,Bachelors,Edinburgh,Scotland,UK,23-04-2026,True
EMP319A,Isla,Roberts,04-04-1982,Female,Divorced,Masters,Manchester,England,UK,17-11-2017,True
EMP320A,Manish,Singh,27-05-1996,Female,Married,Bachelors,New Delhi,Delhi,India,26-02-2025,True
EMP321A,Barbara,Rodriguez,01-03-1995,Male,Divorced,Masters,San Francisco,California,US,14-09-2019,True
EMP322A,Arjun,Gupta,29-09-2002,Female,Married,Bachelors,New Delhi,Delhi,India,25-11-2022,True
EMP323A,Arjun,Das,27-08-1998,Male,Divorced,Masters,Mumbai,Maharashtra,India,05-04-2018,True
EMP324A,Rakesh,Kumari,09-12-2003,Male,Married,Bachelors,New Delhi,Delhi,India,22-09-2015,True
EMP325A,Arjun,Chauhan,01-06-1967,Male,Married,Bachelors,New Delhi,Delhi,India,23-07-2023,False
EMP326A,Patricia,Garcia,05-05-1968,Male,Divorced,Masters,Seattle,Washington,US,05-05-2019,False
EMP327A,Vikram,Kumari,02-12-1985,Male,Single,Masters,Hyderabad,Telangana,India,04-12-2020,True
EMP328A,Oliver,Clark,01-04-1973,Male,Married,Bachelors,Birmingham,England,UK,12-01-2023,True
EMP329A,Emily,Wilson,03-03-1978,Male,Divorced,Bachelors,London,England,UK,18-12-2019,True
EMP330A,William,Smith,14-08-1995,Female,Single,Masters,New York,New York,US,29-12-2024,False
EMP331A,Vikram,Verma,28-10-1987,Female,Married,Bachelors,Chennai,Tamil Nadu,India,22-07-2015,True
EMP332A,Jack,Evans,14-02-1993,Male,Single,Bachelors,Glasgow,Scotland,UK,25-02-2017,True
EMP333A,Rakesh,Reddy,27-03-1968,Male,Single,Masters,Hyderabad,Telangana,India,12-08-2019,True
EMP334A,Rahul,Das,15-04-1983,Female,Married,Bachelors,Mumbai,Maharashtra,India,25-08-2020,False
EMP335A,James,Miller,04-04-1968,Female,Divorced,Diploma,New York,New York,US,02-06-2016,True
EMP336A,Jacob,Clark,06-12-1988,Male,Single,Bachelors,London,England,UK,25-10-2024,True
EMP337A,Jacob,Williams,16-11-1966,Male,Married,Bachelors,Birmingham,England,UK,02-04-2015,True
EMP338A,George,Davies,03-04-1973,Male,Married,Bachelors,Manchester,England,UK,01-10-2019,True
EMP339A,Priya,Reddy,09-01-1968,Female,Single,Masters,Chennai,Tamil Nadu,India,06-05-2025,True
EMP340A,Jennifer,Garcia,04-04-1979,Female,Married,Bachelors,San Francisco,California,US,30-03-2017,False
EMP341A,Barbara,Martinez,17-01-1976,Male,Married,Bachelors,San Francisco,California,US,04-02-2022,True
EMP342A,Jennifer,Williams,19-11-1969,Male,Married,Diploma,Austin,Texas,US,19-05-2025,True
EMP343A,John,Rodriguez,02-05-1993,Male,Married,Bachelors,San Francisco,California,US,18-09-2016,True
EMP344A,Jack,Jones,07-01-1975,Female,Single,Bachelors,Glasgow,Scotland,UK,03-08-2025,True
EMP345A,Vikram,Patel,19-04-1971,Female,Single,Bachelors,Chennai,Tamil Nadu,India,10-05-2020,True
EMP346A,Charlie,Williams,10-11-1976,Female,Single,Masters,Edinburgh,Scotland,UK,28-11-2015,True
EMP347A,Amelia,Wilson,22-05-1988,Female,Married,Bachelors,Edinburgh,Scotland,UK,16-01-2016,True
EMP348A,Poppy,Williams,18-11-1981,Male,Married,Bachelors,Edinburgh,Scotland,UK,12-03-2023,True
EMP349A,Linda,Davis,17-06-1968,Female,Single,Bachelors,Seattle,Washington,US,04-04-2026,True
EMP350A,Elizabeth,Johnson,28-06-1986,Male,Married,Bachelors,San Francisco,California,US,29-05-2022,True
EMP351A,James,Brown,03-09-1990,Male,Single,Bachelors,New York,New York,US,12-08-2018,True
EMP352A,Arjun,Singh,23-02-1986,Female,Single,Masters,Chennai,Tamil Nadu,India,11-05-2021,True
EMP353A,Harry,Clark,05-10-1991,Male,Single,Bachelors,Manchester,England,UK,05-10-2018,False
EMP354A,Amit,Sharma,30-07-1992,Male,Married,Bachelors,Chennai,Tamil Nadu,India,10-05-2018,True
EMP355A,Rahul,Kumar,18-04-1996,Female,Single,Masters,Bangalore,Karnataka,India,04-09-2024,False
EMP356A,Jennifer,Martinez,15-07-2003,Male,Single,Masters,Seattle,Washington,US,17-07-2024,True
EMP357A,Robert,Brown,08-11-1995,Female,Married,Diploma,New York,New York,US,23-08-2017,True
EMP358A,David,Martinez,30-10-1982,Male,Married,Masters,Austin,Texas,US,01-07-2024,False
EMP359A,John,Garcia,10-11-1982,Male,Married,Masters,Seattle,Washington,US,09-09-2020,True
EMP360A,Jack,Thomas,18-07-1992,Male,Single,PhD,Manchester,England,UK,23-10-2019,True
EMP361A,Anjali,Das,04-08-1968,Male,Married,Masters,Bangalore,Karnataka,India,06-10-2024,True
EMP362A,Elizabeth,Rodriguez,26-02-2003,Female,Single,Masters,Austin,Texas,US,06-12-2018,True
EMP363A,Emily,Brown,23-11-1968,Female,Married,Bachelors,Glasgow,Scotland,UK,23-10-2015,False
EMP364A,Michael,Martinez,22-03-2002,Female,Single,Masters,San Francisco,California,US,16-07-2016,True
EMP365A,Ravi,Sharma,22-01-1990,Male,Married,Bachelors,Hyderabad,Telangana,India,08-02-2015,True
EMP366A,Anjali,Gupta,24-12-1998,Female,Divorced,Bachelors,New Delhi,Delhi,India,06-12-2024,True
EMP367A,Elizabeth,Smith,26-04-1975,Female,Married,Bachelors,Chicago,Illinois,US,13-10-2020,True
EMP368A,Oliver,Davies,03-01-1973,Female,Single,Bachelors,Manchester,England,UK,31-01-2017,True
EMP369A,Jacob,Williams,11-04-1974,Male,Single,Bachelors,Manchester,England,UK,24-06-2019,False
EMP370A,Amelia,Williams,14-04-1999,Male,Married,Bachelors,London,England,UK,04-10-2016,True
EMP371A,Linda,Martinez,18-12-1974,Male,Single,Masters,Austin,Texas,US,07-02-2019,True
EMP372A,William,Smith,27-05-1970,Female,Single,High School,Seattle,Washington,US,31-10-2023,True
EMP373A,Jack,Wilson,16-10-1976,Male,Single,PhD,Glasgow,Scotland,UK,19-04-2022,True
EMP374A,Jennifer,Williams,21-12-1982,Female,Married,Bachelors,Chicago,Illinois,US,21-09-2019,True
EMP375A,Charlie,Brown,20-11-2000,Male,Married,High School,London,England,UK,15-04-2020,True
EMP376A,Linda,Williams,21-02-1967,Female,Single,Bachelors,Seattle,Washington,US,30-11-2025,False
EMP377A,Rakesh,Verma,19-02-1990,Female,Single,Bachelors,Hyderabad,Telangana,India,02-02-2025,True
EMP378A,David,Martinez,15-01-1998,Female,Married,Bachelors,San Francisco,California,US,20-05-2021,True
EMP379A,Linda,Williams,14-03-1968,Male,Single,Bachelors,San Francisco,California,US,17-06-2024,True
EMP380A,David,Jones,15-05-1988,Female,Married,Bachelors,Austin,Texas,US,31-01-2021,True
EMP381A,Priya,Iyer,12-11-1967,Female,Married,High School,Bangalore,Karnataka,India,17-10-2016,True
EMP382A,William,Johnson,06-02-1976,Female,Married,Diploma,New York,New York,US,26-06-2018,True
EMP383A,Harry,Jones,01-04-1989,Female,Married,Diploma,London,England,UK,18-04-2022,False
EMP384A,Emily,Williams,29-07-1980,Female,Married,Masters,Glasgow,Scotland,UK,03-10-2024,True
EMP385A,Robert,Garcia,06-01-1999,Male,Single,Bachelors,Chicago,Illinois,US,29-06-2018,True
EMP386A,Sanjay,Kumar,28-09-2000,Male,Married,Bachelors,Hyderabad,Telangana,India,16-03-2015,True
EMP387A,Olivia,Wilson,10-12-1983,Male,Married,Masters,Manchester,England,UK,28-09-2023,True
EMP388A,Thomas,Davies,28-12-1977,Male,Married,Bachelors,Birmingham,England,UK,05-04-2024,True
EMP389A,Barbara,Martinez,29-12-1965,Male,Divorced,Bachelors,Chicago,Illinois,US,11-03-2022,False
EMP390A,Sanjay,Kumar,08-11-1983,Female,Married,Bachelors,Mumbai,Maharashtra,India,08-01-2017,True
EMP391A,Linda,Smith,02-02-1986,Male,Single,Masters,Austin,Texas,US,11-04-2018,True
EMP392A,James,Johnson,26-12-1997,Male,Married,PhD,San Francisco,California,US,07-12-2024,True
EMP393A,Michael,Jones,13-05-1976,Female,Married,Bachelors,Austin,Texas,US,12-12-2015,True
EMP394A,Rakesh,Reddy,20-08-2000,Female,Married,Bachelors,Bangalore,Karnataka,India,17-04-2020,True
EMP395A,Amit,Kumari,05-06-1987,Male,Married,Bachelors,Chennai,Tamil Nadu,India,23-06-2018,True
EMP396A,Oliver,Jones,18-01-1990,Female,Married,Bachelors,Birmingham,England,UK,29-05-2017,True
EMP397A,Amit,Iyer,17-08-1984,Female,Married,Bachelors,Hyderabad,Telangana,India,08-01-2018,True
EMP398A,Harry,Roberts,29-10-1988,Male,Married,Masters,Birmingham,England,UK,04-07-2025,True
EMP399A,Amelia,Thomas,18-09-1975,Female,Married,Masters,London,England,UK,28-02-2019,True
EMP400A,Olivia,Brown,13-06-1979,Male,Single,Masters,Glasgow,Scotland,UK,16-06-2018,True
EMP401A,Rakesh,Nayak,13-08-1990,Female,Married,Bachelors,Bangalore,Karnataka,India,14-07-2019,True
EMP402A,Poppy,Davies,13-05-1974,Female,Divorced,Masters,London,England,UK,14-12-2019,True
EMP403A,David,Smith,04-12-1976,Male,Married,Masters,Austin,Texas,US,12-04-2023,True
EMP404A,Pooja,Gupta,20-06-1994,Male,Married,Masters,Mumbai,Maharashtra,India,07-03-2020,True
EMP405A,Thomas,Roberts,26-06-1972,Male,Married,Bachelors,Edinburgh,Scotland,UK,11-01-2023,False
EMP406A,Harry,Roberts,26-07-1979,Female,Married,Bachelors,Glasgow,Scotland,UK,26-11-2022,False
EMP407A,Amelia,Clark,18-04-1985,Female,Divorced,High School,Manchester,England,UK,31-05-2023,True
EMP408A,Manish,Bose,16-02-1979,Male,Married,Masters,Mumbai,Maharashtra,India,08-10-2021,True
EMP409A,William,Rodriguez,20-11-1976,Female,Married,Bachelors,Seattle,Washington,US,11-02-2017,True
EMP410A,Robert,Johnson,03-10-1972,Female,Married,Masters,Seattle,Washington,US,17-11-2019,True
EMP411A,George,Clark,01-01-1980,Female,Married,Bachelors,Birmingham,England,UK,23-07-2023,False
EMP412A,Rakesh,Chauhan,22-03-1989,Male,Single,Masters,Bangalore,Karnataka,India,31-07-2023,True
EMP413A,Amit,Reddy,09-09-1982,Male,Single,Diploma,Hyderabad,Telangana,India,27-04-2026,True
EMP414A,Thomas,Jones,21-04-1996,Male,Married,Bachelors,Glasgow,Scotland,UK,20-11-2020,True
EMP415A,Neha,Singh,05-07-1979,Male,Single,Bachelors,Chennai,Tamil Nadu,India,10-07-2020,True
EMP416A,Jennifer,Brown,23-08-1992,Female,Married,Bachelors,Austin,Texas,US,18-07-2015,False
EMP417A,Pooja,Reddy,09-11-1992,Male,Married,Masters,New Delhi,Delhi,India,03-12-2016,True
EMP418A,Sneha,Iyer,18-02-1989,Male,Single,Bachelors,Mumbai,Maharashtra,India,03-02-2025,True
EMP419A,William,Davis,22-08-1972,Male,Single,Masters,Seattle,Washington,US,31-05-2015,True
EMP420A,Jacob,Jones,12-08-1994,Female,Married,High School,Edinburgh,Scotland,UK,29-06-2016,True
EMP421A,Olivia,Brown,03-12-1973,Female,Married,Masters,Edinburgh,Scotland,UK,28-01-2022,True
EMP422A,Pooja,Gupta,12-09-1995,Female,Single,Bachelors,New Delhi,Delhi,India,27-12-2025,True
EMP423A,Jacob,Jones,01-05-1980,Female,Married,Diploma,Birmingham,England,UK,30-08-2015,True
EMP424A,William,Martinez,27-02-1992,Female,Married,Diploma,San Francisco,California,US,23-05-2020,False
EMP425A,Harry,Clark,17-04-1984,Male,Married,Bachelors,Glasgow,Scotland,UK,05-02-2018,False
EMP426A,Sneha,Das,03-05-1999,Female,Married,Bachelors,Chennai,Tamil Nadu,India,17-02-2019,True
EMP427A,Robert,Davis,14-06-1992,Female,Married,Bachelors,Austin,Texas,US,20-03-2019,True
EMP428A,Jack,Brown,16-12-2002,Female,Married,Bachelors,London,England,UK,13-10-2016,True
EMP429A,Linda,Davis,03-09-1965,Female,Divorced,Bachelors,San Francisco,California,US,03-05-2019,True
EMP430A,Jack,Brown,19-11-2003,Female,Married,Bachelors,London,England,UK,07-11-2024,True
EMP431A,Ravi,Iyer,14-04-2004,Male,Married,Bachelors,Hyderabad,Telangana,India,03-11-2023,True
EMP432A,Kiran,Sharma,19-03-1967,Male,Single,Bachelors,Chennai,Tamil Nadu,India,18-11-2015,True
EMP433A,Robert,Davis,20-05-1971,Female,Married,Bachelors,San Francisco,California,US,08-08-2021,True
EMP434A,Emily,Taylor,09-05-1985,Male,Married,Diploma,Manchester,England,UK,26-10-2023,True
EMP435A,Barbara,Williams,23-09-1996,Female,Married,PhD,New York,New York,US,24-07-2017,True
EMP436A,Harry,Wilson,02-08-1994,Male,Single,Diploma,Glasgow,Scotland,UK,26-12-2015,True
EMP437A,Oliver,Wilson,26-11-1970,Male,Single,Masters,Birmingham,England,UK,03-01-2025,True
EMP438A,Neha,Kumar,27-10-1984,Male,Married,High School,Hyderabad,Telangana,India,25-01-2026,True
EMP439A,Jacob,Clark,25-08-1966,Male,Married,Masters,Glasgow,Scotland,UK,05-02-2016,True
EMP440A,Jacob,Evans,04-10-1977,Male,Divorced,Masters,London,England,UK,11-06-2017,True
EMP441A,James,Johnson,30-10-2002,Male,Single,Diploma,Austin,Texas,US,08-04-2023,True
EMP442A,Jacob,Evans,25-09-1997,Male,Married,Masters,Glasgow,Scotland,UK,16-09-2019,True
EMP443A,Jacob,Wilson,22-07-1992,Female,Married,Bachelors,Glasgow,Scotland,UK,28-10-2020,False
EMP444A,John,Martinez,27-09-2000,Male,Married,Bachelors,San Francisco,California,US,05-05-2019,True
EMP445A,Olivia,Wilson,10-01-1974,Female,Single,Diploma,London,England,UK,04-11-2022,True
EMP446A,William,Rodriguez,10-07-1990,Male,Married,Bachelors,Austin,Texas,US,21-07-2017,True
EMP447A,David,Davis,01-02-1989,Female,Married,Masters,Chicago,Illinois,US,17-01-2018,False
EMP448A,Oliver,Roberts,01-11-2004,Female,Single,Diploma,Birmingham,England,UK,03-06-2015,True
EMP449A,Sneha,Singh,18-09-1998,Female,Married,Bachelors,Chennai,Tamil Nadu,India,27-09-2023,False
EMP450A,Manish,Singh,25-07-1978,Male,Single,Masters,Mumbai,Maharashtra,India,30-04-2020,True
EMP451A,Kiran,Das,09-09-1986,Female,Married,Diploma,Hyderabad,Telangana,India,28-10-2025,True
EMP452A,Rakesh,Gupta,14-12-1978,Male,Married,Bachelors,Bangalore,Karnataka,India,27-10-2015,True
EMP453A,Sneha,Kumar,01-06-1974,Female,Single,Bachelors,Mumbai,Maharashtra,India,03-01-2022,True
EMP454A,Amelia,Thomas,11-12-1992,Male,Single,Bachelors,London,England,UK,08-05-2018,True
EMP455A,Robert,Williams,12-04-1967,Male,Single,Masters,Austin,Texas,US,04-11-2018,True
EMP456A,Rahul,Singh,07-01-1979,Female,Married,Masters,Mumbai,Maharashtra,India,25-07-2024,True
EMP457A,Emily,Taylor,04-12-1978,Female,Married,Masters,Edinburgh,Scotland,UK,31-01-2017,True
EMP458A,Rakesh,Bose,01-08-2004,Female,Married,High School,New Delhi,Delhi,India,17-10-2023,True
EMP459A,Mary,Garcia,19-09-1970,Male,Married,Masters,Chicago,Illinois,US,31-10-2018,True
EMP460A,Sneha,Gupta,07-12-1975,Male,Divorced,Bachelors,Mumbai,Maharashtra,India,04-05-2025,True
EMP461A,Patricia,Martinez,14-01-1995,Male,Married,Masters,Chicago,Illinois,US,04-09-2022,True
EMP462A,Mary,Martinez,16-03-1983,Male,Married,Masters,Seattle,Washington,US,19-04-2022,True
EMP463A,Olivia,Evans,13-11-1998,Male,Married,Masters,Edinburgh,Scotland,UK,11-01-2017,False
EMP464A,William,Jones,19-08-2000,Female,Divorced,Masters,Chicago,Illinois,US,22-05-2019,True
EMP465A,Amelia,Taylor,20-10-1967,Female,Divorced,PhD,Glasgow,Scotland,UK,13-06-2026,False
EMP466A,Sanjay,Gupta,23-06-1991,Female,Married,Masters,New Delhi,Delhi,India,30-04-2021,True
EMP467A,Michael,Miller,31-10-2002,Female,Married,Bachelors,Seattle,Washington,US,21-11-2018,True
EMP468A,Harry,Williams,03-02-1971,Male,Single,Masters,London,England,UK,09-05-2015,True
EMP469A,Barbara,Martinez,05-04-1982,Female,Single,Bachelors,Chicago,Illinois,US,11-03-2025,True
EMP470A,Ravi,Kumar,13-09-1966,Female,Married,Diploma,Bangalore,Karnataka,India,19-03-2024,True
EMP471A,Barbara,Johnson,20-12-1968,Male,Married,Masters,San Francisco,California,US,05-06-2025,False
EMP472A,George,Roberts,12-01-1986,Female,Married,Bachelors,Glasgow,Scotland,UK,08-03-2016,True
EMP473A,Amelia,Wilson,15-04-1990,Female,Single,Bachelors,Birmingham,England,UK,27-06-2021,True
EMP474A,Ravi,Kumari,13-03-2003,Female,Single,Bachelors,New Delhi,Delhi,India,07-06-2021,True
EMP475A,Robert,Smith,20-09-1976,Male,Married,Masters,New York,New York,US,23-05-2018,True
EMP476A,Sneha,Das,04-09-1975,Female,Married,Bachelors,Bangalore,Karnataka,India,14-02-2026,True
EMP477A,Thomas,Evans,09-07-1978,Female,Married,Masters,London,England,UK,08-08-2017,True
EMP478A,Jack,Wilson,07-10-2000,Female,Single,Bachelors,Edinburgh,Scotland,UK,21-11-2020,True
EMP479A,Charlie,Jones,24-12-1976,Male,Single,Bachelors,London,England,UK,07-09-2024,True
EMP480A,David,Brown,23-06-1965,Male,Married,High School,Seattle,Washington,US,30-08-2026,True
EMP481A,Arjun,Das,24-01-1966,Male,Single,Bachelors,Hyderabad,Telangana,India,03-12-2019,True
EMP482A,Ravi,Reddy,08-04-1999,Male,Married,Masters,Mumbai,Maharashtra,India,08-12-2016,True
EMP483A,Robert,Davis,09-01-2000,Male,Single,Diploma,New York,New York,US,14-03-2021,True
EMP484A,Jennifer,Smith,01-01-1974,Female,Single,Bachelors,Austin,Texas,US,28-12-2018,False
EMP485A,Arjun,Chauhan,09-04-1968,Male,Married,Bachelors,Hyderabad,Telangana,India,20-05-2017,True
EMP486A,James,Davis,18-10-1979,Female,Married,Bachelors,San Francisco,California,US,06-11-2015,True
EMP487A,Linda,Miller,05-01-1989,Female,Single,Bachelors,Chicago,Illinois,US,25-01-2020,True
EMP488A,Kavita,Reddy,03-01-1978,Male,Single,High School,Mumbai,Maharashtra,India,17-08-2022,True
EMP489A,David,Brown,16-09-2004,Female,Married,Diploma,Austin,Texas,US,24-05-2017,True
EMP490A,Amit,Iyer,01-06-1987,Female,Divorced,High School,Chennai,Tamil Nadu,India,21-12-2025,True
EMP491A,James,Garcia,02-06-1995,Male,Married,Bachelors,New York,New York,US,26-08-2017,True
EMP492A,Amit,Iyer,07-02-1994,Male,Single,Bachelors,Bangalore,Karnataka,India,06-06-2015,True
EMP493A,Mary,Davis,10-09-1991,Male,Single,Bachelors,Seattle,Washington,US,07-06-2016,True
EMP494A,Barbara,Miller,10-08-1991,Male,Single,Diploma,Austin,Texas,US,30-01-2018,True
EMP495A,Anjali,Singh,26-06-2000,Female,Married,High School,Bangalore,Karnataka,India,13-09-2018,True
EMP496A,Mary,Smith,21-03-2001,Female,Married,Bachelors,New York,New York,US,31-12-2016,True
EMP497A,Jacob,Roberts,04-03-1997,Female,Married,Diploma,Edinburgh,Scotland,UK,13-05-2020,True
EMP498A,Jennifer,Miller,06-10-1992,Female,Married,PhD,New York,New York,US,22-04-2019,False
EMP499A,Jack,Thomas,13-04-1986,Female,Single,Masters,Manchester,England,UK,10-03-2016,True
EMP500A,Amit,Reddy,05-12-2004,Female,Single,Masters,New Delhi,Delhi,India,13-09-2019,True
EMP501A,Harry,Williams,03-08-1991,Female,Married,Masters,London,England,UK,20-07-2026,True
EMP502A,Patricia,Johnson,05-11-1981,Male,Single,Bachelors,Austin,Texas,US,14-03-2017,False
EMP503A,Kiran,Singh,16-04-1997,Male,Married,PhD,Bangalore,Karnataka,India,16-03-2025,True
EMP504A,Sneha,Nayak,05-09-1972,Female,Single,Bachelors,Mumbai,Maharashtra,India,17-04-2021,True
EMP505A,Anjali,Chauhan,17-09-1974,Female,Married,Bachelors,Chennai,Tamil Nadu,India,25-02-2020,True
EMP506A,Olivia,Brown,25-03-1965,Female,Divorced,High School,Manchester,England,UK,27-09-2024,False
EMP507A,Barbara,Rodriguez,16-10-1975,Male,Married,High School,New York,New York,US,05-11-2023,True
EMP508A,Olivia,Brown,05-01-1995,Female,Single,Bachelors,Manchester,England,UK,20-08-2021,True
EMP509A,Thomas,Clark,05-02-2004,Female,Married,Masters,London,England,UK,27-05-2025,True
EMP510A,Rakesh,Reddy,07-02-1977,Male,Married,Diploma,Mumbai,Maharashtra,India,20-06-2022,True
EMP511A,Barbara,Smith,01-11-1966,Female,Single,Bachelors,Seattle,Washington,US,27-02-2016,True
EMP512A,George,Roberts,29-01-1998,Male,Married,Masters,Manchester,England,UK,06-07-2022,True
EMP513A,Jennifer,Jones,24-10-1986,Male,Married,Bachelors,Seattle,Washington,US,20-03-2021,True
EMP514A,Jacob,Thomas,11-07-1982,Male,Single,PhD,Glasgow,Scotland,UK,21-06-2016,True
EMP515A,Priya,Verma,20-02-1993,Male,Single,PhD,Mumbai,Maharashtra,India,17-02-2026,True
EMP516A,Harry,Thomas,29-10-1967,Male,Married,Bachelors,Birmingham,England,UK,15-12-2024,True
EMP517A,Charlie,Evans,22-12-1984,Female,Single,Diploma,Edinburgh,Scotland,UK,27-04-2022,True
EMP518A,John,Jones,04-10-1977,Female,Divorced,Bachelors,San Francisco,California,US,05-05-2023,True
EMP519A,Sanjay,Gupta,31-03-1970,Male,Divorced,Bachelors,New Delhi,Delhi,India,07-12-2018,True
EMP520A,Robert,Garcia,12-02-1985,Male,Married,Diploma,San Francisco,California,US,12-10-2015,True
EMP521A,Vikram,Kumar,11-11-1979,Female,Married,Bachelors,Bangalore,Karnataka,India,08-03-2022,False
EMP522A,Charlie,Williams,04-04-1971,Male,Single,Bachelors,Glasgow,Scotland,UK,06-08-2022,False
EMP523A,Neha,Patel,19-12-1974,Female,Single,Diploma,Mumbai,Maharashtra,India,26-03-2016,True
EMP524A,David,Johnson,29-11-1994,Female,Single,Masters,Seattle,Washington,US,12-05-2019,False
EMP525A,Jennifer,Miller,21-03-2004,Male,Single,Masters,Austin,Texas,US,20-05-2021,False
EMP526A,Olivia,Thomas,05-05-1991,Male,Single,Bachelors,Birmingham,England,UK,04-07-2024,True
EMP527A,Amelia,Taylor,07-12-1989,Female,Married,Masters,Glasgow,Scotland,UK,25-12-2016,True
EMP528A,Pooja,Nayak,20-08-1978,Female,Married,Bachelors,Hyderabad,Telangana,India,01-01-2026,True
EMP529A,Anjali,Kumari,15-11-1994,Female,Married,Bachelors,Bangalore,Karnataka,India,24-09-2021,True
EMP530A,Charlie,Brown,25-03-1981,Female,Married,Masters,London,England,UK,20-03-2021,True
EMP531A,Charlie,Thomas,22-04-1972,Male,Single,Bachelors,London,England,UK,30-06-2026,True
EMP532A,Harry,Evans,31-01-1978,Male,Married,Masters,Manchester,England,UK,11-02-2021,True
EMP533A,Anjali,Das,23-04-1996,Female,Single,Bachelors,Chennai,Tamil Nadu,India,27-03-2022,True
EMP534A,Amit,Nayak,25-04-1972,Male,Single,Bachelors,Chennai,Tamil Nadu,India,14-05-2023,True
EMP535A,Anjali,Gupta,21-11-1970,Male,Married,Bachelors,Chennai,Tamil Nadu,India,11-05-2024,True
EMP536A,John,Davis,28-04-1970,Male,Single,Masters,Seattle,Washington,US,11-11-2018,True
EMP537A,Jack,Davies,03-03-2000,Male,Single,Masters,Manchester,England,UK,02-12-2017,True
EMP538A,James,Brown,08-05-1976,Male,Single,Masters,New York,New York,US,08-07-2026,True
EMP539A,Anjali,Das,13-07-1971,Female,Divorced,Bachelors,Chennai,Tamil Nadu,India,27-06-2019,True
EMP540A,Rakesh,Gupta,28-03-1999,Male,Married,Masters,Chennai,Tamil Nadu,India,29-04-2026,True
EMP541A,John,Rodriguez,10-06-1991,Male,Married,PhD,New York,New York,US,20-10-2019,True
EMP542A,Rakesh,Patel,06-02-1979,Male,Married,Bachelors,Hyderabad,Telangana,India,22-10-2019,True
EMP543A,Jennifer,Jones,01-07-1985,Female,Married,Masters,Seattle,Washington,US,04-11-2016,True
EMP544A,Arjun,Singh,26-06-1981,Male,Single,Masters,New Delhi,Delhi,India,27-03-2019,False
EMP545A,George,Wilson,25-07-1969,Male,Single,PhD,Edinburgh,Scotland,UK,03-09-2017,True
EMP546A,Patricia,Martinez,02-01-1997,Female,Married,Masters,Chicago,Illinois,US,22-03-2020,True
EMP547A,Jennifer,Davis,06-11-1969,Male,Single,Bachelors,Seattle,Washington,US,13-11-2025,True
EMP548A,Harry,Jones,02-03-1982,Female,Single,Bachelors,London,England,UK,12-07-2016,False
EMP549A,Anjali,Das,27-09-1976,Female,Married,Bachelors,Chennai,Tamil Nadu,India,14-06-2025,True
EMP550A,Anjali,Kumari,13-08-1966,Male,Single,Masters,Hyderabad,Telangana,India,09-08-2023,True
EMP551A,Barbara,Williams,28-11-1969,Female,Married,Masters,Chicago,Illinois,US,06-01-2018,True
EMP552A,Isla,Thomas,12-12-1981,Female,Married,Bachelors,Glasgow,Scotland,UK,13-05-2026,True
EMP553A,Amit,Bose,16-01-1993,Female,Single,Bachelors,Mumbai,Maharashtra,India,21-03-2023,True
EMP554A,Michael,Garcia,12-11-1995,Male,Married,Diploma,New York,New York,US,21-07-2020,True
EMP555A,Amit,Gupta,23-11-1983,Female,Single,Bachelors,New Delhi,Delhi,India,03-05-2025,True
EMP556A,Sneha,Singh,15-04-1995,Male,Single,Bachelors,Chennai,Tamil Nadu,India,26-03-2022,True
EMP557A,Amelia,Williams,04-01-2003,Male,Married,Bachelors,Glasgow,Scotland,UK,24-02-2023,True
EMP558A,Robert,Smith,09-12-1990,Male,Married,Bachelors,Austin,Texas,US,25-01-2020,True
EMP559A,Emily,Thomas,15-06-1978,Female,Married,Bachelors,Edinburgh,Scotland,UK,16-10-2022,True
EMP560A,Michael,Jones,17-11-1990,Female,Single,PhD,Seattle,Washington,US,19-01-2019,False
EMP561A,Isla,Davies,14-10-1975,Male,Married,Masters,Glasgow,Scotland,UK,05-05-2016,True
EMP562A,Michael,Garcia,03-07-1976,Male,Married,Diploma,New York,New York,US,01-04-2024,True
EMP563A,Amit,Sharma,30-08-1966,Male,Single,Diploma,New Delhi,Delhi,India,20-11-2025,True
EMP564A,Robert,Rodriguez,07-10-1968,Female,Married,Masters,San Francisco,California,US,24-11-2025,False
EMP565A,Jennifer,Johnson,31-05-1988,Female,Married,Diploma,Chicago,Illinois,US,17-04-2020,False
EMP566A,George,Evans,09-11-1972,Male,Divorced,Bachelors,Birmingham,England,UK,16-04-2020,True
EMP567A,Elizabeth,Smith,20-01-1976,Female,Married,Masters,Chicago,Illinois,US,14-07-2017,True
EMP568A,Linda,Garcia,20-05-2000,Male,Single,Bachelors,Austin,Texas,US,13-10-2015,True
EMP569A,Thomas,Evans,18-06-1976,Female,Single,Masters,London,England,UK,03-12-2024,False
EMP570A,Manish,Sharma,17-04-1977,Male,Married,Masters,Bangalore,Karnataka,India,11-02-2022,True
EMP571A,Barbara,Miller,13-10-1980,Female,Married,Masters,Austin,Texas,US,02-04-2017,True
EMP572A,Amelia,Thomas,23-12-1973,Female,Single,Diploma,London,England,UK,14-02-2019,True
EMP573A,Pooja,Gupta,03-11-1995,Female,Married,Bachelors,Bangalore,Karnataka,India,01-03-2022,True
EMP574A,Jennifer,Williams,11-01-1994,Male,Divorced,PhD,Chicago,Illinois,US,13-01-2020,False
EMP575A,Manish,Iyer,04-07-1981,Male,Divorced,Diploma,Bangalore,Karnataka,India,30-12-2023,True
EMP576A,Emily,Wilson,31-08-2003,Female,Single,Bachelors,Edinburgh,Scotland,UK,28-08-2017,True
EMP577A,Vikram,Mishra,30-04-1983,Male,Single,PhD,Bangalore,Karnataka,India,07-05-2021,True
EMP578A,Ravi,Kumar,03-07-1979,Female,Married,Masters,Bangalore,Karnataka,India,11-04-2025,True
EMP579A,Olivia,Clark,15-07-1975,Female,Divorced,PhD,Birmingham,England,UK,19-02-2017,True
EMP580A,Poppy,Jones,10-02-1995,Female,Single,Masters,London,England,UK,26-04-2026,False
EMP581A,Ravi,Nayak,02-12-1970,Male,Single,Bachelors,New Delhi,Delhi,India,19-04-2026,False
EMP582A,Manish,Das,17-04-1984,Female,Divorced,Bachelors,New Delhi,Delhi,India,13-11-2017,True
EMP583A,William,Garcia,15-10-1971,Female,Single,Diploma,Chicago,Illinois,US,28-01-2022,True
EMP584A,Priya,Kumari,15-03-1987,Male,Married,PhD,Hyderabad,Telangana,India,01-09-2018,True
EMP585A,Isla,Thomas,29-09-1977,Male,Married,Masters,Edinburgh,Scotland,UK,27-04-2018,True
EMP586A,Elizabeth,Martinez,07-05-1987,Male,Married,High School,San Francisco,California,US,19-01-2019,True
EMP587A,Charlie,Taylor,24-08-1985,Female,Married,PhD,Edinburgh,Scotland,UK,18-05-2017,True
EMP588A,Charlie,Jones,09-03-1967,Female,Single,Diploma,Birmingham,England,UK,28-02-2025,True
EMP589A,Arjun,Bose,29-10-2003,Female,Single,Masters,Hyderabad,Telangana,India,12-12-2023,False
EMP590A,Vikram,Chauhan,04-01-1998,Female,Divorced,Bachelors,Hyderabad,Telangana,India,16-06-2018,True
EMP591A,David,Johnson,05-04-1990,Female,Single,Bachelors,Austin,Texas,US,24-12-2025,True
EMP592A,Elizabeth,Williams,06-05-1995,Male,Married,Masters,Chicago,Illinois,US,31-01-2017,False
EMP593A,William,Rodriguez,25-09-1970,Female,Married,Bachelors,New York,New York,US,02-07-2025,True
EMP594A,Elizabeth,Smith,29-03-1969,Female,Married,Bachelors,Seattle,Washington,US,05-01-2016,True
EMP595A,Jennifer,Jones,05-03-1973,Female,Single,Bachelors,Seattle,Washington,US,17-04-2026,True
EMP596A,Jacob,Evans,02-02-2004,Male,Single,Diploma,Glasgow,Scotland,UK,02-02-2025,True
EMP597A,Jacob,Taylor,28-05-1986,Female,Married,Masters,Edinburgh,Scotland,UK,17-02-2015,True
EMP598A,Poppy,Thomas,16-08-1965,Male,Single,High School,Birmingham,England,UK,10-11-2023,True
EMP599A,Rakesh,Kumari,01-07-2003,Male,Single,Masters,Bangalore,Karnataka,India,04-04-2018,True
EMP600A,Neha,Singh,24-02-1986,Male,Married,Bachelors,Mumbai,Maharashtra,India,22-09-2018,False
EMP601A,Manish,Bose,25-01-2003,Female,Married,Bachelors,Hyderabad,Telangana,India,27-06-2022,False
EMP602A,Jacob,Jones,22-09-1967,Male,Married,Bachelors,Edinburgh,Scotland,UK,26-11-2025,True
EMP603A,Manish,Reddy,27-07-1984,Male,Single,Masters,Hyderabad,Telangana,India,15-08-2017,True
EMP604A,Jennifer,Davis,28-02-1978,Female,Divorced,Masters,San Francisco,California,US,10-08-2022,True
EMP605A,Charlie,Evans,17-10-1970,Male,Single,Bachelors,Edinburgh,Scotland,UK,25-08-2019,True
EMP606A,Anjali,Singh,04-02-1981,Female,Single,Bachelors,Hyderabad,Telangana,India,06-04-2020,False
EMP607A,Oliver,Taylor,26-10-1986,Female,Divorced,Masters,Birmingham,England,UK,22-07-2017,True
EMP608A,Anjali,Gupta,22-08-1984,Female,Divorced,Masters,New Delhi,Delhi,India,24-07-2026,True
EMP609A,Anjali,Bose,25-01-2004,Male,Divorced,Bachelors,Chennai,Tamil Nadu,India,10-12-2015,True
EMP610A,Barbara,Davis,08-03-1971,Male,Married,Bachelors,Seattle,Washington,US,24-03-2017,True
EMP611A,James,Brown,30-01-1997,Female,Single,Masters,Chicago,Illinois,US,07-06-2021,True
EMP612A,Anjali,Chauhan,13-05-1983,Female,Divorced,Bachelors,Chennai,Tamil Nadu,India,13-02-2020,True
EMP613A,Amelia,Jones,21-10-1968,Female,Single,PhD,Edinburgh,Scotland,UK,23-03-2015,False
EMP614A,Vikram,Kumari,31-12-1996,Female,Married,Masters,Hyderabad,Telangana,India,21-05-2018,False
EMP615A,Emily,Davies,04-08-1971,Female,Married,Bachelors,Birmingham,England,UK,06-03-2015,True
EMP616A,Poppy,Clark,09-02-1989,Female,Single,Masters,Edinburgh,Scotland,UK,27-01-2024,True
EMP617A,Arjun,Gupta,17-12-1998,Male,Single,Masters,New Delhi,Delhi,India,30-01-2017,True
EMP618A,Poppy,Davies,02-10-2002,Female,Single,Bachelors,Manchester,England,UK,25-06-2024,True
EMP619A,Amit,Chauhan,05-08-1975,Male,Single,Bachelors,Mumbai,Maharashtra,India,06-09-2021,True
EMP620A,Poppy,Williams,17-03-1981,Female,Single,Masters,Edinburgh,Scotland,UK,12-05-2017,True
EMP621A,Mary,Johnson,13-05-1995,Female,Married,Bachelors,New York,New York,US,01-12-2017,True
EMP622A,Robert,Martinez,14-09-1983,Male,Single,Diploma,Chicago,Illinois,US,14-11-2024,True
EMP623A,Isla,Williams,29-01-1990,Female,Divorced,Diploma,Glasgow,Scotland,UK,08-10-2019,True
EMP624A,Mary,Johnson,19-10-1981,Female,Single,High School,Austin,Texas,US,26-11-2015,True
EMP625A,Priya,Chauhan,03-09-1974,Male,Married,Bachelors,Chennai,Tamil Nadu,India,03-02-2016,False
EMP626A,Arjun,Patel,26-02-1980,Female,Married,Masters,Mumbai,Maharashtra,India,13-05-2024,True
EMP627A,Harry,Williams,04-08-1979,Male,Married,Masters,Glasgow,Scotland,UK,02-02-2025,False
EMP628A,Michael,Brown,22-12-1993,Male,Married,Masters,Chicago,Illinois,US,11-01-2016,True
EMP629A,Charlie,Davies,17-05-1967,Male,Married,Bachelors,Glasgow,Scotland,UK,28-11-2016,True
EMP630A,Rahul,Reddy,26-08-1996,Female,Single,Bachelors,Chennai,Tamil Nadu,India,05-06-2015,True
EMP631A,Michael,Martinez,25-07-2003,Female,Single,Diploma,New York,New York,US,10-07-2015,True
EMP632A,Arjun,Nayak,09-04-1983,Male,Single,PhD,New Delhi,Delhi,India,05-02-2019,True
EMP633A,Amit,Iyer,18-07-1979,Female,Single,Masters,Mumbai,Maharashtra,India,30-09-2023,True
EMP634A,Amit,Sharma,01-03-1970,Female,Single,Bachelors,Bangalore,Karnataka,India,21-01-2026,True
EMP635A,Mary,Davis,18-04-1991,Male,Single,Bachelors,New York,New York,US,29-03-2020,True
EMP636A,Manish,Bose,22-05-1971,Female,Married,Bachelors,Hyderabad,Telangana,India,18-11-2016,True
EMP637A,Arjun,Singh,05-11-1992,Female,Married,Bachelors,Chennai,Tamil Nadu,India,09-12-2015,False
EMP638A,Kiran,Kumar,23-11-1987,Female,Single,Masters,New Delhi,Delhi,India,12-07-2023,True
EMP639A,George,Davies,25-05-2004,Female,Single,Bachelors,London,England,UK,04-10-2017,False
EMP640A,David,Garcia,17-08-1985,Female,Single,Masters,Austin,Texas,US,14-02-2021,True
EMP641A,Oliver,Clark,30-03-1996,Female,Married,Bachelors,Edinburgh,Scotland,UK,20-03-2015,True
EMP642A,Charlie,Taylor,19-11-1981,Female,Single,Masters,Glasgow,Scotland,UK,25-12-2024,False
EMP643A,Oliver,Taylor,08-01-1999,Female,Married,Masters,Edinburgh,Scotland,UK,30-04-2019,True
EMP644A,Rahul,Mishra,26-08-1966,Female,Married,Masters,Chennai,Tamil Nadu,India,17-12-2019,False
EMP645A,Jack,Jones,02-10-1989,Male,Married,Bachelors,Manchester,England,UK,27-06-2017,True
EMP646A,Poppy,Clark,26-07-1990,Male,Married,Masters,Manchester,England,UK,16-11-2017,True
EMP647A,Patricia,Smith,28-02-1994,Male,Married,Bachelors,Seattle,Washington,US,07-03-2025,True
EMP648A,Robert,Johnson,27-01-1975,Male,Single,Bachelors,Seattle,Washington,US,11-02-2026,False
EMP649A,Jennifer,Smith,14-02-1975,Female,Divorced,Masters,Chicago,Illinois,US,04-07-2022,False
EMP650A,Priya,Patel,01-08-1991,Female,Married,Bachelors,New Delhi,Delhi,India,03-03-2017,True
EMP651A,Patricia,Garcia,16-10-1992,Female,Married,Bachelors,New York,New York,US,28-08-2026,True
EMP652A,George,Taylor,13-10-1967,Female,Single,Bachelors,London,England,UK,19-06-2023,True
EMP653A,Mary,Johnson,25-09-1998,Female,Single,Bachelors,New York,New York,US,12-08-2021,True
EMP654A,Poppy,Jones,25-04-1995,Male,Married,Bachelors,Edinburgh,Scotland,UK,30-05-2025,True
EMP655A,Rahul,Das,30-06-1976,Female,Married,Masters,Mumbai,Maharashtra,India,06-05-2019,True
EMP656A,John,Brown,27-03-1994,Female,Single,Masters,San Francisco,California,US,10-05-2016,True
EMP657A,Priya,Kumar,03-07-1994,Male,Single,Bachelors,New Delhi,Delhi,India,12-07-2021,True
EMP658A,Oliver,Wilson,27-04-1980,Male,Married,Masters,Birmingham,England,UK,30-06-2019,True
EMP659A,Elizabeth,Garcia,20-04-2004,Male,Married,Masters,Seattle,Washington,US,20-09-2021,True
EMP660A,Jack,Brown,11-11-1981,Male,Married,Masters,Edinburgh,Scotland,UK,12-05-2020,True
EMP661A,Sneha,Kumari,21-09-1973,Female,Single,High School,Mumbai,Maharashtra,India,03-09-2015,True
EMP662A,Manish,Nayak,17-10-1973,Male,Single,Bachelors,Bangalore,Karnataka,India,28-11-2018,True
EMP663A,Amit,Mishra,10-10-1975,Female,Married,Masters,Bangalore,Karnataka,India,28-06-2017,True
EMP664A,Poppy,Wilson,07-08-1973,Female,Married,Bachelors,London,England,UK,29-03-2018,True
EMP665A,David,Brown,28-03-1993,Female,Married,Masters,New York,New York,US,06-08-2021,True
EMP666A,Isla,Brown,08-12-1993,Female,Married,Bachelors,London,England,UK,15-06-2016,True
EMP667A,Barbara,Garcia,19-06-2000,Male,Single,Masters,Seattle,Washington,US,05-02-2026,True
EMP668A,Patricia,Miller,13-10-1981,Female,Married,Diploma,San Francisco,California,US,13-07-2024,False
EMP669A,Manish,Kumar,03-02-1980,Female,Married,Bachelors,Chennai,Tamil Nadu,India,29-02-2020,True
EMP670A,Linda,Garcia,28-05-1968,Female,Divorced,Bachelors,Austin,Texas,US,22-07-2015,True
EMP671A,Emily,Roberts,30-06-1989,Male,Single,Masters,London,England,UK,09-02-2020,True
EMP672A,Robert,Jones,20-07-1980,Female,Divorced,Masters,San Francisco,California,US,09-11-2020,True
EMP673A,Oliver,Thomas,21-02-1988,Female,Married,Bachelors,Glasgow,Scotland,UK,01-12-2023,True
EMP674A,Sneha,Mishra,09-05-1966,Female,Single,Masters,Bangalore,Karnataka,India,14-05-2024,False
EMP675A,Barbara,Smith,04-02-1983,Female,Single,High School,Chicago,Illinois,US,15-08-2022,True
EMP676A,Kiran,Nayak,10-11-1967,Female,Single,Diploma,Bangalore,Karnataka,India,08-10-2023,False
EMP677A,Isla,Davies,28-11-1995,Female,Single,Bachelors,London,England,UK,04-05-2017,True
EMP678A,Robert,Brown,16-09-1972,Female,Married,Bachelors,San Francisco,California,US,27-07-2016,True
EMP679A,Rahul,Nayak,01-11-2003,Male,Single,Bachelors,Chennai,Tamil Nadu,India,22-09-2025,False
EMP680A,Barbara,Davis,02-05-1965,Male,Married,Masters,San Francisco,California,US,21-07-2019,True
EMP681A,Jack,Roberts,01-12-1977,Female,Single,Masters,Birmingham,England,UK,27-04-2025,True
EMP682A,Michael,Martinez,26-07-1994,Male,Married,Diploma,San Francisco,California,US,02-08-2020,True
EMP683A,Oliver,Brown,28-05-1997,Male,Divorced,Bachelors,Manchester,England,UK,19-07-2021,True
EMP684A,George,Evans,24-05-1972,Female,Single,High School,London,England,UK,25-04-2026,True
EMP685A,Rahul,Reddy,25-06-1965,Female,Single,Masters,Hyderabad,Telangana,India,16-09-2022,True
EMP686A,David,Davis,20-08-1984,Male,Married,Bachelors,Chicago,Illinois,US,12-07-2016,True
EMP687A,Priya,Mishra,22-07-1972,Male,Married,High School,Mumbai,Maharashtra,India,22-12-2018,True
EMP688A,John,Davis,03-04-1996,Male,Married,Masters,Austin,Texas,US,10-11-2019,True
EMP689A,Charlie,Taylor,06-12-1981,Male,Divorced,Bachelors,Edinburgh,Scotland,UK,16-12-2024,True
EMP690A,Pooja,Das,03-07-1995,Male,Single,Masters,Mumbai,Maharashtra,India,17-08-2015,True
EMP691A,Harry,Williams,12-02-1993,Male,Married,Masters,London,England,UK,30-06-2026,True
EMP692A,Michael,Johnson,04-05-1994,Female,Single,Bachelors,San Francisco,California,US,17-05-2017,True
EMP693A,Rahul,Reddy,07-06-1999,Female,Divorced,Diploma,New Delhi,Delhi,India,26-12-2015,True
EMP694A,Poppy,Williams,09-08-1999,Male,Single,Bachelors,Birmingham,England,UK,11-04-2022,True
EMP695A,Amelia,Thomas,26-09-1993,Male,Married,Masters,London,England,UK,25-05-2015,True
EMP696A,Pooja,Kumari,20-10-1992,Male,Single,Bachelors,Chennai,Tamil Nadu,India,05-12-2021,True
EMP697A,Patricia,Williams,30-09-1979,Male,Single,Bachelors,Chicago,Illinois,US,07-11-2015,True
EMP698A,Arjun,Chauhan,27-03-1974,Male,Divorced,Masters,Hyderabad,Telangana,India,14-07-2015,True
EMP699A,Anjali,Reddy,21-01-1987,Male,Divorced,Diploma,Bangalore,Karnataka,India,19-03-2022,True
EMP700A,Pooja,Nayak,14-12-1985,Female,Single,Bachelors,Mumbai,Maharashtra,India,02-08-2019,True
EMP701A,John,Martinez,18-01-2000,Female,Single,PhD,San Francisco,California,US,26-05-2021,True
EMP702A,Michael,Williams,07-10-2001,Female,Single,Bachelors,Chicago,Illinois,US,24-06-2024,True
EMP703A,Anjali,Verma,15-09-1977,Female,Married,Bachelors,Chennai,Tamil Nadu,India,10-12-2018,True
EMP704A,John,Davis,15-10-1981,Female,Married,Bachelors,San Francisco,California,US,03-04-2019,True
EMP705A,Barbara,Garcia,29-09-1966,Male,Single,Bachelors,Chicago,Illinois,US,26-11-2021,True
EMP706A,Anjali,Singh,14-03-1994,Female,Divorced,Masters,New Delhi,Delhi,India,06-06-2026,True
EMP707A,Neha,Kumari,12-08-1971,Female,Single,Bachelors,New Delhi,Delhi,India,26-04-2018,False
EMP708A,Harry,Jones,21-06-1973,Female,Single,Bachelors,London,England,UK,15-08-2023,True
EMP709A,Jacob,Roberts,08-09-1990,Female,Married,Bachelors,Glasgow,Scotland,UK,27-11-2021,True
EMP710A,Kiran,Iyer,19-02-1968,Female,Married,Masters,Hyderabad,Telangana,India,22-02-2015,True
EMP711A,Olivia,Williams,19-07-1987,Male,Married,Masters,Manchester,England,UK,07-03-2019,True
EMP712A,Pooja,Kumari,04-01-1993,Male,Married,Bachelors,Bangalore,Karnataka,India,25-10-2020,True
EMP713A,Mary,Miller,08-03-1995,Male,Single,Bachelors,New York,New York,US,10-06-2016,True
EMP714A,Kavita,Bose,30-04-1988,Female,Divorced,Bachelors,Mumbai,Maharashtra,India,26-09-2019,True
EMP715A,Elizabeth,Miller,01-11-1994,Female,Single,Diploma,Austin,Texas,US,11-09-2022,False
EMP716A,Jennifer,Johnson,07-07-1970,Female,Divorced,Masters,New York,New York,US,05-01-2024,True
EMP717A,Sneha,Kumar,16-08-1993,Female,Single,Bachelors,Chennai,Tamil Nadu,India,20-07-2026,True
EMP718A,Anjali,Iyer,13-08-2000,Male,Single,Masters,New Delhi,Delhi,India,28-03-2020,True
EMP719A,David,Johnson,17-03-2000,Male,Single,Masters,Chicago,Illinois,US,18-05-2019,False
EMP720A,David,Rodriguez,22-10-1975,Male,Single,Masters,Chicago,Illinois,US,03-01-2025,True
EMP721A,Thomas,Taylor,18-05-1999,Female,Single,Bachelors,London,England,UK,28-08-2015,False
EMP722A,David,Johnson,02-11-1990,Male,Married,Bachelors,San Francisco,California,US,10-01-2017,False
EMP723A,Thomas,Wilson,30-12-1969,Male,Single,Bachelors,Glasgow,Scotland,UK,26-03-2020,True
EMP724A,Sanjay,Das,28-01-1965,Female,Single,Bachelors,Chennai,Tamil Nadu,India,09-11-2017,True
EMP725A,Michael,Garcia,31-05-1965,Female,Single,Masters,Austin,Texas,US,28-08-2026,True
EMP726A,Patricia,Davis,09-11-1978,Male,Single,Masters,Chicago,Illinois,US,10-05-2021,True
EMP727A,Isla,Brown,25-02-1997,Male,Married,Masters,Edinburgh,Scotland,UK,13-06-2023,True
EMP728A,Sanjay,Iyer,29-07-1994,Male,Divorced,Bachelors,Mumbai,Maharashtra,India,07-12-2025,False
EMP729A,Michael,Davis,02-10-1973,Female,Single,Bachelors,Austin,Texas,US,09-10-2023,True
EMP730A,Oliver,Davies,01-07-1971,Male,Single,Masters,Edinburgh,Scotland,UK,31-01-2018,True
EMP731A,Charlie,Jones,19-07-1972,Male,Single,PhD,Birmingham,England,UK,24-04-2018,True
EMP732A,Amit,Das,01-05-1970,Male,Single,Bachelors,Chennai,Tamil Nadu,India,23-09-2024,True
EMP733A,Harry,Wilson,21-05-1970,Male,Single,Bachelors,London,England,UK,28-07-2023,True
EMP734A,Emily,Brown,15-02-1973,Female,Married,Bachelors,London,England,UK,20-02-2021,True
EMP735A,Robert,Martinez,19-06-2001,Male,Single,Masters,San Francisco,California,US,18-04-2022,True
EMP736A,Isla,Taylor,16-11-1991,Male,Single,Bachelors,Glasgow,Scotland,UK,27-08-2019,True
EMP737A,Mary,Smith,28-07-1966,Male,Divorced,Bachelors,San Francisco,California,US,13-08-2018,False
EMP738A,William,Williams,01-03-1978,Female,Single,Bachelors,Chicago,Illinois,US,27-07-2020,False
EMP739A,William,Garcia,09-06-1973,Male,Single,Masters,Seattle,Washington,US,22-03-2017,True
EMP740A,Ravi,Gupta,09-06-1976,Female,Single,Masters,Bangalore,Karnataka,India,22-03-2021,True
EMP741A,Linda,Johnson,31-01-1977,Male,Married,Bachelors,Austin,Texas,US,19-03-2018,True
EMP742A,Emily,Clark,29-01-1992,Male,Single,Diploma,Manchester,England,UK,11-06-2018,True
EMP743A,Kavita,Gupta,26-11-1999,Female,Single,Masters,Hyderabad,Telangana,India,22-05-2022,False
EMP744A,James,Johnson,02-09-1997,Female,Married,Masters,Chicago,Illinois,US,29-06-2023,True
EMP745A,Arjun,Patel,23-09-1998,Female,Single,Masters,Chennai,Tamil Nadu,India,29-01-2021,True
EMP746A,Emily,Roberts,15-01-1988,Male,Married,Diploma,Glasgow,Scotland,UK,11-09-2025,True
EMP747A,Thomas,Davies,19-03-1973,Female,Divorced,Masters,London,England,UK,02-08-2020,True
EMP748A,Jacob,Davies,28-03-1983,Female,Married,Bachelors,Edinburgh,Scotland,UK,05-11-2021,False
EMP749A,Sanjay,Sharma,09-02-1987,Male,Divorced,Bachelors,Mumbai,Maharashtra,India,15-04-2016,True
EMP750A,Thomas,Williams,11-03-1983,Male,Married,Masters,Edinburgh,Scotland,UK,20-07-2026,True
EMP751A,Oliver,Wilson,25-11-1966,Female,Divorced,Masters,Glasgow,Scotland,UK,23-06-2020,True
EMP752A,Jack,Williams,03-01-1982,Male,Single,Diploma,London,England,UK,28-12-2017,True
EMP753A,Jack,Roberts,08-02-1998,Female,Single,Bachelors,London,England,UK,16-09-2021,True
EMP754A,Emily,Jones,16-11-1980,Male,Single,Masters,Edinburgh,Scotland,UK,16-04-2016,True
EMP755A,Vikram,Patel,24-11-1971,Female,Single,Bachelors,Mumbai,Maharashtra,India,30-08-2024,True
EMP756A,Anjali,Reddy,04-03-1973,Female,Single,Bachelors,New Delhi,Delhi,India,22-07-2025,True
EMP757A,John,Williams,12-10-1977,Male,Single,Bachelors,Austin,Texas,US,17-02-2015,True
EMP758A,James,Williams,17-11-2000,Male,Single,Masters,San Francisco,California,US,17-12-2020,True
EMP759A,William,Miller,07-06-1987,Male,Married,Bachelors,San Francisco,California,US,02-06-2017,True
EMP760A,Amelia,Wilson,18-02-1999,Female,Single,Bachelors,Glasgow,Scotland,UK,28-09-2024,True
EMP761A,Harry,Brown,02-04-1984,Male,Married,Masters,Birmingham,England,UK,28-11-2020,True
EMP762A,Sanjay,Iyer,08-12-1970,Female,Single,PhD,Chennai,Tamil Nadu,India,26-03-2019,True
EMP763A,Vikram,Kumari,30-09-1978,Male,Single,Bachelors,Chennai,Tamil Nadu,India,14-01-2017,True
EMP764A,Arjun,Singh,02-12-1996,Female,Single,Masters,Mumbai,Maharashtra,India,20-06-2017,False
EMP765A,Amit,Kumari,09-07-1969,Female,Single,Masters,Mumbai,Maharashtra,India,03-10-2019,False
EMP766A,Jennifer,Jones,03-04-1998,Female,Married,Bachelors,New York,New York,US,22-04-2015,True
EMP767A,Amelia,Brown,24-04-1998,Male,Single,PhD,Birmingham,England,UK,13-08-2023,True
EMP768A,Jack,Brown,10-04-1986,Male,Married,Bachelors,Edinburgh,Scotland,UK,05-09-2016,True
EMP769A,Pooja,Singh,08-04-1970,Female,Single,Bachelors,Chennai,Tamil Nadu,India,16-10-2022,True
EMP770A,Oliver,Williams,15-02-1996,Male,Married,Bachelors,Glasgow,Scotland,UK,22-11-2017,True
EMP771A,Emily,Roberts,04-07-1982,Female,Married,Bachelors,London,England,UK,26-10-2024,True
EMP772A,Priya,Bose,29-03-2003,Male,Single,Bachelors,Bangalore,Karnataka,India,02-07-2026,True
EMP773A,Priya,Sharma,17-06-1977,Male,Single,Masters,Mumbai,Maharashtra,India,18-07-2021,False
EMP774A,Jack,Brown,24-08-1996,Female,Married,Bachelors,Glasgow,Scotland,UK,12-01-2015,True
EMP775A,Jacob,Evans,14-09-1965,Male,Married,Masters,London,England,UK,22-12-2022,True
EMP776A,Jacob,Clark,02-04-1993,Female,Single,Bachelors,Glasgow,Scotland,UK,01-12-2024,True
EMP777A,Olivia,Evans,07-09-2003,Male,Single,Bachelors,Manchester,England,UK,06-02-2017,True
EMP778A,Harry,Davies,05-06-1973,Male,Single,Bachelors,London,England,UK,27-08-2018,True
EMP779A,David,Miller,08-12-1969,Male,Married,Bachelors,New York,New York,US,07-04-2015,True
EMP780A,Priya,Sharma,03-06-1965,Male,Married,Masters,Mumbai,Maharashtra,India,14-03-2018,True
EMP781A,George,Brown,07-12-1971,Male,Single,Masters,Manchester,England,UK,18-12-2024,True
EMP782A,Emily,Taylor,10-07-2002,Female,Single,Masters,London,England,UK,22-04-2017,True
EMP783A,Pooja,Singh,14-09-1995,Female,Married,Masters,Hyderabad,Telangana,India,04-12-2022,False
EMP784A,Neha,Nayak,14-08-1992,Female,Single,Masters,Mumbai,Maharashtra,India,13-04-2017,True
EMP785A,Kiran,Kumari,24-06-1995,Female,Single,Masters,Chennai,Tamil Nadu,India,29-12-2018,True
EMP786A,Elizabeth,Jones,14-05-2001,Male,Married,Masters,Austin,Texas,US,29-01-2021,False
EMP787A,Anjali,Reddy,29-01-1970,Female,Divorced,Bachelors,Bangalore,Karnataka,India,25-04-2018,True
EMP788A,Sneha,Nayak,28-07-1983,Female,Single,Masters,Bangalore,Karnataka,India,28-11-2022,True
EMP789A,Vikram,Singh,23-01-1991,Female,Married,Masters,Chennai,Tamil Nadu,India,18-01-2026,True
EMP790A,Jack,Taylor,05-04-1986,Male,Divorced,Diploma,Manchester,England,UK,24-01-2015,True
EMP791A,Jennifer,Williams,21-11-1983,Male,Single,Bachelors,Austin,Texas,US,26-03-2018,False
EMP792A,Harry,Taylor,18-06-1996,Male,Married,Diploma,Manchester,England,UK,04-08-2015,True
EMP793A,Harry,Jones,13-04-2002,Female,Single,Bachelors,Manchester,England,UK,03-03-2018,True
EMP794A,Harry,Roberts,09-03-1996,Male,Single,Bachelors,Birmingham,England,UK,25-03-2024,True
EMP795A,Oliver,Clark,17-04-2004,Female,Married,Masters,Manchester,England,UK,31-03-2015,True
EMP796A,Emily,Davies,13-08-1970,Male,Married,Diploma,Manchester,England,UK,08-07-2018,True
EMP797A,John,Rodriguez,24-05-1972,Male,Married,Bachelors,Seattle,Washington,US,04-07-2025,True
EMP798A,Manish,Das,29-08-1977,Male,Married,Diploma,Mumbai,Maharashtra,India,19-02-2023,True
EMP799A,Oliver,Davies,03-05-1990,Male,Married,Masters,Manchester,England,UK,23-09-2015,False
EMP800A,Amit,Patel,10-06-1987,Male,Single,Bachelors,Mumbai,Maharashtra,India,11-03-2015,False
EMP801A,John,Johnson,16-09-2000,Female,Married,Masters,Austin,Texas,US,18-04-2026,True
EMP802A,Manish,Nayak,23-05-1975,Male,Married,Masters,Bangalore,Karnataka,India,07-10-2016,False
EMP803A,Harry,Roberts,19-12-1992,Female,Single,Masters,Glasgow,Scotland,UK,13-01-2025,True
EMP804A,Olivia,Brown,02-09-1965,Male,Married,Bachelors,Manchester,England,UK,02-06-2018,True
EMP805A,Neha,Das,11-11-1990,Female,Single,Diploma,Hyderabad,Telangana,India,22-10-2018,True
EMP806A,Isla,Davies,07-07-1990,Female,Single,Masters,Edinburgh,Scotland,UK,30-11-2024,False
EMP807A,Michael,Martinez,09-08-1995,Female,Married,Bachelors,San Francisco,California,US,24-03-2023,True
EMP808A,Oliver,Clark,06-02-1972,Female,Married,Bachelors,London,England,UK,07-03-2015,True
EMP809A,David,Johnson,01-02-1973,Male,Divorced,Masters,Austin,Texas,US,04-07-2025,True
EMP810A,Patricia,Miller,03-04-1998,Female,Single,Bachelors,Austin,Texas,US,12-02-2022,True
EMP811A,Harry,Thomas,09-04-2001,Female,Married,PhD,Manchester,England,UK,07-03-2022,True
EMP812A,Amit,Sharma,09-02-1968,Female,Married,Bachelors,Mumbai,Maharashtra,India,19-01-2021,True
EMP813A,Isla,Wilson,23-03-1984,Female,Divorced,Bachelors,Glasgow,Scotland,UK,26-10-2020,True
EMP814A,Sneha,Singh,31-01-1996,Female,Married,Bachelors,Hyderabad,Telangana,India,09-08-2018,True
EMP815A,Jack,Taylor,29-07-1985,Male,Married,Bachelors,Glasgow,Scotland,UK,06-04-2022,True
EMP816A,Olivia,Davies,30-08-1993,Male,Single,Masters,Glasgow,Scotland,UK,07-02-2025,True
EMP817A,Vikram,Iyer,28-06-1995,Male,Single,Bachelors,Chennai,Tamil Nadu,India,20-06-2023,False
EMP818A,Robert,Rodriguez,02-05-1989,Female,Married,Masters,New York,New York,US,24-03-2025,True
EMP819A,Kiran,Nayak,12-02-1982,Female,Married,Masters,Hyderabad,Telangana,India,15-05-2023,True
EMP820A,David,Jones,27-09-1965,Female,Single,Masters,Seattle,Washington,US,18-12-2016,True
EMP821A,Emily,Taylor,24-05-1985,Female,Single,Masters,Edinburgh,Scotland,UK,02-07-2021,True
EMP822A,Sneha,Chauhan,08-10-1987,Female,Single,Masters,Hyderabad,Telangana,India,17-11-2023,True
EMP823A,Michael,Brown,19-09-2002,Female,Single,PhD,New York,New York,US,25-09-2015,True
EMP824A,Patricia,Rodriguez,17-07-1993,Female,Divorced,Bachelors,Chicago,Illinois,US,28-10-2023,True
EMP825A,William,Williams,29-04-1993,Female,Married,Bachelors,Chicago,Illinois,US,26-03-2017,True
EMP826A,William,Williams,18-07-1999,Male,Single,Masters,Austin,Texas,US,02-02-2017,True
EMP827A,Ravi,Singh,09-04-1994,Male,Single,Bachelors,Mumbai,Maharashtra,India,05-03-2025,True
EMP828A,Sanjay,Chauhan,21-08-1993,Male,Single,Masters,Hyderabad,Telangana,India,28-02-2016,True
EMP829A,Rahul,Nayak,09-08-2002,Male,Single,Bachelors,New Delhi,Delhi,India,19-01-2019,True
EMP830A,Vikram,Das,03-06-1993,Female,Married,Bachelors,Hyderabad,Telangana,India,19-09-2019,False
EMP831A,Kiran,Nayak,17-07-1992,Male,Single,Masters,Chennai,Tamil Nadu,India,18-08-2017,True
EMP832A,Pooja,Bose,15-05-1981,Male,Married,High School,Mumbai,Maharashtra,India,14-08-2026,True
EMP833A,Pooja,Das,27-09-1989,Female,Married,Masters,Bangalore,Karnataka,India,19-02-2021,True
EMP834A,William,Miller,13-08-1969,Female,Single,Bachelors,San Francisco,California,US,17-11-2018,False
EMP835A,Isla,Wilson,04-04-1984,Male,Married,Bachelors,Edinburgh,Scotland,UK,03-02-2021,True
EMP836A,George,Thomas,31-01-2002,Female,Single,Diploma,Manchester,England,UK,21-06-2026,True
EMP837A,Michael,Williams,20-12-1999,Female,Single,Bachelors,Austin,Texas,US,18-08-2016,True
EMP838A,Sanjay,Patel,21-09-1977,Male,Married,Diploma,Bangalore,Karnataka,India,19-03-2022,True
EMP839A,Barbara,Martinez,25-03-1967,Female,Married,PhD,New York,New York,US,05-10-2024,True
EMP840A,Mary,Johnson,15-10-1977,Male,Married,Masters,Chicago,Illinois,US,01-05-2022,True
EMP841A,Kiran,Kumar,03-10-1966,Female,Married,Diploma,New Delhi,Delhi,India,13-01-2024,False
EMP842A,Rakesh,Chauhan,17-12-1989,Female,Married,High School,Hyderabad,Telangana,India,28-02-2021,True
EMP843A,Barbara,Davis,23-02-1967,Male,Single,PhD,Chicago,Illinois,US,22-05-2023,True
EMP844A,Thomas,Wilson,11-02-1989,Male,Divorced,Masters,Manchester,England,UK,22-12-2016,True
EMP845A,James,Johnson,22-08-1972,Male,Married,Diploma,New York,New York,US,06-09-2016,True
EMP846A,John,Martinez,31-08-1994,Female,Divorced,Bachelors,Chicago,Illinois,US,29-09-2017,True
EMP847A,Isla,Brown,27-02-2004,Male,Married,Masters,London,England,UK,23-08-2021,True
EMP848A,Sanjay,Das,10-04-1982,Male,Married,Bachelors,Mumbai,Maharashtra,India,08-05-2016,True
EMP849A,Emily,Roberts,01-11-1970,Male,Divorced,Bachelors,Birmingham,England,UK,08-03-2025,True
EMP850A,Elizabeth,Rodriguez,12-10-1978,Male,Single,Masters,San Francisco,California,US,20-03-2019,True
EMP851A,George,Brown,22-04-1985,Female,Single,Masters,London,England,UK,13-03-2019,True
EMP852A,Sneha,Singh,18-10-1984,Female,Single,High School,Bangalore,Karnataka,India,26-11-2023,True
EMP853A,Barbara,Miller,22-02-1987,Female,Single,High School,San Francisco,California,US,01-04-2019,True
EMP854A,Rahul,Sharma,14-07-1969,Female,Single,Bachelors,Mumbai,Maharashtra,India,20-10-2015,True
EMP855A,Olivia,Wilson,03-09-1972,Male,Single,Bachelors,Edinburgh,Scotland,UK,07-12-2019,True
EMP856A,Jacob,Jones,31-03-2003,Male,Single,Masters,London,England,UK,15-04-2026,True
EMP857A,Priya,Patel,18-12-1972,Female,Married,Bachelors,Hyderabad,Telangana,India,15-04-2015,True
EMP858A,Ravi,Patel,26-09-2001,Male,Married,PhD,Hyderabad,Telangana,India,14-12-2025,True
EMP859A,Arjun,Gupta,18-12-1997,Female,Divorced,Bachelors,Bangalore,Karnataka,India,08-02-2017,True
EMP860A,Robert,Garcia,29-09-1999,Female,Single,Masters,Chicago,Illinois,US,28-11-2022,False
EMP861A,Charlie,Jones,22-05-1966,Male,Married,Masters,Manchester,England,UK,10-12-2019,True
EMP862A,Jennifer,Brown,14-06-1995,Female,Divorced,Masters,New York,New York,US,22-06-2023,False
EMP863A,Manish,Reddy,05-11-1966,Female,Married,Diploma,New Delhi,Delhi,India,09-10-2023,True
EMP864A,Elizabeth,Garcia,28-09-1971,Female,Married,Masters,Austin,Texas,US,10-03-2015,True
EMP865A,Linda,Jones,09-08-1991,Male,Single,Bachelors,New York,New York,US,08-05-2015,True
EMP866A,Jennifer,Smith,09-07-1987,Male,Divorced,Masters,New York,New York,US,02-02-2018,True
EMP867A,Sanjay,Sharma,28-02-1976,Female,Married,PhD,Hyderabad,Telangana,India,10-07-2021,False
EMP868A,Kiran,Verma,31-03-1971,Male,Single,Bachelors,New Delhi,Delhi,India,20-11-2018,True
EMP869A,Manish,Verma,28-05-2002,Female,Single,Bachelors,Mumbai,Maharashtra,India,05-05-2025,True
EMP870A,Amelia,Roberts,10-09-1985,Male,Divorced,High School,Birmingham,England,UK,11-12-2022,False
EMP871A,Mary,Williams,15-05-1989,Female,Single,Masters,Seattle,Washington,US,10-06-2020,True
EMP872A,Vikram,Reddy,13-02-1977,Male,Single,Diploma,Mumbai,Maharashtra,India,14-08-2026,True
EMP873A,Elizabeth,Davis,19-05-1967,Male,Married,Bachelors,Austin,Texas,US,21-09-2017,True
EMP874A,John,Brown,23-12-1992,Male,Single,High School,San Francisco,California,US,21-12-2021,True
EMP875A,George,Roberts,28-11-1984,Female,Single,Diploma,London,England,UK,01-08-2019,True
EMP876A,Linda,Williams,16-07-1993,Male,Single,Masters,San Francisco,California,US,06-11-2024,True
EMP877A,Jack,Williams,31-05-1991,Female,Single,Bachelors,Glasgow,Scotland,UK,05-09-2025,True
EMP878A,Barbara,Johnson,24-04-1990,Female,Single,Bachelors,Chicago,Illinois,US,12-07-2024,True
EMP879A,Charlie,Clark,24-07-1985,Female,Single,Bachelors,Edinburgh,Scotland,UK,15-12-2022,False
EMP880A,Emily,Brown,06-04-1997,Female,Married,Masters,Birmingham,England,UK,04-07-2026,True
EMP881A,Manish,Chauhan,01-03-1986,Male,Married,Masters,New Delhi,Delhi,India,12-07-2016,True
EMP882A,Emily,Davies,29-04-1966,Male,Single,Masters,Manchester,England,UK,22-10-2022,True
EMP883A,David,Davis,25-03-1982,Female,Divorced,Diploma,Austin,Texas,US,22-04-2020,True
EMP884A,Mary,Smith,29-05-1979,Male,Married,Bachelors,New York,New York,US,25-05-2023,False
EMP885A,Poppy,Roberts,17-04-1998,Male,Married,Bachelors,Manchester,England,UK,30-08-2020,True
EMP886A,Rahul,Bose,17-02-1981,Female,Married,Masters,Mumbai,Maharashtra,India,26-07-2019,False
EMP887A,John,Rodriguez,28-12-1980,Male,Married,Bachelors,Chicago,Illinois,US,27-08-2019,True
EMP888A,Olivia,Taylor,16-05-1987,Male,Single,Bachelors,Glasgow,Scotland,UK,07-11-2017,True
EMP889A,Pooja,Mishra,31-01-1972,Female,Single,Bachelors,New Delhi,Delhi,India,04-10-2023,False
EMP890A,Poppy,Roberts,19-10-1976,Male,Single,Bachelors,Birmingham,England,UK,09-04-2016,True
EMP891A,Sneha,Chauhan,04-10-1994,Male,Single,Diploma,Mumbai,Maharashtra,India,01-08-2019,False
EMP892A,Poppy,Jones,24-06-1986,Male,Single,High School,Birmingham,England,UK,02-05-2024,False
EMP893A,Neha,Gupta,26-06-1967,Male,Married,Masters,Bangalore,Karnataka,India,04-09-2024,True
EMP894A,Poppy,Wilson,11-04-1984,Female,Married,Diploma,London,England,UK,03-03-2016,True
EMP895A,Kiran,Bose,16-02-1969,Male,Single,Masters,New Delhi,Delhi,India,06-05-2019,True
EMP896A,Poppy,Jones,05-09-1977,Male,Single,Bachelors,London,England,UK,10-04-2016,True
EMP897A,Manish,Nayak,22-05-1989,Male,Married,Masters,Chennai,Tamil Nadu,India,26-09-2025,True
EMP898A,Patricia,Davis,01-01-1977,Female,Married,Bachelors,Austin,Texas,US,25-07-2021,True
EMP899A,Sneha,Singh,15-05-1988,Male,Single,Bachelors,Chennai,Tamil Nadu,India,10-04-2021,True
EMP900A,Sneha,Iyer,15-12-1965,Female,Married,Bachelors,Bangalore,Karnataka,India,09-04-2020,False
EMP901A,Olivia,Davies,14-09-2003,Female,Single,High School,London,England,UK,05-04-2021,True
EMP902A,Vikram,Nayak,22-04-1992,Female,Divorced,Masters,Hyderabad,Telangana,India,04-11-2021,False
EMP903A,Jack,Jones,27-10-1989,Female,Divorced,Masters,Birmingham,England,UK,03-08-2024,True
EMP904A,William,Davis,09-09-1975,Male,Divorced,Bachelors,Chicago,Illinois,US,24-08-2018,True
EMP905A,Jacob,Taylor,24-03-1981,Female,Married,Masters,Manchester,England,UK,28-07-2022,True
EMP906A,Oliver,Taylor,25-09-1984,Male,Married,PhD,Birmingham,England,UK,06-12-2020,True
EMP907A,David,Rodriguez,18-05-1992,Female,Divorced,Bachelors,San Francisco,California,US,24-04-2016,True
EMP908A,Robert,Jones,05-06-1994,Male,Single,Masters,Chicago,Illinois,US,07-02-2020,False
EMP909A,Kavita,Gupta,20-01-1997,Female,Divorced,High School,Hyderabad,Telangana,India,10-12-2015,True
EMP910A,William,Smith,04-12-1987,Male,Single,Bachelors,Seattle,Washington,US,04-11-2022,True
EMP911A,David,Miller,28-02-1981,Female,Divorced,Masters,New York,New York,US,08-05-2021,True
EMP912A,Linda,Jones,10-07-1991,Male,Single,Bachelors,Seattle,Washington,US,06-08-2018,False
EMP913A,William,Rodriguez,25-09-1971,Female,Married,Bachelors,Seattle,Washington,US,27-10-2019,True
EMP914A,Kiran,Sharma,26-03-1992,Female,Married,Bachelors,Chennai,Tamil Nadu,India,20-09-2017,True
EMP915A,Robert,Brown,14-02-1979,Male,Married,Bachelors,Seattle,Washington,US,22-06-2020,True
EMP916A,Jennifer,Johnson,16-10-1983,Male,Married,Masters,Austin,Texas,US,15-02-2023,True
EMP917A,Kiran,Gupta,17-04-1970,Male,Married,Bachelors,Bangalore,Karnataka,India,05-02-2018,True
EMP918A,Ravi,Kumar,05-05-1999,Female,Married,Diploma,Bangalore,Karnataka,India,08-03-2025,True
EMP919A,Rakesh,Singh,12-12-1983,Female,Single,Masters,Mumbai,Maharashtra,India,21-08-2016,False
EMP920A,Sanjay,Verma,12-01-1967,Male,Married,Bachelors,Mumbai,Maharashtra,India,20-07-2022,False
EMP921A,Michael,Davis,13-06-1991,Male,Single,High School,Chicago,Illinois,US,13-09-2025,True
EMP922A,Amelia,Thomas,07-05-1969,Male,Single,Bachelors,Edinburgh,Scotland,UK,01-11-2024,False
EMP923A,Emily,Roberts,05-06-1971,Male,Married,Masters,Glasgow,Scotland,UK,25-05-2021,True
EMP924A,Jack,Wilson,30-11-1977,Female,Married,Bachelors,Glasgow,Scotland,UK,19-01-2022,True
EMP925A,Manish,Verma,08-10-1989,Male,Single,Masters,Chennai,Tamil Nadu,India,12-03-2020,True
EMP926A,Emily,Brown,15-08-1990,Female,Married,Bachelors,London,England,UK,31-07-2015,False
EMP927A,Robert,Johnson,29-06-1977,Male,Divorced,Masters,New York,New York,US,11-09-2024,False
EMP928A,Jack,Taylor,03-01-1988,Male,Married,Bachelors,Birmingham,England,UK,16-05-2026,True
EMP929A,Vikram,Das,20-02-1993,Male,Single,Bachelors,Chennai,Tamil Nadu,India,09-04-2019,False
EMP930A,Kavita,Sharma,05-09-1977,Male,Single,Masters,New Delhi,Delhi,India,25-05-2018,True
EMP931A,Thomas,Brown,28-09-1966,Female,Married,Bachelors,London,England,UK,05-07-2016,True
EMP932A,Poppy,Brown,19-12-1994,Female,Married,Bachelors,Birmingham,England,UK,15-01-2019,False
EMP933A,Amelia,Roberts,22-01-1985,Female,Single,Bachelors,Edinburgh,Scotland,UK,01-03-2017,True
EMP934A,Neha,Patel,04-10-2003,Female,Married,Masters,Mumbai,Maharashtra,India,06-12-2023,True
EMP935A,Manish,Verma,01-04-1979,Female,Single,Bachelors,Chennai,Tamil Nadu,India,04-03-2024,True
EMP936A,Robert,Smith,21-05-1983,Male,Married,Bachelors,Austin,Texas,US,29-11-2019,True
EMP937A,Anjali,Reddy,12-12-1965,Female,Single,Masters,Mumbai,Maharashtra,India,24-11-2017,False
EMP938A,William,Johnson,29-09-1982,Male,Single,Bachelors,New York,New York,US,14-02-2023,True
EMP939A,Jennifer,Miller,15-08-1988,Male,Married,Masters,San Francisco,California,US,22-04-2015,True
EMP940A,Priya,Verma,22-08-1998,Male,Married,Bachelors,New Delhi,Delhi,India,28-02-2020,True
EMP941A,John,Jones,25-04-1998,Male,Single,Bachelors,New York,New York,US,28-08-2016,True
EMP942A,Patricia,Martinez,02-08-1985,Male,Single,PhD,Austin,Texas,US,14-07-2024,True
EMP943A,Isla,Wilson,07-09-1986,Female,Divorced,Bachelors,Birmingham,England,UK,01-02-2017,True
EMP944A,Vikram,Kumari,03-12-1990,Male,Single,Bachelors,Hyderabad,Telangana,India,12-05-2023,True
EMP945A,Linda,Martinez,05-08-1972,Male,Married,Bachelors,New York,New York,US,16-06-2022,True
EMP946A,Rahul,Nayak,21-12-1978,Female,Married,High School,Hyderabad,Telangana,India,19-03-2020,True
EMP947A,Poppy,Clark,22-06-1989,Female,Single,Masters,Edinburgh,Scotland,UK,05-01-2021,True
EMP948A,Linda,Davis,14-12-1998,Male,Single,Masters,Seattle,Washington,US,10-05-2017,True
EMP949A,Pooja,Kumar,07-08-1998,Female,Single,Bachelors,Mumbai,Maharashtra,India,06-07-2024,True
EMP950A,Robert,Jones,21-06-1988,Male,Married,PhD,Seattle,Washington,US,03-05-2023,True
EMP951A,William,Martinez,21-04-1997,Male,Single,Masters,Austin,Texas,US,19-05-2025,False
EMP952A,James,Garcia,02-06-1973,Male,Married,Bachelors,Chicago,Illinois,US,16-05-2018,True
EMP953A,Mary,Smith,22-06-1980,Male,Divorced,Bachelors,Seattle,Washington,US,05-07-2018,False
EMP954A,Elizabeth,Jones,03-11-1971,Male,Married,Bachelors,Austin,Texas,US,17-09-2020,True
EMP955A,Elizabeth,Johnson,27-01-1998,Female,Single,High School,San Francisco,California,US,28-05-2022,False
EMP956A,Pooja,Das,06-05-1967,Male,Married,Bachelors,Chennai,Tamil Nadu,India,20-03-2018,True
EMP957A,Isla,Evans,06-09-1996,Female,Single,Masters,Birmingham,England,UK,26-05-2020,True
EMP958A,William,Johnson,04-09-2002,Female,Married,Bachelors,Seattle,Washington,US,22-09-2018,True
EMP959A,David,Johnson,29-07-1999,Female,Married,Bachelors,Seattle,Washington,US,23-10-2022,False
EMP960A,Jack,Wilson,02-04-1965,Female,Single,Masters,Birmingham,England,UK,29-03-2015,True
EMP961A,William,Smith,14-03-1996,Female,Single,Diploma,Seattle,Washington,US,02-10-2015,True
EMP962A,Oliver,Thomas,18-09-1966,Female,Single,Masters,Glasgow,Scotland,UK,30-12-2025,True
EMP963A,Sanjay,Iyer,06-08-1993,Male,Single,Masters,Bangalore,Karnataka,India,09-11-2016,True
EMP964A,Patricia,Martinez,29-04-1991,Female,Married,Masters,New York,New York,US,05-02-2022,False
EMP965A,Michael,Smith,21-11-1984,Male,Single,Bachelors,New York,New York,US,01-04-2026,True
EMP966A,Olivia,Williams,27-06-1990,Male,Married,Bachelors,London,England,UK,20-02-2021,True
EMP967A,Kiran,Das,19-05-2000,Male,Single,Bachelors,Bangalore,Karnataka,India,01-03-2019,True
EMP968A,Kiran,Iyer,06-01-1982,Female,Single,Diploma,Bangalore,Karnataka,India,15-04-2019,True
EMP969A,Michael,Brown,20-09-1984,Female,Single,Bachelors,San Francisco,California,US,21-06-2019,True
EMP970A,Jennifer,Rodriguez,06-07-1990,Male,Divorced,Bachelors,Chicago,Illinois,US,28-10-2015,True
EMP971A,Charlie,Davies,11-09-1999,Male,Single,Bachelors,Manchester,England,UK,19-04-2026,True
EMP972A,Kiran,Das,14-12-1981,Male,Single,Diploma,Chennai,Tamil Nadu,India,28-08-2025,True
EMP973A,James,Williams,22-01-1981,Female,Single,Bachelors,Chicago,Illinois,US,04-07-2022,True
EMP974A,Neha,Chauhan,01-05-1976,Female,Married,Bachelors,Chennai,Tamil Nadu,India,03-10-2024,True
EMP975A,Robert,Smith,23-12-1982,Male,Single,Bachelors,San Francisco,California,US,10-06-2024,False
EMP976A,Elizabeth,Rodriguez,16-11-1978,Male,Married,Bachelors,San Francisco,California,US,30-11-2017,False
EMP977A,Neha,Kumari,24-06-2003,Male,Married,Masters,Bangalore,Karnataka,India,10-11-2018,True
EMP978A,Kavita,Gupta,23-10-1995,Female,Married,Masters,New Delhi,Delhi,India,15-09-2025,True
EMP979A,Olivia,Thomas,04-09-1979,Female,Married,Masters,Manchester,England,UK,11-09-2023,True
EMP980A,Elizabeth,Miller,19-04-1992,Male,Married,Bachelors,Seattle,Washington,US,12-10-2022,True
EMP981A,William,Smith,26-12-1966,Male,Single,Diploma,Seattle,Washington,US,24-09-2016,True
EMP982A,David,Williams,02-12-1983,Male,Single,Masters,Chicago,Illinois,US,23-05-2021,True
EMP983A,Neha,Chauhan,20-07-1965,Male,Single,Bachelors,Mumbai,Maharashtra,India,10-04-2017,True
EMP984A,David,Davis,08-08-1976,Male,Married,Masters,New York,New York,US,04-01-2024,True
EMP985A,William,Garcia,07-11-1988,Female,Married,Diploma,Chicago,Illinois,US,08-03-2023,False
EMP986A,Sneha,Iyer,06-11-1985,Female,Single,Masters,Chennai,Tamil Nadu,India,07-06-2019,True
EMP987A,Jennifer,Smith,21-01-1966,Female,Single,Bachelors,Seattle,Washington,US,29-08-2020,True
EMP988A,Neha,Patel,10-10-1982,Male,Single,Bachelors,New Delhi,Delhi,India,03-07-2017,True
EMP989A,Sanjay,Nayak,14-12-1975,Female,Single,Bachelors,Hyderabad,Telangana,India,28-02-2021,True
EMP990A,Priya,Bose,25-07-1993,Female,Married,High School,Mumbai,Maharashtra,India,01-07-2026,True
EMP991A,Jacob,Taylor,09-03-1989,Male,Married,High School,Edinburgh,Scotland,UK,19-04-2019,True
EMP992A,Isla,Brown,17-02-1973,Female,Single,Bachelors,Edinburgh,Scotland,UK,02-03-2019,True
EMP993A,Anjali,Singh,01-02-1975,Male,Married,Bachelors,Bangalore,Karnataka,India,27-12-2020,True
EMP994A,Jacob,Clark,25-07-1965,Female,Single,Bachelors,Edinburgh,Scotland,UK,17-05-2022,False
EMP995A,John,Davis,21-08-1994,Male,Married,Bachelors,Chicago,Illinois,US,24-10-2018,True
EMP996A,Mary,Brown,19-12-1985,Male,Single,Bachelors,Seattle,Washington,US,26-10-2021,True
EMP997A,Amelia,Clark,06-01-1987,Male,Single,Bachelors,Edinburgh,Scotland,UK,11-07-2015,True
EMP998A,Elizabeth,Johnson,05-01-1973,Male,Married,PhD,New York,New York,US,24-11-2019,True
EMP999A,William,Miller,17-04-1981,Male,Married,Masters,Austin,Texas,US,18-05-2024,True
EMP001B,Charlie,Evans,04-11-1977,Female,Single,Masters,Glasgow,Scotland,UK,19-01-2020,True
EMP002B,Robert,Smith,19-04-1994,Female,Divorced,Bachelors,Seattle,Washington,US,29-05-2025,True
EMP003B,Oliver,Clark,01-08-1979,Male,Single,Bachelors,Manchester,England,UK,16-04-2026,False
EMP004B,George,Evans,08-06-1997,Male,Single,Masters,London,England,UK,20-06-2026,True
EMP005B,Sneha,Nayak,02-09-1995,Female,Divorced,Masters,New Delhi,Delhi,India,11-09-2015,True
EMP006B,William,Johnson,14-06-1966,Female,Married,PhD,Seattle,Washington,US,28-07-2018,True
EMP007B,Mary,Miller,15-11-1982,Male,Single,Masters,Austin,Texas,US,14-07-2015,True
EMP008B,Charlie,Thomas,04-01-1991,Male,Married,Bachelors,Edinburgh,Scotland,UK,28-04-2017,True
EMP009B,Amelia,Williams,28-04-1968,Female,Married,Bachelors,Manchester,England,UK,18-09-2019,True
EMP010B,Anjali,Verma,28-06-1990,Female,Married,Masters,New Delhi,Delhi,India,21-12-2024,True
EMP011B,Arjun,Verma,10-02-1997,Male,Married,Bachelors,Mumbai,Maharashtra,India,27-04-2023,True
EMP012B,Isla,Davies,24-03-1975,Male,Married,Bachelors,Manchester,England,UK,15-04-2018,True
EMP013B,Ravi,Kumari,28-09-1992,Male,Divorced,Bachelors,New Delhi,Delhi,India,29-05-2026,True
EMP014B,Emily,Evans,23-01-2004,Female,Single,Masters,Glasgow,Scotland,UK,24-06-2023,True
EMP015B,Kavita,Das,25-11-1999,Male,Married,Bachelors,New Delhi,Delhi,India,08-12-2021,True
EMP016B,Elizabeth,Smith,08-06-1969,Female,Married,Bachelors,Seattle,Washington,US,18-07-2019,True
EMP017B,Thomas,Roberts,06-10-2000,Male,Married,Masters,London,England,UK,06-01-2025,True
EMP018B,Pooja,Iyer,05-02-1969,Male,Married,Masters,Hyderabad,Telangana,India,26-11-2015,True
EMP019B,Arjun,Verma,01-02-1989,Male,Single,Bachelors,Mumbai,Maharashtra,India,08-02-2020,True
EMP020B,Neha,Das,03-11-1991,Female,Single,High School,Hyderabad,Telangana,India,04-09-2025,True
EMP021B,Mary,Davis,05-02-1987,Male,Single,Bachelors,San Francisco,California,US,05-01-2015,True
EMP022B,David,Jones,29-01-1993,Female,Single,Masters,Austin,Texas,US,26-08-2022,True
EMP023B,Neha,Kumari,11-03-1995,Female,Single,Masters,New Delhi,Delhi,India,13-02-2026,True
EMP024B,David,Rodriguez,13-09-1978,Female,Married,Bachelors,San Francisco,California,US,09-06-2017,True
EMP025B,Jacob,Clark,28-03-2003,Male,Married,Bachelors,Manchester,England,UK,06-04-2022,True
EMP026B,Isla,Clark,07-06-2002,Female,Single,Bachelors,Edinburgh,Scotland,UK,17-02-2020,False
EMP027B,Amelia,Evans,16-02-1983,Male,Divorced,Bachelors,Edinburgh,Scotland,UK,16-07-2024,True
EMP028B,Neha,Chauhan,03-10-1981,Male,Single,Masters,New Delhi,Delhi,India,15-07-2019,True
EMP029B,William,Rodriguez,28-11-1975,Male,Single,Bachelors,San Francisco,California,US,13-04-2026,True
EMP030B,Poppy,Thomas,09-07-1967,Female,Single,Bachelors,London,England,UK,03-12-2025,True
EMP031B,Mary,Davis,15-03-2004,Male,Married,Bachelors,San Francisco,California,US,12-04-2022,True
EMP032B,George,Thomas,21-04-1971,Male,Married,Masters,Manchester,England,UK,05-11-2020,True
EMP033B,Amelia,Evans,10-12-1979,Male,Married,Masters,Edinburgh,Scotland,UK,17-02-2019,True
EMP034B,Elizabeth,Smith,23-04-2002,Male,Divorced,Bachelors,San Francisco,California,US,19-03-2024,True
EMP035B,Ravi,Singh,11-12-1997,Male,Married,PhD,Mumbai,Maharashtra,India,13-01-2026,True
EMP036B,Arjun,Nayak,31-05-1999,Female,Married,Bachelors,Chennai,Tamil Nadu,India,04-07-2025,True
EMP037B,Harry,Evans,04-01-1983,Female,Single,Masters,London,England,UK,15-08-2022,False
EMP038B,Amit,Sharma,11-06-1999,Female,Married,Masters,New Delhi,Delhi,India,17-05-2018,True
EMP039B,Anjali,Mishra,23-02-1973,Male,Single,Bachelors,Chennai,Tamil Nadu,India,04-06-2018,True
EMP040B,Anjali,Nayak,11-07-1994,Male,Single,Bachelors,Chennai,Tamil Nadu,India,21-07-2016,False
EMP041B,Patricia,Brown,29-10-1981,Male,Married,Masters,Austin,Texas,US,29-01-2018,True
EMP042B,Jack,Wilson,24-06-1991,Male,Single,Bachelors,London,England,UK,01-11-2024,True
EMP043B,Thomas,Roberts,28-01-1981,Female,Married,Bachelors,London,England,UK,14-09-2019,True
EMP044B,Anjali,Gupta,18-01-1982,Female,Married,Masters,New Delhi,Delhi,India,22-09-2020,True
EMP045B,Jennifer,Jones,05-05-2001,Female,Married,High School,New York,New York,US,29-09-2021,True
EMP046B,Barbara,Garcia,27-12-1971,Male,Married,Masters,New York,New York,US,01-08-2020,True
EMP047B,Ravi,Chauhan,01-11-1972,Male,Married,Masters,Bangalore,Karnataka,India,03-05-2023,True
EMP048B,Sneha,Das,29-09-2002,Female,Married,High School,Bangalore,Karnataka,India,27-02-2026,True
EMP049B,Sneha,Kumari,16-03-1999,Male,Single,High School,Hyderabad,Telangana,India,28-03-2018,True
EMP050B,Rahul,Singh,28-01-1989,Female,Single,Bachelors,Mumbai,Maharashtra,India,01-09-2025,False
EMP051B,Oliver,Davies,11-07-1992,Male,Married,Masters,Edinburgh,Scotland,UK,05-10-2020,True
EMP052B,Jack,Williams,05-03-1997,Female,Single,Bachelors,Manchester,England,UK,14-03-2018,True
EMP053B,Pooja,Verma,28-04-1988,Female,Married,Diploma,Bangalore,Karnataka,India,16-05-2022,True
EMP054B,Jennifer,Williams,23-08-1965,Male,Married,Masters,Seattle,Washington,US,21-08-2023,False
EMP055B,Priya,Singh,03-01-2004,Female,Married,Bachelors,New Delhi,Delhi,India,13-10-2025,True
EMP056B,Jacob,Roberts,17-02-1980,Male,Single,Masters,Edinburgh,Scotland,UK,07-04-2021,False
EMP057B,William,Davis,21-02-1966,Male,Single,PhD,New York,New York,US,23-08-2026,True
EMP058B,Rahul,Gupta,21-09-1968,Male,Single,Masters,New Delhi,Delhi,India,18-10-2022,True
EMP059B,Jack,Williams,27-12-1999,Male,Married,Bachelors,Manchester,England,UK,16-06-2019,True
EMP060B,Anjali,Gupta,25-06-1993,Male,Married,Masters,New Delhi,Delhi,India,28-09-2018,True
EMP061B,Arjun,Bose,28-05-1988,Female,Married,Bachelors,Hyderabad,Telangana,India,30-03-2021,True
EMP062B,Sanjay,Verma,26-11-1997,Male,Single,Bachelors,Mumbai,Maharashtra,India,20-08-2020,True
EMP063B,Neha,Mishra,04-09-1973,Male,Married,Diploma,Bangalore,Karnataka,India,11-10-2023,True
EMP064B,John,Miller,26-06-1965,Male,Married,Bachelors,New York,New York,US,14-08-2019,True
EMP065B,Poppy,Thomas,20-05-1985,Male,Single,PhD,Manchester,England,UK,13-09-2021,True
EMP066B,Amelia,Davies,22-07-1972,Female,Married,Bachelors,London,England,UK,23-09-2020,True
EMP067B,Rahul,Iyer,26-05-1984,Female,Single,Diploma,Chennai,Tamil Nadu,India,30-05-2020,True
EMP068B,Barbara,Jones,23-09-1968,Male,Single,Masters,Austin,Texas,US,30-05-2024,False
EMP069B,Ravi,Kumar,26-07-2002,Female,Married,Masters,Bangalore,Karnataka,India,17-12-2020,True
EMP070B,Olivia,Jones,15-09-1975,Female,Married,Masters,Glasgow,Scotland,UK,18-03-2017,False
EMP071B,Olivia,Wilson,20-11-1982,Female,Married,High School,London,England,UK,15-11-2024,True
EMP072B,Harry,Jones,08-02-2003,Female,Single,Masters,Birmingham,England,UK,22-07-2021,True
EMP073B,Patricia,Jones,16-03-1972,Male,Married,Masters,Chicago,Illinois,US,12-04-2022,True
EMP074B,Amelia,Wilson,22-02-1989,Male,Single,Bachelors,Birmingham,England,UK,18-03-2026,True
EMP075B,George,Wilson,24-09-1996,Female,Single,Masters,Birmingham,England,UK,06-03-2019,True
EMP076B,John,Williams,30-05-1996,Female,Married,Bachelors,Austin,Texas,US,02-07-2017,False
EMP077B,Elizabeth,Johnson,17-07-1971,Female,Married,Bachelors,San Francisco,California,US,11-01-2017,False
EMP078B,Mary,Jones,12-01-1976,Male,Married,Bachelors,Seattle,Washington,US,06-04-2022,True
EMP079B,Patricia,Brown,25-04-1978,Male,Divorced,Masters,San Francisco,California,US,16-11-2024,True
EMP080B,Linda,Miller,19-02-1993,Female,Married,Masters,Seattle,Washington,US,31-03-2024,True
EMP081B,Robert,Miller,05-02-1996,Male,Single,Masters,Austin,Texas,US,06-04-2020,True
EMP082B,Jack,Roberts,06-01-1989,Female,Single,Masters,Glasgow,Scotland,UK,02-03-2017,True
EMP083B,Sanjay,Patel,23-08-1984,Female,Married,Diploma,Chennai,Tamil Nadu,India,08-06-2025,True
EMP084B,Amit,Gupta,24-11-1980,Male,Divorced,Bachelors,Hyderabad,Telangana,India,18-10-2022,True
EMP085B,Barbara,Smith,27-08-1974,Female,Single,Masters,Seattle,Washington,US,30-08-2024,False
EMP086B,Jennifer,Brown,06-05-1992,Male,Married,Bachelors,Seattle,Washington,US,27-03-2018,False
EMP087B,Anjali,Das,26-12-1991,Male,Married,High School,Chennai,Tamil Nadu,India,12-04-2024,True
EMP088B,Barbara,Johnson,08-02-1982,Female,Single,Bachelors,Austin,Texas,US,10-02-2017,True
EMP089B,Manish,Patel,31-12-1973,Male,Single,Bachelors,Bangalore,Karnataka,India,26-08-2020,True
EMP090B,Sneha,Kumar,28-08-1967,Female,Single,High School,Mumbai,Maharashtra,India,17-06-2015,False
EMP091B,Oliver,Jones,25-09-1972,Male,Married,Bachelors,Birmingham,England,UK,13-11-2021,False
EMP092B,Jack,Evans,17-06-2004,Male,Married,Masters,London,England,UK,24-05-2023,True
EMP093B,James,Martinez,03-02-1973,Male,Divorced,Bachelors,New York,New York,US,28-12-2021,True
EMP094B,Harry,Clark,09-12-1967,Female,Single,Diploma,Birmingham,England,UK,21-09-2023,True
EMP095B,Patricia,Miller,04-08-1994,Male,Married,Diploma,New York,New York,US,25-04-2016,True
EMP096B,Amelia,Roberts,19-11-1973,Female,Divorced,Bachelors,Glasgow,Scotland,UK,05-07-2019,True
EMP097B,Michael,Johnson,11-06-1982,Female,Married,Masters,Chicago,Illinois,US,07-01-2026,True
EMP098B,David,Smith,19-07-1998,Male,Married,Masters,Seattle,Washington,US,21-03-2019,False
EMP099B,Oliver,Jones,10-01-2002,Female,Married,Bachelors,Birmingham,England,UK,23-03-2019,True
EMP100B,Arjun,Patel,16-12-1996,Female,Single,Bachelors,Mumbai,Maharashtra,India,19-03-2017,False
EMP101B,Ravi,Reddy,21-03-1970,Female,Single,Bachelors,Chennai,Tamil Nadu,India,06-01-2016,False
EMP102B,John,Miller,21-11-1992,Female,Married,Bachelors,San Francisco,California,US,06-01-2024,True
EMP103B,Thomas,Davies,01-12-1981,Female,Married,Bachelors,Manchester,England,UK,06-03-2024,True
EMP104B,Robert,Martinez,06-12-1995,Male,Single,Diploma,New York,New York,US,09-12-2015,True
EMP105B,Kiran,Chauhan,04-07-1976,Female,Single,Bachelors,Hyderabad,Telangana,India,11-02-2019,False
EMP106B,Jacob,Taylor,03-01-1974,Male,Married,High School,London,England,UK,14-07-2019,True
EMP107B,Mary,Johnson,08-08-1992,Female,Married,Diploma,San Francisco,California,US,15-09-2023,True
EMP108B,Oliver,Roberts,24-04-1980,Female,Divorced,Bachelors,Manchester,England,UK,17-02-2022,False
EMP109B,Kiran,Reddy,08-02-1975,Male,Married,Bachelors,Mumbai,Maharashtra,India,11-07-2023,True
EMP110B,Isla,Jones,07-06-1971,Female,Single,Masters,Edinburgh,Scotland,UK,06-07-2020,True
EMP111B,William,Rodriguez,12-09-1995,Male,Single,High School,New York,New York,US,20-03-2022,False
EMP112B,Rakesh,Singh,26-04-1968,Male,Married,Masters,Chennai,Tamil Nadu,India,14-01-2020,True
EMP113B,Charlie,Wilson,24-06-1992,Female,Single,PhD,Birmingham,England,UK,31-01-2025,True
EMP114B,Linda,Williams,05-06-1982,Female,Married,Bachelors,Chicago,Illinois,US,08-01-2020,False
EMP115B,Vikram,Chauhan,17-01-1983,Male,Married,Bachelors,New Delhi,Delhi,India,15-12-2015,False
EMP116B,Michael,Miller,17-08-1979,Female,Single,Bachelors,Chicago,Illinois,US,15-12-2024,True
EMP117B,Pooja,Iyer,13-07-2000,Female,Single,Bachelors,Bangalore,Karnataka,India,25-02-2023,False
EMP118B,John,Davis,29-09-1974,Female,Married,Bachelors,New York,New York,US,26-09-2021,True
EMP119B,William,Miller,24-09-1972,Female,Divorced,Masters,San Francisco,California,US,15-07-2015,True
EMP120B,Kavita,Singh,16-02-1998,Male,Married,Bachelors,Chennai,Tamil Nadu,India,19-05-2018,True
EMP121B,Poppy,Roberts,02-01-2004,Male,Single,Diploma,London,England,UK,19-06-2016,False
EMP122B,Patricia,Williams,26-02-2002,Female,Married,Masters,San Francisco,California,US,24-06-2016,True
EMP123B,Robert,Johnson,26-09-1992,Female,Single,Bachelors,Seattle,Washington,US,30-05-2018,True
EMP124B,Barbara,Jones,31-01-1971,Female,Married,Bachelors,San Francisco,California,US,16-04-2018,True
EMP125B,Ravi,Iyer,19-02-1995,Female,Married,PhD,New Delhi,Delhi,India,29-01-2019,False
EMP126B,Mary,Williams,25-06-2000,Male,Divorced,Bachelors,San Francisco,California,US,30-10-2023,False
EMP127B,George,Evans,20-05-1981,Female,Single,Bachelors,Glasgow,Scotland,UK,11-05-2015,False
EMP128B,Oliver,Thomas,03-06-1984,Female,Single,Masters,Birmingham,England,UK,02-03-2016,True
EMP129B,Isla,Taylor,11-11-1965,Female,Single,Masters,Birmingham,England,UK,06-12-2017,True
EMP130B,Michael,Smith,05-03-2000,Female,Married,Bachelors,Austin,Texas,US,12-07-2022,False
EMP131B,Barbara,Jones,19-02-1995,Male,Married,Masters,Seattle,Washington,US,18-12-2025,False
EMP132B,George,Jones,28-08-1990,Male,Married,Masters,Manchester,England,UK,13-06-2020,True
EMP133B,Sanjay,Kumari,05-11-1979,Male,Married,Diploma,New Delhi,Delhi,India,03-07-2018,True
EMP134B,Pooja,Iyer,05-07-2000,Male,Single,Masters,Mumbai,Maharashtra,India,21-01-2017,True
EMP135B,Jennifer,Rodriguez,07-05-1973,Female,Single,Masters,San Francisco,California,US,05-06-2019,True
EMP136B,Neha,Nayak,24-05-2004,Male,Married,Masters,Chennai,Tamil Nadu,India,13-10-2016,True
EMP137B,Pooja,Nayak,24-09-1987,Female,Single,Bachelors,New Delhi,Delhi,India,23-08-2018,True
EMP138B,Barbara,Brown,26-10-1967,Female,Single,Masters,Seattle,Washington,US,23-08-2020,True
EMP139B,Olivia,Taylor,29-02-1992,Male,Married,Masters,Edinburgh,Scotland,UK,23-12-2016,True
EMP140B,Linda,Garcia,02-06-1998,Male,Single,Bachelors,Chicago,Illinois,US,17-03-2026,True
EMP141B,Amelia,Wilson,31-10-1985,Female,Single,Masters,Edinburgh,Scotland,UK,11-04-2022,True
EMP142B,Michael,Smith,17-08-1965,Female,Married,Masters,San Francisco,California,US,22-07-2023,True
EMP143B,Priya,Bose,18-02-1980,Male,Single,Bachelors,Bangalore,Karnataka,India,15-02-2017,True
EMP144B,William,Jones,15-03-2003,Male,Married,Masters,San Francisco,California,US,29-11-2025,True
EMP145B,Mary,Johnson,18-01-2001,Male,Married,High School,Austin,Texas,US,28-06-2021,False
EMP146B,David,Williams,20-04-1980,Female,Married,Masters,Austin,Texas,US,15-08-2024,True
EMP147B,Elizabeth,Davis,20-08-1979,Male,Divorced,Masters,New York,New York,US,10-01-2025,True
EMP148B,Isla,Davies,23-01-2000,Male,Married,Bachelors,Glasgow,Scotland,UK,05-06-2022,False
EMP149B,Neha,Bose,28-08-1971,Female,Single,Bachelors,Hyderabad,Telangana,India,11-01-2022,True
EMP150B,Thomas,Davies,27-04-1981,Male,Married,Bachelors,London,England,UK,27-09-2023,True
EMP151B,Sneha,Patel,04-02-1979,Male,Married,Bachelors,Chennai,Tamil Nadu,India,12-04-2018,True
EMP152B,Poppy,Taylor,20-06-2000,Female,Married,Masters,Birmingham,England,UK,16-05-2019,True
EMP153B,Manish,Verma,09-11-1985,Male,Married,Bachelors,Bangalore,Karnataka,India,22-08-2021,True
EMP154B,Ravi,Kumar,03-05-1985,Female,Single,Diploma,New Delhi,Delhi,India,18-02-2021,True
EMP155B,Rahul,Kumari,18-03-1993,Female,Married,Bachelors,New Delhi,Delhi,India,10-04-2023,True
EMP156B,Elizabeth,Smith,05-01-1997,Male,Married,Masters,Austin,Texas,US,19-11-2015,True
EMP157B,Priya,Das,03-03-1980,Male,Married,Masters,Chennai,Tamil Nadu,India,09-04-2020,False
EMP158B,Michael,Rodriguez,13-07-2001,Male,Married,Diploma,New York,New York,US,18-11-2023,True
EMP159B,Patricia,Brown,23-11-1966,Male,Married,Masters,New York,New York,US,05-03-2016,True
EMP160B,Arjun,Patel,15-01-1995,Female,Married,High School,New Delhi,Delhi,India,17-11-2023,True
EMP161B,Oliver,Brown,07-07-1981,Male,Single,Bachelors,Manchester,England,UK,28-02-2015,True
EMP162B,Kiran,Reddy,13-06-2002,Male,Married,Bachelors,Chennai,Tamil Nadu,India,16-12-2020,True
EMP163B,Sneha,Verma,22-03-1994,Female,Single,Diploma,Hyderabad,Telangana,India,26-05-2021,True
EMP164B,Mary,Brown,10-06-1967,Male,Married,Masters,San Francisco,California,US,22-10-2019,True
EMP165B,Patricia,Rodriguez,04-04-1974,Female,Divorced,Bachelors,New York,New York,US,12-04-2015,False
EMP166B,Linda,Miller,03-12-1994,Male,Single,Diploma,Seattle,Washington,US,10-01-2026,True
EMP167B,Rakesh,Kumari,10-02-1982,Male,Single,Bachelors,Chennai,Tamil Nadu,India,02-04-2015,True
EMP168B,Jack,Wilson,28-07-1966,Male,Single,Bachelors,Birmingham,England,UK,12-04-2021,True
EMP169B,Rahul,Reddy,03-06-1985,Female,Single,Masters,Mumbai,Maharashtra,India,01-12-2018,True
EMP170B,Mary,Williams,26-05-1984,Female,Married,PhD,San Francisco,California,US,01-12-2023,True
EMP171B,Oliver,Taylor,14-03-1977,Male,Single,Bachelors,Birmingham,England,UK,30-09-2025,True
EMP172B,Kavita,Kumari,19-12-1968,Female,Married,Bachelors,Chennai,Tamil Nadu,India,16-12-2025,True
EMP173B,Sneha,Reddy,11-01-1991,Female,Single,PhD,New Delhi,Delhi,India,12-03-2022,True
EMP174B,John,Davis,09-09-2004,Male,Single,Bachelors,Seattle,Washington,US,30-01-2023,True
EMP175B,Linda,Rodriguez,26-03-1989,Male,Married,Bachelors,San Francisco,California,US,14-09-2022,True
EMP176B,Rakesh,Iyer,22-04-1988,Male,Married,Bachelors,Hyderabad,Telangana,India,25-05-2024,True
EMP177B,Charlie,Williams,20-09-1982,Female,Single,Bachelors,Manchester,England,UK,21-12-2025,True
EMP178B,Barbara,Johnson,07-08-2000,Male,Married,Masters,San Francisco,California,US,29-06-2018,True
EMP179B,Jacob,Brown,27-07-1973,Male,Single,Bachelors,Edinburgh,Scotland,UK,11-09-2019,False
EMP180B,Priya,Mishra,14-01-1981,Female,Single,Bachelors,Mumbai,Maharashtra,India,07-09-2020,True
EMP181B,Michael,Garcia,14-08-1991,Male,Married,PhD,San Francisco,California,US,11-08-2024,True
EMP182B,Jennifer,Garcia,14-07-1999,Male,Married,Bachelors,New York,New York,US,15-08-2025,True
EMP183B,David,Davis,23-05-1989,Male,Single,Masters,New York,New York,US,13-11-2015,True
EMP184B,Charlie,Taylor,24-11-1978,Female,Single,Bachelors,Edinburgh,Scotland,UK,26-07-2022,True
EMP185B,Kavita,Nayak,29-04-1977,Female,Married,Bachelors,Chennai,Tamil Nadu,India,10-05-2026,True
EMP186B,Oliver,Davies,20-04-1972,Male,Single,Bachelors,Glasgow,Scotland,UK,04-08-2026,True
EMP187B,Kavita,Nayak,26-05-1998,Male,Married,High School,Mumbai,Maharashtra,India,24-10-2025,True
EMP188B,Pooja,Patel,31-03-1971,Male,Married,Masters,Chennai,Tamil Nadu,India,17-02-2020,True
EMP189B,Oliver,Thomas,10-07-1981,Male,Married,High School,Edinburgh,Scotland,UK,23-08-2024,False
EMP190B,William,Miller,01-10-1987,Male,Divorced,Masters,New York,New York,US,15-12-2016,True
EMP191B,Amit,Nayak,19-10-1976,Female,Single,Masters,Mumbai,Maharashtra,India,29-05-2019,True
EMP192B,Ravi,Singh,19-06-1996,Female,Single,Diploma,Mumbai,Maharashtra,India,17-03-2020,True
EMP193B,Rahul,Gupta,07-12-1975,Female,Married,Bachelors,New Delhi,Delhi,India,20-10-2021,True
EMP194B,Linda,Davis,07-03-1968,Male,Married,Masters,San Francisco,California,US,13-11-2018,False
EMP195B,Rakesh,Chauhan,31-01-1976,Female,Married,Bachelors,Mumbai,Maharashtra,India,07-07-2026,True
EMP196B,Rakesh,Verma,30-03-1966,Male,Married,Masters,Hyderabad,Telangana,India,07-09-2024,True
EMP197B,Linda,Martinez,24-12-1993,Male,Single,Bachelors,San Francisco,California,US,01-10-2025,False
EMP198B,Mary,Miller,10-11-1999,Male,Married,High School,Seattle,Washington,US,11-05-2024,True
EMP199B,Michael,Jones,16-05-2003,Female,Married,Bachelors,Chicago,Illinois,US,22-10-2021,False
EMP200B,Poppy,Roberts,24-11-1988,Male,Single,Bachelors,Glasgow,Scotland,UK,11-07-2025,False
EMP201B,Robert,Martinez,23-05-1990,Male,Single,Bachelors,Seattle,Washington,US,08-01-2022,False
EMP202B,William,Miller,12-12-2004,Male,Married,Masters,Austin,Texas,US,04-07-2024,True
EMP203B,Kavita,Reddy,03-07-1997,Female,Married,Bachelors,New Delhi,Delhi,India,02-08-2019,True
EMP204B,Amelia,Williams,05-08-1985,Female,Single,Bachelors,Edinburgh,Scotland,UK,05-07-2020,False
EMP205B,Mary,Miller,26-05-1985,Female,Married,Bachelors,Seattle,Washington,US,27-01-2015,False
EMP206B,James,Miller,15-02-1973,Male,Single,Masters,Chicago,Illinois,US,07-09-2025,True
EMP207B,Amit,Mishra,21-04-1969,Female,Single,Masters,Mumbai,Maharashtra,India,30-05-2017,True
EMP208B,Oliver,Jones,26-09-1992,Female,Divorced,Bachelors,London,England,UK,20-03-2021,True
EMP209B,Priya,Kumari,24-08-1992,Male,Divorced,Diploma,Chennai,Tamil Nadu,India,07-12-2019,True
EMP210B,Poppy,Davies,12-08-1985,Male,Married,Masters,Edinburgh,Scotland,UK,22-02-2017,True
EMP211B,Mary,Smith,02-06-1975,Male,Married,Bachelors,San Francisco,California,US,05-10-2024,True
EMP212B,Linda,Williams,16-03-1995,Female,Married,Masters,Chicago,Illinois,US,08-07-2015,True
EMP213B,Jennifer,Smith,21-06-1968,Female,Single,Bachelors,Chicago,Illinois,US,01-12-2024,True
EMP214B,Sneha,Patel,16-05-2004,Female,Divorced,Masters,Hyderabad,Telangana,India,30-07-2020,True
EMP215B,Jack,Taylor,09-01-1987,Female,Married,Masters,Edinburgh,Scotland,UK,21-09-2023,True
EMP216B,Vikram,Verma,24-07-1972,Male,Married,Bachelors,New Delhi,Delhi,India,13-01-2021,True
EMP217B,Emily,Brown,15-02-1972,Male,Married,Bachelors,London,England,UK,06-03-2023,True
EMP218B,Mary,Rodriguez,06-05-1973,Male,Married,Bachelors,Austin,Texas,US,05-05-2018,True
EMP219B,Pooja,Mishra,14-07-1972,Male,Single,PhD,Mumbai,Maharashtra,India,12-12-2018,False
EMP220B,Thomas,Taylor,13-12-1999,Female,Married,Bachelors,London,England,UK,13-01-2021,True
EMP221B,Priya,Gupta,10-01-1988,Male,Married,Masters,Bangalore,Karnataka,India,13-03-2015,True
EMP222B,John,Williams,04-06-2002,Female,Married,Bachelors,New York,New York,US,01-07-2018,False
EMP223B,Neha,Nayak,06-12-1981,Male,Single,Bachelors,Mumbai,Maharashtra,India,20-08-2018,True
EMP224B,David,Miller,29-02-1992,Female,Married,Bachelors,Seattle,Washington,US,19-06-2025,True
EMP225B,John,Rodriguez,08-03-1970,Female,Single,Bachelors,Chicago,Illinois,US,26-10-2015,True
EMP226B,Sneha,Kumar,27-06-1991,Male,Married,Bachelors,Bangalore,Karnataka,India,01-11-2019,True
EMP227B,Priya,Kumari,01-09-1981,Male,Married,Bachelors,Bangalore,Karnataka,India,02-09-2020,True
EMP228B,Pooja,Nayak,16-10-2004,Female,Single,Bachelors,Mumbai,Maharashtra,India,23-05-2023,False
EMP229B,Emily,Thomas,25-09-1987,Male,Single,Diploma,London,England,UK,09-07-2016,True
EMP230B,Thomas,Roberts,10-02-1985,Female,Single,Bachelors,Birmingham,England,UK,22-07-2015,True
EMP231B,Elizabeth,Garcia,10-01-1999,Female,Married,Bachelors,Austin,Texas,US,22-02-2016,False
EMP232B,Emily,Clark,15-01-1997,Female,Married,Bachelors,Glasgow,Scotland,UK,10-06-2018,True
EMP233B,Priya,Chauhan,03-08-1978,Male,Divorced,Bachelors,Bangalore,Karnataka,India,11-08-2023,True
EMP234B,Jack,Wilson,22-12-1967,Male,Married,Bachelors,Manchester,England,UK,21-09-2020,True
EMP235B,Mary,Brown,17-05-1980,Female,Married,PhD,Chicago,Illinois,US,25-01-2026,True
EMP236B,Elizabeth,Rodriguez,01-03-2001,Male,Single,High School,Seattle,Washington,US,28-04-2022,True
EMP237B,Robert,Garcia,18-07-1991,Female,Married,Bachelors,Seattle,Washington,US,10-03-2026,True
EMP238B,Arjun,Sharma,10-09-1987,Female,Married,Bachelors,Bangalore,Karnataka,India,31-05-2025,True
EMP239B,Amelia,Davies,22-11-2004,Male,Married,Masters,London,England,UK,23-08-2018,True
EMP240B,Vikram,Kumar,24-01-1987,Female,Married,Bachelors,Mumbai,Maharashtra,India,23-04-2023,True
EMP241B,Manish,Sharma,10-04-2003,Male,Single,Diploma,Chennai,Tamil Nadu,India,16-07-2022,True
EMP242B,Oliver,Williams,04-02-1965,Female,Single,Diploma,Glasgow,Scotland,UK,18-01-2026,False
EMP243B,David,Garcia,01-10-1966,Male,Divorced,Bachelors,Seattle,Washington,US,28-11-2015,True
EMP244B,Anjali,Nayak,07-08-1988,Male,Married,Bachelors,Hyderabad,Telangana,India,30-05-2017,True
EMP245B,Neha,Bose,09-06-1966,Female,Married,Masters,New Delhi,Delhi,India,19-07-2026,True
EMP246B,Isla,Thomas,20-07-1975,Female,Married,Bachelors,Birmingham,England,UK,02-08-2021,True
EMP247B,John,Williams,20-02-1985,Male,Single,Diploma,New York,New York,US,26-04-2016,True
EMP248B,Barbara,Garcia,23-12-1994,Female,Divorced,Bachelors,Seattle,Washington,US,20-10-2025,False
EMP249B,David,Smith,24-09-2002,Female,Single,Masters,Austin,Texas,US,07-10-2023,True
EMP250B,David,Miller,17-09-1998,Male,Single,Masters,Austin,Texas,US,24-12-2017,True
EMP251B,Michael,Johnson,03-02-1992,Female,Divorced,Masters,Chicago,Illinois,US,28-04-2018,True
EMP252B,Harry,Wilson,10-09-1969,Female,Married,PhD,London,England,UK,03-02-2023,True
EMP253B,Pooja,Nayak,21-10-1997,Male,Married,Masters,New Delhi,Delhi,India,06-10-2023,True
EMP254B,Jacob,Roberts,09-07-2000,Male,Married,Masters,Edinburgh,Scotland,UK,19-05-2021,True
EMP255B,Elizabeth,Martinez,24-03-2003,Male,Married,Masters,San Francisco,California,US,31-12-2019,False
EMP256B,Jacob,Wilson,06-02-1965,Female,Single,Diploma,Birmingham,England,UK,21-02-2020,True
EMP257B,William,Rodriguez,03-10-1994,Male,Married,Bachelors,Chicago,Illinois,US,03-04-2026,True
EMP258B,Charlie,Roberts,28-09-1979,Male,Married,Bachelors,Birmingham,England,UK,07-04-2020,True
EMP259B,Olivia,Taylor,16-10-1997,Female,Single,Bachelors,Birmingham,England,UK,06-10-2025,False
EMP260B,Michael,Williams,30-04-1989,Male,Single,Bachelors,Chicago,Illinois,US,04-09-2018,True
EMP261B,Rakesh,Kumari,22-02-1980,Male,Married,Masters,Bangalore,Karnataka,India,21-01-2021,True
EMP262B,Isla,Roberts,05-11-1980,Male,Single,Bachelors,London,England,UK,29-03-2021,True
EMP263B,Barbara,Smith,27-07-2001,Male,Married,Masters,Seattle,Washington,US,03-06-2016,True
EMP264B,Amelia,Jones,20-01-1983,Male,Single,Bachelors,Birmingham,England,UK,12-09-2024,True
EMP265B,Elizabeth,Johnson,19-11-1966,Male,Married,High School,San Francisco,California,US,08-04-2025,True
EMP266B,James,Garcia,26-10-2002,Male,Married,Bachelors,Austin,Texas,US,02-03-2015,True
EMP267B,Ravi,Nayak,16-08-1993,Female,Single,Bachelors,Hyderabad,Telangana,India,23-08-2022,True
EMP268B,Robert,Smith,04-08-2001,Female,Divorced,Bachelors,New York,New York,US,25-09-2021,True
EMP269B,Mary,Rodriguez,05-03-1966,Female,Single,Masters,Austin,Texas,US,05-03-2026,True
EMP270B,Kiran,Gupta,13-04-1979,Male,Single,Bachelors,Chennai,Tamil Nadu,India,17-02-2023,True
EMP271B,Pooja,Kumari,16-01-2004,Female,Divorced,Masters,New Delhi,Delhi,India,14-10-2016,False
EMP272B,Kiran,Singh,03-05-1967,Male,Single,Masters,Mumbai,Maharashtra,India,04-06-2024,True
EMP273B,Oliver,Taylor,09-11-1976,Male,Married,Bachelors,Edinburgh,Scotland,UK,10-07-2025,True
EMP274B,Rahul,Patel,09-09-1997,Male,Single,PhD,Bangalore,Karnataka,India,30-04-2017,True
EMP275B,Emily,Brown,03-09-1975,Male,Married,Bachelors,Edinburgh,Scotland,UK,16-02-2021,True
EMP276B,Patricia,Rodriguez,27-11-1977,Female,Single,Masters,Austin,Texas,US,20-01-2018,False
EMP277B,Sanjay,Singh,02-07-1998,Female,Married,Bachelors,New Delhi,Delhi,India,12-01-2015,True
EMP278B,Poppy,Taylor,20-10-1997,Male,Married,Diploma,Manchester,England,UK,26-11-2015,True
EMP279B,Manish,Das,24-04-1980,Male,Married,Diploma,Chennai,Tamil Nadu,India,18-09-2019,True
EMP280B,George,Evans,16-01-1974,Male,Single,Bachelors,Birmingham,England,UK,30-06-2023,True
EMP281B,Charlie,Brown,18-10-1985,Male,Single,Masters,Edinburgh,Scotland,UK,21-02-2021,True
EMP282B,Sanjay,Kumar,13-07-1977,Male,Married,High School,Chennai,Tamil Nadu,India,28-07-2019,True
EMP283B,George,Clark,02-10-2003,Female,Married,PhD,Edinburgh,Scotland,UK,19-10-2021,True
EMP284B,John,Davis,02-04-1982,Male,Divorced,Bachelors,San Francisco,California,US,29-12-2017,True
EMP285B,Harry,Taylor,03-03-1988,Female,Married,High School,Birmingham,England,UK,18-09-2020,False
EMP286B,George,Brown,08-10-1990,Male,Married,PhD,Birmingham,England,UK,24-06-2020,False
EMP287B,Priya,Kumari,12-11-1997,Female,Married,Bachelors,New Delhi,Delhi,India,27-08-2022,True
EMP288B,Jacob,Clark,07-12-2004,Male,Single,Masters,Manchester,England,UK,02-01-2023,True
EMP289B,Linda,Brown,03-06-1968,Male,Married,Diploma,Seattle,Washington,US,22-01-2026,True
EMP290B,James,Brown,02-02-1971,Male,Married,Bachelors,Chicago,Illinois,US,17-08-2016,True
EMP291B,Amit,Verma,12-03-1969,Female,Divorced,Bachelors,Mumbai,Maharashtra,India,12-09-2017,False
EMP292B,Anjali,Verma,27-06-1994,Male,Divorced,Bachelors,Chennai,Tamil Nadu,India,28-12-2015,True
EMP293B,Anjali,Singh,16-06-1977,Male,Married,Bachelors,New Delhi,Delhi,India,27-12-2016,False
EMP294B,Linda,Rodriguez,21-08-1973,Male,Married,Bachelors,San Francisco,California,US,09-03-2017,True
EMP295B,Sanjay,Nayak,01-03-1985,Male,Married,High School,Bangalore,Karnataka,India,08-06-2019,True
EMP296B,Thomas,Brown,20-02-1972,Female,Single,Bachelors,Birmingham,England,UK,07-09-2024,True
EMP297B,Arjun,Nayak,15-08-1983,Male,Married,Masters,Hyderabad,Telangana,India,25-11-2016,True
EMP298B,Manish,Iyer,03-09-1974,Female,Married,Bachelors,Chennai,Tamil Nadu,India,28-02-2025,True
EMP299B,Robert,Garcia,07-01-1989,Female,Divorced,Masters,Austin,Texas,US,14-06-2015,True
EMP300B,Anjali,Iyer,29-01-1970,Female,Single,Bachelors,Bangalore,Karnataka,India,26-02-2020,False
EMP301B,Thomas,Williams,22-10-1987,Male,Single,Bachelors,London,England,UK,13-03-2020,False
EMP302B,William,Rodriguez,23-12-1966,Female,Married,Masters,New York,New York,US,09-11-2020,True
EMP303B,Anjali,Chauhan,04-05-1997,Male,Married,Bachelors,Bangalore,Karnataka,India,14-08-2026,True
EMP304B,Kavita,Verma,29-12-1995,Male,Married,Masters,New Delhi,Delhi,India,29-09-2015,True
EMP305B,Sneha,Nayak,29-05-1969,Female,Married,Bachelors,Chennai,Tamil Nadu,India,07-11-2016,False
EMP306B,James,Martinez,11-08-1987,Female,Married,Bachelors,New York,New York,US,04-12-2022,True
EMP307B,Arjun,Mishra,24-12-2001,Female,Married,Masters,Bangalore,Karnataka,India,10-06-2021,True
EMP308B,Michael,Davis,20-09-1976,Male,Single,Bachelors,New York,New York,US,25-06-2025,True
EMP309B,Sneha,Iyer,12-09-1971,Female,Married,PhD,Chennai,Tamil Nadu,India,13-05-2018,True
EMP310B,David,Smith,14-10-1989,Male,Married,Diploma,Austin,Texas,US,26-10-2018,True
EMP311B,Pooja,Singh,05-12-1999,Male,Single,Diploma,Chennai,Tamil Nadu,India,18-12-2022,True
EMP312B,Kiran,Das,26-09-1976,Female,Divorced,Bachelors,Hyderabad,Telangana,India,14-10-2017,True
EMP313B,Isla,Thomas,18-11-1967,Female,Single,Bachelors,Manchester,England,UK,25-06-2023,True
EMP314B,Priya,Iyer,12-02-1972,Male,Single,Bachelors,Hyderabad,Telangana,India,31-10-2018,True
EMP315B,Harry,Evans,07-03-2004,Male,Married,Bachelors,Glasgow,Scotland,UK,19-10-2019,True
EMP316B,Olivia,Williams,18-05-2000,Male,Married,Bachelors,Birmingham,England,UK,08-07-2021,True
EMP317B,Charlie,Williams,12-06-1983,Female,Married,Bachelors,Birmingham,England,UK,10-07-2015,True
EMP318B,Emily,Jones,02-04-2002,Female,Single,PhD,Manchester,England,UK,06-04-2023,True
EMP319B,Elizabeth,Smith,26-01-1978,Male,Single,Bachelors,Austin,Texas,US,01-07-2021,False
EMP320B,Patricia,Rodriguez,25-02-2001,Male,Single,Masters,Austin,Texas,US,27-09-2017,True
EMP321B,William,Davis,18-11-1973,Female,Single,Bachelors,New York,New York,US,16-06-2019,True
EMP322B,Patricia,Smith,09-09-1979,Female,Single,PhD,Chicago,Illinois,US,21-09-2016,True
EMP323B,William,Rodriguez,27-04-1966,Male,Single,Bachelors,New York,New York,US,23-02-2019,False
EMP324B,Harry,Clark,12-07-1996,Female,Single,Bachelors,Glasgow,Scotland,UK,25-06-2020,True
EMP325B,George,Wilson,08-08-1967,Male,Single,Diploma,London,England,UK,15-10-2023,True
EMP326B,Rakesh,Gupta,08-10-1988,Female,Single,High School,Chennai,Tamil Nadu,India,10-06-2017,True
EMP327B,Anjali,Singh,10-10-1975,Female,Single,Bachelors,Bangalore,Karnataka,India,15-07-2018,True
EMP328B,Rahul,Verma,04-12-1966,Female,Married,Masters,Mumbai,Maharashtra,India,01-12-2017,False
EMP329B,Patricia,Davis,22-04-1969,Male,Married,Bachelors,Chicago,Illinois,US,06-10-2024,True
EMP330B,Amit,Sharma,20-03-1999,Male,Single,Masters,Mumbai,Maharashtra,India,07-02-2023,True
EMP331B,Sneha,Iyer,17-12-1980,Male,Married,Bachelors,Bangalore,Karnataka,India,08-12-2018,False
EMP332B,Vikram,Bose,26-05-1971,Male,Divorced,Masters,Mumbai,Maharashtra,India,19-11-2025,True
EMP333B,Barbara,Smith,26-01-1985,Male,Single,Bachelors,New York,New York,US,26-10-2021,True
EMP334B,Emily,Roberts,27-07-1970,Male,Single,Bachelors,Manchester,England,UK,13-01-2016,True
EMP335B,Thomas,Jones,26-10-1977,Male,Divorced,Masters,Glasgow,Scotland,UK,19-05-2026,True
EMP336B,Robert,Martinez,18-06-1994,Female,Married,Bachelors,San Francisco,California,US,08-06-2024,False
EMP337B,Thomas,Thomas,25-07-1993,Male,Single,Bachelors,London,England,UK,04-04-2018,True
EMP338B,James,Rodriguez,03-01-2000,Male,Single,Diploma,Austin,Texas,US,05-12-2018,True
EMP339B,Michael,Martinez,21-03-1986,Male,Single,Diploma,Seattle,Washington,US,23-02-2024,False
EMP340B,James,Davis,20-11-1974,Female,Married,Bachelors,San Francisco,California,US,10-12-2021,True
EMP341B,David,Brown,18-06-1980,Female,Married,Diploma,Seattle,Washington,US,24-05-2015,True
EMP342B,Kiran,Iyer,26-03-1999,Female,Married,Diploma,Chennai,Tamil Nadu,India,28-08-2022,True
EMP343B,Jacob,Taylor,20-09-1974,Male,Married,Masters,Glasgow,Scotland,UK,27-06-2023,False
EMP344B,Kavita,Mishra,13-08-1973,Female,Single,Diploma,Bangalore,Karnataka,India,13-01-2022,True
EMP345B,Jacob,Roberts,14-01-1975,Male,Single,Masters,Birmingham,England,UK,30-08-2015,True
EMP346B,Elizabeth,Miller,14-05-1968,Male,Married,Masters,Chicago,Illinois,US,27-03-2016,True
EMP347B,James,Smith,03-04-1993,Male,Married,Bachelors,New York,New York,US,03-04-2016,True
EMP348B,Michael,Williams,11-07-1981,Male,Married,Bachelors,Seattle,Washington,US,10-12-2024,True
EMP349B,Linda,Davis,27-07-1997,Female,Married,Bachelors,Seattle,Washington,US,06-10-2023,False
EMP350B,Ravi,Nayak,20-01-2002,Female,Divorced,Masters,New Delhi,Delhi,India,24-01-2017,True
EMP351B,Ravi,Iyer,15-10-1976,Male,Divorced,Bachelors,Chennai,Tamil Nadu,India,28-11-2020,True
EMP352B,Patricia,Johnson,02-01-1983,Male,Married,Masters,San Francisco,California,US,10-01-2023,True
EMP353B,James,Brown,26-10-1974,Female,Single,Bachelors,San Francisco,California,US,05-10-2016,True
EMP354B,Amelia,Williams,02-05-1968,Female,Single,Bachelors,Edinburgh,Scotland,UK,26-09-2022,True
EMP355B,Harry,Clark,02-09-2001,Male,Married,Bachelors,Birmingham,England,UK,27-02-2018,True
EMP356B,Pooja,Kumar,12-05-1971,Female,Married,Bachelors,Bangalore,Karnataka,India,12-04-2017,True
EMP357B,Harry,Williams,04-06-1991,Male,Single,Bachelors,London,England,UK,15-08-2018,False
EMP358B,Olivia,Williams,10-02-1984,Male,Married,Bachelors,Glasgow,Scotland,UK,07-01-2026,True
EMP359B,Rakesh,Gupta,03-03-1985,Male,Married,Masters,Bangalore,Karnataka,India,28-02-2024,True
EMP360B,Thomas,Wilson,10-04-1987,Male,Divorced,Bachelors,Edinburgh,Scotland,UK,04-03-2025,True
EMP361B,Rakesh,Chauhan,17-09-2002,Male,Single,Bachelors,Mumbai,Maharashtra,India,19-01-2015,True
EMP362B,David,Williams,24-01-1985,Male,Married,Bachelors,New York,New York,US,18-03-2023,True
EMP363B,Sanjay,Das,07-11-1982,Female,Married,PhD,Chennai,Tamil Nadu,India,18-08-2016,True
EMP364B,Poppy,Roberts,11-07-1989,Male,Divorced,Diploma,Birmingham,England,UK,23-08-2024,True
EMP365B,Rakesh,Patel,03-02-1978,Male,Single,Bachelors,Mumbai,Maharashtra,India,18-09-2024,True
EMP366B,Poppy,Roberts,08-10-1987,Female,Divorced,Masters,Glasgow,Scotland,UK,19-11-2016,True
EMP367B,Sanjay,Reddy,07-01-1983,Female,Single,Bachelors,Hyderabad,Telangana,India,03-01-2023,False
EMP368B,Harry,Jones,07-11-1967,Female,Married,Bachelors,Glasgow,Scotland,UK,01-03-2021,False
EMP369B,William,Williams,23-10-1970,Female,Married,Bachelors,Seattle,Washington,US,06-05-2026,True
EMP370B,Oliver,Roberts,14-03-1996,Female,Married,Masters,Birmingham,England,UK,10-12-2023,True
EMP371B,Michael,Miller,14-07-1972,Female,Married,Bachelors,Seattle,Washington,US,29-03-2025,True
EMP372B,Amelia,Evans,05-09-1982,Male,Single,Masters,Birmingham,England,UK,04-02-2019,True
EMP373B,Jacob,Williams,23-09-1973,Male,Single,Bachelors,Manchester,England,UK,14-01-2021,False
EMP374B,Kavita,Reddy,27-05-1980,Female,Single,Bachelors,New Delhi,Delhi,India,30-07-2022,True
EMP375B,Elizabeth,Brown,16-11-1996,Female,Single,High School,San Francisco,California,US,20-04-2023,True
EMP376B,Isla,Roberts,04-09-1999,Female,Married,Bachelors,Birmingham,England,UK,11-04-2022,True
EMP377B,Manish,Reddy,29-01-1970,Female,Married,Bachelors,Chennai,Tamil Nadu,India,28-06-2026,False
EMP378B,Arjun,Mishra,06-06-1974,Female,Single,Bachelors,New Delhi,Delhi,India,13-01-2021,True
EMP379B,Mary,Garcia,30-09-2004,Male,Married,Bachelors,Austin,Texas,US,28-05-2017,True
EMP380B,George,Brown,19-09-1971,Male,Single,Masters,Edinburgh,Scotland,UK,12-02-2022,False
EMP381B,Amit,Chauhan,23-06-1970,Female,Married,Bachelors,New Delhi,Delhi,India,29-03-2025,False
EMP382B,Anjali,Kumar,03-06-2003,Female,Married,Masters,Mumbai,Maharashtra,India,05-02-2023,True
EMP383B,William,Miller,02-11-1998,Female,Married,Bachelors,Chicago,Illinois,US,11-04-2022,True
EMP384B,Priya,Kumar,06-12-1983,Female,Married,Bachelors,New Delhi,Delhi,India,09-04-2021,True
EMP385B,Poppy,Davies,11-06-2001,Female,Divorced,High School,Manchester,England,UK,30-10-2021,False
EMP386B,Kiran,Kumari,27-05-2004,Male,Single,Bachelors,Mumbai,Maharashtra,India,18-11-2021,True
EMP387B,George,Evans,28-05-1988,Male,Married,Bachelors,Birmingham,England,UK,03-09-2019,True
EMP388B,Harry,Taylor,23-04-1982,Female,Single,PhD,Birmingham,England,UK,18-05-2021,True
EMP389B,Jack,Wilson,27-10-1970,Female,Married,PhD,Edinburgh,Scotland,UK,25-07-2021,True
EMP390B,Harry,Evans,26-03-2001,Male,Married,Bachelors,Birmingham,England,UK,24-07-2016,True
EMP391B,Priya,Sharma,13-02-1998,Male,Married,Bachelors,Chennai,Tamil Nadu,India,28-02-2015,True
EMP392B,Robert,Davis,27-02-1986,Female,Married,Diploma,San Francisco,California,US,22-05-2025,True
EMP393B,John,Williams,01-12-1976,Female,Single,Bachelors,Austin,Texas,US,31-05-2025,True
EMP394B,Oliver,Evans,03-07-1994,Male,Married,Bachelors,Manchester,England,UK,17-06-2026,True
EMP395B,Harry,Thomas,24-04-2000,Male,Divorced,Masters,London,England,UK,09-12-2018,True
EMP396B,Rakesh,Kumari,18-07-2004,Male,Divorced,Masters,New Delhi,Delhi,India,14-11-2018,True
EMP397B,David,Martinez,21-06-1972,Female,Married,Masters,New York,New York,US,19-04-2020,True
EMP398B,Anjali,Bose,25-06-1970,Female,Married,Bachelors,Chennai,Tamil Nadu,India,08-03-2022,True
EMP399B,Isla,Brown,16-09-1976,Female,Married,PhD,Manchester,England,UK,02-07-2021,True
EMP400B,Elizabeth,Johnson,09-04-1972,Male,Single,Masters,San Francisco,California,US,03-11-2024,True
EMP401B,Isla,Roberts,17-01-1990,Male,Single,High School,Edinburgh,Scotland,UK,22-10-2019,True
EMP402B,George,Williams,30-12-1966,Female,Married,Bachelors,Birmingham,England,UK,20-03-2016,True
EMP403B,Isla,Roberts,12-01-1981,Male,Single,Bachelors,Glasgow,Scotland,UK,01-11-2022,True
EMP404B,Anjali,Mishra,26-05-1982,Male,Married,Masters,Mumbai,Maharashtra,India,23-05-2015,True
EMP405B,Amelia,Taylor,12-02-2004,Male,Single,Diploma,Edinburgh,Scotland,UK,12-10-2022,False
EMP406B,Harry,Clark,06-12-2003,Male,Single,Masters,Birmingham,England,UK,27-01-2017,True
EMP407B,Ravi,Singh,02-03-1970,Male,Single,Bachelors,Hyderabad,Telangana,India,20-09-2019,True
EMP408B,Harry,Taylor,06-10-1998,Male,Single,Bachelors,Manchester,England,UK,25-08-2017,True
EMP409B,Charlie,Taylor,17-11-1966,Male,Married,High School,London,England,UK,01-08-2023,False
EMP410B,Sanjay,Patel,27-08-1990,Male,Married,Bachelors,Chennai,Tamil Nadu,India,30-07-2020,True
EMP411B,Oliver,Williams,16-01-1969,Female,Single,Bachelors,Edinburgh,Scotland,UK,28-04-2017,True
EMP412B,David,Rodriguez,26-09-1971,Female,Single,High School,San Francisco,California,US,13-03-2015,False
EMP413B,Jack,Evans,18-08-1974,Female,Single,Masters,Birmingham,England,UK,24-06-2016,True
EMP414B,James,Johnson,08-02-1981,Female,Married,Bachelors,San Francisco,California,US,29-08-2017,True
EMP415B,Pooja,Mishra,13-08-1986,Male,Married,Bachelors,Mumbai,Maharashtra,India,05-09-2016,True
EMP416B,Neha,Sharma,14-05-1997,Male,Married,Masters,Chennai,Tamil Nadu,India,26-03-2021,True
EMP417B,Vikram,Sharma,17-09-1976,Male,Married,Masters,Bangalore,Karnataka,India,24-04-2021,True
EMP418B,Oliver,Brown,12-03-1983,Female,Married,Masters,Birmingham,England,UK,07-08-2020,True
EMP419B,Jennifer,Miller,27-01-1984,Male,Divorced,Bachelors,Austin,Texas,US,27-04-2023,True
EMP420B,Priya,Mishra,03-07-1999,Male,Married,Bachelors,New Delhi,Delhi,India,26-09-2024,True
EMP421B,Pooja,Kumari,14-01-1969,Female,Single,Bachelors,Hyderabad,Telangana,India,02-04-2017,True
EMP422B,Oliver,Roberts,08-11-1969,Female,Married,Bachelors,London,England,UK,16-01-2025,False
EMP423B,Arjun,Kumari,25-11-1979,Male,Divorced,Masters,Hyderabad,Telangana,India,12-04-2017,True
EMP424B,Jennifer,Rodriguez,01-08-1996,Male,Single,Bachelors,Austin,Texas,US,25-09-2021,True
EMP425B,Sneha,Gupta,05-04-1987,Male,Single,Bachelors,Chennai,Tamil Nadu,India,08-01-2025,True
EMP426B,Patricia,Brown,10-08-2002,Female,Married,Bachelors,Seattle,Washington,US,06-07-2018,False
EMP427B,Rahul,Patel,02-08-1967,Female,Married,Bachelors,Chennai,Tamil Nadu,India,24-05-2020,True
EMP428B,Jennifer,Martinez,30-07-1970,Female,Single,Masters,New York,New York,US,12-08-2017,True
EMP429B,Elizabeth,Brown,30-09-1996,Male,Single,Bachelors,Seattle,Washington,US,17-01-2021,True
EMP430B,Elizabeth,Martinez,20-09-1982,Female,Married,Bachelors,Seattle,Washington,US,04-09-2021,False
EMP431B,Neha,Bose,31-07-1969,Female,Divorced,PhD,Hyderabad,Telangana,India,19-04-2024,True
EMP432B,Pooja,Kumar,10-04-2002,Male,Married,Bachelors,New Delhi,Delhi,India,17-11-2025,True
EMP433B,Sanjay,Iyer,03-01-1968,Female,Single,Bachelors,Chennai,Tamil Nadu,India,22-07-2017,True
EMP434B,Harry,Jones,28-09-1969,Male,Married,Masters,Manchester,England,UK,22-02-2016,True
EMP435B,Charlie,Jones,12-09-2004,Female,Divorced,Masters,Birmingham,England,UK,16-11-2016,True
EMP436B,Neha,Kumari,25-11-1982,Female,Single,Diploma,Chennai,Tamil Nadu,India,26-05-2026,False
EMP437B,Neha,Patel,08-07-1965,Male,Single,High School,Chennai,Tamil Nadu,India,16-11-2024,True
EMP438B,Oliver,Wilson,22-01-1982,Male,Single,Bachelors,Edinburgh,Scotland,UK,13-08-2025,True
EMP439B,Charlie,Taylor,22-08-1987,Male,Married,Masters,Manchester,England,UK,24-01-2021,True
EMP440B,Charlie,Thomas,08-08-1976,Male,Married,Bachelors,London,England,UK,20-12-2015,True
EMP441B,Michael,Smith,14-12-1979,Female,Single,Masters,Chicago,Illinois,US,21-12-2018,True
EMP442B,Elizabeth,Miller,12-09-1977,Female,Single,Bachelors,San Francisco,California,US,06-01-2016,True
EMP443B,Elizabeth,Miller,10-07-1965,Male,Married,Diploma,New York,New York,US,28-02-2025,True
EMP444B,Priya,Patel,18-07-1987,Male,Single,Bachelors,Chennai,Tamil Nadu,India,14-02-2024,True
EMP445B,Emily,Brown,16-10-1971,Female,Married,Diploma,Glasgow,Scotland,UK,10-10-2024,True
EMP446B,Ravi,Mishra,11-12-1998,Male,Single,Masters,Mumbai,Maharashtra,India,22-09-2021,True
EMP447B,Charlie,Williams,07-01-1965,Female,Single,Bachelors,Manchester,England,UK,03-06-2017,True
EMP448B,Jennifer,Rodriguez,01-03-1981,Female,Married,Bachelors,Seattle,Washington,US,26-12-2023,False
EMP449B,Mary,Martinez,10-04-1977,Male,Married,Bachelors,New York,New York,US,17-02-2022,True
EMP450B,Neha,Chauhan,18-09-1990,Male,Married,PhD,Hyderabad,Telangana,India,27-07-2026,True
EMP451B,Oliver,Wilson,11-03-1988,Male,Married,Masters,Edinburgh,Scotland,UK,04-03-2017,True
EMP452B,Harry,Wilson,03-03-1976,Female,Married,Bachelors,Edinburgh,Scotland,UK,20-06-2024,True
EMP453B,William,Miller,17-01-2001,Male,Single,Bachelors,Seattle,Washington,US,09-01-2017,False
EMP454B,Poppy,Williams,30-12-1966,Female,Single,Bachelors,London,England,UK,07-02-2023,False
EMP455B,David,Smith,27-10-1996,Male,Single,Bachelors,San Francisco,California,US,24-08-2019,True
EMP456B,Jennifer,Martinez,21-03-1994,Female,Married,Bachelors,New York,New York,US,21-11-2025,True
EMP457B,Jacob,Williams,22-03-1998,Female,Married,Bachelors,London,England,UK,10-06-2023,True
EMP458B,Michael,Jones,16-11-1984,Female,Married,High School,San Francisco,California,US,20-12-2021,True
EMP459B,Robert,Garcia,18-11-1975,Female,Single,Bachelors,San Francisco,California,US,11-05-2026,True
EMP460B,John,Williams,30-01-1992,Female,Single,Diploma,Chicago,Illinois,US,27-06-2021,True
EMP461B,Charlie,Wilson,09-03-1999,Female,Married,Masters,Manchester,England,UK,28-08-2017,True
EMP462B,Charlie,Thomas,26-08-1969,Male,Single,Masters,Birmingham,England,UK,05-01-2018,True
EMP463B,Rahul,Patel,30-01-1989,Male,Single,Bachelors,Chennai,Tamil Nadu,India,06-08-2026,True
EMP464B,Linda,Davis,02-08-2004,Female,Married,Masters,Seattle,Washington,US,24-05-2019,True
EMP465B,Kiran,Chauhan,03-04-2003,Male,Married,Bachelors,New Delhi,Delhi,India,10-01-2018,True
EMP466B,Sanjay,Das,04-09-2004,Female,Single,Bachelors,Bangalore,Karnataka,India,29-07-2019,True
EMP467B,Poppy,Wilson,16-11-1976,Male,Single,Diploma,Glasgow,Scotland,UK,06-05-2025,True
EMP468B,Thomas,Brown,26-04-1995,Female,Single,Masters,Glasgow,Scotland,UK,05-09-2020,True
EMP469B,David,Davis,07-09-1973,Male,Divorced,PhD,Austin,Texas,US,01-06-2019,True
EMP470B,William,Martinez,24-11-1975,Female,Married,Masters,Chicago,Illinois,US,09-02-2025,True
EMP471B,Neha,Nayak,11-11-1980,Male,Married,Diploma,Mumbai,Maharashtra,India,06-07-2023,False
EMP472B,Ravi,Chauhan,24-04-1992,Male,Single,Bachelors,Hyderabad,Telangana,India,08-12-2015,True
EMP473B,Manish,Bose,22-09-2003,Male,Married,Masters,Bangalore,Karnataka,India,24-02-2020,True
EMP474B,Linda,Davis,23-09-1972,Female,Single,Masters,Seattle,Washington,US,14-07-2026,True
EMP475B,Robert,Jones,25-04-1986,Male,Married,Masters,Chicago,Illinois,US,19-09-2019,True
EMP476B,Amit,Reddy,28-12-1987,Female,Married,Masters,New Delhi,Delhi,India,07-10-2017,False
EMP477B,Poppy,Clark,16-07-1996,Male,Married,Diploma,Edinburgh,Scotland,UK,14-05-2016,True
EMP478B,David,Williams,02-11-1991,Female,Married,Bachelors,Austin,Texas,US,20-03-2020,False
EMP479B,Kiran,Sharma,17-07-2000,Male,Single,Diploma,Chennai,Tamil Nadu,India,30-01-2025,True
EMP480B,Charlie,Roberts,01-06-1990,Male,Divorced,Bachelors,Edinburgh,Scotland,UK,16-10-2023,False
EMP481B,Oliver,Clark,02-09-1965,Male,Single,Masters,Glasgow,Scotland,UK,06-10-2018,True
EMP482B,Rahul,Iyer,04-05-1966,Female,Married,Diploma,Chennai,Tamil Nadu,India,07-05-2025,True
EMP483B,George,Davies,02-07-1997,Male,Married,Bachelors,Manchester,England,UK,10-08-2023,True
EMP484B,David,Brown,30-09-1973,Female,Single,Masters,New York,New York,US,28-10-2025,True
EMP485B,Amelia,Taylor,19-09-1998,Female,Divorced,High School,London,England,UK,15-06-2019,True
EMP486B,Jennifer,Martinez,26-12-1994,Female,Married,Diploma,Chicago,Illinois,US,02-09-2016,True
EMP487B,Kiran,Reddy,01-02-1975,Female,Single,Bachelors,Hyderabad,Telangana,India,16-09-2021,True
EMP488B,Mary,Miller,13-03-1990,Male,Married,Bachelors,Seattle,Washington,US,12-07-2025,True
EMP489B,William,Williams,07-09-1988,Male,Married,Bachelors,Chicago,Illinois,US,29-07-2018,True
EMP490B,Charlie,Clark,23-08-1981,Female,Single,Bachelors,London,England,UK,19-11-2025,True
EMP491B,Ravi,Kumar,12-07-2004,Female,Married,PhD,Hyderabad,Telangana,India,23-04-2020,True
EMP492B,Poppy,Roberts,06-04-1965,Female,Divorced,Masters,Manchester,England,UK,01-05-2015,True
EMP493B,Jennifer,Garcia,18-01-1969,Male,Married,Bachelors,Seattle,Washington,US,22-08-2017,True
EMP494B,Anjali,Das,19-07-1984,Female,Single,Diploma,Mumbai,Maharashtra,India,15-04-2021,False
EMP495B,Jennifer,Rodriguez,09-06-1981,Female,Divorced,Diploma,Seattle,Washington,US,28-01-2025,True
EMP496B,Amelia,Davies,26-11-2002,Male,Single,Masters,Birmingham,England,UK,07-01-2016,True
EMP497B,James,Martinez,08-05-1980,Female,Single,Diploma,New York,New York,US,03-06-2016,False
EMP498B,Pooja,Mishra,13-02-1990,Female,Married,Masters,Bangalore,Karnataka,India,17-07-2025,True
EMP499B,James,Smith,14-10-1975,Male,Single,Bachelors,New York,New York,US,03-08-2026,True
EMP500B,William,Garcia,11-10-1993,Male,Single,Bachelors,New York,New York,US,23-06-2016,False
EMP501B,Ravi,Nayak,24-06-2004,Male,Married,Bachelors,Hyderabad,Telangana,India,06-12-2016,True
EMP502B,James,Martinez,19-08-1991,Female,Married,High School,San Francisco,California,US,26-12-2015,True
EMP503B,Robert,Johnson,27-04-1971,Female,Married,Bachelors,Seattle,Washington,US,04-05-2022,True
EMP504B,Rakesh,Mishra,12-05-1999,Male,Married,Masters,Hyderabad,Telangana,India,13-12-2017,False
EMP505B,Thomas,Roberts,26-07-1999,Male,Single,Bachelors,Manchester,England,UK,15-07-2019,True
EMP506B,Sneha,Chauhan,25-04-1978,Male,Divorced,Masters,Chennai,Tamil Nadu,India,22-12-2019,True
EMP507B,Amelia,Thomas,18-09-1967,Female,Married,PhD,Birmingham,England,UK,26-07-2022,True
EMP508B,James,Miller,24-04-1989,Male,Married,PhD,Chicago,Illinois,US,30-11-2019,False
EMP509B,Patricia,Miller,26-12-1984,Female,Divorced,Masters,Austin,Texas,US,03-02-2018,True
EMP510B,Jennifer,Davis,29-04-1990,Male,Married,High School,Seattle,Washington,US,27-11-2022,True
EMP511B,Arjun,Patel,18-11-1994,Male,Married,Diploma,New Delhi,Delhi,India,15-12-2015,True
EMP512B,Rahul,Kumar,17-02-2001,Female,Married,Bachelors,Chennai,Tamil Nadu,India,15-02-2017,True
EMP513B,James,Williams,20-02-1979,Female,Married,Diploma,San Francisco,California,US,09-02-2024,False
EMP514B,Amit,Das,03-09-1967,Male,Single,Bachelors,Bangalore,Karnataka,India,25-10-2024,False
EMP515B,Oliver,Taylor,26-07-1980,Female,Married,Masters,Birmingham,England,UK,25-07-2022,False
EMP516B,James,Davis,19-11-2002,Male,Married,Bachelors,Austin,Texas,US,16-01-2026,True
EMP517B,Barbara,Martinez,13-08-1982,Female,Divorced,Bachelors,Austin,Texas,US,04-03-2020,True
EMP518B,Barbara,Smith,25-05-2004,Male,Married,Bachelors,San Francisco,California,US,25-01-2015,False
EMP519B,Jacob,Taylor,29-08-1992,Male,Divorced,Bachelors,London,England,UK,07-02-2017,False
EMP520B,Kiran,Patel,30-08-1967,Female,Divorced,Bachelors,Chennai,Tamil Nadu,India,15-04-2018,True
EMP521B,Oliver,Jones,03-06-1986,Female,Single,Masters,Edinburgh,Scotland,UK,26-04-2016,True
EMP522B,Neha,Gupta,08-05-1996,Female,Married,High School,New Delhi,Delhi,India,20-11-2019,True
EMP523B,Linda,Davis,10-08-1980,Male,Single,Bachelors,Chicago,Illinois,US,30-06-2022,True
EMP524B,Jennifer,Jones,30-03-1973,Male,Married,Masters,San Francisco,California,US,13-02-2019,True
EMP525B,Thomas,Williams,26-01-1998,Male,Married,Bachelors,Manchester,England,UK,25-11-2021,True
EMP526B,David,Smith,29-07-1983,Female,Single,Bachelors,Austin,Texas,US,16-02-2015,True
EMP527B,Rahul,Singh,06-06-1995,Female,Divorced,Masters,Hyderabad,Telangana,India,07-12-2019,True
EMP528B,Jennifer,Martinez,15-08-1991,Female,Single,Bachelors,Seattle,Washington,US,02-04-2022,True
EMP529B,Rakesh,Sharma,13-11-1980,Male,Single,Bachelors,Hyderabad,Telangana,India,11-03-2015,True
EMP530B,James,Martinez,15-02-1975,Male,Single,Bachelors,San Francisco,California,US,23-12-2024,True
EMP531B,Rahul,Reddy,05-06-1988,Female,Married,Masters,Chennai,Tamil Nadu,India,07-07-2016,True
EMP532B,George,Wilson,07-09-1989,Male,Married,Masters,London,England,UK,14-04-2026,True
EMP533B,Thomas,Thomas,05-04-1967,Female,Divorced,Bachelors,Edinburgh,Scotland,UK,10-02-2017,True
EMP534B,Poppy,Brown,19-01-2001,Female,Single,Masters,London,England,UK,20-06-2018,False
EMP535B,Kavita,Das,04-06-1967,Male,Married,Bachelors,Chennai,Tamil Nadu,India,09-10-2018,True
EMP536B,Harry,Brown,04-07-1977,Male,Married,Masters,Manchester,England,UK,29-04-2016,True
EMP537B,Thomas,Taylor,13-03-1995,Male,Married,Masters,London,England,UK,27-01-2023,True
EMP538B,Amit,Reddy,20-11-1970,Male,Married,Bachelors,Bangalore,Karnataka,India,19-03-2021,True
EMP539B,Sanjay,Das,01-10-1983,Female,Married,Bachelors,Bangalore,Karnataka,India,08-05-2019,True
EMP540B,Patricia,Smith,18-12-1980,Female,Divorced,Diploma,New York,New York,US,05-03-2020,True
EMP541B,Jack,Williams,18-08-2004,Male,Married,Bachelors,London,England,UK,19-08-2018,True
EMP542B,Oliver,Williams,11-10-2002,Female,Single,Bachelors,Glasgow,Scotland,UK,04-09-2017,True
EMP543B,Priya,Bose,17-06-1981,Female,Married,Bachelors,Mumbai,Maharashtra,India,28-08-2017,True
EMP544B,Michael,Davis,22-12-1987,Female,Single,Diploma,New York,New York,US,30-03-2020,True
EMP545B,Jacob,Davies,21-09-1995,Female,Married,Bachelors,Birmingham,England,UK,21-11-2024,False
EMP546B,Ravi,Singh,07-07-1973,Male,Married,Bachelors,New Delhi,Delhi,India,12-10-2021,True
EMP547B,Mary,Johnson,06-03-2002,Female,Divorced,Bachelors,Austin,Texas,US,25-09-2020,True
EMP548B,Robert,Williams,14-04-1983,Male,Married,Masters,New York,New York,US,21-01-2026,True
EMP549B,George,Clark,28-09-1975,Male,Married,PhD,Glasgow,Scotland,UK,29-11-2020,True
EMP550B,Linda,Williams,28-01-1974,Male,Married,Bachelors,Austin,Texas,US,07-03-2023,True
EMP551B,Sanjay,Mishra,11-12-1985,Female,Divorced,Bachelors,New Delhi,Delhi,India,06-02-2024,True
EMP552B,Linda,Garcia,04-03-1981,Male,Married,Bachelors,Chicago,Illinois,US,06-01-2021,False
EMP553B,Michael,Miller,11-12-1972,Female,Single,High School,Seattle,Washington,US,04-06-2016,True
EMP554B,Oliver,Clark,26-11-1982,Male,Single,Masters,Birmingham,England,UK,24-05-2026,True
EMP555B,Olivia,Wilson,12-01-2004,Female,Single,Bachelors,Birmingham,England,UK,28-01-2019,True
EMP556B,Poppy,Taylor,14-12-1994,Female,Married,Bachelors,Birmingham,England,UK,19-08-2023,True
EMP557B,Anjali,Nayak,26-04-2001,Male,Married,Bachelors,Hyderabad,Telangana,India,01-10-2021,True
EMP558B,Isla,Brown,24-10-1988,Female,Divorced,Diploma,London,England,UK,03-09-2015,True
EMP559B,Rahul,Patel,07-01-1972,Male,Single,PhD,Chennai,Tamil Nadu,India,26-01-2017,True
EMP560B,Barbara,Williams,22-04-1987,Male,Married,Bachelors,Chicago,Illinois,US,28-10-2020,True
EMP561B,Charlie,Jones,13-12-1984,Female,Married,Bachelors,Glasgow,Scotland,UK,29-08-2022,True
EMP562B,David,Garcia,12-10-1967,Male,Divorced,Bachelors,Chicago,Illinois,US,17-05-2019,True
EMP563B,John,Davis,15-04-1988,Male,Single,Masters,Seattle,Washington,US,21-07-2015,True
EMP564B,David,Williams,28-09-1973,Male,Married,Bachelors,San Francisco,California,US,07-12-2021,True
EMP565B,Ravi,Iyer,18-05-1972,Male,Single,Bachelors,Mumbai,Maharashtra,India,05-12-2023,True
EMP566B,Amelia,Evans,14-05-1973,Female,Married,Bachelors,Manchester,England,UK,12-12-2018,True
EMP567B,Amelia,Clark,31-07-1999,Female,Single,Bachelors,Birmingham,England,UK,06-04-2020,True
EMP568B,Poppy,Clark,26-02-2002,Male,Married,Bachelors,Manchester,England,UK,11-06-2021,True
EMP569B,Vikram,Singh,23-09-1989,Female,Single,Bachelors,Mumbai,Maharashtra,India,12-10-2015,False
EMP570B,Isla,Taylor,05-08-1970,Male,Single,Bachelors,Glasgow,Scotland,UK,26-06-2019,True
EMP571B,Jack,Roberts,06-10-2002,Female,Divorced,Masters,Glasgow,Scotland,UK,04-01-2017,True
EMP572B,Jacob,Wilson,31-05-1974,Male,Divorced,PhD,Edinburgh,Scotland,UK,10-04-2022,True
EMP573B,Priya,Iyer,28-11-1971,Female,Married,Masters,Chennai,Tamil Nadu,India,19-05-2017,True
EMP574B,Poppy,Williams,08-11-2004,Female,Single,Masters,Manchester,England,UK,07-12-2022,True
EMP575B,Patricia,Davis,28-07-2000,Female,Single,Masters,San Francisco,California,US,28-07-2017,True
EMP576B,Neha,Reddy,11-08-1965,Male,Single,Bachelors,New Delhi,Delhi,India,02-11-2021,True
EMP577B,David,Smith,28-04-1982,Male,Single,Bachelors,Seattle,Washington,US,16-12-2023,True
EMP578B,James,Garcia,16-03-1984,Female,Single,Bachelors,Austin,Texas,US,18-08-2016,True
EMP579B,Amelia,Evans,12-11-1981,Male,Married,Bachelors,Edinburgh,Scotland,UK,19-05-2015,True
EMP580B,Jennifer,Williams,30-06-1984,Male,Married,Diploma,New York,New York,US,05-01-2015,True
EMP581B,Isla,Taylor,24-09-1998,Female,Divorced,Bachelors,Manchester,England,UK,11-05-2018,True
EMP582B,William,Martinez,30-04-1968,Male,Married,Masters,Chicago,Illinois,US,25-10-2015,True
EMP583B,Rahul,Chauhan,09-04-1966,Female,Divorced,Masters,Chennai,Tamil Nadu,India,16-12-2017,True
EMP584B,Emily,Clark,23-09-1995,Female,Single,Bachelors,Edinburgh,Scotland,UK,26-11-2022,False
EMP585B,Olivia,Evans,05-08-1970,Male,Single,Diploma,Birmingham,England,UK,10-09-2015,True
EMP586B,Sneha,Mishra,04-04-1990,Female,Married,Bachelors,Mumbai,Maharashtra,India,27-11-2025,False
EMP587B,Sanjay,Kumari,14-11-1978,Female,Married,Bachelors,Mumbai,Maharashtra,India,09-06-2024,True
EMP588B,Elizabeth,Davis,20-02-1984,Male,Single,Bachelors,Austin,Texas,US,31-05-2024,False
EMP589B,Vikram,Sharma,28-04-1982,Female,Married,Bachelors,New Delhi,Delhi,India,13-12-2019,True
EMP590B,Linda,Johnson,28-03-1974,Male,Married,Bachelors,New York,New York,US,30-01-2018,True
EMP591B,Oliver,Williams,03-04-1995,Male,Married,Bachelors,Birmingham,England,UK,21-06-2017,True
EMP592B,Rakesh,Patel,28-07-1983,Female,Single,PhD,Chennai,Tamil Nadu,India,10-07-2022,False
EMP593B,Robert,Brown,29-09-1982,Male,Married,Bachelors,Austin,Texas,US,20-08-2016,True
EMP594B,Jacob,Davies,01-11-1976,Male,Married,Masters,Glasgow,Scotland,UK,24-05-2021,False
EMP595B,Thomas,Roberts,04-10-1970,Female,Married,Bachelors,Manchester,England,UK,14-01-2020,True
EMP596B,Charlie,Roberts,07-02-1999,Female,Single,Masters,Glasgow,Scotland,UK,28-03-2017,False
EMP597B,Rakesh,Kumar,17-11-1977,Female,Single,Bachelors,Mumbai,Maharashtra,India,01-05-2022,True
EMP598B,Harry,Williams,19-01-2003,Female,Single,Diploma,London,England,UK,25-03-2015,True
EMP599B,Poppy,Brown,08-12-1999,Male,Single,Masters,Glasgow,Scotland,UK,13-08-2015,True
EMP600B,Michael,Garcia,30-08-2002,Female,Divorced,Bachelors,Seattle,Washington,US,09-04-2019,True
EMP601B,Mary,Martinez,27-06-1973,Female,Married,Bachelors,Seattle,Washington,US,17-07-2016,True
EMP602B,Rahul,Das,19-07-1973,Female,Single,Masters,Bangalore,Karnataka,India,29-01-2016,False
EMP603B,Amit,Mishra,30-04-1974,Male,Single,Bachelors,Bangalore,Karnataka,India,14-12-2021,True
EMP604B,Barbara,Martinez,27-04-1971,Female,Single,Bachelors,Chicago,Illinois,US,18-08-2015,True
EMP605B,Priya,Chauhan,13-06-1973,Male,Single,Masters,Mumbai,Maharashtra,India,29-10-2024,True
EMP606B,Priya,Sharma,29-07-1977,Female,Single,Bachelors,Chennai,Tamil Nadu,India,20-01-2016,True
EMP607B,Barbara,Williams,28-06-1975,Male,Single,Diploma,San Francisco,California,US,29-12-2017,True
EMP608B,Elizabeth,Johnson,26-04-1983,Female,Married,Masters,San Francisco,California,US,23-03-2015,True
EMP609B,Kavita,Singh,17-06-1986,Female,Married,Bachelors,Hyderabad,Telangana,India,29-03-2015,True
EMP610B,Oliver,Williams,16-12-1997,Female,Married,Bachelors,Birmingham,England,UK,22-09-2019,False
EMP611B,Pooja,Verma,12-11-2000,Male,Single,Masters,Bangalore,Karnataka,India,06-11-2017,True
EMP612B,Kavita,Chauhan,01-06-2004,Female,Divorced,Bachelors,Bangalore,Karnataka,India,02-03-2016,True
EMP613B,Isla,Taylor,15-04-2000,Male,Divorced,Diploma,Edinburgh,Scotland,UK,15-03-2022,True
EMP614B,David,Rodriguez,25-03-1980,Male,Single,Bachelors,San Francisco,California,US,16-06-2018,True
EMP615B,Anjali,Bose,01-10-1987,Male,Divorced,Bachelors,New Delhi,Delhi,India,04-11-2023,True
EMP616B,Jack,Thomas,12-02-1967,Male,Married,PhD,Glasgow,Scotland,UK,07-03-2019,True
EMP617B,Pooja,Iyer,22-03-1967,Female,Single,High School,New Delhi,Delhi,India,14-02-2016,True
EMP618B,Jack,Clark,29-12-1972,Female,Married,Masters,Manchester,England,UK,28-04-2017,True
EMP619B,Neha,Das,16-03-1976,Male,Married,Bachelors,Bangalore,Karnataka,India,10-03-2018,True
EMP620B,Sneha,Mishra,19-05-1979,Female,Married,Bachelors,New Delhi,Delhi,India,28-03-2018,True
EMP621B,Kiran,Sharma,08-05-2004,Male,Single,Masters,Mumbai,Maharashtra,India,16-07-2019,True
EMP622B,William,Martinez,19-06-1965,Female,Married,Bachelors,Seattle,Washington,US,07-04-2015,True
EMP623B,Charlie,Evans,27-12-1992,Male,Single,Bachelors,London,England,UK,02-04-2019,True
EMP624B,Priya,Bose,09-04-1986,Female,Married,Bachelors,New Delhi,Delhi,India,25-03-2020,False
EMP625B,Elizabeth,Williams,12-05-1971,Male,Single,Bachelors,New York,New York,US,21-10-2016,True
EMP626B,Harry,Williams,21-10-1971,Female,Single,Masters,Glasgow,Scotland,UK,16-08-2017,True
EMP627B,Olivia,Brown,24-09-1972,Female,Married,PhD,Edinburgh,Scotland,UK,23-05-2025,True
EMP628B,Vikram,Singh,23-09-1989,Female,Single,Bachelors,Mumbai,Maharashtra,India,24-10-2020,True
EMP629B,Pooja,Reddy,26-01-1975,Male,Single,Bachelors,Chennai,Tamil Nadu,India,24-12-2015,False
EMP630B,Rakesh,Nayak,18-08-2004,Male,Married,Bachelors,Mumbai,Maharashtra,India,16-09-2016,True
EMP631B,William,Miller,23-02-1991,Male,Married,Bachelors,Seattle,Washington,US,02-01-2024,True
EMP632B,Oliver,Wilson,02-06-1982,Male,Married,Bachelors,Birmingham,England,UK,30-12-2017,True
EMP633B,Linda,Rodriguez,22-08-1977,Female,Married,Masters,Chicago,Illinois,US,13-01-2022,True
EMP634B,Ravi,Singh,25-01-1997,Female,Married,Bachelors,Bangalore,Karnataka,India,23-08-2021,True
EMP635B,Priya,Kumari,13-09-2000,Male,Single,Bachelors,New Delhi,Delhi,India,08-01-2016,True
EMP636B,Poppy,Taylor,26-08-1991,Female,Married,Bachelors,London,England,UK,05-01-2025,True
EMP637B,Harry,Roberts,10-12-1965,Male,Married,Diploma,Manchester,England,UK,13-06-2015,True
EMP638B,Patricia,Williams,05-03-1965,Female,Married,Bachelors,Seattle,Washington,US,04-05-2019,False
EMP639B,Manish,Sharma,01-10-1983,Male,Married,Bachelors,Chennai,Tamil Nadu,India,16-01-2015,True
EMP640B,Oliver,Jones,13-12-1975,Male,Single,Bachelors,Edinburgh,Scotland,UK,10-09-2024,True
EMP641B,Kiran,Mishra,05-07-1998,Male,Married,Bachelors,Chennai,Tamil Nadu,India,28-07-2019,True
EMP642B,Emily,Wilson,08-11-1999,Male,Single,Diploma,Manchester,England,UK,15-03-2025,True
EMP643B,Kavita,Gupta,01-04-1989,Male,Single,Bachelors,Bangalore,Karnataka,India,23-01-2020,True
EMP644B,Poppy,Taylor,20-08-1986,Female,Single,Masters,Glasgow,Scotland,UK,19-04-2022,True
EMP645B,David,Garcia,31-05-2003,Female,Single,Diploma,Seattle,Washington,US,21-02-2015,True
EMP646B,Neha,Bose,21-10-1980,Female,Married,Bachelors,Hyderabad,Telangana,India,14-08-2017,True
EMP647B,Arjun,Iyer,14-11-2001,Male,Married,Bachelors,New Delhi,Delhi,India,27-02-2026,False
EMP648B,Olivia,Roberts,08-02-1985,Male,Single,Bachelors,Edinburgh,Scotland,UK,09-12-2022,True
EMP649B,Harry,Evans,11-02-1998,Female,Married,Bachelors,Birmingham,England,UK,13-02-2021,True
EMP650B,Oliver,Thomas,30-08-1978,Male,Married,Bachelors,Birmingham,England,UK,15-03-2018,True
EMP651B,Linda,Smith,15-10-1980,Female,Married,Diploma,Seattle,Washington,US,04-04-2025,True
EMP652B,Jack,Clark,24-07-1985,Female,Single,Masters,Glasgow,Scotland,UK,10-07-2017,True
EMP653B,Emily,Taylor,20-02-1992,Male,Married,Bachelors,Edinburgh,Scotland,UK,18-08-2015,True
EMP654B,James,Garcia,03-10-1966,Female,Married,Bachelors,San Francisco,California,US,15-09-2015,False
EMP655B,Amit,Mishra,07-09-1969,Male,Single,Masters,Chennai,Tamil Nadu,India,25-01-2021,True
EMP656B,Emily,Brown,05-10-1992,Female,Single,Masters,London,England,UK,27-10-2025,True
EMP657B,Arjun,Patel,28-07-1965,Male,Single,High School,Hyderabad,Telangana,India,30-04-2015,True
EMP658B,Barbara,Miller,13-01-1981,Female,Single,Bachelors,Chicago,Illinois,US,25-12-2022,False
EMP659B,Jack,Thomas,11-07-1986,Male,Married,Bachelors,Glasgow,Scotland,UK,08-09-2024,True
EMP660B,Vikram,Reddy,10-11-2004,Male,Single,Bachelors,Mumbai,Maharashtra,India,14-07-2017,True
EMP661B,Robert,Jones,22-01-1990,Female,Married,Bachelors,San Francisco,California,US,28-10-2023,False
EMP662B,James,Miller,26-07-1984,Female,Single,Masters,San Francisco,California,US,15-08-2017,True
EMP663B,Priya,Mishra,17-01-1994,Female,Married,High School,Bangalore,Karnataka,India,06-03-2015,False
EMP664B,Robert,Davis,30-12-1974,Female,Single,Diploma,Chicago,Illinois,US,21-06-2021,True
EMP665B,Arjun,Sharma,08-09-1997,Female,Single,Bachelors,New Delhi,Delhi,India,20-12-2025,True
EMP666B,Oliver,Jones,19-01-1968,Female,Single,Masters,Manchester,England,UK,12-11-2017,False
EMP667B,Kavita,Kumar,25-10-1997,Male,Married,Bachelors,Hyderabad,Telangana,India,18-07-2024,True
EMP668B,Charlie,Evans,04-10-2002,Female,Single,Masters,Glasgow,Scotland,UK,01-11-2018,True
EMP669B,Vikram,Das,16-06-1967,Female,Divorced,Bachelors,Chennai,Tamil Nadu,India,21-12-2025,True
EMP670B,Oliver,Evans,02-05-1975,Female,Married,Bachelors,Birmingham,England,UK,17-10-2020,True
EMP671B,Manish,Kumar,17-01-1991,Female,Married,PhD,Chennai,Tamil Nadu,India,07-07-2017,True
EMP672B,Patricia,Jones,12-05-1966,Male,Single,Bachelors,Austin,Texas,US,28-10-2015,True
EMP673B,Mary,Johnson,13-09-1987,Male,Married,Bachelors,San Francisco,California,US,01-02-2019,True
EMP674B,John,Davis,05-03-1979,Male,Single,Diploma,Seattle,Washington,US,28-05-2019,True
EMP675B,Jacob,Wilson,07-03-2000,Male,Single,Bachelors,Birmingham,England,UK,06-05-2022,True
EMP676B,Sneha,Singh,24-12-1997,Female,Married,Bachelors,Hyderabad,Telangana,India,24-07-2021,True
EMP677B,Ravi,Chauhan,14-02-1992,Female,Married,Bachelors,Hyderabad,Telangana,India,17-12-2021,True
EMP678B,Robert,Garcia,07-04-1980,Female,Single,High School,New York,New York,US,30-10-2015,True
EMP679B,Rakesh,Reddy,07-10-1994,Female,Divorced,Bachelors,New Delhi,Delhi,India,18-02-2017,True
EMP680B,Michael,Jones,02-05-2004,Female,Married,Masters,Seattle,Washington,US,08-04-2025,True
EMP681B,David,Martinez,16-03-1968,Female,Married,Bachelors,Austin,Texas,US,17-08-2026,True
EMP682B,Poppy,Taylor,24-09-1985,Male,Divorced,Masters,Manchester,England,UK,17-03-2019,False
EMP683B,Jacob,Davies,12-02-1999,Male,Married,Bachelors,Birmingham,England,UK,18-12-2020,True
EMP684B,George,Taylor,27-06-1984,Male,Married,Bachelors,Manchester,England,UK,01-09-2015,True
EMP685B,Isla,Roberts,08-09-1992,Male,Married,Bachelors,London,England,UK,20-07-2022,True
EMP686B,Oliver,Evans,29-05-2000,Female,Single,Masters,Birmingham,England,UK,15-07-2024,True
EMP687B,Barbara,Rodriguez,03-01-1995,Female,Single,Masters,Seattle,Washington,US,03-06-2025,True
EMP688B,Sanjay,Iyer,22-06-2003,Male,Married,PhD,Mumbai,Maharashtra,India,29-05-2020,True
EMP689B,John,Garcia,16-12-1995,Female,Married,Masters,Austin,Texas,US,16-06-2020,True
EMP690B,Thomas,Taylor,21-01-1997,Female,Single,Diploma,London,England,UK,08-05-2022,True
EMP691B,Barbara,Rodriguez,16-07-1968,Male,Married,Bachelors,Chicago,Illinois,US,03-07-2023,False
EMP692B,Olivia,Clark,09-02-1993,Female,Married,PhD,Manchester,England,UK,03-12-2022,True
EMP693B,Mary,Garcia,20-10-2001,Female,Single,Bachelors,Austin,Texas,US,10-07-2020,False
EMP694B,Sneha,Patel,08-07-1992,Male,Married,Masters,Mumbai,Maharashtra,India,09-07-2023,False
EMP695B,Neha,Kumar,08-05-1999,Female,Married,Bachelors,Bangalore,Karnataka,India,19-08-2015,True
EMP696B,Manish,Nayak,13-08-1996,Female,Single,Masters,Chennai,Tamil Nadu,India,22-06-2023,True
EMP697B,Thomas,Thomas,30-11-1976,Male,Divorced,PhD,Birmingham,England,UK,05-07-2022,True
EMP698B,Pooja,Reddy,28-05-1971,Female,Married,Bachelors,Chennai,Tamil Nadu,India,13-01-2018,True
EMP699B,George,Davies,17-08-2000,Male,Divorced,Bachelors,Birmingham,England,UK,02-03-2025,True
EMP700B,Oliver,Wilson,07-10-1972,Female,Divorced,Bachelors,Edinburgh,Scotland,UK,31-10-2020,True
EMP701B,Jennifer,Garcia,09-01-1987,Male,Married,Masters,New York,New York,US,16-05-2022,True
EMP702B,Kavita,Singh,07-05-1999,Male,Single,Masters,Chennai,Tamil Nadu,India,15-05-2017,True
EMP703B,Emily,Roberts,10-02-1981,Male,Married,Bachelors,London,England,UK,11-08-2019,True
EMP704B,Linda,Davis,07-12-1992,Male,Divorced,Bachelors,New York,New York,US,11-02-2017,True
EMP705B,Charlie,Wilson,26-06-1972,Male,Divorced,Diploma,London,England,UK,12-11-2017,True
EMP706B,Rakesh,Mishra,04-01-1971,Male,Single,Bachelors,Bangalore,Karnataka,India,13-10-2015,True
EMP707B,Amit,Iyer,10-01-2000,Male,Married,Bachelors,Hyderabad,Telangana,India,27-03-2017,True
EMP708B,Ravi,Kumar,06-06-1977,Female,Single,Masters,Chennai,Tamil Nadu,India,20-03-2017,True
EMP709B,Isla,Williams,02-04-1987,Female,Married,Bachelors,Edinburgh,Scotland,UK,16-02-2024,True
EMP710B,Manish,Mishra,26-04-1967,Male,Single,Bachelors,Bangalore,Karnataka,India,27-05-2024,True
EMP711B,Mary,Miller,26-02-1996,Male,Single,Masters,San Francisco,California,US,26-08-2025,True
EMP712B,Amit,Bose,23-02-1968,Female,Single,PhD,New Delhi,Delhi,India,08-10-2023,True
EMP713B,Oliver,Jones,15-03-1987,Male,Single,PhD,Birmingham,England,UK,02-09-2025,True
EMP714B,Oliver,Jones,13-09-1972,Male,Single,Bachelors,Edinburgh,Scotland,UK,08-05-2025,True
EMP715B,Elizabeth,Smith,20-05-1970,Male,Married,Bachelors,Seattle,Washington,US,11-09-2016,True
EMP716B,Jacob,Wilson,26-01-1968,Female,Married,Bachelors,London,England,UK,27-06-2017,True
EMP717B,Patricia,Miller,29-11-1970,Male,Single,Diploma,New York,New York,US,22-01-2020,False
EMP718B,James,Williams,15-05-1971,Male,Married,Bachelors,Austin,Texas,US,25-10-2019,True
EMP719B,Linda,Williams,03-11-1980,Female,Single,Masters,Chicago,Illinois,US,02-09-2019,True
EMP720B,Michael,Johnson,22-06-1980,Female,Married,Bachelors,Chicago,Illinois,US,17-07-2015,True
EMP721B,James,Williams,02-10-2002,Male,Single,Bachelors,New York,New York,US,23-06-2017,True
EMP722B,Barbara,Jones,17-01-1988,Female,Single,Bachelors,Seattle,Washington,US,22-09-2020,True
EMP723B,Kiran,Kumari,09-05-1975,Female,Married,Bachelors,Chennai,Tamil Nadu,India,30-12-2021,True
EMP724B,Ravi,Das,29-06-1978,Male,Single,Bachelors,Chennai,Tamil Nadu,India,02-01-2026,True
EMP725B,Emily,Brown,25-01-1977,Female,Single,Masters,Edinburgh,Scotland,UK,05-06-2019,True
EMP726B,Arjun,Nayak,17-01-1997,Male,Single,PhD,Mumbai,Maharashtra,India,14-03-2024,True
EMP727B,Sanjay,Iyer,04-05-1974,Male,Single,High School,Hyderabad,Telangana,India,30-04-2015,True
EMP728B,Emily,Wilson,25-02-1965,Male,Single,Diploma,Manchester,England,UK,17-01-2024,True
EMP729B,Amit,Bose,16-01-1974,Female,Married,Bachelors,Mumbai,Maharashtra,India,01-06-2018,True
EMP730B,Poppy,Thomas,19-10-2002,Male,Divorced,Masters,Glasgow,Scotland,UK,16-09-2023,True
EMP731B,Olivia,Thomas,08-08-2001,Female,Married,Bachelors,Birmingham,England,UK,29-06-2020,False
EMP732B,Kiran,Das,13-04-1979,Male,Married,Bachelors,Bangalore,Karnataka,India,06-11-2016,False
EMP733B,Barbara,Jones,27-08-1976,Male,Single,Bachelors,Austin,Texas,US,06-12-2021,True
EMP734B,Manish,Singh,13-12-2004,Female,Married,Bachelors,Hyderabad,Telangana,India,05-01-2025,True
EMP735B,Sanjay,Kumari,07-09-1996,Male,Married,Bachelors,Mumbai,Maharashtra,India,04-02-2018,True
EMP736B,Kavita,Sharma,18-07-1982,Male,Single,Bachelors,Chennai,Tamil Nadu,India,25-06-2021,False
EMP737B,Neha,Verma,23-08-1973,Female,Single,PhD,New Delhi,Delhi,India,27-06-2025,True
EMP738B,Sneha,Kumar,14-02-1990,Male,Married,Bachelors,Mumbai,Maharashtra,India,10-08-2021,False
EMP739B,George,Wilson,11-11-2003,Female,Single,High School,London,England,UK,05-05-2022,True
EMP740B,Elizabeth,Williams,25-09-1970,Male,Married,Bachelors,San Francisco,California,US,06-12-2020,True
EMP741B,Rahul,Iyer,07-01-1969,Male,Single,Masters,Bangalore,Karnataka,India,07-11-2017,True
EMP742B,Thomas,Evans,22-07-2001,Female,Single,Masters,London,England,UK,18-08-2024,True
EMP743B,David,Williams,17-02-1966,Male,Married,Bachelors,San Francisco,California,US,25-05-2024,True
EMP744B,Sneha,Kumar,17-01-1990,Female,Single,PhD,Bangalore,Karnataka,India,11-01-2026,True
EMP745B,Harry,Williams,04-03-1965,Female,Married,Masters,Birmingham,England,UK,30-10-2017,True
EMP746B,Jennifer,Miller,04-05-1983,Female,Married,Masters,San Francisco,California,US,11-03-2021,False
EMP747B,Jacob,Thomas,22-08-1966,Female,Divorced,Diploma,Edinburgh,Scotland,UK,31-07-2018,True
EMP748B,Jacob,Roberts,06-10-2003,Female,Married,Bachelors,Glasgow,Scotland,UK,04-10-2021,True
EMP749B,Barbara,Miller,01-06-1984,Female,Married,Masters,Chicago,Illinois,US,23-06-2017,True
EMP750B,Sneha,Verma,01-11-1993,Male,Married,Diploma,Chennai,Tamil Nadu,India,21-05-2015,True
EMP751B,Poppy,Thomas,31-03-1984,Male,Single,Bachelors,Manchester,England,UK,17-04-2018,False
EMP752B,Jacob,Roberts,31-10-1983,Male,Divorced,Bachelors,Glasgow,Scotland,UK,14-06-2016,True
EMP753B,Sneha,Mishra,24-08-1981,Female,Single,Masters,Mumbai,Maharashtra,India,25-12-2015,True
EMP754B,Anjali,Iyer,03-06-1992,Female,Single,Masters,Bangalore,Karnataka,India,29-08-2015,True
EMP755B,John,Johnson,08-05-1996,Male,Single,Bachelors,Seattle,Washington,US,09-03-2016,True
EMP756B,Poppy,Clark,01-06-1974,Female,Divorced,Bachelors,London,England,UK,02-01-2017,False
EMP757B,Pooja,Das,08-01-2000,Male,Married,Masters,Hyderabad,Telangana,India,19-06-2025,True
EMP758B,Anjali,Patel,15-07-1993,Female,Married,Bachelors,Chennai,Tamil Nadu,India,19-05-2026,True
EMP759B,James,Johnson,04-09-1996,Male,Single,Masters,New York,New York,US,24-10-2024,True
EMP760B,Emily,Thomas,11-07-1967,Male,Married,Masters,Glasgow,Scotland,UK,30-07-2025,True
EMP761B,Vikram,Kumari,05-02-1974,Female,Single,Bachelors,Chennai,Tamil Nadu,India,17-07-2025,True
EMP762B,Arjun,Sharma,04-10-1969,Male,Single,Bachelors,Hyderabad,Telangana,India,01-02-2020,True
EMP763B,Kavita,Iyer,12-08-1972,Female,Married,Bachelors,Chennai,Tamil Nadu,India,22-11-2022,True
EMP764B,Pooja,Singh,31-03-1982,Female,Married,Masters,Bangalore,Karnataka,India,22-09-2017,True
EMP765B,Michael,Davis,19-10-1992,Male,Single,Masters,New York,New York,US,03-12-2024,True
EMP766B,Barbara,Williams,09-12-2001,Male,Single,High School,New York,New York,US,25-03-2016,False
EMP767B,Pooja,Sharma,04-07-1974,Male,Married,Masters,New Delhi,Delhi,India,14-10-2020,True
EMP768B,Harry,Davies,22-10-1969,Female,Married,Masters,Glasgow,Scotland,UK,16-04-2026,True
EMP769B,Sneha,Mishra,14-04-1997,Female,Married,Masters,Bangalore,Karnataka,India,22-04-2018,True
EMP770B,Barbara,Jones,02-09-1989,Male,Single,Bachelors,Chicago,Illinois,US,08-03-2020,True
EMP771B,Kiran,Chauhan,18-10-2001,Female,Married,Diploma,New Delhi,Delhi,India,07-06-2024,True
EMP772B,Patricia,Rodriguez,07-02-1987,Female,Married,Diploma,Austin,Texas,US,29-06-2017,False
EMP773B,Amelia,Clark,08-09-1993,Male,Married,Masters,Edinburgh,Scotland,UK,28-08-2022,True
EMP774B,John,Brown,10-02-1998,Female,Married,Bachelors,Chicago,Illinois,US,11-06-2018,True
EMP775B,Linda,Williams,29-09-1967,Female,Single,Bachelors,New York,New York,US,13-06-2016,True
EMP776B,David,Davis,31-10-1986,Female,Single,Bachelors,Seattle,Washington,US,16-10-2025,True
EMP777B,Anjali,Nayak,27-08-1996,Female,Married,Bachelors,Hyderabad,Telangana,India,20-08-2016,True
EMP778B,Ravi,Nayak,24-03-1985,Male,Married,Masters,New Delhi,Delhi,India,06-11-2023,False
EMP779B,Neha,Singh,15-06-1971,Female,Divorced,Masters,Hyderabad,Telangana,India,19-01-2018,True
EMP780B,Jack,Evans,17-08-1970,Male,Married,Bachelors,Manchester,England,UK,03-09-2025,True
EMP781B,Isla,Clark,23-06-1988,Female,Married,Bachelors,London,England,UK,05-09-2015,False
EMP782B,Sanjay,Patel,04-06-2002,Male,Married,Bachelors,New Delhi,Delhi,India,28-10-2020,True
EMP783B,George,Evans,02-08-1995,Female,Married,Diploma,Glasgow,Scotland,UK,15-08-2024,True
EMP784B,William,Martinez,15-06-1968,Male,Single,Masters,Chicago,Illinois,US,09-08-2022,True
EMP785B,John,Williams,03-04-1974,Male,Single,Bachelors,Chicago,Illinois,US,10-01-2024,True
EMP786B,Harry,Thomas,26-12-1986,Female,Married,PhD,London,England,UK,06-09-2016,True
EMP787B,Vikram,Nayak,18-12-1977,Female,Married,Bachelors,Mumbai,Maharashtra,India,15-07-2018,True
EMP788B,Jack,Jones,03-06-2003,Male,Single,Masters,Birmingham,England,UK,28-04-2017,True
EMP789B,Olivia,Clark,31-10-1982,Female,Married,Diploma,Glasgow,Scotland,UK,22-02-2017,True
EMP790B,William,Smith,02-03-2001,Male,Married,Bachelors,New York,New York,US,02-06-2025,False
EMP791B,Kiran,Patel,18-06-2002,Female,Single,Masters,Mumbai,Maharashtra,India,13-07-2021,True
EMP792B,Elizabeth,Brown,04-11-1975,Male,Married,PhD,New York,New York,US,02-08-2018,True
EMP793B,Sanjay,Singh,27-06-1992,Female,Single,Bachelors,New Delhi,Delhi,India,13-05-2016,True
EMP794B,Poppy,Brown,19-08-2003,Male,Single,Bachelors,Manchester,England,UK,18-07-2018,True
EMP795B,Patricia,Garcia,20-04-1985,Female,Married,Masters,New York,New York,US,17-08-2024,True
EMP796B,John,Rodriguez,09-02-1993,Female,Single,Masters,Austin,Texas,US,10-08-2019,True
EMP797B,Emily,Wilson,21-12-2002,Male,Single,Bachelors,Birmingham,England,UK,22-05-2024,True
EMP798B,Thomas,Taylor,03-11-1999,Female,Married,Bachelors,Glasgow,Scotland,UK,16-01-2016,False
EMP799B,Manish,Verma,19-08-1973,Male,Single,High School,Chennai,Tamil Nadu,India,19-01-2020,True
EMP800B,Pooja,Patel,31-08-1967,Male,Married,Masters,Mumbai,Maharashtra,India,15-06-2018,True
EMP801B,Robert,Garcia,11-10-1977,Male,Married,Masters,New York,New York,US,30-01-2024,True
EMP802B,Pooja,Nayak,02-06-2001,Male,Single,Masters,New Delhi,Delhi,India,03-11-2023,True
EMP803B,Charlie,Brown,04-01-1991,Male,Married,Bachelors,London,England,UK,16-01-2021,True
EMP804B,Olivia,Evans,04-01-1983,Male,Single,Bachelors,Glasgow,Scotland,UK,07-04-2016,False
EMP805B,Amelia,Davies,29-05-1990,Male,Divorced,Bachelors,Manchester,England,UK,02-05-2015,True
EMP806B,Ravi,Nayak,15-09-1981,Male,Married,Diploma,Bangalore,Karnataka,India,04-01-2025,True
EMP807B,Robert,Davis,13-08-1969,Male,Married,Masters,Austin,Texas,US,30-05-2026,True
EMP808B,Mary,Davis,12-06-2004,Female,Single,Diploma,San Francisco,California,US,06-02-2015,True
EMP809B,Pooja,Nayak,04-04-1979,Male,Single,Masters,Mumbai,Maharashtra,India,08-12-2022,True
EMP810B,Rahul,Bose,23-10-1984,Female,Divorced,Bachelors,Mumbai,Maharashtra,India,01-05-2020,True
EMP811B,Manish,Kumar,18-11-1971,Male,Married,Bachelors,Chennai,Tamil Nadu,India,25-05-2023,False
EMP812B,David,Garcia,07-05-1989,Female,Married,Bachelors,Seattle,Washington,US,17-01-2019,True
EMP813B,Olivia,Clark,10-04-1969,Female,Married,Masters,Manchester,England,UK,04-04-2020,True
EMP814B,Sneha,Kumar,02-08-1987,Female,Married,Bachelors,Chennai,Tamil Nadu,India,19-09-2024,True
EMP815B,Emily,Williams,14-10-1987,Female,Single,Diploma,Birmingham,England,UK,19-09-2025,True
EMP816B,Harry,Evans,30-07-1982,Male,Married,Bachelors,Birmingham,England,UK,25-02-2022,True
EMP817B,James,Johnson,09-08-2004,Female,Married,Bachelors,Seattle,Washington,US,29-11-2022,True
EMP818B,Ravi,Chauhan,09-01-1976,Female,Single,Bachelors,New Delhi,Delhi,India,15-04-2015,True
EMP819B,Ravi,Kumari,22-05-1983,Female,Single,Masters,Mumbai,Maharashtra,India,06-11-2023,True
EMP820B,James,Martinez,09-01-1994,Male,Single,Bachelors,Austin,Texas,US,10-05-2019,True
EMP821B,Amit,Iyer,20-12-1972,Male,Single,Masters,Mumbai,Maharashtra,India,05-07-2020,True
EMP822B,Rahul,Bose,22-09-1988,Male,Married,Masters,Bangalore,Karnataka,India,17-02-2015,False
EMP823B,Michael,Jones,22-07-1984,Male,Single,Bachelors,Chicago,Illinois,US,17-05-2024,True
EMP824B,Thomas,Evans,03-01-1984,Male,Married,Bachelors,London,England,UK,21-04-2022,True
EMP825B,Rakesh,Sharma,21-07-2000,Female,Single,Diploma,Mumbai,Maharashtra,India,12-06-2019,True
EMP826B,Robert,Williams,05-08-1998,Male,Married,Bachelors,San Francisco,California,US,23-09-2023,True
EMP827B,Olivia,Roberts,25-01-1996,Male,Married,Bachelors,Birmingham,England,UK,04-06-2024,True
EMP828B,Ravi,Kumari,11-09-1989,Female,Single,Diploma,New Delhi,Delhi,India,23-07-2016,True
EMP829B,Elizabeth,Martinez,26-07-1972,Female,Married,Bachelors,Seattle,Washington,US,13-11-2018,True
EMP830B,Robert,Johnson,17-09-2000,Male,Married,Bachelors,Chicago,Illinois,US,30-11-2019,True
EMP831B,Linda,Martinez,10-02-1975,Female,Married,Diploma,New York,New York,US,19-01-2023,True
EMP832B,Poppy,Jones,10-12-1976,Male,Married,PhD,Birmingham,England,UK,17-11-2018,True
EMP833B,Ravi,Patel,14-07-1982,Female,Single,Masters,Bangalore,Karnataka,India,07-01-2022,True
EMP834B,Oliver,Jones,29-03-1967,Female,Married,Bachelors,Glasgow,Scotland,UK,12-09-2025,True
EMP835B,Barbara,Johnson,10-07-1974,Female,Single,Masters,Austin,Texas,US,21-03-2025,True
EMP836B,Arjun,Chauhan,23-11-1970,Female,Married,Bachelors,Hyderabad,Telangana,India,27-04-2024,True
EMP837B,Sneha,Reddy,17-08-1990,Male,Divorced,Diploma,New Delhi,Delhi,India,26-08-2026,True
EMP838B,Barbara,Williams,15-04-1996,Female,Married,Masters,Seattle,Washington,US,01-04-2015,True
EMP839B,James,Jones,22-08-1966,Male,Married,Bachelors,San Francisco,California,US,28-03-2024,True
EMP840B,Elizabeth,Rodriguez,31-12-1965,Female,Married,Masters,San Francisco,California,US,10-08-2015,True
EMP841B,Arjun,Nayak,25-10-1993,Female,Married,Bachelors,Bangalore,Karnataka,India,07-06-2024,False
EMP842B,Isla,Roberts,05-04-2001,Male,Single,Masters,Glasgow,Scotland,UK,19-05-2022,True
EMP843B,Olivia,Brown,08-12-1982,Male,Married,Bachelors,Birmingham,England,UK,21-07-2026,True
EMP844B,Amelia,Jones,24-01-1994,Female,Married,Masters,Birmingham,England,UK,12-02-2018,True
EMP845B,Olivia,Thomas,16-01-1983,Male,Married,PhD,London,England,UK,07-10-2023,True
EMP846B,Neha,Sharma,02-06-1990,Male,Married,Bachelors,Chennai,Tamil Nadu,India,01-06-2026,True
EMP847B,Barbara,Garcia,21-11-2001,Female,Married,Bachelors,San Francisco,California,US,26-05-2025,True
EMP848B,Jacob,Williams,26-08-1975,Female,Single,PhD,London,England,UK,04-04-2020,True
EMP849B,Thomas,Jones,24-01-1982,Male,Single,Bachelors,London,England,UK,18-01-2023,True
EMP850B,Isla,Brown,08-03-1977,Male,Married,Bachelors,London,England,UK,18-10-2020,True
EMP851B,David,Brown,24-02-1986,Male,Single,Bachelors,New York,New York,US,09-09-2016,True
EMP852B,Jacob,Brown,22-01-1991,Male,Divorced,Masters,London,England,UK,29-02-2016,False
EMP853B,Sneha,Kumari,02-01-1972,Female,Married,High School,Bangalore,Karnataka,India,15-01-2016,False
EMP854B,Pooja,Kumari,15-01-1983,Male,Married,Bachelors,Chennai,Tamil Nadu,India,11-08-2026,True
EMP855B,William,Williams,12-11-1965,Female,Single,Bachelors,Austin,Texas,US,26-04-2022,True
EMP856B,Amelia,Clark,23-12-1983,Male,Married,Masters,Manchester,England,UK,07-03-2021,True
EMP857B,Mary,Williams,27-12-1970,Male,Single,Diploma,Chicago,Illinois,US,16-10-2023,True
EMP858B,Kavita,Chauhan,18-10-1974,Female,Married,Bachelors,Bangalore,Karnataka,India,14-05-2019,True
EMP859B,Harry,Davies,31-03-1978,Male,Single,Masters,Birmingham,England,UK,18-02-2015,True
EMP860B,Patricia,Miller,27-07-1985,Female,Single,Bachelors,Seattle,Washington,US,07-01-2017,False
EMP861B,Elizabeth,Davis,01-11-1998,Female,Single,Bachelors,Chicago,Illinois,US,09-08-2020,True
EMP862B,Jacob,Jones,26-10-1998,Male,Married,Masters,Birmingham,England,UK,27-12-2019,True
EMP863B,Robert,Smith,02-05-1970,Female,Married,Bachelors,San Francisco,California,US,06-02-2021,True
EMP864B,Patricia,Rodriguez,10-05-1975,Female,Single,Bachelors,Austin,Texas,US,22-12-2023,False
EMP865B,Elizabeth,Martinez,04-12-1978,Female,Divorced,Masters,Seattle,Washington,US,13-05-2021,True
EMP866B,Harry,Williams,05-06-1983,Male,Single,Bachelors,London,England,UK,04-03-2019,True
EMP867B,Neha,Bose,20-06-1991,Male,Married,Masters,Chennai,Tamil Nadu,India,20-12-2018,True
EMP868B,Emily,Brown,25-10-1985,Female,Married,Bachelors,Manchester,England,UK,16-09-2025,True
EMP869B,James,Jones,21-11-2003,Female,Married,Masters,New York,New York,US,18-09-2020,True
EMP870B,Sneha,Sharma,26-04-1966,Male,Married,Bachelors,Chennai,Tamil Nadu,India,24-11-2016,True
EMP871B,Kavita,Reddy,06-09-1978,Male,Married,Masters,Hyderabad,Telangana,India,17-04-2018,False
EMP872B,Poppy,Taylor,28-03-1987,Female,Single,Bachelors,Manchester,England,UK,26-08-2017,True
EMP873B,Isla,Williams,19-04-1998,Male,Single,High School,London,England,UK,04-05-2022,True
EMP874B,Thomas,Williams,25-09-1986,Female,Married,Masters,London,England,UK,28-03-2020,True
EMP875B,Ravi,Verma,16-08-2001,Male,Married,Masters,Chennai,Tamil Nadu,India,21-10-2017,False
EMP876B,William,Williams,15-02-1965,Female,Married,Bachelors,New York,New York,US,17-08-2025,True
EMP877B,Olivia,Clark,21-04-1965,Female,Single,Masters,Birmingham,England,UK,06-06-2018,True
EMP878B,Robert,Johnson,02-10-1992,Female,Married,Diploma,San Francisco,California,US,22-01-2020,True
EMP879B,Neha,Kumar,19-10-1983,Male,Married,Masters,Hyderabad,Telangana,India,21-10-2018,True
EMP880B,Amit,Nayak,23-10-1966,Male,Single,Bachelors,New Delhi,Delhi,India,13-06-2019,True
EMP881B,Robert,Jones,30-11-1984,Female,Married,Masters,Chicago,Illinois,US,01-01-2015,True
EMP882B,Mary,Smith,03-04-1993,Male,Divorced,Masters,Chicago,Illinois,US,17-03-2022,True
EMP883B,Mary,Davis,22-06-1976,Male,Married,Diploma,San Francisco,California,US,14-10-2022,True
EMP884B,William,Smith,19-06-2002,Female,Single,Masters,Austin,Texas,US,09-10-2016,True
EMP885B,Olivia,Evans,14-02-1965,Male,Single,Bachelors,Manchester,England,UK,08-12-2023,True
EMP886B,Sanjay,Verma,26-02-1976,Male,Single,Masters,New Delhi,Delhi,India,18-08-2017,False
EMP887B,Kavita,Sharma,04-09-1981,Female,Married,Bachelors,Chennai,Tamil Nadu,India,30-10-2023,True
EMP888B,Thomas,Jones,28-02-1980,Male,Divorced,Bachelors,Edinburgh,Scotland,UK,26-05-2018,True
EMP889B,Olivia,Clark,29-06-1967,Male,Married,Bachelors,Manchester,England,UK,23-04-2020,True
EMP890B,James,Rodriguez,23-02-1992,Female,Divorced,High School,Seattle,Washington,US,08-09-2024,True
EMP891B,Amit,Reddy,16-07-1995,Male,Married,Bachelors,Mumbai,Maharashtra,India,30-04-2021,True
EMP892B,Sneha,Gupta,10-07-1994,Male,Single,Masters,New Delhi,Delhi,India,21-01-2016,True
EMP893B,Manish,Kumar,10-05-1986,Female,Divorced,Bachelors,Bangalore,Karnataka,India,29-05-2015,True
EMP894B,Robert,Davis,17-06-1998,Male,Married,Bachelors,New York,New York,US,31-05-2019,True
EMP895B,Jack,Clark,12-04-1983,Male,Single,Masters,Birmingham,England,UK,24-11-2025,True
EMP896B,Olivia,Jones,25-12-1988,Female,Single,Bachelors,Birmingham,England,UK,22-04-2015,True
EMP897B,Isla,Jones,30-04-1967,Female,Single,Bachelors,Manchester,England,UK,05-08-2026,False
EMP898B,Vikram,Mishra,08-12-1968,Female,Single,High School,Mumbai,Maharashtra,India,27-12-2015,False
EMP899B,Poppy,Taylor,25-03-1998,Male,Married,Diploma,London,England,UK,25-12-2015,True
EMP900B,Amit,Bose,02-07-1990,Female,Married,Bachelors,New Delhi,Delhi,India,18-07-2018,True
EMP901B,Ravi,Reddy,20-12-1970,Female,Single,Masters,Bangalore,Karnataka,India,08-12-2015,True
EMP902B,Robert,Garcia,20-02-1992,Female,Married,Masters,Austin,Texas,US,27-01-2018,True
EMP903B,Arjun,Das,19-09-1980,Male,Single,Masters,Mumbai,Maharashtra,India,16-09-2017,True
EMP904B,Jennifer,Miller,17-02-1987,Female,Single,Masters,Chicago,Illinois,US,07-10-2018,True
EMP905B,James,Brown,15-05-1966,Female,Single,Bachelors,Chicago,Illinois,US,02-06-2024,True
EMP906B,Harry,Wilson,19-05-1981,Male,Single,PhD,Edinburgh,Scotland,UK,09-12-2017,True
EMP907B,Oliver,Taylor,04-06-1967,Female,Married,Bachelors,Edinburgh,Scotland,UK,08-01-2017,True
EMP908B,John,Williams,11-06-1990,Female,Single,Bachelors,Austin,Texas,US,06-09-2016,True
EMP909B,Barbara,Garcia,29-04-1979,Female,Single,Masters,San Francisco,California,US,05-03-2022,True
EMP910B,Anjali,Reddy,25-02-1983,Male,Married,Bachelors,Chennai,Tamil Nadu,India,01-10-2024,True
EMP911B,Arjun,Sharma,15-07-1989,Male,Single,Bachelors,Bangalore,Karnataka,India,06-02-2026,True
EMP912B,Pooja,Iyer,21-02-2001,Male,Married,Bachelors,Hyderabad,Telangana,India,27-12-2016,False
EMP913B,Amelia,Wilson,31-01-1992,Female,Single,Masters,Edinburgh,Scotland,UK,13-11-2019,True
EMP914B,Ravi,Mishra,15-06-1979,Male,Married,Masters,Hyderabad,Telangana,India,23-10-2020,False
EMP915B,Michael,Martinez,25-11-1992,Male,Single,Bachelors,Seattle,Washington,US,16-10-2020,False
EMP916B,David,Williams,11-04-1976,Male,Single,Bachelors,New York,New York,US,06-05-2020,True
EMP917B,Anjali,Chauhan,02-03-1968,Male,Married,High School,Bangalore,Karnataka,India,31-07-2021,True
EMP918B,Isla,Evans,14-06-1982,Male,Divorced,Bachelors,Birmingham,England,UK,13-05-2022,True
EMP919B,Elizabeth,Martinez,03-03-1965,Female,Married,PhD,Seattle,Washington,US,11-07-2019,True
EMP920B,Kavita,Nayak,11-12-1985,Male,Single,Diploma,Bangalore,Karnataka,India,18-05-2018,True
EMP921B,Emily,Jones,14-11-1984,Male,Single,Bachelors,Edinburgh,Scotland,UK,13-09-2021,False
EMP922B,Vikram,Chauhan,26-01-1971,Female,Single,Masters,Mumbai,Maharashtra,India,09-01-2022,True
EMP923B,Isla,Davies,12-01-1999,Female,Married,Bachelors,London,England,UK,15-02-2026,True
EMP924B,John,Garcia,30-12-1975,Female,Single,Bachelors,Seattle,Washington,US,21-08-2024,True
EMP925B,David,Miller,10-09-1991,Female,Married,Bachelors,Austin,Texas,US,04-08-2016,True
EMP926B,Jack,Clark,03-09-1996,Female,Single,Masters,Glasgow,Scotland,UK,25-03-2021,True
EMP927B,Jennifer,Smith,21-09-1970,Male,Married,PhD,Austin,Texas,US,16-03-2018,True
EMP928B,Michael,Johnson,07-05-1968,Male,Single,Bachelors,San Francisco,California,US,09-07-2018,True
EMP929B,Patricia,Jones,10-05-1996,Male,Single,Bachelors,New York,New York,US,22-08-2016,True
EMP930B,Emily,Davies,29-01-1997,Female,Married,Masters,Edinburgh,Scotland,UK,15-11-2018,True
EMP931B,Rakesh,Gupta,10-02-1994,Female,Single,Masters,Chennai,Tamil Nadu,India,20-11-2017,True
EMP932B,Mary,Miller,16-06-1976,Female,Married,Bachelors,Seattle,Washington,US,16-08-2023,True
EMP933B,Poppy,Roberts,21-10-1995,Female,Married,Bachelors,Birmingham,England,UK,20-07-2015,True
EMP934B,Patricia,Rodriguez,11-04-1967,Male,Married,Diploma,San Francisco,California,US,22-12-2024,True
EMP935B,Vikram,Singh,09-11-1997,Female,Married,Bachelors,Bangalore,Karnataka,India,21-03-2017,False
EMP936B,Jennifer,Davis,17-10-1980,Male,Divorced,Bachelors,Seattle,Washington,US,26-03-2022,False
EMP937B,Michael,Jones,19-04-2000,Female,Married,Masters,New York,New York,US,04-03-2016,True
EMP938B,David,Smith,27-11-1971,Male,Married,Masters,Austin,Texas,US,20-04-2024,True
EMP939B,Mary,Rodriguez,28-03-1983,Female,Single,Masters,Seattle,Washington,US,22-08-2021,True
EMP940B,Linda,Smith,23-07-2004,Female,Married,Bachelors,New York,New York,US,12-06-2015,True
EMP941B,Arjun,Reddy,01-04-1989,Male,Single,Bachelors,Hyderabad,Telangana,India,21-11-2018,True
EMP942B,Barbara,Johnson,13-12-2001,Female,Married,Masters,San Francisco,California,US,10-04-2015,True
EMP943B,Isla,Williams,18-06-1982,Female,Married,Bachelors,Birmingham,England,UK,06-06-2018,True
EMP944B,Neha,Sharma,21-08-1965,Female,Married,Bachelors,New Delhi,Delhi,India,14-01-2026,False
EMP945B,Ravi,Verma,05-03-1997,Female,Single,Masters,Mumbai,Maharashtra,India,05-01-2016,True
EMP946B,Anjali,Sharma,27-01-2004,Male,Married,Masters,Mumbai,Maharashtra,India,20-02-2018,True
EMP947B,Amit,Sharma,07-04-1981,Female,Divorced,Diploma,Mumbai,Maharashtra,India,24-04-2025,True
EMP948B,Mary,Rodriguez,22-06-1997,Male,Married,Bachelors,Chicago,Illinois,US,26-07-2018,True
EMP949B,Emily,Wilson,20-05-1999,Male,Single,Masters,Glasgow,Scotland,UK,18-05-2017,True
EMP950B,Sanjay,Reddy,14-02-1978,Male,Single,PhD,New Delhi,Delhi,India,12-04-2021,True
EMP951B,Sanjay,Kumari,23-10-1993,Male,Single,PhD,Hyderabad,Telangana,India,29-01-2019,True
EMP952B,George,Thomas,10-11-2001,Female,Married,Bachelors,Glasgow,Scotland,UK,12-08-2021,True
EMP953B,Poppy,Jones,03-04-1986,Male,Married,Bachelors,Edinburgh,Scotland,UK,13-04-2020,True
EMP954B,Oliver,Williams,13-06-2001,Female,Single,Bachelors,Manchester,England,UK,29-07-2025,True
EMP955B,Emily,Thomas,02-03-1968,Female,Married,Bachelors,London,England,UK,14-06-2025,True
EMP956B,Ravi,Gupta,28-10-1980,Male,Single,Bachelors,Mumbai,Maharashtra,India,23-02-2025,True
EMP957B,Poppy,Davies,28-10-1976,Female,Married,Bachelors,Birmingham,England,UK,05-10-2018,True
EMP958B,Amit,Reddy,03-02-1973,Male,Divorced,Masters,Hyderabad,Telangana,India,11-10-2016,True
EMP959B,Oliver,Evans,12-05-1982,Male,Married,Diploma,London,England,UK,21-06-2018,True
EMP960B,Kavita,Mishra,11-02-1967,Female,Married,Bachelors,Hyderabad,Telangana,India,05-01-2024,False
EMP961B,Ravi,Gupta,09-02-2003,Female,Married,Bachelors,Bangalore,Karnataka,India,07-03-2020,True
EMP962B,James,Brown,25-07-1983,Male,Divorced,Bachelors,Austin,Texas,US,08-06-2024,True
EMP963B,Barbara,Davis,04-09-2002,Male,Single,Bachelors,New York,New York,US,01-12-2024,True
EMP964B,Oliver,Evans,19-09-1992,Male,Married,Masters,Edinburgh,Scotland,UK,07-01-2023,True
EMP965B,Robert,Smith,20-12-1978,Male,Single,Bachelors,Austin,Texas,US,02-06-2026,False
EMP966B,Kavita,Iyer,26-11-1973,Female,Married,Bachelors,Mumbai,Maharashtra,India,02-02-2020,False
EMP967B,David,Miller,15-03-1985,Female,Married,Masters,Seattle,Washington,US,03-11-2015,False
EMP968B,Pooja,Reddy,22-03-1986,Female,Single,Masters,New Delhi,Delhi,India,04-01-2023,True
EMP969B,Rakesh,Chauhan,17-01-1971,Female,Married,Masters,Hyderabad,Telangana,India,08-09-2021,True
EMP970B,Charlie,Brown,19-07-1996,Male,Married,Bachelors,London,England,UK,05-03-2026,True
EMP971B,Olivia,Roberts,10-07-1981,Female,Married,PhD,Manchester,England,UK,24-01-2018,True
EMP972B,Pooja,Nayak,25-07-1980,Female,Married,Bachelors,New Delhi,Delhi,India,07-06-2023,True
EMP973B,James,Davis,10-06-1982,Male,Married,Bachelors,San Francisco,California,US,17-07-2021,True
EMP974B,Poppy,Evans,09-05-1992,Male,Married,Bachelors,Glasgow,Scotland,UK,05-11-2016,True
EMP975B,James,Williams,22-03-1968,Female,Married,Diploma,San Francisco,California,US,09-07-2026,True
EMP976B,Robert,Davis,17-05-2001,Female,Single,Masters,Chicago,Illinois,US,21-09-2020,True
EMP977B,Ravi,Chauhan,28-07-1999,Male,Married,Bachelors,Bangalore,Karnataka,India,22-06-2021,False
EMP978B,Amelia,Jones,18-04-1985,Female,Single,Masters,Glasgow,Scotland,UK,14-03-2019,True
EMP979B,Michael,Miller,19-06-1977,Male,Married,Masters,New York,New York,US,17-02-2018,False
EMP980B,Anjali,Mishra,14-05-1974,Female,Divorced,Bachelors,Bangalore,Karnataka,India,09-12-2019,True
EMP981B,Linda,Garcia,09-09-1979,Male,Married,Bachelors,Seattle,Washington,US,07-02-2017,True
EMP982B,Mary,Jones,22-08-1978,Female,Divorced,Bachelors,Austin,Texas,US,07-09-2018,True
EMP983B,John,Miller,26-12-1967,Female,Married,Bachelors,New York,New York,US,10-08-2023,True
EMP984B,Charlie,Evans,06-07-2004,Female,Married,Bachelors,Birmingham,England,UK,05-02-2019,True
EMP985B,Amit,Sharma,07-09-1997,Male,Married,Masters,Chennai,Tamil Nadu,India,21-01-2015,True
EMP986B,Robert,Jones,05-04-1975,Male,Single,Masters,Seattle,Washington,US,16-10-2025,False
EMP987B,Rahul,Verma,19-08-1986,Female,Married,Bachelors,New Delhi,Delhi,India,24-06-2023,True
EMP988B,Mary,Johnson,05-01-1971,Male,Single,Bachelors,Austin,Texas,US,06-08-2026,True
EMP989B,Patricia,Davis,13-09-1988,Female,Married,Diploma,Chicago,Illinois,US,12-07-2024,True
EMP990B,Thomas,Roberts,30-11-1967,Female,Single,Bachelors,Edinburgh,Scotland,UK,03-12-2016,True
EMP991B,John,Johnson,13-02-1995,Female,Married,Bachelors,New York,New York,US,27-09-2016,True
EMP992B,John,Garcia,11-03-1984,Male,Single,Masters,Chicago,Illinois,US,13-02-2024,True
EMP993B,Sneha,Verma,08-06-1967,Male,Divorced,Bachelors,Bangalore,Karnataka,India,11-04-2015,True
EMP994B,David,Garcia,11-05-2000,Male,Single,Bachelors,New York,New York,US,05-02-2018,True
EMP995B,Rahul,Patel,29-07-2003,Female,Married,Bachelors,Mumbai,Maharashtra,India,04-03-2022,True
EMP996B,Emily,Williams,31-05-1975,Male,Single,Bachelors,Manchester,England,UK,24-01-2018,False
EMP997B,Michael,Williams,26-06-1976,Female,Single,Bachelors,New York,New York,US,15-01-2016,True
EMP998B,Pooja,Reddy,07-02-1972,Male,Married,Bachelors,Bangalore,Karnataka,India,27-01-2019,True
EMP999B,David,Jones,27-08-1999,Female,Married,Bachelors,Austin,Texas,US,10-11-2019,True
EMP001C,Priya,Verma,25-09-1997,Female,Single,Masters,Chennai,Tamil Nadu,India,18-08-2024,True
EMP002C,Charlie,Thomas,24-12-1980,Female,Married,Diploma,Manchester,England,UK,01-02-2023,True
EMP003C,Harry,Wilson,10-04-1999,Female,Divorced,Bachelors,Edinburgh,Scotland,UK,16-06-2022,True
EMP004C,Rakesh,Reddy,11-02-2000,Female,Single,Bachelors,Chennai,Tamil Nadu,India,05-05-2024,True
EMP005C,Thomas,Evans,01-09-1982,Female,Married,Masters,Manchester,England,UK,26-11-2024,False
EMP006C,Patricia,Rodriguez,21-07-1998,Male,Single,Bachelors,Seattle,Washington,US,08-11-2017,False
EMP007C,Olivia,Thomas,02-10-1993,Female,Married,Masters,Glasgow,Scotland,UK,05-09-2021,True
EMP008C,Patricia,Rodriguez,27-09-1979,Female,Single,Bachelors,San Francisco,California,US,01-02-2021,True
EMP009C,Mary,Miller,26-09-1998,Male,Married,Bachelors,Seattle,Washington,US,22-08-2021,True
EMP010C,Kavita,Gupta,28-02-1996,Female,Single,Bachelors,Mumbai,Maharashtra,India,30-10-2023,True
EMP011C,Patricia,Davis,09-09-1999,Male,Divorced,Bachelors,San Francisco,California,US,27-04-2016,True
EMP012C,Olivia,Thomas,15-04-1970,Male,Divorced,PhD,Glasgow,Scotland,UK,20-02-2018,True
EMP013C,Patricia,Martinez,02-08-1998,Male,Single,Masters,Austin,Texas,US,26-11-2023,True
EMP014C,Michael,Brown,27-09-1982,Female,Married,Masters,San Francisco,California,US,26-04-2025,True
EMP015C,George,Williams,03-04-1985,Male,Married,Masters,Edinburgh,Scotland,UK,21-07-2021,True
EMP016C,Pooja,Patel,11-09-1980,Male,Single,Masters,Bangalore,Karnataka,India,27-09-2015,True
EMP017C,Ravi,Bose,13-03-1977,Male,Married,Masters,New Delhi,Delhi,India,28-10-2016,True
EMP018C,David,Brown,25-11-1976,Male,Married,PhD,Austin,Texas,US,24-04-2021,True
EMP019C,Linda,Martinez,19-12-1982,Male,Divorced,Bachelors,San Francisco,California,US,28-08-2016,True
EMP020C,Poppy,Taylor,26-09-1966,Male,Married,Masters,London,England,UK,27-12-2021,False
EMP021C,Michael,Johnson,24-06-1971,Male,Divorced,Masters,Chicago,Illinois,US,15-08-2016,True
EMP022C,William,Garcia,08-05-1968,Female,Single,Bachelors,Austin,Texas,US,01-07-2018,True
EMP023C,George,Thomas,14-07-1979,Female,Single,Masters,Glasgow,Scotland,UK,10-08-2019,True
EMP024C,Anjali,Kumar,18-11-1978,Male,Divorced,Bachelors,Mumbai,Maharashtra,India,12-01-2018,True
EMP025C,David,Smith,10-08-1985,Female,Single,Masters,San Francisco,California,US,28-06-2021,True
EMP026C,George,Clark,20-03-1978,Female,Single,Diploma,Manchester,England,UK,07-09-2025,True
EMP027C,George,Jones,29-11-1990,Female,Single,Bachelors,Edinburgh,Scotland,UK,29-06-2017,True
EMP028C,Sneha,Verma,23-04-1967,Female,Married,Bachelors,Mumbai,Maharashtra,India,29-04-2020,True
EMP029C,Harry,Wilson,01-07-1979,Male,Married,Bachelors,London,England,UK,05-09-2020,True
EMP030C,Mary,Smith,05-12-1985,Female,Married,Masters,San Francisco,California,US,07-05-2021,False
EMP031C,Michael,Miller,17-05-1966,Female,Single,PhD,Seattle,Washington,US,13-05-2026,False
EMP032C,Thomas,Evans,01-05-1981,Female,Married,Masters,Edinburgh,Scotland,UK,20-10-2022,True
EMP033C,Neha,Reddy,22-03-1981,Female,Single,Bachelors,Mumbai,Maharashtra,India,02-07-2018,True
EMP034C,Neha,Kumari,25-12-1974,Male,Divorced,Bachelors,Mumbai,Maharashtra,India,05-08-2021,True
EMP035C,Olivia,Williams,26-02-1965,Female,Married,Bachelors,Birmingham,England,UK,25-06-2026,False
EMP036C,Jacob,Taylor,01-07-1987,Male,Single,Masters,Edinburgh,Scotland,UK,26-02-2018,True
EMP037C,Harry,Williams,04-08-1965,Female,Married,Masters,Manchester,England,UK,28-04-2018,True
EMP038C,Jack,Evans,14-09-1998,Female,Married,Masters,Glasgow,Scotland,UK,19-09-2015,True
EMP039C,Sneha,Chauhan,26-09-1999,Female,Single,PhD,Mumbai,Maharashtra,India,10-07-2020,True
EMP040C,John,Williams,09-09-1993,Female,Divorced,Bachelors,Seattle,Washington,US,04-03-2015,True
EMP041C,Ravi,Chauhan,07-04-1968,Male,Married,Diploma,Hyderabad,Telangana,India,28-08-2015,True
EMP042C,Barbara,Garcia,26-11-1987,Male,Divorced,Bachelors,San Francisco,California,US,24-09-2016,True
EMP043C,William,Miller,16-11-1987,Male,Single,Bachelors,Chicago,Illinois,US,21-11-2017,True
EMP044C,Linda,Rodriguez,14-05-1969,Male,Married,Bachelors,New York,New York,US,03-06-2025,True
EMP045C,Isla,Davies,14-06-1980,Female,Married,Bachelors,Manchester,England,UK,23-04-2015,True
EMP046C,Barbara,Smith,15-01-1992,Female,Married,High School,Seattle,Washington,US,09-03-2019,True
EMP047C,Jennifer,Williams,10-11-1983,Female,Single,Bachelors,Seattle,Washington,US,02-05-2015,True
EMP048C,Jennifer,Davis,28-12-1974,Female,Married,Diploma,New York,New York,US,14-12-2023,True
EMP049C,Emily,Jones,26-06-1986,Female,Married,Bachelors,Manchester,England,UK,07-12-2019,True
EMP050C,Olivia,Davies,02-02-1973,Female,Married,Masters,Birmingham,England,UK,24-04-2025,False
EMP051C,Jacob,Williams,26-05-1999,Male,Single,Bachelors,Manchester,England,UK,14-08-2020,True
EMP052C,Manish,Das,12-09-1979,Female,Single,Bachelors,New Delhi,Delhi,India,13-07-2020,True
EMP053C,Oliver,Wilson,14-04-1985,Male,Single,Masters,Manchester,England,UK,01-07-2023,True
EMP054C,Kavita,Nayak,15-06-1979,Male,Married,Bachelors,Chennai,Tamil Nadu,India,12-07-2021,True
EMP055C,James,Williams,14-06-1969,Female,Single,Bachelors,Seattle,Washington,US,19-10-2023,True
EMP056C,Rakesh,Nayak,07-12-1972,Male,Single,Bachelors,Mumbai,Maharashtra,India,13-12-2016,False
EMP057C,Kiran,Singh,30-08-1970,Female,Married,PhD,Hyderabad,Telangana,India,25-08-2025,True
EMP058C,Rakesh,Sharma,04-11-2001,Female,Single,Bachelors,Chennai,Tamil Nadu,India,20-03-2026,True
EMP059C,Mary,Martinez,15-02-1975,Female,Married,Diploma,New York,New York,US,14-05-2020,True
EMP060C,Amit,Kumari,04-10-2002,Female,Single,Masters,Mumbai,Maharashtra,India,30-08-2022,True
EMP061C,Barbara,Davis,01-03-1985,Male,Single,Bachelors,New York,New York,US,09-12-2022,True
EMP062C,Barbara,Brown,27-01-2000,Male,Single,Bachelors,San Francisco,California,US,09-11-2016,True
EMP063C,Barbara,Jones,15-12-1998,Female,Single,Bachelors,San Francisco,California,US,16-04-2015,True
EMP064C,Kiran,Das,16-06-1980,Male,Married,Bachelors,Hyderabad,Telangana,India,06-08-2024,True
EMP065C,Mary,Williams,20-06-1967,Female,Married,Masters,New York,New York,US,09-12-2016,True
EMP066C,Oliver,Williams,17-07-1989,Female,Single,Bachelors,Manchester,England,UK,21-07-2016,True
EMP067C,David,Miller,10-07-1970,Female,Married,Diploma,San Francisco,California,US,08-07-2020,True
EMP068C,Vikram,Mishra,04-10-1968,Male,Single,Bachelors,Chennai,Tamil Nadu,India,01-07-2026,False
EMP069C,Patricia,Smith,08-01-1976,Male,Married,Masters,New York,New York,US,28-06-2020,True
EMP070C,Pooja,Nayak,17-01-1982,Male,Single,Bachelors,New Delhi,Delhi,India,23-09-2022,False
EMP071C,Thomas,Davies,29-07-1990,Male,Married,Bachelors,London,England,UK,11-07-2019,True
EMP072C,Kiran,Gupta,12-05-1966,Female,Married,Bachelors,Bangalore,Karnataka,India,11-02-2017,True
EMP073C,Michael,Jones,18-07-1981,Male,Married,Bachelors,San Francisco,California,US,25-12-2024,False
EMP074C,Jennifer,Garcia,01-02-1979,Female,Married,PhD,San Francisco,California,US,19-12-2025,True
EMP075C,William,Davis,01-12-1990,Female,Married,Masters,Seattle,Washington,US,20-07-2024,True
EMP076C,Manish,Singh,15-10-1983,Female,Single,Masters,Bangalore,Karnataka,India,17-02-2015,False
EMP077C,Priya,Mishra,17-01-1973,Male,Married,Masters,Mumbai,Maharashtra,India,01-11-2017,True
EMP078C,Isla,Clark,12-12-1969,Female,Married,Masters,Manchester,England,UK,15-01-2021,True
EMP079C,James,Williams,12-06-2003,Male,Single,Bachelors,San Francisco,California,US,25-07-2021,True
EMP080C,Barbara,Martinez,27-05-1994,Male,Married,Bachelors,Chicago,Illinois,US,19-05-2023,True
EMP081C,Poppy,Roberts,30-08-1973,Female,Married,Masters,Manchester,England,UK,25-07-2021,True
EMP082C,Oliver,Clark,12-05-1999,Female,Single,Bachelors,Birmingham,England,UK,08-06-2016,True
EMP083C,Jack,Williams,15-08-2004,Male,Single,Masters,Glasgow,Scotland,UK,01-07-2019,False
EMP084C,Kiran,Iyer,10-05-1976,Male,Single,Masters,Chennai,Tamil Nadu,India,16-04-2026,True
EMP085C,Linda,Martinez,17-05-1987,Male,Married,Bachelors,Chicago,Illinois,US,05-06-2026,True
EMP086C,David,Jones,14-08-1981,Female,Single,Masters,Seattle,Washington,US,02-10-2024,True
EMP087C,Rahul,Mishra,27-08-1974,Female,Single,Masters,Bangalore,Karnataka,India,12-11-2020,False
EMP088C,Rahul,Das,20-10-1988,Male,Married,High School,New Delhi,Delhi,India,13-10-2023,True
EMP089C,Thomas,Roberts,04-10-1967,Female,Single,Bachelors,Glasgow,Scotland,UK,30-05-2021,True
EMP090C,William,Garcia,19-12-1993,Male,Married,Bachelors,New York,New York,US,28-05-2022,True
EMP091C,William,Smith,04-04-1979,Female,Single,Diploma,San Francisco,California,US,09-04-2015,True
EMP092C,William,Jones,23-06-1994,Male,Married,Bachelors,New York,New York,US,01-11-2015,True
EMP093C,Emily,Brown,18-06-1982,Female,Divorced,Bachelors,Edinburgh,Scotland,UK,11-10-2024,True
EMP094C,Mary,Johnson,08-12-1973,Male,Married,Bachelors,Seattle,Washington,US,24-08-2023,True
EMP095C,Sanjay,Patel,08-03-1989,Male,Married,Bachelors,Mumbai,Maharashtra,India,26-08-2019,True
EMP096C,Barbara,Williams,14-12-1990,Male,Single,Bachelors,Seattle,Washington,US,15-07-2020,False
EMP097C,Harry,Taylor,13-03-1989,Female,Divorced,Bachelors,Edinburgh,Scotland,UK,08-07-2022,True
EMP098C,Elizabeth,Brown,26-01-1972,Female,Single,Masters,New York,New York,US,22-02-2015,True
EMP099C,Elizabeth,Rodriguez,08-11-1996,Male,Single,Diploma,San Francisco,California,US,07-02-2022,True
EMP100C,Amelia,Davies,18-07-1973,Male,Married,Bachelors,Edinburgh,Scotland,UK,08-05-2020,True
EMP101C,John,Smith,04-07-1998,Male,Single,Masters,Chicago,Illinois,US,29-09-2018,True
EMP102C,John,Garcia,12-01-1992,Male,Single,Masters,San Francisco,California,US,21-04-2026,True
EMP103C,Rahul,Kumari,08-11-2004,Male,Single,Masters,Bangalore,Karnataka,India,27-02-2018,True
EMP104C,Charlie,Thomas,13-05-1981,Female,Single,Bachelors,Edinburgh,Scotland,UK,31-07-2024,True
EMP105C,Michael,Jones,03-08-1992,Female,Single,Masters,New York,New York,US,05-04-2020,True
EMP106C,John,Miller,16-12-1968,Male,Married,Bachelors,Austin,Texas,US,17-04-2025,True
EMP107C,Thomas,Jones,26-11-1983,Male,Married,Bachelors,Edinburgh,Scotland,UK,12-02-2023,True
EMP108C,Poppy,Taylor,22-10-1982,Male,Married,High School,London,England,UK,01-11-2015,True
EMP109C,Priya,Singh,26-09-2003,Male,Single,Bachelors,New Delhi,Delhi,India,13-11-2020,True
EMP110C,Thomas,Brown,28-01-1983,Female,Married,Masters,Birmingham,England,UK,01-01-2017,True
EMP111C,Patricia,Rodriguez,11-01-1966,Male,Single,PhD,Chicago,Illinois,US,12-05-2021,True
EMP112C,Barbara,Williams,16-08-1982,Female,Single,Masters,Chicago,Illinois,US,08-03-2023,True
EMP113C,Sanjay,Kumar,15-12-1997,Male,Single,Bachelors,Bangalore,Karnataka,India,22-01-2015,True
EMP114C,Rahul,Verma,28-02-1980,Female,Single,Diploma,Hyderabad,Telangana,India,03-03-2022,True
EMP115C,Vikram,Reddy,27-11-2002,Male,Single,Masters,Bangalore,Karnataka,India,12-06-2019,False
EMP116C,Anjali,Kumari,13-09-1991,Male,Single,Bachelors,Mumbai,Maharashtra,India,10-04-2016,True
EMP117C,Sanjay,Kumari,02-07-1977,Male,Single,Masters,New Delhi,Delhi,India,22-11-2018,True
EMP118C,Harry,Clark,18-09-1983,Female,Single,Masters,London,England,UK,09-02-2016,True
EMP119C,John,Rodriguez,24-08-1980,Female,Married,Masters,New York,New York,US,23-02-2018,True
EMP120C,Linda,Smith,25-08-1980,Male,Married,Masters,Austin,Texas,US,26-08-2016,True
EMP121C,Rakesh,Bose,05-04-1971,Male,Married,PhD,Hyderabad,Telangana,India,20-07-2019,True
EMP122C,Jacob,Williams,24-12-1998,Male,Married,Bachelors,Edinburgh,Scotland,UK,22-08-2025,True
EMP123C,Barbara,Johnson,06-05-1989,Male,Married,Bachelors,Seattle,Washington,US,26-09-2025,True
EMP124C,Emily,Evans,05-01-1983,Male,Married,Bachelors,London,England,UK,23-11-2023,True
EMP125C,Michael,Davis,23-09-1982,Female,Single,Bachelors,Seattle,Washington,US,15-05-2019,True
EMP126C,Poppy,Roberts,16-05-1990,Male,Single,Bachelors,Glasgow,Scotland,UK,27-05-2025,True
EMP127C,Linda,Davis,13-02-1966,Male,Divorced,Bachelors,San Francisco,California,US,28-03-2022,True
EMP128C,Emily,Jones,10-10-1984,Male,Married,Masters,Birmingham,England,UK,16-08-2016,True
EMP129C,Linda,Rodriguez,17-09-2003,Female,Married,Bachelors,Seattle,Washington,US,27-07-2016,True
EMP130C,Arjun,Gupta,08-10-1966,Male,Married,Bachelors,Hyderabad,Telangana,India,24-07-2017,True
EMP131C,Amit,Iyer,23-01-1985,Female,Single,Bachelors,Chennai,Tamil Nadu,India,15-11-2020,True
EMP132C,Kavita,Sharma,23-09-1971,Female,Married,Diploma,Mumbai,Maharashtra,India,27-05-2019,True
EMP133C,Olivia,Jones,07-11-1993,Female,Single,Bachelors,Edinburgh,Scotland,UK,01-11-2018,True
EMP134C,Rakesh,Sharma,06-10-2004,Male,Single,PhD,Hyderabad,Telangana,India,02-09-2017,True
EMP135C,Jack,Jones,24-06-1996,Female,Single,Bachelors,Manchester,England,UK,16-11-2018,True
EMP136C,Charlie,Davies,19-03-1999,Female,Single,Masters,London,England,UK,05-02-2026,True
EMP137C,Amelia,Wilson,23-05-2000,Male,Single,Bachelors,Edinburgh,Scotland,UK,12-02-2016,False
EMP138C,Patricia,Jones,24-01-1989,Female,Single,Masters,Austin,Texas,US,18-04-2021,False
EMP139C,Kavita,Iyer,04-11-1980,Female,Married,Masters,New Delhi,Delhi,India,27-08-2021,True
EMP140C,Patricia,Miller,28-09-1994,Female,Married,Bachelors,Chicago,Illinois,US,11-08-2026,True
EMP141C,Kiran,Gupta,14-05-1992,Male,Married,Bachelors,Chennai,Tamil Nadu,India,19-06-2020,True
EMP142C,Patricia,Miller,04-09-1967,Female,Divorced,High School,Seattle,Washington,US,17-09-2015,True
EMP143C,Arjun,Verma,03-11-1973,Female,Single,PhD,Hyderabad,Telangana,India,15-09-2018,True
EMP144C,Jack,Clark,19-11-2002,Female,Single,Masters,London,England,UK,08-01-2025,False
EMP145C,David,Smith,02-10-1980,Male,Single,Masters,San Francisco,California,US,03-06-2016,True
EMP146C,Thomas,Jones,30-05-1974,Female,Single,Diploma,Birmingham,England,UK,09-07-2015,True
EMP147C,Elizabeth,Jones,10-10-2000,Male,Single,Bachelors,San Francisco,California,US,09-01-2026,True
EMP148C,Elizabeth,Smith,08-09-1971,Female,Married,Bachelors,Austin,Texas,US,30-12-2023,True
EMP149C,Anjali,Reddy,19-08-1973,Female,Single,Bachelors,New Delhi,Delhi,India,23-02-2016,True
EMP150C,Manish,Reddy,20-05-1986,Female,Single,Bachelors,Hyderabad,Telangana,India,24-10-2016,True
EMP151C,Jack,Thomas,26-08-1983,Female,Single,Bachelors,London,England,UK,16-01-2018,True
EMP152C,Mary,Williams,16-03-1999,Male,Married,Bachelors,New York,New York,US,01-09-2025,True
EMP153C,Priya,Chauhan,24-02-2000,Female,Single,High School,Hyderabad,Telangana,India,10-07-2026,True
EMP154C,Oliver,Wilson,10-06-2000,Male,Divorced,Bachelors,Glasgow,Scotland,UK,17-11-2016,True
EMP155C,Vikram,Iyer,07-11-2001,Male,Divorced,Diploma,Hyderabad,Telangana,India,20-12-2021,True
EMP156C,Thomas,Wilson,13-04-1975,Male,Single,Bachelors,Edinburgh,Scotland,UK,29-03-2017,True
EMP157C,Kavita,Verma,06-06-1981,Male,Married,Diploma,Bangalore,Karnataka,India,04-04-2018,True
EMP158C,Anjali,Iyer,24-08-1981,Female,Single,Bachelors,Bangalore,Karnataka,India,10-07-2020,True
EMP159C,George,Taylor,25-10-1968,Male,Married,Bachelors,Birmingham,England,UK,18-07-2015,True
EMP160C,Amelia,Brown,04-06-1995,Male,Single,Bachelors,London,England,UK,08-07-2018,True
EMP161C,Poppy,Taylor,10-04-1985,Male,Married,Bachelors,Edinburgh,Scotland,UK,29-09-2023,True
EMP162C,John,Martinez,20-08-1991,Male,Single,Masters,New York,New York,US,17-04-2026,True
EMP163C,Linda,Brown,04-05-1990,Female,Married,Bachelors,Chicago,Illinois,US,09-11-2025,True
EMP164C,Jennifer,Martinez,04-04-1979,Male,Single,PhD,Seattle,Washington,US,15-05-2023,True
EMP165C,Priya,Chauhan,30-05-1998,Female,Married,Masters,Hyderabad,Telangana,India,01-02-2026,False
EMP166C,Ravi,Patel,13-12-1999,Male,Single,Bachelors,Chennai,Tamil Nadu,India,24-02-2025,True
EMP167C,Jack,Davies,17-06-1997,Male,Single,Bachelors,Edinburgh,Scotland,UK,21-10-2022,True
EMP168C,George,Jones,29-08-1998,Female,Single,Bachelors,London,England,UK,18-12-2017,True
EMP169C,James,Johnson,01-07-1994,Male,Single,Bachelors,Seattle,Washington,US,01-08-2018,True
EMP170C,Anjali,Gupta,24-09-2002,Male,Single,Bachelors,Bangalore,Karnataka,India,04-09-2023,True
EMP171C,Charlie,Taylor,31-07-1991,Female,Married,Bachelors,Edinburgh,Scotland,UK,14-07-2023,True
EMP172C,Amit,Kumari,05-04-1986,Male,Married,Bachelors,Mumbai,Maharashtra,India,26-11-2017,True
EMP173C,William,Garcia,28-08-1981,Male,Married,Masters,New York,New York,US,03-05-2017,True
EMP174C,George,Clark,15-03-1986,Male,Married,Bachelors,Birmingham,England,UK,11-02-2023,True
EMP175C,Mary,Martinez,10-12-1997,Male,Married,Masters,San Francisco,California,US,05-08-2024,True
EMP176C,Olivia,Williams,25-04-1999,Female,Divorced,Bachelors,Edinburgh,Scotland,UK,13-12-2022,True
EMP177C,Amit,Patel,23-03-2003,Female,Married,Masters,New Delhi,Delhi,India,27-08-2019,True
EMP178C,Priya,Iyer,28-04-2000,Female,Married,Bachelors,Bangalore,Karnataka,India,22-06-2021,True
EMP179C,Patricia,Brown,05-05-1969,Female,Single,Masters,New York,New York,US,23-06-2017,True
EMP180C,John,Jones,18-04-1974,Female,Single,High School,Seattle,Washington,US,12-07-2017,True
EMP181C,Michael,Garcia,22-09-1989,Male,Single,Bachelors,Chicago,Illinois,US,14-06-2026,True
EMP182C,Neha,Reddy,13-11-1990,Male,Married,Diploma,Chennai,Tamil Nadu,India,03-01-2024,True
EMP183C,Poppy,Taylor,17-12-1966,Female,Single,Masters,Manchester,England,UK,17-04-2016,True
EMP184C,Harry,Clark,11-07-1986,Male,Married,High School,London,England,UK,17-02-2025,True
EMP185C,George,Thomas,08-02-1985,Female,Married,Bachelors,Glasgow,Scotland,UK,13-03-2016,True
EMP186C,Elizabeth,Martinez,29-07-1970,Male,Single,Masters,Chicago,Illinois,US,30-01-2022,True
EMP187C,Michael,Garcia,04-02-1987,Male,Married,Masters,Seattle,Washington,US,15-04-2017,True
EMP188C,Amelia,Wilson,05-09-1985,Female,Married,Bachelors,Manchester,England,UK,24-02-2024,True
EMP189C,Sanjay,Mishra,23-02-1990,Male,Single,Masters,Hyderabad,Telangana,India,21-05-2024,True
EMP190C,Arjun,Mishra,08-02-1970,Male,Married,High School,Chennai,Tamil Nadu,India,16-10-2023,True
EMP191C,Vikram,Kumar,01-01-1996,Male,Married,Diploma,New Delhi,Delhi,India,07-11-2018,True
EMP192C,Rahul,Kumar,04-01-1992,Male,Single,Masters,Chennai,Tamil Nadu,India,02-01-2021,True
EMP193C,Amelia,Davies,19-10-2001,Male,Married,Masters,Birmingham,England,UK,17-04-2026,False
EMP194C,George,Williams,15-06-1979,Female,Single,Masters,Edinburgh,Scotland,UK,20-11-2019,True
EMP195C,Rakesh,Bose,03-12-2003,Female,Married,Masters,Bangalore,Karnataka,India,30-06-2016,True
EMP196C,Rakesh,Iyer,23-09-1982,Male,Married,Bachelors,Bangalore,Karnataka,India,07-02-2024,True
EMP197C,Mary,Brown,23-10-1999,Male,Married,High School,Seattle,Washington,US,20-02-2022,True
EMP198C,Elizabeth,Miller,21-09-1978,Female,Married,Bachelors,Seattle,Washington,US,13-01-2016,True
EMP199C,John,Jones,10-02-1999,Male,Married,Bachelors,New York,New York,US,31-05-2017,True
EMP200C,Kiran,Sharma,23-01-1996,Male,Single,Masters,Bangalore,Karnataka,India,23-04-2019,True
EMP201C,Jacob,Jones,16-02-1977,Male,Married,Bachelors,Manchester,England,UK,22-12-2017,True
EMP202C,Jack,Jones,25-08-1965,Male,Married,Diploma,Edinburgh,Scotland,UK,23-02-2019,True
EMP203C,Robert,Jones,16-07-1977,Male,Married,Masters,San Francisco,California,US,26-01-2021,True
EMP204C,Sanjay,Bose,03-01-1998,Female,Married,PhD,New Delhi,Delhi,India,23-03-2024,True
EMP205C,Robert,Smith,09-03-1989,Male,Married,Bachelors,Seattle,Washington,US,24-04-2017,True
EMP206C,Robert,Williams,29-12-2001,Male,Single,Diploma,Austin,Texas,US,03-02-2017,True
EMP207C,Amit,Reddy,04-12-1990,Male,Single,PhD,Bangalore,Karnataka,India,07-08-2023,True
EMP208C,Neha,Singh,27-06-1975,Male,Married,Diploma,Hyderabad,Telangana,India,30-06-2024,True
EMP209C,Mary,Johnson,16-09-1978,Male,Single,Bachelors,Seattle,Washington,US,14-05-2015,True
EMP210C,Manish,Kumari,01-08-1973,Male,Married,Masters,Hyderabad,Telangana,India,26-12-2018,True
EMP211C,Poppy,Brown,01-02-1998,Female,Married,Bachelors,Manchester,England,UK,06-09-2019,False
EMP212C,Oliver,Roberts,03-12-1972,Female,Divorced,Masters,Edinburgh,Scotland,UK,17-06-2021,True
EMP213C,Amelia,Evans,01-08-1980,Male,Divorced,Masters,London,England,UK,12-01-2021,True
EMP214C,Emily,Clark,25-02-1984,Female,Single,Bachelors,Birmingham,England,UK,03-10-2025,True
EMP215C,George,Thomas,18-06-1988,Male,Single,Masters,Edinburgh,Scotland,UK,03-01-2016,True
EMP216C,Amelia,Davies,21-05-1992,Female,Married,Bachelors,Manchester,England,UK,05-10-2019,True
EMP217C,Michael,Davis,13-04-2003,Male,Married,Masters,Seattle,Washington,US,01-04-2025,True
EMP218C,Elizabeth,Smith,13-01-1999,Male,Married,Bachelors,New York,New York,US,16-11-2024,True
EMP219C,Isla,Taylor,13-08-1979,Male,Married,Diploma,Birmingham,England,UK,10-10-2025,True
EMP220C,Emily,Wilson,12-10-2004,Male,Single,Masters,London,England,UK,15-08-2023,True
EMP221C,Elizabeth,Miller,30-09-1965,Female,Married,Bachelors,Seattle,Washington,US,02-06-2015,True
EMP222C,Poppy,Brown,05-09-2000,Female,Single,Masters,Edinburgh,Scotland,UK,21-12-2021,False
EMP223C,Poppy,Williams,28-10-1979,Male,Divorced,Masters,Birmingham,England,UK,15-10-2017,True
EMP224C,Arjun,Patel,02-06-2000,Male,Married,Masters,Hyderabad,Telangana,India,13-11-2018,True
EMP225C,Arjun,Reddy,15-10-1973,Female,Married,Bachelors,New Delhi,Delhi,India,18-02-2024,True
EMP226C,George,Jones,09-10-1968,Male,Single,Bachelors,London,England,UK,07-11-2024,True
EMP227C,Amelia,Williams,13-09-1974,Female,Single,Diploma,Edinburgh,Scotland,UK,09-11-2022,True
EMP228C,Sanjay,Singh,31-07-1976,Female,Married,Bachelors,Bangalore,Karnataka,India,26-10-2021,True
EMP229C,Thomas,Brown,19-08-1981,Female,Married,Diploma,Manchester,England,UK,12-08-2016,True
EMP230C,Thomas,Jones,11-01-1981,Female,Married,Bachelors,Edinburgh,Scotland,UK,13-10-2017,True
EMP231C,Olivia,Williams,08-11-1987,Female,Married,Bachelors,Edinburgh,Scotland,UK,20-10-2023,True
EMP232C,Jennifer,Martinez,17-03-1971,Female,Married,Bachelors,Austin,Texas,US,15-05-2020,True
EMP233C,Robert,Smith,14-02-1966,Female,Married,High School,San Francisco,California,US,25-09-2023,True
EMP234C,Michael,Davis,17-12-1968,Male,Single,Bachelors,Austin,Texas,US,29-11-2021,True
EMP235C,Kavita,Chauhan,17-06-1977,Male,Married,Bachelors,Bangalore,Karnataka,India,21-04-2016,True
EMP236C,Barbara,Rodriguez,28-11-2000,Female,Married,Bachelors,San Francisco,California,US,07-07-2021,True
EMP237C,Sneha,Nayak,08-02-1995,Male,Married,High School,Bangalore,Karnataka,India,25-03-2024,True
EMP238C,James,Martinez,19-10-1998,Female,Married,Diploma,New York,New York,US,05-05-2016,True
EMP239C,Thomas,Clark,19-08-1995,Female,Married,Masters,Glasgow,Scotland,UK,19-01-2022,True
EMP240C,Robert,Miller,04-03-1969,Female,Married,Masters,Chicago,Illinois,US,30-12-2021,True
EMP241C,Barbara,Davis,10-08-1971,Male,Married,Masters,Seattle,Washington,US,20-12-2023,True
EMP242C,Michael,Garcia,12-05-1972,Male,Married,High School,Seattle,Washington,US,18-05-2015,True
EMP243C,Ravi,Iyer,07-08-2002,Female,Married,Bachelors,Bangalore,Karnataka,India,25-06-2024,True
EMP244C,John,Williams,11-11-1988,Female,Single,Bachelors,New York,New York,US,24-03-2016,False
EMP245C,Linda,Brown,18-09-1976,Female,Single,Bachelors,San Francisco,California,US,06-09-2020,True
EMP246C,Amit,Sharma,19-02-1975,Female,Married,Masters,New Delhi,Delhi,India,29-04-2021,False
EMP247C,Arjun,Iyer,14-04-1969,Male,Single,Bachelors,Hyderabad,Telangana,India,15-12-2021,True
EMP248C,Mary,Rodriguez,09-10-1983,Female,Married,Diploma,San Francisco,California,US,03-03-2018,True
EMP249C,Ravi,Gupta,16-09-1979,Female,Married,Masters,Chennai,Tamil Nadu,India,06-10-2018,True
EMP250C,Anjali,Bose,26-10-1979,Female,Married,Masters,Chennai,Tamil Nadu,India,14-09-2016,False
EMP251C,Vikram,Kumar,15-12-1978,Male,Married,Masters,New Delhi,Delhi,India,29-10-2019,True
EMP252C,Sanjay,Kumari,24-07-1996,Male,Single,Bachelors,Bangalore,Karnataka,India,16-10-2020,True
EMP253C,Poppy,Evans,29-12-1997,Male,Single,Bachelors,Glasgow,Scotland,UK,06-06-2020,True
EMP254C,Neha,Sharma,11-03-1976,Male,Single,Bachelors,New Delhi,Delhi,India,14-12-2016,True
EMP255C,Patricia,Smith,26-04-1978,Male,Married,Bachelors,New York,New York,US,05-01-2020,True
EMP256C,Thomas,Taylor,13-01-1979,Female,Married,Masters,London,England,UK,01-02-2023,True
EMP257C,Olivia,Brown,30-03-1973,Male,Single,Masters,Birmingham,England,UK,22-10-2021,True
EMP258C,Jacob,Evans,30-11-1997,Male,Single,PhD,Manchester,England,UK,08-05-2024,False
EMP259C,Thomas,Wilson,07-03-1972,Female,Single,Masters,Edinburgh,Scotland,UK,22-05-2015,True
EMP260C,William,Williams,15-08-1993,Female,Single,Masters,Chicago,Illinois,US,29-05-2018,True
EMP261C,Poppy,Wilson,11-10-1996,Male,Married,High School,Manchester,England,UK,05-05-2019,True
EMP262C,Jack,Williams,17-03-1967,Male,Single,High School,Birmingham,England,UK,26-11-2017,True
EMP263C,Charlie,Thomas,18-12-1989,Female,Divorced,Diploma,Birmingham,England,UK,24-01-2026,True
EMP264C,Mary,Jones,05-01-2001,Male,Married,Diploma,Austin,Texas,US,02-01-2016,False
EMP265C,Emily,Wilson,24-04-2002,Male,Single,Bachelors,London,England,UK,26-12-2015,True
EMP266C,Robert,Davis,31-12-1990,Male,Single,Diploma,Austin,Texas,US,14-12-2023,True
EMP267C,Thomas,Clark,17-03-1969,Female,Single,Masters,Glasgow,Scotland,UK,08-10-2024,True
EMP268C,John,Brown,01-02-1982,Female,Married,PhD,Seattle,Washington,US,29-05-2026,True
EMP269C,Poppy,Brown,28-09-1970,Male,Married,High School,London,England,UK,25-09-2023,True
EMP270C,Rahul,Chauhan,06-06-1977,Female,Divorced,Diploma,Bangalore,Karnataka,India,16-03-2015,True
EMP271C,Poppy,Jones,16-05-1988,Female,Married,Bachelors,Manchester,England,UK,26-08-2019,False
EMP272C,Poppy,Davies,21-06-1975,Female,Married,Bachelors,Birmingham,England,UK,26-09-2017,False
EMP273C,Amelia,Taylor,28-08-1970,Female,Married,Masters,Edinburgh,Scotland,UK,28-10-2019,True
EMP274C,William,Rodriguez,25-06-1972,Female,Married,Masters,Chicago,Illinois,US,10-06-2022,True
EMP275C,Charlie,Williams,03-12-1971,Male,Single,High School,Manchester,England,UK,14-01-2015,True
EMP276C,Emily,Evans,16-07-1987,Male,Married,Bachelors,Edinburgh,Scotland,UK,22-06-2024,True
EMP277C,William,Brown,24-07-1968,Male,Single,Bachelors,Chicago,Illinois,US,18-04-2021,True
EMP278C,Jennifer,Garcia,13-10-1996,Female,Divorced,Diploma,Austin,Texas,US,13-04-2026,True
EMP279C,George,Davies,21-08-2002,Male,Married,Bachelors,Glasgow,Scotland,UK,05-07-2018,True
EMP280C,Robert,Garcia,25-01-1981,Female,Single,Diploma,San Francisco,California,US,11-02-2024,True
EMP281C,Linda,Rodriguez,28-03-1967,Male,Single,Bachelors,Seattle,Washington,US,30-04-2020,False
EMP282C,Amit,Mishra,07-09-1979,Female,Married,Bachelors,Mumbai,Maharashtra,India,20-04-2019,True
EMP283C,John,Williams,27-05-1983,Male,Married,Bachelors,Seattle,Washington,US,28-10-2019,True
EMP284C,Michael,Smith,17-06-1978,Male,Single,Masters,New York,New York,US,27-02-2021,True
EMP285C,Neha,Iyer,08-07-1980,Female,Single,Bachelors,Bangalore,Karnataka,India,14-12-2023,True
EMP286C,Sneha,Sharma,28-12-1976,Female,Married,Diploma,Chennai,Tamil Nadu,India,25-10-2023,True
EMP287C,Amit,Reddy,29-10-1967,Male,Married,Bachelors,New Delhi,Delhi,India,11-11-2023,True
EMP288C,Amelia,Wilson,01-11-1968,Female,Divorced,Masters,Edinburgh,Scotland,UK,30-03-2026,True
EMP289C,Charlie,Brown,11-05-1979,Male,Single,Bachelors,Glasgow,Scotland,UK,10-06-2015,True
EMP290C,Vikram,Verma,28-07-1998,Female,Single,Bachelors,Bangalore,Karnataka,India,02-12-2023,True
EMP291C,Rakesh,Kumar,22-10-1981,Female,Single,Bachelors,New Delhi,Delhi,India,30-03-2017,True
EMP292C,Jacob,Davies,13-05-1977,Male,Married,Masters,London,England,UK,15-09-2018,True
EMP293C,Arjun,Chauhan,30-12-1999,Female,Married,High School,New Delhi,Delhi,India,07-02-2021,True
EMP294C,Sneha,Patel,10-05-1999,Female,Married,Masters,New Delhi,Delhi,India,19-09-2019,True
EMP295C,Sneha,Mishra,08-07-2003,Male,Married,Masters,Hyderabad,Telangana,India,27-02-2018,True
EMP296C,Jack,Davies,15-04-1967,Male,Single,Masters,London,England,UK,21-09-2019,True
EMP297C,Jacob,Thomas,21-03-1968,Female,Married,Bachelors,Edinburgh,Scotland,UK,15-06-2021,True
EMP298C,Sneha,Patel,28-01-1994,Female,Single,Bachelors,Hyderabad,Telangana,India,01-01-2024,True
EMP299C,David,Garcia,23-09-1981,Female,Married,Masters,Chicago,Illinois,US,16-01-2022,True
EMP300C,Thomas,Clark,21-05-1969,Female,Married,Bachelors,Birmingham,England,UK,05-10-2021,False
EMP301C,Jacob,Taylor,26-06-1978,Male,Married,Bachelors,Manchester,England,UK,05-10-2018,True
EMP302C,Isla,Taylor,02-08-1970,Female,Married,Bachelors,Birmingham,England,UK,21-12-2025,False
EMP303C,Arjun,Iyer,13-09-1985,Male,Single,Masters,Bangalore,Karnataka,India,10-05-2021,True
EMP304C,Amit,Das,30-08-1984,Male,Divorced,Bachelors,Hyderabad,Telangana,India,13-09-2015,True
EMP305C,Jacob,Clark,09-01-1979,Female,Married,Bachelors,London,England,UK,12-09-2024,False
EMP306C,Harry,Taylor,18-11-1973,Female,Married,Bachelors,Birmingham,England,UK,07-07-2024,True
EMP307C,Amelia,Roberts,14-12-1988,Male,Single,Diploma,Glasgow,Scotland,UK,08-01-2016,True
EMP308C,Pooja,Chauhan,12-02-1967,Female,Divorced,Bachelors,New Delhi,Delhi,India,08-05-2019,True
EMP309C,David,Jones,13-12-1996,Female,Married,Masters,Seattle,Washington,US,10-09-2024,True
EMP310C,Sanjay,Verma,20-06-1985,Male,Married,Masters,Chennai,Tamil Nadu,India,25-05-2019,True
EMP311C,Jennifer,Rodriguez,11-01-1995,Female,Single,Masters,San Francisco,California,US,26-07-2015,True
EMP312C,Jacob,Taylor,31-08-1970,Male,Divorced,Masters,Manchester,England,UK,16-08-2024,True
EMP313C,Rahul,Verma,09-04-1991,Female,Married,Bachelors,Bangalore,Karnataka,India,27-07-2018,False
EMP314C,Rakesh,Patel,06-11-1976,Female,Single,Bachelors,Chennai,Tamil Nadu,India,05-11-2023,True
EMP315C,Priya,Patel,06-10-2000,Female,Single,Bachelors,New Delhi,Delhi,India,04-06-2021,True
EMP316C,Patricia,Rodriguez,12-11-1993,Male,Married,Bachelors,New York,New York,US,28-03-2018,True
EMP317C,Olivia,Roberts,02-02-1995,Male,Single,Masters,Birmingham,England,UK,08-04-2021,True
EMP318C,David,Rodriguez,29-12-1969,Male,Married,Bachelors,San Francisco,California,US,13-06-2020,False
EMP319C,James,Brown,28-01-1967,Male,Divorced,Masters,New York,New York,US,09-11-2023,False
EMP320C,Michael,Johnson,21-11-1983,Female,Married,Diploma,Seattle,Washington,US,06-06-2025,True
EMP321C,John,Johnson,16-09-1982,Male,Married,Diploma,Chicago,Illinois,US,09-12-2015,True
EMP322C,Elizabeth,Brown,13-09-2000,Female,Single,Bachelors,New York,New York,US,18-08-2018,True
EMP323C,Mary,Martinez,01-12-1965,Female,Married,Bachelors,Seattle,Washington,US,01-01-2024,True
EMP324C,Oliver,Clark,19-02-1970,Female,Married,Diploma,Edinburgh,Scotland,UK,23-02-2020,True
EMP325C,Sanjay,Mishra,21-07-1982,Female,Divorced,Bachelors,New Delhi,Delhi,India,19-03-2019,True
EMP326C,Rahul,Patel,13-01-2000,Female,Divorced,Bachelors,Bangalore,Karnataka,India,01-08-2020,True
EMP327C,Priya,Nayak,23-07-2000,Female,Married,Diploma,Mumbai,Maharashtra,India,25-07-2015,True
EMP328C,Jack,Brown,18-11-1992,Male,Single,Bachelors,Birmingham,England,UK,17-04-2026,True
EMP329C,Kiran,Chauhan,07-10-1974,Female,Single,Masters,New Delhi,Delhi,India,07-10-2025,True
EMP330C,George,Davies,19-08-1990,Female,Single,PhD,London,England,UK,18-05-2018,True
EMP331C,Thomas,Thomas,11-02-1987,Male,Married,Masters,Glasgow,Scotland,UK,12-12-2019,True
EMP332C,Amit,Patel,18-05-1976,Female,Single,Diploma,Hyderabad,Telangana,India,11-04-2016,True
EMP333C,Robert,Rodriguez,05-03-1970,Female,Married,Bachelors,San Francisco,California,US,07-09-2019,True
EMP334C,David,Miller,06-06-1994,Female,Married,Masters,New York,New York,US,12-09-2023,True
EMP335C,Rakesh,Das,29-06-2000,Female,Married,Masters,Hyderabad,Telangana,India,01-01-2016,True
EMP336C,Jennifer,Davis,04-12-1988,Male,Married,Masters,Austin,Texas,US,10-08-2017,True
EMP337C,Barbara,Brown,11-04-1972,Female,Single,Bachelors,New York,New York,US,22-09-2022,True
EMP338C,Amelia,Clark,19-09-1986,Female,Single,Masters,Birmingham,England,UK,10-04-2024,True
EMP339C,Robert,Garcia,19-05-1982,Male,Single,Bachelors,Chicago,Illinois,US,07-05-2025,True
EMP340C,Oliver,Brown,25-08-1980,Female,Single,Bachelors,Glasgow,Scotland,UK,20-05-2026,True
EMP341C,Poppy,Clark,26-01-2000,Female,Single,Masters,Manchester,England,UK,08-07-2016,False
EMP342C,Linda,Davis,10-01-2002,Female,Single,Bachelors,Chicago,Illinois,US,04-07-2025,True
EMP343C,Elizabeth,Williams,15-01-1981,Male,Single,Bachelors,Chicago,Illinois,US,30-11-2016,True
EMP344C,Priya,Reddy,14-09-1995,Male,Single,Diploma,Mumbai,Maharashtra,India,07-10-2018,True
EMP345C,Poppy,Brown,27-11-2004,Male,Married,PhD,Birmingham,England,UK,03-07-2023,True
EMP346C,Elizabeth,Jones,19-08-1984,Female,Single,Diploma,San Francisco,California,US,12-12-2023,True
EMP347C,Mary,Williams,28-02-1982,Female,Single,Masters,Seattle,Washington,US,09-06-2020,True
EMP348C,Amelia,Davies,04-05-1993,Male,Single,Bachelors,Glasgow,Scotland,UK,22-08-2022,False
EMP349C,John,Rodriguez,31-07-1978,Male,Single,Masters,New York,New York,US,21-07-2020,True
EMP350C,William,Miller,23-05-1997,Male,Single,Bachelors,Seattle,Washington,US,26-11-2023,True
EMP351C,Kiran,Kumar,21-07-1991,Male,Married,Bachelors,Mumbai,Maharashtra,India,24-04-2022,False
EMP352C,Isla,Williams,25-01-1972,Female,Married,Masters,Glasgow,Scotland,UK,21-07-2019,True
EMP353C,Ravi,Mishra,09-07-1975,Male,Married,Bachelors,Mumbai,Maharashtra,India,19-10-2023,True
EMP354C,Oliver,Thomas,16-11-1986,Female,Single,Diploma,London,England,UK,09-04-2022,True
EMP355C,Priya,Reddy,11-06-1981,Female,Single,Bachelors,Bangalore,Karnataka,India,04-11-2016,True
EMP356C,Elizabeth,Williams,03-05-1979,Male,Married,Bachelors,New York,New York,US,13-01-2021,False
EMP357C,David,Martinez,10-05-1997,Female,Single,Bachelors,Chicago,Illinois,US,09-03-2021,True
EMP358C,Robert,Rodriguez,19-02-1987,Male,Divorced,Masters,San Francisco,California,US,20-04-2015,True
EMP359C,Vikram,Gupta,31-08-1991,Male,Single,Bachelors,Mumbai,Maharashtra,India,06-02-2016,True
EMP360C,Manish,Iyer,16-05-1981,Male,Married,Bachelors,Chennai,Tamil Nadu,India,21-03-2026,True
EMP361C,Elizabeth,Davis,21-01-2003,Male,Married,Masters,San Francisco,California,US,23-11-2017,True
EMP362C,Pooja,Sharma,07-04-1991,Female,Married,Bachelors,Bangalore,Karnataka,India,31-01-2015,True
EMP363C,Sneha,Gupta,22-12-1993,Female,Single,Bachelors,New Delhi,Delhi,India,20-10-2017,True
EMP364C,Kiran,Chauhan,24-11-1978,Male,Single,Masters,Hyderabad,Telangana,India,22-04-2025,False
EMP365C,Ravi,Singh,20-06-1989,Male,Married,Bachelors,Bangalore,Karnataka,India,03-12-2017,True
EMP366C,Poppy,Thomas,23-07-2004,Female,Single,Bachelors,Edinburgh,Scotland,UK,27-09-2024,True
EMP367C,Kavita,Patel,13-12-1969,Female,Divorced,Masters,New Delhi,Delhi,India,21-08-2026,True
EMP368C,Patricia,Rodriguez,14-12-1988,Male,Married,Diploma,New York,New York,US,20-01-2016,True
EMP369C,Elizabeth,Miller,18-10-1983,Female,Married,Bachelors,New York,New York,US,13-02-2016,True
EMP370C,Manish,Nayak,26-06-1966,Male,Married,Bachelors,Hyderabad,Telangana,India,07-02-2018,True
EMP371C,Ravi,Chauhan,05-11-1975,Male,Divorced,Diploma,Mumbai,Maharashtra,India,25-04-2016,True
EMP372C,John,Williams,06-05-2000,Male,Married,Bachelors,Chicago,Illinois,US,23-06-2016,True
EMP373C,Jacob,Williams,30-03-1977,Female,Married,Bachelors,Glasgow,Scotland,UK,17-11-2019,False
EMP374C,Emily,Brown,06-10-2000,Male,Divorced,Bachelors,Birmingham,England,UK,26-04-2024,True
EMP375C,Oliver,Williams,08-08-1975,Female,Single,High School,Manchester,England,UK,01-09-2018,True
EMP376C,Priya,Bose,16-10-2002,Female,Married,Masters,Chennai,Tamil Nadu,India,07-11-2015,True
EMP377C,Jacob,Davies,19-07-1994,Male,Married,Bachelors,Manchester,England,UK,15-04-2026,True
EMP378C,Jack,Taylor,13-11-1984,Female,Married,Bachelors,Edinburgh,Scotland,UK,22-03-2018,True
EMP379C,Jack,Clark,08-06-1977,Female,Married,Masters,Manchester,England,UK,08-03-2020,True
EMP380C,Poppy,Williams,21-11-1973,Male,Married,Masters,Birmingham,England,UK,07-07-2026,True
EMP381C,Kiran,Sharma,09-08-2002,Male,Single,PhD,Bangalore,Karnataka,India,18-10-2025,True
EMP382C,Robert,Johnson,28-07-1990,Female,Single,Masters,San Francisco,California,US,29-07-2021,True
EMP383C,Amit,Sharma,19-08-1970,Male,Married,Bachelors,Bangalore,Karnataka,India,03-01-2016,True
EMP384C,Neha,Iyer,14-05-1991,Female,Married,Masters,Mumbai,Maharashtra,India,30-12-2022,True
EMP385C,John,Williams,05-01-1972,Female,Married,Masters,Austin,Texas,US,27-10-2023,True
EMP386C,Sneha,Sharma,18-11-2002,Male,Married,Masters,Chennai,Tamil Nadu,India,27-11-2025,True
EMP387C,James,Garcia,24-03-2004,Female,Single,Masters,San Francisco,California,US,11-09-2020,True
EMP388C,Jennifer,Davis,05-05-1993,Male,Divorced,Bachelors,New York,New York,US,10-09-2024,False
EMP389C,Rakesh,Chauhan,22-02-2004,Female,Married,Masters,Hyderabad,Telangana,India,16-03-2024,True
EMP390C,Sneha,Nayak,21-12-1977,Male,Single,Bachelors,Mumbai,Maharashtra,India,11-04-2025,True
EMP391C,Olivia,Roberts,07-10-1995,Male,Married,Bachelors,Birmingham,England,UK,27-12-2024,True
EMP392C,Oliver,Clark,25-09-1983,Male,Married,Masters,London,England,UK,28-12-2015,True
EMP393C,Harry,Thomas,24-04-1982,Male,Married,Diploma,Glasgow,Scotland,UK,24-08-2019,True
EMP394C,Isla,Roberts,27-02-1993,Male,Married,Bachelors,Birmingham,England,UK,03-12-2022,False
EMP395C,William,Rodriguez,02-01-1972,Female,Single,High School,San Francisco,California,US,25-09-2025,True
EMP396C,Emily,Taylor,03-11-1983,Female,Single,Bachelors,Birmingham,England,UK,18-06-2018,True
EMP397C,Thomas,Jones,06-05-1988,Female,Single,Bachelors,Glasgow,Scotland,UK,12-02-2016,False
EMP398C,Elizabeth,Rodriguez,26-10-1976,Male,Divorced,Bachelors,San Francisco,California,US,08-05-2025,True
EMP399C,Thomas,Wilson,13-07-1969,Male,Married,Bachelors,Edinburgh,Scotland,UK,14-07-2016,True
EMP400C,Sneha,Reddy,01-09-1998,Male,Married,Masters,Chennai,Tamil Nadu,India,08-01-2024,True
EMP401C,Isla,Brown,14-06-2002,Female,Married,Masters,Glasgow,Scotland,UK,14-05-2015,True
EMP402C,Pooja,Chauhan,17-06-1969,Female,Married,Bachelors,Hyderabad,Telangana,India,24-10-2025,True
EMP403C,Ravi,Chauhan,24-11-1971,Male,Married,Diploma,Bangalore,Karnataka,India,01-06-2017,True
EMP404C,Oliver,Williams,09-04-1978,Male,Married,Masters,Birmingham,England,UK,23-07-2022,False
EMP405C,Kavita,Bose,17-11-1987,Female,Single,Bachelors,Chennai,Tamil Nadu,India,15-02-2026,True
EMP406C,Patricia,Smith,12-01-1991,Male,Single,Bachelors,San Francisco,California,US,30-07-2020,True
EMP407C,Jacob,Clark,27-06-1990,Female,Single,Bachelors,Manchester,England,UK,11-01-2026,True
EMP408C,John,Rodriguez,09-12-1981,Male,Single,Bachelors,Seattle,Washington,US,14-05-2019,True
EMP409C,David,Miller,15-11-1977,Male,Single,Masters,New York,New York,US,21-09-2018,True
EMP410C,Mary,Williams,03-08-1969,Male,Married,Bachelors,Austin,Texas,US,11-04-2023,True
EMP411C,Sneha,Das,14-02-2003,Male,Single,Diploma,Hyderabad,Telangana,India,03-09-2024,True
EMP412C,Emily,Davies,04-09-1983,Male,Single,Bachelors,Birmingham,England,UK,03-10-2015,True
EMP413C,Amelia,Roberts,23-08-1976,Male,Single,Bachelors,Birmingham,England,UK,17-10-2021,True
EMP414C,Patricia,Johnson,26-02-1975,Male,Married,Masters,San Francisco,California,US,06-04-2020,True
EMP415C,Oliver,Williams,25-02-1976,Female,Single,Diploma,Edinburgh,Scotland,UK,24-09-2017,True
EMP416C,Linda,Johnson,30-12-2002,Female,Divorced,Masters,Seattle,Washington,US,15-04-2017,True
EMP417C,Kiran,Verma,10-07-1968,Female,Single,Masters,Hyderabad,Telangana,India,28-09-2019,True
EMP418C,George,Taylor,14-04-1996,Male,Single,Bachelors,Glasgow,Scotland,UK,31-12-2021,False
EMP419C,Elizabeth,Smith,07-09-1990,Female,Married,Masters,Austin,Texas,US,06-02-2025,True
EMP420C,Linda,Johnson,21-04-2001,Female,Married,Bachelors,Austin,Texas,US,09-10-2019,True
EMP421C,Linda,Williams,18-06-2000,Male,Married,Bachelors,San Francisco,California,US,11-05-2022,True
EMP422C,Pooja,Mishra,09-02-1992,Male,Single,Diploma,Hyderabad,Telangana,India,16-10-2020,True
EMP423C,Vikram,Iyer,06-03-1968,Male,Married,High School,Chennai,Tamil Nadu,India,29-12-2016,False
EMP424C,Vikram,Chauhan,07-12-1986,Female,Single,Masters,Hyderabad,Telangana,India,29-03-2020,True
EMP425C,Rahul,Kumari,18-02-1975,Female,Single,Masters,Chennai,Tamil Nadu,India,15-06-2022,True
EMP426C,Amit,Verma,25-12-1981,Female,Married,Bachelors,Hyderabad,Telangana,India,21-12-2023,False
EMP427C,James,Brown,06-03-1965,Male,Married,Masters,Chicago,Illinois,US,27-07-2015,True
EMP428C,Kavita,Kumar,19-08-1969,Male,Divorced,Diploma,New Delhi,Delhi,India,05-06-2019,True
EMP429C,Ravi,Iyer,01-03-1969,Female,Single,Diploma,Hyderabad,Telangana,India,27-10-2015,True
EMP430C,Jennifer,Martinez,13-04-1988,Female,Married,Masters,Chicago,Illinois,US,07-04-2021,True
EMP431C,Amelia,Evans,10-08-1997,Male,Single,Masters,Manchester,England,UK,11-06-2017,True
EMP432C,Manish,Bose,24-04-1982,Male,Divorced,Bachelors,Chennai,Tamil Nadu,India,18-08-2023,True
EMP433C,Isla,Brown,26-02-1996,Male,Single,Bachelors,London,England,UK,09-11-2019,True
EMP434C,Harry,Brown,19-11-1971,Female,Married,Bachelors,Glasgow,Scotland,UK,09-06-2023,True
EMP435C,David,Johnson,28-04-1999,Female,Divorced,Bachelors,Austin,Texas,US,31-05-2020,True
EMP436C,Vikram,Kumari,30-09-1985,Male,Single,Masters,New Delhi,Delhi,India,09-04-2017,True
EMP437C,John,Garcia,21-08-1982,Female,Married,Masters,New York,New York,US,20-03-2019,True
EMP438C,Thomas,Clark,22-03-1965,Male,Married,Bachelors,Edinburgh,Scotland,UK,12-04-2017,True
EMP439C,Harry,Thomas,29-08-1970,Male,Single,Bachelors,London,England,UK,01-12-2023,True
EMP440C,Vikram,Kumari,21-08-1998,Male,Single,Bachelors,Mumbai,Maharashtra,India,19-10-2016,True
EMP441C,Vikram,Das,05-07-1998,Male,Single,Diploma,Chennai,Tamil Nadu,India,27-04-2019,False
EMP442C,Amit,Kumari,04-11-1981,Male,Married,Masters,Chennai,Tamil Nadu,India,02-05-2019,True
EMP443C,Emily,Wilson,30-10-1976,Female,Married,Bachelors,Edinburgh,Scotland,UK,30-05-2019,True
EMP444C,David,Brown,03-09-1970,Male,Married,Bachelors,Chicago,Illinois,US,09-02-2022,True
EMP445C,Kiran,Nayak,02-11-1982,Female,Single,Bachelors,Mumbai,Maharashtra,India,14-10-2019,True
EMP446C,Charlie,Brown,29-07-1984,Male,Married,Bachelors,London,England,UK,03-04-2019,True
EMP447C,Poppy,Clark,12-08-1971,Male,Married,Masters,London,England,UK,16-05-2025,True
EMP448C,Poppy,Brown,13-10-2004,Female,Married,Masters,Manchester,England,UK,20-02-2018,True
EMP449C,Vikram,Bose,03-06-1972,Male,Single,Masters,Bangalore,Karnataka,India,31-10-2020,True
EMP450C,Robert,Jones,24-09-1997,Female,Married,Masters,Austin,Texas,US,27-07-2020,True
EMP451C,Rahul,Verma,25-04-1988,Male,Single,Bachelors,Bangalore,Karnataka,India,15-01-2016,True
EMP452C,Rakesh,Patel,27-06-1972,Female,Married,Masters,New Delhi,Delhi,India,02-04-2016,True
EMP453C,Priya,Patel,24-07-1975,Female,Single,Bachelors,Chennai,Tamil Nadu,India,29-05-2018,False
EMP454C,Olivia,Wilson,03-01-1989,Male,Single,Bachelors,London,England,UK,09-04-2018,True
EMP455C,Poppy,Clark,26-09-2000,Male,Married,Bachelors,Glasgow,Scotland,UK,04-07-2025,False
EMP456C,Elizabeth,Garcia,30-10-1968,Male,Single,Masters,Austin,Texas,US,11-04-2018,True
EMP457C,Linda,Smith,09-10-1985,Female,Single,Bachelors,San Francisco,California,US,30-04-2018,False
EMP458C,Jacob,Williams,07-11-1982,Male,Single,Masters,Manchester,England,UK,08-09-2015,True
EMP459C,Harry,Clark,13-08-2002,Male,Married,High School,Manchester,England,UK,15-02-2018,False
EMP460C,David,Rodriguez,23-02-1984,Female,Married,Bachelors,Seattle,Washington,US,12-11-2016,True
EMP461C,John,Williams,09-09-1989,Female,Single,Bachelors,New York,New York,US,31-12-2017,True
EMP462C,George,Wilson,21-08-1979,Male,Single,Masters,Manchester,England,UK,22-08-2024,True
EMP463C,Jennifer,Garcia,25-02-1970,Female,Married,Masters,New York,New York,US,31-05-2015,True
EMP464C,Harry,Williams,25-06-1965,Female,Single,Bachelors,Edinburgh,Scotland,UK,31-08-2019,True
EMP465C,Priya,Iyer,19-08-1995,Male,Married,Bachelors,Chennai,Tamil Nadu,India,24-01-2015,True
EMP466C,Neha,Patel,18-02-1990,Male,Married,Diploma,Bangalore,Karnataka,India,01-10-2024,True
EMP467C,Barbara,Miller,05-07-2002,Female,Married,Bachelors,San Francisco,California,US,19-06-2024,True
EMP468C,Pooja,Mishra,06-11-1965,Female,Single,Bachelors,Mumbai,Maharashtra,India,21-05-2023,True
EMP469C,Isla,Jones,24-06-1969,Female,Married,Diploma,London,England,UK,04-07-2021,True
EMP470C,Robert,Williams,04-05-1970,Female,Single,Masters,Seattle,Washington,US,24-10-2018,True
EMP471C,Poppy,Wilson,10-07-2002,Male,Married,Bachelors,Glasgow,Scotland,UK,19-03-2017,True
EMP472C,Jack,Williams,16-06-1985,Female,Married,Bachelors,Manchester,England,UK,11-04-2022,True
EMP473C,Barbara,Smith,05-05-1995,Male,Married,High School,Austin,Texas,US,28-01-2024,True
EMP474C,Rahul,Das,08-10-1985,Female,Married,Bachelors,New Delhi,Delhi,India,13-04-2022,True
EMP475C,Vikram,Kumari,22-11-1965,Female,Divorced,Bachelors,Bangalore,Karnataka,India,25-12-2024,False
EMP476C,Emily,Jones,14-11-2004,Female,Married,Diploma,Glasgow,Scotland,UK,22-08-2017,True
EMP477C,Jack,Evans,14-01-1998,Female,Married,Bachelors,Birmingham,England,UK,05-03-2023,True
EMP478C,Linda,Martinez,09-10-2000,Male,Single,Bachelors,Seattle,Washington,US,26-05-2017,False
EMP479C,Linda,Miller,15-06-1982,Male,Married,PhD,San Francisco,California,US,10-08-2020,True
EMP480C,William,Martinez,02-11-1999,Male,Single,Masters,Chicago,Illinois,US,12-06-2017,True
EMP481C,Olivia,Jones,09-10-1987,Male,Single,PhD,London,England,UK,08-02-2021,True
EMP482C,Robert,Miller,05-08-2003,Male,Married,Bachelors,New York,New York,US,11-07-2020,True
EMP483C,Barbara,Miller,24-07-2004,Female,Married,Diploma,New York,New York,US,27-09-2019,True
EMP484C,Barbara,Rodriguez,01-08-1976,Male,Divorced,Bachelors,Seattle,Washington,US,30-06-2026,True
EMP485C,Jack,Jones,10-08-1992,Female,Married,Bachelors,Glasgow,Scotland,UK,03-02-2015,True
EMP486C,Charlie,Davies,01-02-1991,Male,Married,Diploma,Birmingham,England,UK,22-06-2017,True
EMP487C,Amelia,Davies,23-05-1966,Female,Single,Bachelors,Manchester,England,UK,19-02-2025,True
EMP488C,Jack,Clark,11-05-2003,Female,Married,Masters,Glasgow,Scotland,UK,19-03-2016,True
EMP489C,Isla,Evans,14-10-1974,Female,Married,Bachelors,Edinburgh,Scotland,UK,27-06-2023,False
EMP490C,Jack,Jones,11-10-1995,Male,Single,High School,Edinburgh,Scotland,UK,14-06-2025,True
EMP491C,Oliver,Thomas,04-02-1997,Female,Single,Bachelors,Glasgow,Scotland,UK,13-09-2023,True
EMP492C,Vikram,Bose,10-12-1966,Male,Single,Masters,Chennai,Tamil Nadu,India,30-11-2017,True
EMP493C,Kiran,Mishra,06-02-1995,Female,Married,Bachelors,Hyderabad,Telangana,India,22-05-2019,True
EMP494C,John,Jones,17-08-1986,Female,Single,Bachelors,Seattle,Washington,US,24-03-2019,True
EMP495C,Amelia,Jones,18-11-1966,Male,Single,Bachelors,Glasgow,Scotland,UK,03-01-2023,True
EMP496C,Robert,Johnson,09-11-2000,Female,Married,Diploma,San Francisco,California,US,07-12-2021,True
EMP497C,Rahul,Gupta,08-11-1997,Male,Married,Bachelors,Chennai,Tamil Nadu,India,02-02-2017,True
EMP498C,Barbara,Miller,09-06-1994,Male,Single,Bachelors,New York,New York,US,15-10-2018,True
EMP499C,William,Garcia,04-04-1980,Female,Single,PhD,San Francisco,California,US,03-10-2020,True
EMP500C,Sanjay,Patel,25-02-1995,Female,Divorced,Bachelors,Hyderabad,Telangana,India,17-03-2026,True
EMP501C,Harry,Thomas,22-04-1988,Male,Married,Masters,Edinburgh,Scotland,UK,20-05-2016,True
EMP502C,Elizabeth,Miller,24-04-1990,Female,Single,Bachelors,San Francisco,California,US,23-05-2015,True
EMP503C,Vikram,Das,10-05-1997,Male,Divorced,Masters,Hyderabad,Telangana,India,06-09-2024,True
EMP504C,Amit,Kumari,17-11-1991,Female,Married,Masters,Bangalore,Karnataka,India,02-09-2020,True
EMP505C,John,Johnson,30-06-1993,Male,Married,Bachelors,Seattle,Washington,US,30-04-2020,True
EMP506C,David,Martinez,25-10-1968,Male,Single,Bachelors,San Francisco,California,US,21-01-2015,True
EMP507C,Kiran,Gupta,20-07-1977,Male,Married,Diploma,Bangalore,Karnataka,India,17-06-2026,True
EMP508C,Elizabeth,Rodriguez,16-10-1967,Female,Single,Bachelors,Austin,Texas,US,23-12-2024,False
EMP509C,Emily,Jones,22-01-1978,Female,Married,Bachelors,London,England,UK,14-06-2024,True
EMP510C,Poppy,Evans,14-11-2001,Male,Married,Masters,Manchester,England,UK,05-01-2026,True
EMP511C,Linda,Williams,23-11-1985,Female,Married,Bachelors,Austin,Texas,US,20-12-2018,True
EMP512C,Jacob,Jones,14-10-1999,Male,Divorced,Diploma,Edinburgh,Scotland,UK,11-02-2021,True
EMP513C,Emily,Roberts,02-10-1967,Male,Married,PhD,Glasgow,Scotland,UK,08-06-2018,True
EMP514C,David,Johnson,01-11-2003,Female,Single,Bachelors,Chicago,Illinois,US,06-09-2017,True
EMP515C,James,Garcia,26-08-2002,Female,Single,PhD,Chicago,Illinois,US,23-07-2026,True
EMP516C,Amelia,Taylor,10-10-1976,Male,Married,Bachelors,Manchester,England,UK,13-04-2019,True
EMP517C,David,Jones,16-12-1989,Female,Married,Bachelors,New York,New York,US,28-05-2015,False
EMP518C,Kiran,Iyer,11-08-1969,Female,Single,Bachelors,Mumbai,Maharashtra,India,10-01-2015,True
EMP519C,George,Jones,31-07-1989,Female,Married,Bachelors,Edinburgh,Scotland,UK,21-04-2016,True
EMP520C,Barbara,Williams,09-02-1969,Male,Divorced,Bachelors,Austin,Texas,US,12-11-2016,False
EMP521C,Amit,Reddy,03-12-1972,Male,Single,Diploma,Hyderabad,Telangana,India,19-05-2017,True
EMP522C,Jacob,Clark,15-07-1965,Male,Married,Masters,Edinburgh,Scotland,UK,25-02-2020,True
EMP523C,Elizabeth,Martinez,11-12-2003,Female,Single,Masters,Chicago,Illinois,US,02-05-2025,True
EMP524C,Barbara,Jones,08-06-1972,Male,Single,Bachelors,Austin,Texas,US,09-10-2022,True
EMP525C,Sneha,Chauhan,02-06-1973,Male,Married,Masters,Bangalore,Karnataka,India,17-07-2021,True
EMP526C,Jack,Thomas,25-11-1981,Male,Married,Bachelors,Edinburgh,Scotland,UK,12-01-2025,True
EMP527C,Mary,Davis,15-07-1968,Female,Single,Bachelors,Austin,Texas,US,23-02-2023,True
EMP528C,Oliver,Brown,04-12-1984,Female,Single,High School,Birmingham,England,UK,01-11-2018,True
EMP529C,Poppy,Roberts,19-10-1984,Male,Single,Diploma,Edinburgh,Scotland,UK,05-02-2019,True
EMP530C,Oliver,Roberts,08-05-1992,Female,Married,Masters,Birmingham,England,UK,12-08-2020,False
EMP531C,Pooja,Patel,26-07-1994,Female,Married,Bachelors,Chennai,Tamil Nadu,India,22-08-2017,True
EMP532C,Barbara,Rodriguez,12-07-1980,Female,Married,Diploma,New York,New York,US,03-07-2018,True
EMP533C,Jennifer,Jones,02-08-1989,Male,Married,Diploma,Seattle,Washington,US,06-08-2026,False
EMP534C,Rakesh,Chauhan,07-09-1978,Female,Single,Bachelors,New Delhi,Delhi,India,23-09-2020,True
EMP535C,Kiran,Kumar,12-04-1984,Male,Married,Bachelors,Mumbai,Maharashtra,India,26-08-2020,True
EMP536C,Oliver,Davies,02-08-1987,Female,Married,Bachelors,Birmingham,England,UK,22-01-2019,True
EMP537C,Linda,Garcia,09-02-1968,Male,Single,Diploma,Austin,Texas,US,22-05-2022,True
EMP538C,Harry,Clark,09-05-1985,Female,Married,Diploma,Manchester,England,UK,27-01-2015,True
EMP539C,Poppy,Brown,11-09-2002,Female,Married,Bachelors,Birmingham,England,UK,03-08-2020,True
EMP540C,Linda,Martinez,17-05-1983,Female,Single,Diploma,San Francisco,California,US,02-11-2022,False
EMP541C,Rakesh,Kumari,12-11-2003,Female,Divorced,Diploma,Hyderabad,Telangana,India,24-05-2024,True
EMP542C,Priya,Iyer,26-09-1984,Male,Married,Masters,Bangalore,Karnataka,India,19-09-2021,True
EMP543C,Isla,Taylor,18-10-1980,Female,Single,Diploma,Glasgow,Scotland,UK,19-08-2018,False
EMP544C,Priya,Reddy,26-11-1986,Male,Divorced,Bachelors,Mumbai,Maharashtra,India,28-04-2015,True
EMP545C,Barbara,Jones,18-08-1979,Female,Single,Masters,Austin,Texas,US,09-07-2026,True
EMP546C,Kavita,Mishra,22-06-1988,Female,Married,High School,Chennai,Tamil Nadu,India,05-08-2022,False
EMP547C,Elizabeth,Jones,18-09-2002,Female,Married,High School,Chicago,Illinois,US,09-12-2018,False
EMP548C,Amit,Sharma,25-08-1985,Male,Married,Masters,Mumbai,Maharashtra,India,04-10-2018,True
EMP549C,Pooja,Iyer,22-02-1978,Male,Married,Masters,Bangalore,Karnataka,India,31-08-2019,True
EMP550C,Isla,Roberts,18-06-1971,Female,Married,PhD,Edinburgh,Scotland,UK,02-08-2024,True
EMP551C,Jack,Williams,03-08-1968,Male,Married,Masters,London,England,UK,24-01-2025,True
EMP552C,Rakesh,Sharma,13-10-1972,Male,Divorced,Diploma,New Delhi,Delhi,India,05-04-2023,False
EMP553C,Linda,Smith,14-03-1991,Female,Single,Masters,New York,New York,US,01-06-2022,True
EMP554C,Patricia,Williams,28-04-1972,Female,Single,Masters,San Francisco,California,US,19-01-2025,True
EMP555C,Sneha,Patel,11-09-2000,Female,Married,PhD,New Delhi,Delhi,India,17-03-2024,False
EMP556C,Oliver,Davies,07-02-1968,Female,Married,Bachelors,London,England,UK,27-04-2024,True
EMP557C,Michael,Davis,30-06-1977,Female,Married,Bachelors,San Francisco,California,US,13-09-2022,True
EMP558C,Jack,Brown,07-01-1992,Female,Single,Bachelors,Manchester,England,UK,31-07-2016,True
EMP559C,Isla,Jones,20-02-1991,Female,Divorced,Bachelors,London,England,UK,17-08-2018,False
EMP560C,Neha,Singh,13-02-1967,Male,Married,Bachelors,Mumbai,Maharashtra,India,18-08-2019,False
EMP561C,Oliver,Taylor,16-01-1975,Male,Single,Bachelors,Manchester,England,UK,16-01-2017,True
EMP562C,Sneha,Gupta,10-04-1974,Female,Single,Masters,Mumbai,Maharashtra,India,19-05-2015,True
EMP563C,Michael,Davis,07-03-1968,Female,Divorced,Bachelors,New York,New York,US,02-02-2025,True
EMP564C,David,Martinez,25-05-1980,Female,Divorced,High School,Austin,Texas,US,20-08-2021,True
EMP565C,Jennifer,Brown,07-04-2004,Female,Married,Bachelors,Chicago,Illinois,US,10-11-2016,True
EMP566C,Amelia,Williams,31-12-1994,Male,Married,Diploma,Birmingham,England,UK,26-03-2023,False
EMP567C,Amelia,Taylor,15-11-1996,Female,Single,Diploma,London,England,UK,28-01-2017,True
EMP568C,Amit,Chauhan,26-02-1966,Male,Single,Diploma,Bangalore,Karnataka,India,26-08-2023,True
EMP569C,Amelia,Brown,26-10-1977,Male,Married,Bachelors,Manchester,England,UK,12-10-2018,False
EMP570C,Anjali,Singh,21-02-1997,Male,Married,Masters,Bangalore,Karnataka,India,30-06-2015,True
EMP571C,Barbara,Williams,31-08-1977,Female,Married,Bachelors,Austin,Texas,US,09-02-2022,True
EMP572C,Anjali,Reddy,30-08-1991,Male,Divorced,Masters,Bangalore,Karnataka,India,15-04-2022,True
EMP573C,Anjali,Verma,13-08-1974,Female,Married,Masters,Bangalore,Karnataka,India,08-04-2026,True
EMP574C,William,Miller,24-03-1970,Male,Single,Bachelors,New York,New York,US,26-01-2026,True
EMP575C,Kiran,Iyer,12-09-1978,Male,Single,Bachelors,Bangalore,Karnataka,India,08-01-2020,True
EMP576C,Oliver,Roberts,30-01-1972,Male,Single,Bachelors,Glasgow,Scotland,UK,09-07-2023,True
EMP577C,Poppy,Clark,12-03-1990,Male,Single,PhD,London,England,UK,28-07-2016,True
EMP578C,Anjali,Singh,25-10-1968,Male,Married,Bachelors,Hyderabad,Telangana,India,17-03-2016,False
EMP579C,Poppy,Taylor,28-05-1979,Male,Single,Masters,Glasgow,Scotland,UK,09-05-2026,True
EMP580C,Amit,Chauhan,13-02-1987,Male,Single,Bachelors,Bangalore,Karnataka,India,28-11-2020,True
EMP581C,Jennifer,Smith,25-07-2003,Female,Single,Diploma,Chicago,Illinois,US,11-10-2022,True
EMP582C,Barbara,Brown,08-08-1987,Male,Single,PhD,New York,New York,US,02-08-2015,False
EMP583C,Thomas,Jones,26-03-1974,Male,Married,Masters,Birmingham,England,UK,11-09-2015,False
EMP584C,Amit,Patel,14-02-1992,Male,Married,Diploma,Chennai,Tamil Nadu,India,12-01-2024,True
EMP585C,Pooja,Iyer,26-05-1965,Male,Married,Masters,Hyderabad,Telangana,India,28-08-2015,True
EMP586C,Manish,Reddy,17-11-2002,Male,Married,Bachelors,Mumbai,Maharashtra,India,10-06-2019,True
EMP587C,Isla,Davies,27-03-1965,Female,Single,Bachelors,Birmingham,England,UK,02-11-2018,True
EMP588C,William,Williams,06-07-1999,Male,Married,PhD,Austin,Texas,US,25-02-2021,True
EMP589C,Pooja,Verma,02-04-1974,Female,Single,Masters,Chennai,Tamil Nadu,India,10-04-2020,True
EMP590C,Jack,Williams,10-09-1984,Female,Married,Bachelors,Manchester,England,UK,24-09-2015,True
EMP591C,William,Miller,05-11-1970,Male,Married,Diploma,Chicago,Illinois,US,15-03-2017,True
EMP592C,Jennifer,Williams,12-01-1988,Female,Single,Diploma,Seattle,Washington,US,13-10-2025,True
EMP593C,Jacob,Davies,28-11-1996,Male,Married,Masters,London,England,UK,08-11-2024,True
EMP594C,Vikram,Gupta,12-05-2004,Female,Single,Bachelors,Hyderabad,Telangana,India,15-04-2017,False
EMP595C,Vikram,Iyer,23-09-1980,Female,Single,Bachelors,Mumbai,Maharashtra,India,31-08-2022,True
EMP596C,Vikram,Gupta,25-11-1973,Female,Married,Masters,New Delhi,Delhi,India,18-03-2026,True
EMP597C,Charlie,Evans,11-05-1975,Male,Married,Diploma,Birmingham,England,UK,11-12-2022,True
EMP598C,David,Williams,03-05-1991,Female,Divorced,Masters,San Francisco,California,US,12-05-2018,True
EMP599C,George,Thomas,29-07-1979,Female,Single,Masters,Manchester,England,UK,13-03-2020,False
EMP600C,Manish,Kumari,03-02-1970,Male,Single,Masters,Chennai,Tamil Nadu,India,12-02-2024,True
EMP601C,James,Brown,10-07-1966,Male,Married,Bachelors,Austin,Texas,US,06-02-2021,True
EMP602C,Elizabeth,Garcia,10-12-1980,Female,Single,Masters,Seattle,Washington,US,13-10-2017,True
EMP603C,Elizabeth,Garcia,26-04-1996,Female,Married,Diploma,Austin,Texas,US,23-11-2016,True
EMP604C,John,Rodriguez,16-01-1985,Male,Single,Bachelors,New York,New York,US,08-07-2017,True
EMP605C,Jacob,Evans,02-12-1996,Male,Married,Masters,Glasgow,Scotland,UK,02-04-2020,True
EMP606C,Robert,Rodriguez,17-12-1984,Male,Married,PhD,Seattle,Washington,US,16-01-2017,True
EMP607C,Priya,Reddy,28-09-1975,Male,Married,Masters,Chennai,Tamil Nadu,India,30-07-2022,True
EMP608C,Jacob,Roberts,23-09-1980,Male,Married,Masters,Birmingham,England,UK,20-06-2021,True
EMP609C,Jack,Brown,27-09-1990,Male,Married,High School,Edinburgh,Scotland,UK,01-08-2025,True
EMP610C,Vikram,Patel,18-09-1968,Female,Married,Diploma,Hyderabad,Telangana,India,27-03-2025,True
EMP611C,Thomas,Taylor,15-06-1977,Male,Divorced,Masters,Glasgow,Scotland,UK,04-11-2015,True
EMP612C,Barbara,Martinez,25-07-1976,Female,Single,Bachelors,New York,New York,US,05-05-2024,False
EMP613C,Ravi,Mishra,12-08-1978,Male,Married,Bachelors,Chennai,Tamil Nadu,India,09-05-2016,True
EMP614C,Patricia,Rodriguez,06-02-1990,Female,Married,Diploma,Seattle,Washington,US,22-02-2019,False
EMP615C,Emily,Taylor,08-09-1998,Male,Married,Bachelors,Manchester,England,UK,07-06-2020,True
EMP616C,Vikram,Kumar,29-08-1971,Female,Single,Masters,Chennai,Tamil Nadu,India,05-03-2024,True
EMP617C,Arjun,Sharma,08-01-2002,Male,Divorced,Masters,Chennai,Tamil Nadu,India,21-04-2025,True
EMP618C,Rakesh,Kumari,15-05-2001,Male,Married,Masters,Bangalore,Karnataka,India,20-03-2015,True
EMP619C,Charlie,Roberts,21-08-2000,Male,Married,Masters,Edinburgh,Scotland,UK,16-01-2020,True
EMP620C,Jack,Davies,29-08-1978,Female,Married,Masters,Glasgow,Scotland,UK,20-06-2018,True
EMP621C,Ravi,Singh,20-09-1982,Female,Married,Bachelors,New Delhi,Delhi,India,25-08-2025,True
EMP622C,Jennifer,Jones,26-11-1990,Female,Single,Masters,New York,New York,US,06-04-2026,True
EMP623C,Pooja,Verma,26-10-1982,Male,Single,Diploma,New Delhi,Delhi,India,06-05-2018,False
EMP624C,Olivia,Davies,11-06-1992,Male,Divorced,Bachelors,Birmingham,England,UK,30-04-2023,True
EMP625C,James,Miller,30-08-1971,Female,Married,Masters,San Francisco,California,US,09-12-2016,True
EMP626C,Mary,Williams,27-10-2000,Female,Married,Masters,Austin,Texas,US,25-10-2025,True
EMP627C,Barbara,Miller,26-07-1976,Male,Single,Masters,Seattle,Washington,US,10-05-2019,True
EMP628C,Olivia,Williams,05-12-1972,Male,Single,Bachelors,Glasgow,Scotland,UK,09-06-2025,True
EMP629C,Amit,Sharma,25-04-1974,Female,Divorced,High School,Bangalore,Karnataka,India,11-03-2016,True
EMP630C,Isla,Jones,12-05-1993,Male,Married,Bachelors,Birmingham,England,UK,15-04-2019,True
EMP631C,George,Williams,30-07-1991,Female,Married,Masters,Birmingham,England,UK,14-04-2015,True
EMP632C,Neha,Singh,13-11-2002,Female,Single,Masters,Chennai,Tamil Nadu,India,16-05-2015,True
EMP633C,Harry,Taylor,09-05-1966,Female,Single,Diploma,Birmingham,England,UK,28-12-2019,True
EMP634C,Patricia,Martinez,12-12-1989,Male,Married,Bachelors,Chicago,Illinois,US,31-07-2019,True
EMP635C,Ravi,Kumar,13-09-1981,Male,Single,Diploma,Chennai,Tamil Nadu,India,13-08-2026,True
EMP636C,Amelia,Clark,11-07-1965,Female,Married,Masters,Edinburgh,Scotland,UK,20-02-2023,True
EMP637C,Charlie,Roberts,04-03-1987,Female,Married,Masters,Edinburgh,Scotland,UK,17-01-2024,False
EMP638C,Poppy,Roberts,29-12-1968,Male,Single,Bachelors,Edinburgh,Scotland,UK,11-03-2018,True
EMP639C,John,Davis,18-12-1982,Male,Divorced,Bachelors,Chicago,Illinois,US,04-06-2018,True
EMP640C,Ravi,Reddy,15-12-1989,Female,Single,Masters,Hyderabad,Telangana,India,07-10-2020,True
EMP641C,Jennifer,Miller,29-05-1966,Male,Single,Masters,Austin,Texas,US,02-09-2016,True
EMP642C,Kavita,Nayak,11-07-1972,Female,Married,Masters,Hyderabad,Telangana,India,12-07-2023,True
EMP643C,Patricia,Williams,05-08-1974,Male,Married,Bachelors,San Francisco,California,US,24-05-2021,True
EMP644C,Ravi,Das,16-08-1997,Male,Married,Bachelors,Mumbai,Maharashtra,India,12-10-2021,True
EMP645C,Harry,Wilson,03-03-1993,Male,Married,Bachelors,Birmingham,England,UK,12-01-2025,False
EMP646C,Amelia,Davies,27-03-1987,Male,Divorced,Bachelors,London,England,UK,29-08-2024,True
EMP647C,Charlie,Evans,09-02-1997,Female,Married,PhD,Glasgow,Scotland,UK,29-04-2015,True
EMP648C,Robert,Davis,11-04-2000,Female,Single,Masters,San Francisco,California,US,17-11-2024,True
EMP649C,Kavita,Patel,06-11-1984,Female,Married,Bachelors,Hyderabad,Telangana,India,25-09-2022,True
EMP650C,Emily,Roberts,12-03-1992,Female,Married,Bachelors,Glasgow,Scotland,UK,24-12-2024,True
EMP651C,Oliver,Wilson,07-08-1990,Female,Single,Masters,Manchester,England,UK,18-04-2016,True
EMP652C,Harry,Davies,21-10-1979,Male,Divorced,Bachelors,Manchester,England,UK,17-03-2020,True
EMP653C,Kavita,Patel,28-06-1989,Male,Single,Masters,Hyderabad,Telangana,India,10-04-2020,True
EMP654C,Elizabeth,Jones,19-01-1983,Female,Married,Bachelors,Chicago,Illinois,US,06-01-2015,True
EMP655C,Poppy,Taylor,27-12-1966,Male,Married,Masters,London,England,UK,26-10-2016,True
EMP656C,Barbara,Garcia,28-08-1993,Male,Single,Masters,Austin,Texas,US,11-04-2026,True
EMP657C,Sneha,Gupta,30-08-1983,Female,Single,Masters,Chennai,Tamil Nadu,India,27-10-2019,True
EMP658C,Amelia,Evans,07-04-1988,Male,Single,Masters,London,England,UK,02-10-2018,True
EMP659C,Rahul,Nayak,24-10-1981,Male,Single,Masters,New Delhi,Delhi,India,11-06-2025,True
EMP660C,Ravi,Verma,24-12-1980,Female,Single,Diploma,Chennai,Tamil Nadu,India,03-04-2019,True
EMP661C,Poppy,Brown,03-02-1987,Male,Married,Bachelors,Glasgow,Scotland,UK,28-10-2024,True
EMP662C,Jacob,Clark,20-01-2000,Female,Single,Masters,Manchester,England,UK,27-08-2018,False
EMP663C,George,Clark,21-04-1971,Male,Married,Bachelors,Edinburgh,Scotland,UK,13-06-2018,True
EMP664C,John,Williams,03-05-1995,Male,Divorced,Bachelors,New York,New York,US,05-12-2015,True
EMP665C,William,Rodriguez,08-06-1982,Female,Single,Masters,Austin,Texas,US,19-06-2018,True
EMP666C,Kiran,Singh,29-03-2002,Female,Divorced,Bachelors,Bangalore,Karnataka,India,24-02-2020,True
EMP667C,David,Johnson,06-11-1967,Male,Married,Masters,San Francisco,California,US,23-08-2017,True
EMP668C,Rakesh,Reddy,29-03-2004,Female,Married,Masters,Bangalore,Karnataka,India,22-05-2019,True
EMP669C,Vikram,Chauhan,23-11-1989,Male,Married,Masters,Bangalore,Karnataka,India,31-07-2017,True
EMP670C,Olivia,Taylor,29-04-1972,Male,Single,Masters,Glasgow,Scotland,UK,01-02-2016,True
EMP671C,Anjali,Singh,03-12-2004,Male,Single,Masters,Mumbai,Maharashtra,India,31-01-2024,False
EMP672C,James,Rodriguez,03-04-1977,Female,Married,Bachelors,New York,New York,US,17-04-2017,True
EMP673C,Amelia,Jones,16-02-2002,Male,Married,Bachelors,Edinburgh,Scotland,UK,16-06-2022,True
EMP674C,Michael,Miller,10-05-1971,Female,Single,Diploma,Seattle,Washington,US,24-10-2022,True
EMP675C,Charlie,Jones,14-01-1973,Female,Married,Masters,Birmingham,England,UK,10-03-2025,False
EMP676C,Emily,Davies,18-04-1969,Female,Divorced,PhD,Edinburgh,Scotland,UK,05-10-2023,True
EMP677C,John,Rodriguez,13-05-1979,Male,Single,Masters,Chicago,Illinois,US,12-07-2025,False
EMP678C,Olivia,Williams,26-06-1999,Female,Married,Masters,Glasgow,Scotland,UK,15-09-2023,True
EMP679C,Elizabeth,Rodriguez,24-01-1967,Male,Single,Bachelors,San Francisco,California,US,21-12-2023,True
EMP680C,Barbara,Davis,22-04-1987,Male,Single,Masters,Austin,Texas,US,19-07-2018,True
EMP681C,Sneha,Nayak,05-07-1982,Male,Single,Bachelors,New Delhi,Delhi,India,22-07-2019,True
EMP682C,Poppy,Davies,04-02-2003,Male,Single,Bachelors,Glasgow,Scotland,UK,27-05-2016,True
EMP683C,Amelia,Brown,31-08-1981,Female,Single,Bachelors,Birmingham,England,UK,19-12-2016,True
EMP684C,Jack,Davies,27-10-1968,Male,Divorced,Bachelors,Manchester,England,UK,09-05-2018,True
EMP685C,Barbara,Brown,22-02-1989,Female,Married,Bachelors,New York,New York,US,07-09-2016,True
EMP686C,Kavita,Mishra,01-09-1971,Male,Divorced,Bachelors,Hyderabad,Telangana,India,23-05-2018,True
EMP687C,Harry,Brown,22-11-1969,Male,Divorced,Masters,London,England,UK,14-01-2026,True
EMP688C,Olivia,Williams,28-08-1992,Female,Married,Masters,Birmingham,England,UK,28-02-2024,True
EMP689C,William,Davis,03-07-1996,Female,Married,PhD,Chicago,Illinois,US,12-10-2022,True
EMP690C,Pooja,Iyer,11-06-1979,Male,Single,Diploma,Hyderabad,Telangana,India,20-01-2022,True
EMP691C,William,Rodriguez,25-05-1981,Male,Married,Bachelors,San Francisco,California,US,05-06-2022,True
EMP692C,Isla,Williams,30-12-1981,Male,Married,Bachelors,London,England,UK,24-11-2024,True
EMP693C,Robert,Garcia,15-03-1986,Female,Single,Masters,Seattle,Washington,US,09-10-2016,True
EMP694C,Sanjay,Singh,11-04-1969,Male,Married,Bachelors,Chennai,Tamil Nadu,India,03-04-2019,True
EMP695C,Manish,Chauhan,23-05-1982,Male,Single,Bachelors,New Delhi,Delhi,India,01-02-2015,True
EMP696C,Ravi,Chauhan,09-03-1974,Male,Single,Masters,Chennai,Tamil Nadu,India,10-11-2021,True
EMP697C,Mary,Johnson,24-03-1985,Male,Married,Masters,Austin,Texas,US,04-02-2020,True
EMP698C,James,Johnson,12-07-1978,Female,Single,Masters,New York,New York,US,15-08-2019,True
EMP699C,Amelia,Roberts,30-05-1967,Male,Single,Bachelors,Edinburgh,Scotland,UK,12-05-2026,True
EMP700C,Neha,Bose,11-01-1987,Female,Married,High School,New Delhi,Delhi,India,27-03-2025,True
EMP701C,Pooja,Das,03-11-1966,Female,Single,Bachelors,Bangalore,Karnataka,India,06-03-2019,True
EMP702C,George,Davies,08-06-1997,Female,Single,Bachelors,Glasgow,Scotland,UK,21-11-2023,True
EMP703C,Vikram,Singh,02-03-1997,Male,Single,PhD,Hyderabad,Telangana,India,08-01-2024,True
EMP704C,Rahul,Mishra,02-08-1987,Female,Married,Bachelors,Bangalore,Karnataka,India,17-09-2017,False
EMP705C,William,Jones,11-11-1973,Male,Divorced,Masters,Chicago,Illinois,US,27-07-2024,True
EMP706C,David,Martinez,24-10-1982,Male,Married,Bachelors,Chicago,Illinois,US,28-10-2015,True
EMP707C,Rahul,Nayak,12-08-1997,Female,Married,PhD,Bangalore,Karnataka,India,07-12-2020,True
EMP708C,Rahul,Gupta,22-04-1966,Female,Married,Bachelors,New Delhi,Delhi,India,19-11-2022,True
EMP709C,George,Thomas,24-09-1988,Male,Single,Bachelors,London,England,UK,22-01-2020,True
EMP710C,Elizabeth,Garcia,09-11-1998,Male,Divorced,Bachelors,Austin,Texas,US,14-10-2020,True
EMP711C,Patricia,Miller,02-02-1987,Female,Married,Bachelors,Austin,Texas,US,23-12-2018,True
EMP712C,William,Miller,10-04-1968,Female,Single,Masters,New York,New York,US,03-12-2021,False
EMP713C,Oliver,Roberts,12-08-1973,Male,Married,High School,Glasgow,Scotland,UK,07-01-2019,False
EMP714C,Michael,Johnson,08-10-1969,Female,Single,PhD,Austin,Texas,US,29-09-2015,True
EMP715C,Robert,Williams,25-09-1976,Male,Single,Masters,San Francisco,California,US,19-08-2020,True
EMP716C,Olivia,Taylor,17-03-1993,Male,Single,Masters,Edinburgh,Scotland,UK,28-04-2025,True
EMP717C,Arjun,Reddy,16-05-1975,Female,Married,PhD,Mumbai,Maharashtra,India,09-03-2025,True
EMP718C,Charlie,Wilson,16-09-1978,Male,Married,Diploma,London,England,UK,24-01-2019,True
EMP719C,Olivia,Clark,14-01-1986,Male,Married,Masters,Glasgow,Scotland,UK,20-07-2018,True
EMP720C,Jennifer,Davis,27-04-1970,Male,Married,Bachelors,Seattle,Washington,US,09-07-2018,True
EMP721C,George,Thomas,19-04-1991,Female,Married,Bachelors,Edinburgh,Scotland,UK,07-02-2019,True
EMP722C,Thomas,Roberts,20-02-1992,Female,Single,Bachelors,Glasgow,Scotland,UK,29-05-2016,True
EMP723C,Linda,Martinez,22-08-2004,Female,Single,Bachelors,Austin,Texas,US,13-05-2019,True
EMP724C,Neha,Singh,31-03-1988,Female,Married,Bachelors,Hyderabad,Telangana,India,12-11-2022,True
EMP725C,Jacob,Clark,20-11-1984,Female,Married,Bachelors,Birmingham,England,UK,03-10-2016,True
EMP726C,Charlie,Williams,16-01-1994,Male,Married,Bachelors,Birmingham,England,UK,06-03-2023,True
EMP727C,Emily,Clark,19-03-1966,Male,Married,Masters,Edinburgh,Scotland,UK,03-02-2020,True
EMP728C,William,Smith,09-12-1988,Female,Divorced,Bachelors,Chicago,Illinois,US,27-05-2023,True
EMP729C,Sanjay,Bose,18-07-1988,Male,Married,Bachelors,Mumbai,Maharashtra,India,17-02-2024,False
EMP730C,Neha,Sharma,22-01-1965,Female,Single,Masters,Hyderabad,Telangana,India,29-03-2016,True
EMP731C,Jacob,Jones,03-03-1988,Male,Married,Bachelors,Birmingham,England,UK,11-01-2016,True
EMP732C,Olivia,Brown,18-05-2000,Female,Married,Masters,Manchester,England,UK,07-11-2023,True
EMP733C,Pooja,Mishra,22-01-1980,Male,Married,Masters,Bangalore,Karnataka,India,30-05-2019,True
EMP734C,Jacob,Taylor,31-08-1986,Male,Married,Bachelors,London,England,UK,23-06-2015,True
EMP735C,Vikram,Verma,22-10-1973,Male,Married,High School,Chennai,Tamil Nadu,India,08-05-2025,True
EMP736C,Manish,Verma,22-03-1986,Male,Married,High School,Bangalore,Karnataka,India,11-01-2025,True
EMP737C,David,Williams,11-08-2003,Female,Single,Masters,Chicago,Illinois,US,02-03-2019,True
EMP738C,Neha,Das,27-11-1982,Male,Married,Bachelors,Chennai,Tamil Nadu,India,03-08-2018,False
EMP739C,Pooja,Kumar,25-02-1995,Male,Married,PhD,Hyderabad,Telangana,India,01-03-2023,False
EMP740C,Neha,Singh,11-07-1965,Female,Married,Masters,Chennai,Tamil Nadu,India,15-03-2015,True
EMP741C,Olivia,Evans,31-05-1985,Male,Married,Masters,London,England,UK,01-08-2024,True
EMP742C,Linda,Rodriguez,04-10-1980,Female,Single,Masters,Austin,Texas,US,29-03-2015,True
EMP743C,David,Jones,05-08-1967,Male,Single,Masters,New York,New York,US,18-11-2020,True
EMP744C,Emily,Brown,21-05-1998,Female,Married,Bachelors,Edinburgh,Scotland,UK,05-07-2020,True
EMP745C,Robert,Jones,06-07-1966,Female,Married,Bachelors,New York,New York,US,02-11-2019,False
EMP746C,Rakesh,Iyer,22-03-1981,Male,Single,Masters,New Delhi,Delhi,India,29-06-2024,True
EMP747C,Kiran,Nayak,24-11-2001,Male,Divorced,Bachelors,Chennai,Tamil Nadu,India,19-07-2023,False
EMP748C,Jennifer,Jones,06-05-1977,Male,Married,Masters,New York,New York,US,29-08-2015,True
EMP749C,Kiran,Nayak,19-01-1990,Female,Single,Bachelors,Mumbai,Maharashtra,India,10-04-2018,True
EMP750C,Rahul,Reddy,01-09-1970,Male,Single,Masters,Chennai,Tamil Nadu,India,16-11-2015,False
EMP751C,Oliver,Clark,04-10-1974,Female,Married,Masters,Manchester,England,UK,10-10-2022,True
EMP752C,Isla,Brown,09-09-1979,Male,Married,Diploma,Glasgow,Scotland,UK,28-01-2021,True
EMP753C,Arjun,Nayak,25-04-1977,Male,Married,Masters,Hyderabad,Telangana,India,19-03-2019,True
EMP754C,Arjun,Patel,22-02-2000,Male,Single,Bachelors,Bangalore,Karnataka,India,11-03-2023,True
EMP755C,Pooja,Kumari,29-09-1976,Female,Single,Masters,Chennai,Tamil Nadu,India,29-06-2024,True
EMP756C,James,Jones,24-11-1987,Male,Married,Bachelors,Seattle,Washington,US,01-08-2017,True
EMP757C,Jacob,Jones,14-03-1981,Female,Married,Bachelors,Manchester,England,UK,08-08-2015,True
EMP758C,Sneha,Mishra,13-01-1985,Female,Married,Bachelors,New Delhi,Delhi,India,22-05-2016,True
EMP759C,David,Davis,12-06-2004,Male,Single,Bachelors,Chicago,Illinois,US,07-05-2023,True
EMP760C,Rakesh,Verma,15-10-1967,Female,Married,Masters,Chennai,Tamil Nadu,India,27-10-2025,True
EMP761C,Jacob,Roberts,13-12-1970,Male,Married,Bachelors,Birmingham,England,UK,11-05-2025,True
EMP762C,David,Davis,05-05-1966,Male,Married,Bachelors,New York,New York,US,26-05-2022,True
EMP763C,Elizabeth,Smith,26-06-1995,Female,Single,Bachelors,Chicago,Illinois,US,12-10-2017,True
EMP764C,Manish,Mishra,29-07-1993,Male,Single,Bachelors,New Delhi,Delhi,India,13-07-2019,False
EMP765C,Jennifer,Rodriguez,23-04-1981,Female,Married,PhD,San Francisco,California,US,03-12-2022,False
EMP766C,William,Brown,04-06-1967,Female,Married,Bachelors,San Francisco,California,US,06-11-2025,True
EMP767C,Poppy,Taylor,16-08-1981,Female,Married,Bachelors,London,England,UK,21-02-2016,True
EMP768C,Rahul,Reddy,28-01-1967,Male,Married,Masters,Chennai,Tamil Nadu,India,11-03-2020,True
EMP769C,James,Rodriguez,10-06-2000,Male,Married,Diploma,Seattle,Washington,US,20-07-2015,True
EMP770C,Patricia,Williams,08-07-1973,Male,Married,Masters,New York,New York,US,08-02-2024,True
EMP771C,Patricia,Davis,17-07-1993,Female,Married,Masters,Seattle,Washington,US,24-02-2019,True
EMP772C,Arjun,Gupta,07-10-1998,Female,Married,Bachelors,Chennai,Tamil Nadu,India,31-08-2021,True
EMP773C,Sanjay,Verma,12-05-1973,Female,Married,Bachelors,Bangalore,Karnataka,India,20-03-2020,True
EMP774C,Sanjay,Mishra,25-01-1990,Male,Married,Masters,Hyderabad,Telangana,India,01-03-2021,True
EMP775C,Elizabeth,Miller,23-08-1995,Female,Married,Masters,Chicago,Illinois,US,02-12-2024,True
EMP776C,Elizabeth,Martinez,16-07-1976,Female,Married,Bachelors,San Francisco,California,US,15-09-2023,True
EMP777C,Poppy,Evans,27-04-1994,Male,Single,Bachelors,Manchester,England,UK,03-05-2022,True
EMP778C,Kavita,Singh,14-12-1994,Male,Divorced,Diploma,Chennai,Tamil Nadu,India,31-05-2023,True
EMP779C,Harry,Williams,17-02-1990,Female,Single,Masters,Glasgow,Scotland,UK,13-06-2020,True
EMP780C,Neha,Sharma,20-11-1967,Male,Married,Bachelors,Bangalore,Karnataka,India,19-01-2021,True
EMP781C,Barbara,Rodriguez,16-09-1979,Female,Married,Masters,Austin,Texas,US,31-03-2026,True
EMP782C,David,Davis,06-06-1967,Female,Single,Masters,Chicago,Illinois,US,29-04-2025,True
EMP783C,Kiran,Singh,01-08-1983,Male,Single,High School,Hyderabad,Telangana,India,09-11-2020,True
EMP784C,Mary,Jones,04-10-1967,Female,Single,PhD,Chicago,Illinois,US,30-04-2019,True
EMP785C,Olivia,Thomas,13-08-1979,Male,Married,Diploma,Birmingham,England,UK,28-03-2017,True
EMP786C,Amelia,Jones,08-06-2004,Female,Single,Diploma,Birmingham,England,UK,23-05-2023,True
EMP787C,Patricia,Williams,24-12-1986,Male,Married,Diploma,San Francisco,California,US,29-06-2024,True
EMP788C,Arjun,Das,22-06-1968,Female,Single,Bachelors,Mumbai,Maharashtra,India,29-11-2015,True
EMP789C,Ravi,Das,23-05-1999,Female,Single,Bachelors,Chennai,Tamil Nadu,India,03-11-2022,True
EMP790C,John,Davis,27-01-1970,Female,Single,Masters,New York,New York,US,18-11-2022,True
EMP791C,Jack,Jones,20-10-1966,Female,Single,Bachelors,Birmingham,England,UK,08-11-2025,True
EMP792C,Kiran,Nayak,12-12-1969,Female,Divorced,Bachelors,Mumbai,Maharashtra,India,22-03-2025,True
EMP793C,Amit,Verma,21-01-1973,Female,Married,Bachelors,Bangalore,Karnataka,India,31-10-2017,True
EMP794C,Priya,Sharma,30-12-1965,Female,Married,Bachelors,Bangalore,Karnataka,India,09-12-2016,True
EMP795C,Jennifer,Garcia,06-03-1983,Female,Married,Diploma,San Francisco,California,US,31-03-2025,True
EMP796C,Amelia,Taylor,14-11-1966,Female,Married,Bachelors,London,England,UK,28-12-2022,True
EMP797C,Anjali,Das,12-11-1991,Male,Married,PhD,Bangalore,Karnataka,India,18-01-2017,False
EMP798C,Patricia,Martinez,24-08-1977,Female,Divorced,Masters,San Francisco,California,US,17-05-2015,True
EMP799C,Jennifer,Davis,12-03-1975,Male,Single,Bachelors,New York,New York,US,28-08-2021,True
EMP800C,Jacob,Wilson,20-07-1966,Female,Single,Masters,Glasgow,Scotland,UK,03-06-2022,True
EMP801C,Sneha,Iyer,22-07-1982,Female,Married,Bachelors,New Delhi,Delhi,India,02-02-2022,True
EMP802C,Patricia,Brown,06-09-1973,Female,Married,Diploma,New York,New York,US,23-10-2025,True
EMP803C,Emily,Davies,05-01-1994,Male,Single,Bachelors,London,England,UK,28-11-2020,True
EMP804C,Jacob,Thomas,03-07-1995,Male,Married,Masters,London,England,UK,15-02-2019,True
EMP805C,Poppy,Thomas,23-02-1992,Female,Single,Bachelors,London,England,UK,23-05-2023,True
EMP806C,Neha,Iyer,04-10-1995,Female,Married,Masters,Bangalore,Karnataka,India,08-09-2015,False
EMP807C,George,Wilson,04-07-1974,Female,Single,Bachelors,Glasgow,Scotland,UK,19-07-2020,True
EMP808C,Poppy,Davies,12-01-2004,Female,Married,PhD,Birmingham,England,UK,26-08-2023,False
EMP809C,Elizabeth,Brown,20-04-1965,Female,Single,Masters,Austin,Texas,US,25-06-2015,False
EMP810C,William,Garcia,05-02-1999,Male,Divorced,Masters,Chicago,Illinois,US,02-02-2019,True
EMP811C,Olivia,Taylor,09-03-1966,Male,Married,High School,London,England,UK,30-06-2026,True
EMP812C,George,Clark,22-10-1973,Male,Married,Bachelors,Birmingham,England,UK,04-07-2016,True
EMP813C,Arjun,Kumari,18-10-1968,Female,Married,Bachelors,New Delhi,Delhi,India,05-06-2025,True
EMP814C,Olivia,Roberts,03-09-1999,Female,Single,High School,Manchester,England,UK,11-05-2017,True
EMP815C,Linda,Brown,01-09-2001,Male,Single,Bachelors,Austin,Texas,US,03-10-2023,False
EMP816C,Pooja,Patel,10-05-1992,Male,Single,High School,Hyderabad,Telangana,India,22-04-2025,True
EMP817C,Mary,Miller,31-05-1970,Male,Married,Bachelors,Chicago,Illinois,US,01-05-2024,True
EMP818C,Robert,Rodriguez,21-07-1992,Female,Married,Bachelors,Chicago,Illinois,US,12-03-2026,True
EMP819C,Jack,Evans,15-10-2002,Male,Married,Diploma,Edinburgh,Scotland,UK,14-10-2017,True
EMP820C,Robert,Miller,29-12-1968,Female,Divorced,Bachelors,Seattle,Washington,US,03-05-2018,True
EMP821C,Sneha,Sharma,22-09-1974,Male,Single,Bachelors,Mumbai,Maharashtra,India,17-09-2016,True
EMP822C,Arjun,Chauhan,07-12-1995,Male,Single,Bachelors,Hyderabad,Telangana,India,16-03-2020,True
EMP823C,William,Davis,02-02-1983,Male,Single,Bachelors,Austin,Texas,US,23-04-2026,True
EMP824C,Patricia,Martinez,22-08-1985,Female,Single,Masters,San Francisco,California,US,30-01-2018,True
EMP825C,Ravi,Reddy,21-08-1986,Female,Married,Masters,New Delhi,Delhi,India,18-05-2023,True
EMP826C,George,Thomas,28-09-1993,Female,Single,Bachelors,Birmingham,England,UK,30-08-2016,True
EMP827C,George,Taylor,11-08-1985,Male,Single,Bachelors,Birmingham,England,UK,21-11-2022,False
EMP828C,Sanjay,Chauhan,13-05-1973,Female,Single,Bachelors,Bangalore,Karnataka,India,15-05-2023,False
EMP829C,William,Miller,19-03-1977,Male,Married,Bachelors,Chicago,Illinois,US,27-01-2022,True
EMP830C,Robert,Johnson,08-08-1991,Female,Single,Bachelors,New York,New York,US,09-05-2015,True
EMP831C,Elizabeth,Williams,09-05-2004,Female,Married,Masters,New York,New York,US,24-05-2017,True
EMP832C,George,Brown,04-10-1978,Male,Single,Bachelors,Manchester,England,UK,17-04-2023,True
EMP833C,James,Brown,21-07-2002,Female,Single,Masters,Austin,Texas,US,15-04-2023,False
EMP834C,Harry,Wilson,19-04-1972,Male,Divorced,PhD,Manchester,England,UK,01-07-2022,True
EMP835C,Sneha,Iyer,06-03-1965,Female,Married,Diploma,New Delhi,Delhi,India,21-10-2018,True
EMP836C,Patricia,Jones,13-12-2000,Female,Married,Bachelors,San Francisco,California,US,20-08-2023,False
EMP837C,Oliver,Jones,15-06-1968,Male,Married,PhD,Edinburgh,Scotland,UK,08-08-2020,False
EMP838C,Mary,Miller,08-01-1965,Male,Single,Bachelors,San Francisco,California,US,29-12-2017,True
EMP839C,Jennifer,Miller,22-10-1994,Male,Married,PhD,New York,New York,US,17-07-2026,True
EMP840C,Robert,Johnson,22-07-1965,Male,Married,PhD,San Francisco,California,US,03-06-2019,True
EMP841C,George,Evans,12-08-1997,Female,Married,Bachelors,Edinburgh,Scotland,UK,12-08-2017,True
EMP842C,Amelia,Williams,09-08-1969,Female,Single,Bachelors,Birmingham,England,UK,26-10-2018,True
EMP843C,Jacob,Roberts,09-01-1988,Female,Married,Bachelors,London,England,UK,21-06-2017,True
EMP844C,Poppy,Brown,04-04-1965,Male,Married,Masters,Glasgow,Scotland,UK,19-05-2021,True
EMP845C,Rahul,Kumar,25-06-1996,Female,Married,PhD,New Delhi,Delhi,India,31-05-2018,True
EMP846C,Emily,Wilson,16-05-1973,Male,Single,Bachelors,Edinburgh,Scotland,UK,01-09-2021,True
EMP847C,Amelia,Clark,22-01-1979,Male,Married,Masters,London,England,UK,01-01-2022,False
EMP848C,Charlie,Jones,08-10-1974,Male,Single,Masters,London,England,UK,12-04-2019,False
EMP849C,Harry,Brown,15-08-1971,Female,Single,Masters,Birmingham,England,UK,15-08-2020,True
EMP850C,Mary,Brown,31-01-1989,Female,Married,High School,San Francisco,California,US,16-02-2018,True
EMP851C,Linda,Miller,18-06-1993,Female,Married,Masters,New York,New York,US,07-01-2018,True
EMP852C,Barbara,Miller,06-01-1971,Male,Single,Masters,Chicago,Illinois,US,29-02-2016,True
EMP853C,Anjali,Verma,13-08-1981,Male,Single,Masters,Mumbai,Maharashtra,India,29-05-2020,False
EMP854C,Thomas,Thomas,15-03-1973,Female,Single,Masters,Manchester,England,UK,12-05-2025,True
EMP855C,Barbara,Rodriguez,19-10-1998,Male,Married,Bachelors,Seattle,Washington,US,28-12-2018,True
EMP856C,Pooja,Gupta,31-01-1995,Male,Married,Bachelors,Mumbai,Maharashtra,India,20-06-2026,True
EMP857C,Olivia,Roberts,26-06-1985,Male,Single,Bachelors,London,England,UK,22-11-2015,True
EMP858C,Elizabeth,Brown,12-03-1994,Male,Single,Bachelors,New York,New York,US,24-07-2024,True
EMP859C,Barbara,Smith,27-10-1981,Male,Married,Bachelors,Austin,Texas,US,11-07-2025,True
EMP860C,Elizabeth,Jones,02-09-1983,Female,Single,Diploma,Seattle,Washington,US,09-06-2019,True
EMP861C,Oliver,Evans,10-03-1998,Female,Single,Bachelors,Glasgow,Scotland,UK,20-08-2016,True
EMP862C,Elizabeth,Garcia,23-04-1998,Female,Married,Bachelors,Austin,Texas,US,26-05-2019,True
EMP863C,Ravi,Singh,05-06-1983,Female,Single,Diploma,Bangalore,Karnataka,India,17-06-2017,True
EMP864C,Rakesh,Chauhan,14-01-1980,Male,Single,Bachelors,Hyderabad,Telangana,India,06-01-2024,False
EMP865C,John,Williams,18-04-2000,Female,Married,PhD,San Francisco,California,US,05-01-2018,True
EMP866C,Jack,Williams,19-07-2000,Male,Single,Masters,Manchester,England,UK,20-02-2018,True
EMP867C,Isla,Evans,29-01-1991,Female,Single,Masters,Manchester,England,UK,01-08-2016,True
EMP868C,Rahul,Das,01-01-1989,Female,Single,Bachelors,New Delhi,Delhi,India,08-05-2020,False
EMP869C,Barbara,Garcia,09-12-2000,Male,Single,Bachelors,Seattle,Washington,US,04-08-2015,True
EMP870C,Amelia,Taylor,09-09-1996,Female,Single,Diploma,London,England,UK,22-11-2017,True
EMP871C,Priya,Gupta,27-12-1984,Male,Single,Diploma,New Delhi,Delhi,India,28-05-2016,True
EMP872C,Poppy,Clark,25-11-1993,Female,Married,Bachelors,Edinburgh,Scotland,UK,14-09-2019,True
EMP873C,Jack,Davies,08-01-1967,Male,Single,Bachelors,Birmingham,England,UK,05-05-2017,True
EMP874C,Amit,Reddy,06-06-1998,Female,Married,Diploma,New Delhi,Delhi,India,21-06-2019,True
EMP875C,Isla,Williams,26-10-1968,Female,Single,Masters,Manchester,England,UK,06-01-2023,True
EMP876C,Emily,Clark,24-08-1981,Male,Single,Bachelors,Glasgow,Scotland,UK,07-03-2025,True
EMP877C,George,Williams,24-09-1987,Female,Single,Bachelors,Manchester,England,UK,03-01-2020,True
EMP878C,Ravi,Verma,16-10-1968,Female,Married,Bachelors,New Delhi,Delhi,India,30-03-2026,True
EMP879C,Arjun,Gupta,05-06-1993,Male,Single,Bachelors,Mumbai,Maharashtra,India,13-01-2024,True
EMP880C,William,Garcia,12-09-1975,Female,Married,High School,Seattle,Washington,US,18-05-2017,True
EMP881C,Robert,Martinez,02-06-1983,Male,Married,Masters,San Francisco,California,US,05-02-2019,True
EMP882C,James,Williams,17-06-1994,Female,Single,Masters,New York,New York,US,03-09-2016,True
EMP883C,Jennifer,Garcia,26-02-1988,Female,Married,Masters,Austin,Texas,US,03-03-2022,True
EMP884C,Emily,Roberts,28-05-1966,Male,Married,Diploma,Glasgow,Scotland,UK,14-01-2018,True
EMP885C,Oliver,Davies,04-02-2000,Male,Single,Diploma,London,England,UK,02-02-2026,False
EMP886C,Jennifer,Davis,08-12-1978,Female,Married,Diploma,Seattle,Washington,US,08-04-2021,False
EMP887C,Robert,Jones,28-04-1987,Male,Married,Bachelors,San Francisco,California,US,29-10-2017,True
EMP888C,Linda,Johnson,12-05-1975,Male,Single,Bachelors,New York,New York,US,20-08-2017,True
EMP889C,Sanjay,Verma,16-11-1981,Female,Married,Bachelors,New Delhi,Delhi,India,27-08-2015,True
EMP890C,Isla,Davies,18-03-1975,Male,Married,Bachelors,Glasgow,Scotland,UK,18-10-2019,True
EMP891C,Thomas,Roberts,01-01-1966,Female,Married,Diploma,Glasgow,Scotland,UK,09-11-2020,True
EMP892C,Jack,Jones,09-11-1976,Female,Married,Masters,London,England,UK,20-06-2021,True
EMP893C,Arjun,Chauhan,17-04-1986,Male,Single,Bachelors,Mumbai,Maharashtra,India,26-05-2025,False
EMP894C,Robert,Brown,13-06-2001,Female,Single,Diploma,San Francisco,California,US,21-07-2023,True
EMP895C,Kiran,Reddy,29-07-1993,Male,Single,Masters,Bangalore,Karnataka,India,08-10-2017,True
EMP896C,Kavita,Nayak,21-02-1994,Male,Single,High School,Mumbai,Maharashtra,India,05-04-2015,True
EMP897C,Priya,Das,20-08-1984,Male,Married,Bachelors,New Delhi,Delhi,India,05-09-2018,True
EMP898C,Arjun,Verma,30-09-1995,Female,Married,Bachelors,Bangalore,Karnataka,India,08-07-2024,True
EMP899C,Poppy,Davies,06-03-2003,Female,Single,Bachelors,Birmingham,England,UK,07-04-2024,True
EMP900C,William,Williams,15-06-1992,Female,Divorced,Bachelors,Chicago,Illinois,US,09-04-2023,True
EMP901C,Priya,Sharma,03-04-1974,Female,Married,Bachelors,New Delhi,Delhi,India,28-02-2020,True
EMP902C,Oliver,Evans,23-10-1987,Male,Married,Masters,London,England,UK,02-02-2022,True
EMP903C,Isla,Brown,27-07-1996,Female,Married,Bachelors,Birmingham,England,UK,11-08-2021,True
EMP904C,Robert,Martinez,17-05-1967,Male,Married,Bachelors,Chicago,Illinois,US,02-07-2020,True
EMP905C,Emily,Williams,17-05-1981,Male,Married,Bachelors,Edinburgh,Scotland,UK,28-09-2024,True
EMP906C,Amelia,Davies,27-05-1976,Male,Married,Masters,Edinburgh,Scotland,UK,04-04-2017,False
EMP907C,Jennifer,Brown,28-05-2002,Male,Single,Bachelors,Seattle,Washington,US,23-12-2015,True
EMP908C,Linda,Smith,14-08-2000,Male,Married,Bachelors,Chicago,Illinois,US,28-11-2023,True
EMP909C,Kavita,Singh,25-01-1996,Female,Single,Bachelors,Mumbai,Maharashtra,India,14-12-2017,True
EMP910C,Emily,Davies,22-11-1975,Female,Single,Masters,Birmingham,England,UK,25-04-2025,True
EMP911C,Jacob,Clark,29-07-1998,Female,Married,Bachelors,Edinburgh,Scotland,UK,16-07-2022,True
EMP912C,Barbara,Rodriguez,17-03-2004,Female,Married,Masters,New York,New York,US,23-01-2025,True
EMP913C,Neha,Iyer,29-03-1972,Male,Married,Bachelors,Mumbai,Maharashtra,India,23-12-2017,False
EMP914C,Harry,Thomas,20-05-1999,Female,Divorced,Bachelors,Edinburgh,Scotland,UK,09-05-2025,True
EMP915C,Jennifer,Garcia,05-07-1970,Male,Single,Masters,New York,New York,US,31-08-2018,True
EMP916C,Harry,Roberts,09-03-1980,Female,Single,Masters,Glasgow,Scotland,UK,07-11-2015,True
EMP917C,Thomas,Williams,13-01-1993,Male,Single,Bachelors,Edinburgh,Scotland,UK,31-12-2025,True
EMP918C,Rakesh,Reddy,09-04-1992,Female,Married,Bachelors,Hyderabad,Telangana,India,27-12-2017,False
EMP919C,Rakesh,Patel,09-12-1998,Male,Single,Bachelors,Mumbai,Maharashtra,India,08-04-2015,True
EMP920C,Charlie,Davies,14-04-1987,Male,Single,Bachelors,Glasgow,Scotland,UK,01-08-2023,True
EMP921C,Rahul,Kumari,12-12-1989,Female,Single,Masters,New Delhi,Delhi,India,05-02-2015,True
EMP922C,Amelia,Jones,03-11-1970,Female,Divorced,Masters,Edinburgh,Scotland,UK,23-03-2020,True
EMP923C,Mary,Jones,12-05-1985,Female,Married,Masters,Seattle,Washington,US,28-02-2016,True
EMP924C,Oliver,Roberts,02-10-1972,Male,Married,Bachelors,Manchester,England,UK,01-06-2015,True
EMP925C,Rakesh,Nayak,26-08-1999,Male,Single,Bachelors,Mumbai,Maharashtra,India,15-10-2022,True
EMP926C,Elizabeth,Martinez,10-11-1992,Male,Single,Bachelors,Seattle,Washington,US,13-11-2022,True
EMP927C,Emily,Roberts,08-11-1985,Female,Single,PhD,London,England,UK,25-01-2015,False
EMP928C,Jacob,Taylor,21-02-1994,Female,Married,Masters,Manchester,England,UK,21-01-2016,True
EMP929C,Jennifer,Rodriguez,08-12-1966,Female,Married,Masters,Austin,Texas,US,07-08-2022,True
EMP930C,Kiran,Sharma,04-07-1987,Female,Divorced,Diploma,Hyderabad,Telangana,India,14-07-2021,True
EMP931C,Manish,Chauhan,17-02-1977,Female,Divorced,Masters,Bangalore,Karnataka,India,01-12-2021,True
EMP932C,Jacob,Wilson,10-04-1978,Male,Married,Masters,Manchester,England,UK,03-12-2025,True
EMP933C,Vikram,Chauhan,14-06-1995,Female,Married,Masters,Hyderabad,Telangana,India,01-10-2020,True
EMP934C,Amelia,Roberts,17-12-1993,Female,Married,Bachelors,Birmingham,England,UK,26-01-2021,True
EMP935C,Robert,Johnson,23-03-1979,Male,Married,Diploma,Seattle,Washington,US,18-04-2020,True
EMP936C,Manish,Bose,23-10-1991,Male,Divorced,Bachelors,Bangalore,Karnataka,India,02-09-2024,True
EMP937C,Kiran,Kumar,08-03-1993,Male,Single,Diploma,Chennai,Tamil Nadu,India,24-01-2021,True
EMP938C,Isla,Evans,26-05-2002,Male,Married,Masters,Edinburgh,Scotland,UK,09-09-2024,True
EMP939C,Neha,Sharma,13-04-1973,Male,Single,Bachelors,New Delhi,Delhi,India,23-08-2017,False
EMP940C,Arjun,Chauhan,02-03-1970,Female,Single,Masters,New Delhi,Delhi,India,07-05-2026,True
EMP941C,Sneha,Chauhan,25-04-2003,Male,Married,Bachelors,Hyderabad,Telangana,India,11-06-2015,True
EMP942C,William,Brown,12-01-1976,Female,Single,Bachelors,Chicago,Illinois,US,11-08-2019,True
EMP943C,Emily,Evans,29-03-1966,Female,Married,Bachelors,Edinburgh,Scotland,UK,14-12-2024,True
EMP944C,Neha,Verma,30-05-1966,Male,Married,Masters,Hyderabad,Telangana,India,27-03-2021,False
EMP945C,Sanjay,Mishra,15-08-1994,Female,Single,Masters,Hyderabad,Telangana,India,13-05-2021,True
EMP946C,Michael,Williams,25-02-1998,Female,Single,Bachelors,New York,New York,US,20-09-2025,True
EMP947C,Olivia,Wilson,18-04-1977,Male,Married,Bachelors,London,England,UK,07-07-2021,True
EMP948C,Kavita,Das,18-10-1996,Female,Married,Bachelors,New Delhi,Delhi,India,14-04-2026,True
EMP949C,Harry,Williams,05-05-1996,Male,Single,PhD,Manchester,England,UK,28-07-2018,True
EMP950C,Thomas,Jones,31-08-2000,Female,Single,Masters,Birmingham,England,UK,21-06-2026,True
EMP951C,Jacob,Taylor,05-06-1991,Male,Married,Masters,Edinburgh,Scotland,UK,05-10-2023,True
EMP952C,David,Jones,03-12-1982,Female,Married,Masters,Austin,Texas,US,27-12-2023,True
EMP953C,Michael,Jones,10-02-1995,Female,Married,Diploma,Chicago,Illinois,US,19-01-2016,True
EMP954C,Robert,Garcia,15-12-1992,Female,Married,Bachelors,Austin,Texas,US,01-08-2016,True
EMP955C,Isla,Williams,04-05-1984,Male,Married,Bachelors,Edinburgh,Scotland,UK,16-09-2021,True
EMP956C,Oliver,Wilson,15-05-1984,Female,Single,Bachelors,Glasgow,Scotland,UK,26-06-2025,True
EMP957C,John,Jones,18-11-2003,Male,Single,Diploma,Chicago,Illinois,US,15-07-2019,True
EMP958C,Arjun,Iyer,10-01-1970,Female,Married,Bachelors,Bangalore,Karnataka,India,03-06-2020,True
EMP959C,William,Rodriguez,12-12-1980,Male,Married,Diploma,Austin,Texas,US,04-03-2026,True
EMP960C,Manish,Sharma,08-04-1968,Female,Divorced,Masters,Hyderabad,Telangana,India,03-09-2020,True
EMP961C,Kavita,Gupta,15-09-1992,Female,Divorced,Bachelors,Hyderabad,Telangana,India,01-06-2020,False
EMP962C,Anjali,Mishra,13-12-1988,Male,Single,Masters,Chennai,Tamil Nadu,India,22-10-2024,True
EMP963C,Sanjay,Das,02-10-1978,Female,Married,Masters,Chennai,Tamil Nadu,India,10-09-2024,False
EMP964C,Jack,Wilson,08-10-1986,Female,Single,Bachelors,Glasgow,Scotland,UK,30-01-2018,True
EMP965C,Poppy,Jones,20-03-1992,Male,Married,PhD,London,England,UK,10-12-2017,True
EMP966C,Barbara,Williams,07-08-2003,Female,Married,Bachelors,New York,New York,US,09-03-2025,True
EMP967C,Jacob,Evans,16-03-1973,Male,Single,Bachelors,Edinburgh,Scotland,UK,01-11-2021,True
EMP968C,Michael,Brown,29-10-1997,Male,Single,Bachelors,San Francisco,California,US,30-11-2022,True
EMP969C,Emily,Taylor,12-05-2003,Female,Single,Bachelors,Birmingham,England,UK,09-04-2020,True
EMP970C,Amit,Nayak,24-07-1977,Female,Single,PhD,New Delhi,Delhi,India,03-04-2019,True
EMP971C,Jack,Brown,24-07-1978,Male,Single,Masters,Manchester,England,UK,11-06-2025,True
EMP972C,Neha,Kumar,19-10-1970,Female,Married,Bachelors,Mumbai,Maharashtra,India,14-04-2020,False
EMP973C,Michael,Garcia,05-01-1981,Female,Divorced,Bachelors,Austin,Texas,US,20-11-2024,True
EMP974C,William,Johnson,29-09-1969,Female,Married,Bachelors,Austin,Texas,US,08-03-2017,True
EMP975C,Anjali,Chauhan,05-02-1968,Female,Single,Bachelors,Chennai,Tamil Nadu,India,21-12-2020,True
EMP976C,Kiran,Verma,27-03-1998,Female,Married,Masters,Bangalore,Karnataka,India,19-02-2016,True
EMP977C,Linda,Brown,08-01-1970,Male,Single,Bachelors,San Francisco,California,US,14-12-2017,True
EMP978C,Jack,Clark,23-12-2000,Male,Single,Masters,Birmingham,England,UK,12-05-2025,False
EMP979C,David,Williams,22-01-1967,Male,Married,Masters,San Francisco,California,US,13-10-2023,True
EMP980C,Vikram,Verma,03-08-1998,Female,Married,Bachelors,Bangalore,Karnataka,India,27-12-2020,True
EMP981C,Sanjay,Chauhan,20-10-1984,Female,Married,Bachelors,Mumbai,Maharashtra,India,24-05-2025,False
EMP982C,Neha,Gupta,17-10-1974,Male,Married,Bachelors,Mumbai,Maharashtra,India,03-03-2022,True
EMP983C,Amit,Kumari,22-04-1971,Female,Married,Masters,Chennai,Tamil Nadu,India,06-05-2016,True
EMP984C,Isla,Thomas,07-06-1972,Female,Divorced,Masters,Birmingham,England,UK,11-01-2024,True
EMP985C,Manish,Verma,13-11-1980,Female,Married,Bachelors,Hyderabad,Telangana,India,10-12-2019,True
EMP986C,Sneha,Verma,25-01-1979,Male,Married,Bachelors,Hyderabad,Telangana,India,20-06-2022,True
EMP987C,Anjali,Iyer,28-04-1983,Female,Married,High School,Hyderabad,Telangana,India,03-09-2023,False
EMP988C,Jack,Brown,21-02-1988,Female,Married,Diploma,Edinburgh,Scotland,UK,11-06-2018,True
EMP989C,Harry,Williams,16-05-1991,Female,Married,Bachelors,Manchester,England,UK,28-01-2017,True
EMP990C,Harry,Brown,10-04-1984,Female,Single,Bachelors,Edinburgh,Scotland,UK,08-04-2024,True
EMP991C,James,Rodriguez,22-09-1965,Male,Single,Masters,New York,New York,US,30-11-2025,True
EMP992C,David,Brown,17-02-1997,Female,Married,Masters,Seattle,Washington,US,23-09-2018,True
EMP993C,Jacob,Jones,27-12-1985,Male,Married,Masters,Edinburgh,Scotland,UK,14-05-2022,False
EMP994C,Michael,Davis,09-12-1978,Female,Single,PhD,Seattle,Washington,US,17-02-2016,True
EMP995C,Elizabeth,Jones,08-05-1990,Female,Single,Bachelors,Seattle,Washington,US,04-09-2024,True
EMP996C,Kiran,Reddy,28-05-1993,Female,Single,Bachelors,New Delhi,Delhi,India,02-05-2022,True
EMP997C,Vikram,Singh,11-12-1997,Male,Married,Bachelors,Chennai,Tamil Nadu,India,23-09-2019,True
EMP998C,Barbara,Miller,19-08-1973,Male,Single,Bachelors,Seattle,Washington,US,15-08-2025,True
EMP999C,Michael,Miller,11-05-1998,Female,Single,High School,New York,New York,US,05-12-2022,True
EMP001D,William,Miller,20-08-1992,Male,Single,Bachelors,San Francisco,California,US,30-08-2026,False
EMP002D,James,Brown,15-07-1979,Female,Married,Bachelors,Seattle,Washington,US,14-11-2016,True
EMP003D,Robert,Smith,30-03-1966,Male,Single,Masters,Seattle,Washington,US,11-04-2020,True
EMP004D,Linda,Miller,25-02-1987,Male,Married,Bachelors,Seattle,Washington,US,12-01-2018,True
EMP005D,Rahul,Chauhan,16-04-1999,Female,Single,High School,Bangalore,Karnataka,India,16-08-2015,True
EMP006D,Pooja,Bose,19-01-2002,Female,Married,Masters,Mumbai,Maharashtra,India,29-05-2018,True
EMP007D,George,Davies,26-06-1970,Female,Married,High School,London,England,UK,13-10-2016,True
EMP008D,Priya,Bose,14-05-1979,Female,Divorced,Masters,New Delhi,Delhi,India,29-06-2020,True
EMP009D,Amit,Iyer,23-10-2002,Male,Married,Bachelors,Mumbai,Maharashtra,India,10-10-2016,False
EMP010D,Robert,Rodriguez,30-07-1986,Male,Single,Diploma,San Francisco,California,US,27-11-2019,False
EMP011D,Barbara,Davis,14-12-1995,Female,Single,Bachelors,Austin,Texas,US,02-08-2017,False
EMP012D,Harry,Jones,04-01-2004,Male,Single,Masters,Birmingham,England,UK,17-01-2016,True
EMP013D,George,Williams,18-08-2003,Male,Single,Masters,Manchester,England,UK,16-07-2017,True
EMP014D,Jack,Williams,24-12-2003,Male,Married,Diploma,Birmingham,England,UK,10-02-2025,True
EMP015D,Rahul,Singh,30-04-1982,Female,Married,Diploma,Hyderabad,Telangana,India,04-07-2021,True
EMP016D,Vikram,Kumar,14-04-1998,Female,Married,PhD,Chennai,Tamil Nadu,India,14-07-2017,True
EMP017D,Priya,Patel,23-05-1984,Female,Single,High School,Mumbai,Maharashtra,India,27-03-2019,True
EMP018D,Amit,Bose,14-06-2003,Male,Single,Masters,Chennai,Tamil Nadu,India,16-11-2016,True
EMP019D,Patricia,Johnson,18-06-1979,Female,Single,Bachelors,Seattle,Washington,US,31-08-2016,True
EMP020D,John,Rodriguez,14-08-1987,Female,Married,Bachelors,Austin,Texas,US,23-12-2025,True
EMP021D,Sanjay,Kumari,12-03-1978,Male,Single,Bachelors,Chennai,Tamil Nadu,India,14-07-2015,True
EMP022D,Jennifer,Smith,10-11-1984,Male,Divorced,Diploma,New York,New York,US,31-08-2018,True
EMP023D,Ravi,Kumari,27-01-1972,Male,Married,Bachelors,Mumbai,Maharashtra,India,04-12-2017,True
EMP024D,Patricia,Miller,07-01-1973,Female,Single,Bachelors,Seattle,Washington,US,20-08-2016,True
EMP025D,Kavita,Kumar,16-08-1982,Female,Married,Masters,New Delhi,Delhi,India,28-09-2016,True
EMP026D,Elizabeth,Miller,26-03-2000,Female,Married,Bachelors,Seattle,Washington,US,19-05-2019,True
EMP027D,Poppy,Jones,19-05-1988,Male,Married,Masters,Birmingham,England,UK,19-10-2016,False
EMP028D,Anjali,Mishra,01-09-1983,Male,Married,Bachelors,New Delhi,Delhi,India,16-02-2024,True
EMP029D,Elizabeth,Miller,07-03-1985,Female,Single,Diploma,New York,New York,US,08-11-2025,True
EMP030D,Linda,Smith,13-09-1980,Male,Single,Bachelors,San Francisco,California,US,12-08-2019,True
EMP031D,Neha,Kumar,06-11-1980,Male,Married,Bachelors,Bangalore,Karnataka,India,03-04-2019,True
EMP032D,Isla,Brown,25-04-2004,Male,Single,Masters,Birmingham,England,UK,01-12-2018,True
EMP033D,Isla,Jones,26-12-1982,Female,Single,Bachelors,Manchester,England,UK,03-09-2015,True
EMP034D,Jacob,Wilson,30-12-1989,Male,Single,Masters,Birmingham,England,UK,23-12-2020,True
EMP035D,Amelia,Williams,24-12-1971,Female,Single,PhD,Manchester,England,UK,03-05-2024,True
EMP036D,Rakesh,Sharma,10-06-1983,Female,Single,Bachelors,New Delhi,Delhi,India,04-10-2023,False
EMP037D,Rahul,Verma,29-11-1995,Female,Single,Masters,Bangalore,Karnataka,India,26-05-2023,True
EMP038D,Vikram,Nayak,11-06-1966,Female,Single,Bachelors,Chennai,Tamil Nadu,India,30-01-2019,True
EMP039D,George,Davies,16-12-1985,Female,Single,Bachelors,Manchester,England,UK,07-07-2021,True
EMP040D,Elizabeth,Garcia,03-11-1988,Female,Single,Bachelors,Chicago,Illinois,US,27-09-2018,True
EMP041D,Michael,Brown,19-04-1983,Female,Married,Bachelors,Seattle,Washington,US,27-03-2023,True
EMP042D,Kiran,Verma,14-10-1972,Female,Married,Bachelors,Hyderabad,Telangana,India,29-12-2018,False
EMP043D,Kavita,Bose,25-04-2003,Male,Single,Bachelors,Chennai,Tamil Nadu,India,28-05-2023,True
EMP044D,Manish,Patel,11-07-1975,Male,Single,Bachelors,Mumbai,Maharashtra,India,27-03-2021,False
EMP045D,Harry,Davies,05-04-1976,Female,Divorced,Masters,Birmingham,England,UK,16-09-2016,True
EMP046D,Sanjay,Kumar,08-07-1993,Male,Divorced,Bachelors,Chennai,Tamil Nadu,India,08-10-2018,False
EMP047D,Vikram,Singh,09-09-1991,Female,Single,Bachelors,Chennai,Tamil Nadu,India,24-07-2017,True
EMP048D,Elizabeth,Johnson,27-05-1965,Female,Single,Masters,San Francisco,California,US,21-08-2026,True
EMP049D,Mary,Garcia,24-03-1971,Male,Single,High School,Seattle,Washington,US,18-04-2017,True
EMP050D,James,Williams,29-08-1993,Male,Single,Bachelors,Chicago,Illinois,US,27-04-2024,False
EMP051D,Olivia,Taylor,22-03-1999,Female,Married,Masters,Birmingham,England,UK,01-03-2018,True
EMP052D,William,Jones,07-08-2002,Female,Single,Bachelors,San Francisco,California,US,20-05-2016,True
EMP053D,Isla,Brown,15-01-1968,Female,Married,Bachelors,Edinburgh,Scotland,UK,13-07-2020,False
EMP054D,Amelia,Clark,28-07-1974,Female,Married,Bachelors,Glasgow,Scotland,UK,01-04-2025,True
EMP055D,Ravi,Sharma,14-12-1991,Male,Single,Bachelors,Mumbai,Maharashtra,India,19-01-2022,True
EMP056D,Robert,Johnson,14-03-1965,Female,Married,Bachelors,New York,New York,US,25-11-2019,True
EMP057D,Pooja,Patel,07-10-1992,Female,Married,High School,Hyderabad,Telangana,India,28-12-2017,True
EMP058D,Olivia,Brown,23-10-1986,Female,Married,Masters,Birmingham,England,UK,30-06-2025,True
EMP059D,Amit,Das,12-08-2002,Female,Divorced,Bachelors,Chennai,Tamil Nadu,India,27-11-2017,True
EMP060D,Rakesh,Verma,03-10-1981,Male,Single,Masters,New Delhi,Delhi,India,13-05-2016,True
EMP061D,Jack,Thomas,06-04-1981,Female,Married,Bachelors,Edinburgh,Scotland,UK,08-11-2015,False
EMP062D,William,Garcia,25-05-1998,Female,Married,Masters,San Francisco,California,US,14-09-2016,False
EMP063D,Oliver,Taylor,19-06-1993,Male,Married,Bachelors,Edinburgh,Scotland,UK,23-10-2018,True
EMP064D,Jennifer,Williams,12-10-2001,Male,Married,Bachelors,San Francisco,California,US,18-02-2026,True
EMP065D,Neha,Kumari,09-09-1977,Male,Married,Masters,Mumbai,Maharashtra,India,04-01-2017,False
EMP066D,Jennifer,Brown,14-04-1992,Female,Single,Bachelors,Seattle,Washington,US,20-07-2016,True
EMP067D,Ravi,Verma,23-12-1965,Female,Single,Bachelors,Hyderabad,Telangana,India,02-01-2022,True
EMP068D,Vikram,Chauhan,12-11-1991,Female,Married,Bachelors,Bangalore,Karnataka,India,28-11-2020,True
EMP069D,Arjun,Nayak,05-08-1969,Male,Married,Masters,Hyderabad,Telangana,India,25-03-2019,True
EMP070D,James,Brown,23-11-1968,Female,Single,Masters,San Francisco,California,US,15-05-2016,True
EMP071D,James,Williams,19-10-1997,Male,Married,Diploma,New York,New York,US,15-12-2016,True
EMP072D,Jack,Wilson,12-04-2003,Female,Single,PhD,Edinburgh,Scotland,UK,09-03-2026,True
EMP073D,Robert,Garcia,15-08-1987,Male,Married,Masters,Austin,Texas,US,03-06-2022,True
EMP074D,Jacob,Brown,02-03-1974,Female,Single,Bachelors,Birmingham,England,UK,02-06-2017,True
EMP075D,Arjun,Bose,13-06-1995,Male,Single,Masters,Bangalore,Karnataka,India,05-08-2020,True
EMP076D,Jennifer,Smith,24-11-2000,Female,Single,Bachelors,Chicago,Illinois,US,19-03-2018,True
EMP077D,George,Evans,26-10-1969,Female,Divorced,Bachelors,London,England,UK,09-11-2021,True
EMP078D,Sanjay,Verma,30-05-1967,Female,Married,Masters,Bangalore,Karnataka,India,04-03-2025,True
EMP079D,Sneha,Nayak,03-04-1974,Female,Married,Diploma,Mumbai,Maharashtra,India,19-02-2020,True
EMP080D,William,Williams,26-01-1981,Male,Single,Masters,Seattle,Washington,US,24-11-2016,True
EMP081D,Poppy,Taylor,25-02-1978,Female,Married,Masters,Glasgow,Scotland,UK,12-01-2022,True
EMP082D,Pooja,Mishra,29-02-2004,Male,Divorced,Masters,Chennai,Tamil Nadu,India,05-09-2015,True
EMP083D,Emily,Wilson,11-07-1987,Female,Married,Bachelors,Edinburgh,Scotland,UK,29-05-2022,True
EMP084D,James,Johnson,06-06-1971,Female,Divorced,Masters,Austin,Texas,US,15-02-2025,True
EMP085D,Thomas,Jones,21-03-1987,Male,Single,Masters,London,England,UK,20-09-2016,True
EMP086D,Kavita,Sharma,11-11-1986,Male,Married,Masters,Mumbai,Maharashtra,India,11-03-2017,True
EMP087D,Robert,Garcia,10-03-1997,Male,Married,Masters,Chicago,Illinois,US,24-12-2018,True
EMP088D,Linda,Rodriguez,21-07-1982,Male,Single,Masters,Austin,Texas,US,18-12-2022,False
EMP089D,Sanjay,Patel,13-02-1991,Female,Divorced,Bachelors,New Delhi,Delhi,India,04-05-2024,True
EMP090D,Barbara,Brown,15-08-1981,Female,Single,Bachelors,Chicago,Illinois,US,19-02-2024,True
EMP091D,Pooja,Sharma,30-08-1981,Male,Married,Bachelors,Chennai,Tamil Nadu,India,25-04-2024,True
EMP092D,Olivia,Taylor,26-03-1985,Female,Married,Masters,Glasgow,Scotland,UK,29-10-2016,False
EMP093D,Elizabeth,Davis,27-04-1983,Male,Single,Bachelors,Seattle,Washington,US,21-10-2025,True
EMP094D,Amit,Patel,02-04-2004,Male,Single,Bachelors,Bangalore,Karnataka,India,22-02-2016,True
EMP095D,Thomas,Taylor,19-08-1977,Female,Married,Masters,Edinburgh,Scotland,UK,26-12-2017,True
EMP096D,Rahul,Kumar,16-07-1987,Female,Single,PhD,Hyderabad,Telangana,India,03-06-2017,True
EMP097D,Oliver,Roberts,23-09-1971,Male,Single,Bachelors,Birmingham,England,UK,28-01-2020,True
EMP098D,Michael,Davis,24-12-1977,Male,Married,Bachelors,San Francisco,California,US,30-12-2025,True
EMP099D,Amit,Chauhan,30-10-1965,Male,Married,Bachelors,New Delhi,Delhi,India,17-10-2015,True
EMP100D,Harry,Thomas,04-07-1997,Male,Married,Masters,Birmingham,England,UK,23-08-2019,True
EMP101D,Rahul,Gupta,26-10-2002,Female,Married,Masters,Chennai,Tamil Nadu,India,16-04-2015,True
EMP102D,Poppy,Evans,18-02-1994,Male,Married,Diploma,Glasgow,Scotland,UK,10-02-2018,True
EMP103D,Arjun,Chauhan,19-05-1974,Female,Married,Bachelors,Mumbai,Maharashtra,India,12-11-2025,True
EMP104D,David,Martinez,01-02-2003,Female,Married,Bachelors,Austin,Texas,US,06-12-2018,True
EMP105D,Pooja,Sharma,21-05-1966,Male,Married,Bachelors,Hyderabad,Telangana,India,18-11-2018,False
EMP106D,Thomas,Brown,03-12-1995,Female,Divorced,Bachelors,London,England,UK,26-06-2018,True
EMP107D,Mary,Martinez,01-12-1989,Male,Married,Diploma,Austin,Texas,US,06-08-2020,True
EMP108D,Olivia,Evans,06-03-1972,Male,Married,Masters,Manchester,England,UK,20-07-2021,True
EMP109D,Kiran,Iyer,23-07-1983,Female,Married,Bachelors,Mumbai,Maharashtra,India,16-09-2017,True
EMP110D,George,Wilson,21-06-1972,Male,Married,Masters,Birmingham,England,UK,13-04-2024,True
EMP111D,Mary,Martinez,17-03-1990,Female,Married,Bachelors,Austin,Texas,US,14-07-2015,True
EMP112D,Thomas,Davies,12-06-1968,Male,Divorced,Bachelors,Birmingham,England,UK,09-10-2025,False
EMP113D,Jennifer,Garcia,31-05-1998,Female,Married,Diploma,New York,New York,US,10-01-2017,True
EMP114D,Ravi,Iyer,10-10-1977,Male,Single,Bachelors,New Delhi,Delhi,India,09-08-2023,True
EMP115D,Michael,Johnson,13-11-1966,Female,Single,Masters,Seattle,Washington,US,26-02-2020,True
EMP116D,Kiran,Mishra,03-12-1990,Female,Single,Bachelors,Bangalore,Karnataka,India,31-03-2017,True
EMP117D,Neha,Nayak,02-11-1981,Female,Married,High School,Mumbai,Maharashtra,India,14-12-2024,True
EMP118D,George,Clark,16-11-1977,Male,Married,Bachelors,London,England,UK,05-02-2024,True
EMP119D,Sneha,Verma,23-07-1997,Male,Married,Masters,Hyderabad,Telangana,India,07-07-2019,True
EMP120D,Robert,Miller,19-03-1988,Female,Married,Diploma,Seattle,Washington,US,28-05-2020,True
EMP121D,Sneha,Sharma,17-03-1977,Female,Married,Masters,Mumbai,Maharashtra,India,13-12-2018,True
EMP122D,Oliver,Clark,27-04-1982,Male,Married,Bachelors,Birmingham,England,UK,10-11-2021,True
EMP123D,Barbara,Smith,27-07-1966,Female,Single,Bachelors,New York,New York,US,30-07-2016,False
EMP124D,Robert,Miller,11-01-1983,Male,Married,Bachelors,Chicago,Illinois,US,06-12-2021,True
EMP125D,Arjun,Bose,21-10-1990,Female,Married,Bachelors,New Delhi,Delhi,India,22-09-2019,True
EMP126D,Rahul,Sharma,16-05-1994,Male,Single,Diploma,Mumbai,Maharashtra,India,03-08-2021,True
EMP127D,Kiran,Bose,13-06-1972,Female,Single,Bachelors,Mumbai,Maharashtra,India,04-12-2022,True
EMP128D,Isla,Clark,29-04-1989,Female,Married,PhD,Glasgow,Scotland,UK,13-02-2020,True
EMP129D,Michael,Smith,15-01-2000,Female,Single,Bachelors,Chicago,Illinois,US,07-03-2022,False
EMP130D,Isla,Roberts,26-06-1969,Male,Married,Bachelors,Manchester,England,UK,07-06-2021,True
EMP131D,Charlie,Brown,26-06-1972,Male,Married,Bachelors,Glasgow,Scotland,UK,11-03-2015,True
EMP132D,William,Johnson,29-01-1986,Female,Single,Bachelors,Seattle,Washington,US,18-08-2017,True
EMP133D,Michael,Davis,18-01-1971,Male,Married,Diploma,Chicago,Illinois,US,23-01-2018,True
EMP134D,Arjun,Kumar,01-05-1973,Male,Married,High School,New Delhi,Delhi,India,19-01-2021,True
EMP135D,James,Miller,14-10-1991,Female,Married,Bachelors,Chicago,Illinois,US,24-10-2025,True
EMP136D,Jennifer,Davis,10-08-1976,Female,Single,Masters,New York,New York,US,30-01-2024,True
EMP137D,Patricia,Davis,01-05-1978,Male,Divorced,Bachelors,Austin,Texas,US,21-12-2022,False
EMP138D,Olivia,Clark,06-03-1999,Male,Married,Bachelors,Glasgow,Scotland,UK,10-07-2017,False
EMP139D,Linda,Brown,11-11-1983,Female,Divorced,Bachelors,San Francisco,California,US,02-09-2016,True
EMP140D,Kavita,Singh,22-07-2003,Male,Single,Bachelors,Chennai,Tamil Nadu,India,16-07-2019,False
EMP141D,Priya,Chauhan,23-01-1993,Female,Married,Masters,Hyderabad,Telangana,India,02-06-2026,True
EMP142D,Patricia,Brown,06-07-1999,Female,Married,Bachelors,San Francisco,California,US,23-06-2020,True
EMP143D,Jennifer,Davis,14-09-1993,Male,Married,PhD,Seattle,Washington,US,10-01-2024,True
EMP144D,Thomas,Williams,25-06-1982,Male,Married,Masters,Edinburgh,Scotland,UK,20-06-2023,True
EMP145D,Olivia,Clark,03-09-1974,Female,Single,Masters,Edinburgh,Scotland,UK,18-10-2025,False
EMP146D,David,Jones,06-12-2003,Male,Divorced,Masters,Chicago,Illinois,US,27-02-2019,True
EMP147D,Priya,Iyer,23-06-1996,Male,Single,Masters,Chennai,Tamil Nadu,India,09-01-2017,False
EMP148D,Rakesh,Chauhan,03-04-1969,Female,Single,Bachelors,Hyderabad,Telangana,India,26-10-2022,False
EMP149D,Rakesh,Gupta,22-09-1975,Male,Single,High School,Chennai,Tamil Nadu,India,20-02-2022,False
EMP150D,Sneha,Singh,04-05-1984,Female,Single,Masters,Bangalore,Karnataka,India,22-07-2019,True
EMP151D,Oliver,Davies,07-08-1987,Female,Married,Diploma,Edinburgh,Scotland,UK,30-01-2023,True
EMP152D,Anjali,Iyer,20-01-1989,Female,Single,PhD,New Delhi,Delhi,India,15-05-2024,True
EMP153D,Manish,Kumar,03-06-1989,Female,Single,Bachelors,Hyderabad,Telangana,India,03-12-2018,False
EMP154D,Charlie,Davies,14-12-1975,Male,Married,Bachelors,Edinburgh,Scotland,UK,15-10-2019,True
EMP155D,Rahul,Kumar,23-04-1974,Female,Single,High School,Bangalore,Karnataka,India,01-06-2018,True
EMP156D,David,Davis,01-04-1994,Male,Married,Masters,Austin,Texas,US,09-01-2017,True
EMP157D,Rahul,Kumari,21-09-1998,Male,Married,Bachelors,Mumbai,Maharashtra,India,29-03-2024,True
EMP158D,Robert,Johnson,16-10-1990,Female,Single,Masters,Austin,Texas,US,06-06-2022,True
EMP159D,Oliver,Roberts,09-03-1998,Male,Single,Bachelors,Birmingham,England,UK,15-10-2016,True
EMP160D,Manish,Singh,15-03-2002,Male,Divorced,Masters,Chennai,Tamil Nadu,India,01-05-2017,True
EMP161D,Kiran,Verma,30-11-1977,Female,Divorced,Masters,New Delhi,Delhi,India,15-07-2015,True
EMP162D,Rakesh,Mishra,14-04-1977,Male,Married,Masters,Bangalore,Karnataka,India,28-08-2024,False
EMP163D,Jack,Evans,08-09-1965,Female,Married,Bachelors,Birmingham,England,UK,25-04-2015,True
EMP164D,James,Williams,16-06-1984,Female,Single,Bachelors,San Francisco,California,US,05-10-2022,True
EMP165D,Kiran,Sharma,09-02-1999,Female,Single,Masters,Bangalore,Karnataka,India,16-03-2026,True
EMP166D,Priya,Bose,25-10-2001,Male,Married,Masters,Chennai,Tamil Nadu,India,25-07-2021,True
EMP167D,George,Evans,23-11-2002,Female,Married,Bachelors,Manchester,England,UK,01-06-2026,True
EMP168D,Rakesh,Nayak,22-01-1999,Male,Married,Bachelors,Hyderabad,Telangana,India,23-09-2018,False
EMP169D,Harry,Davies,31-01-1976,Male,Single,Masters,Glasgow,Scotland,UK,12-03-2020,True
EMP170D,Neha,Verma,10-09-1987,Female,Single,Masters,Chennai,Tamil Nadu,India,29-05-2018,True
EMP171D,Jack,Thomas,22-10-1997,Female,Married,High School,Edinburgh,Scotland,UK,05-10-2020,True
EMP172D,Amit,Gupta,18-03-2002,Male,Married,High School,Hyderabad,Telangana,India,25-02-2017,True
EMP173D,James,Garcia,31-03-1966,Female,Single,Diploma,New York,New York,US,19-06-2026,True
EMP174D,Neha,Kumar,15-07-1976,Female,Married,Bachelors,Bangalore,Karnataka,India,01-05-2016,True
EMP175D,Sanjay,Das,07-11-1996,Female,Single,Bachelors,Hyderabad,Telangana,India,12-11-2025,True
EMP176D,Thomas,Davies,25-06-1986,Female,Married,Bachelors,Glasgow,Scotland,UK,23-05-2022,True
EMP177D,Michael,Smith,09-03-2003,Female,Single,Diploma,Chicago,Illinois,US,01-12-2019,True
EMP178D,George,Roberts,26-11-1971,Female,Married,Diploma,London,England,UK,14-10-2024,True
EMP179D,Charlie,Clark,01-04-1970,Female,Single,Bachelors,Birmingham,England,UK,12-11-2021,True
EMP180D,Amelia,Thomas,29-12-1977,Male,Single,Masters,Edinburgh,Scotland,UK,20-12-2017,True
EMP181D,Patricia,Miller,30-10-1989,Male,Single,Bachelors,Chicago,Illinois,US,25-04-2025,True
EMP182D,Robert,Williams,13-06-1981,Male,Married,Masters,Seattle,Washington,US,09-12-2019,True
EMP183D,James,Rodriguez,17-06-2004,Male,Single,Masters,Seattle,Washington,US,22-03-2019,True
EMP184D,Rahul,Verma,16-12-1986,Male,Married,Masters,Chennai,Tamil Nadu,India,31-10-2021,True
EMP185D,James,Jones,10-05-1981,Female,Divorced,Bachelors,Seattle,Washington,US,09-05-2024,True
EMP186D,Linda,Brown,09-09-1999,Female,Single,Bachelors,Seattle,Washington,US,09-02-2017,True
EMP187D,William,Martinez,30-11-1969,Female,Divorced,Bachelors,New York,New York,US,21-08-2026,True
EMP188D,Charlie,Davies,19-09-1995,Female,Married,Masters,Manchester,England,UK,17-08-2025,True
EMP189D,Thomas,Wilson,27-05-1983,Male,Single,Diploma,Glasgow,Scotland,UK,07-09-2023,True
EMP190D,Manish,Gupta,10-04-1982,Female,Married,Masters,New Delhi,Delhi,India,30-05-2024,False
EMP191D,George,Roberts,13-01-2003,Female,Divorced,Bachelors,Manchester,England,UK,23-09-2018,True
EMP192D,Charlie,Clark,17-03-1996,Female,Married,Bachelors,London,England,UK,31-07-2015,True
EMP193D,Jennifer,Brown,05-09-1983,Male,Single,Bachelors,Chicago,Illinois,US,20-05-2016,True
EMP194D,Olivia,Thomas,06-11-1996,Male,Single,Bachelors,London,England,UK,06-10-2017,True
EMP195D,Amit,Iyer,24-09-1999,Male,Single,Bachelors,New Delhi,Delhi,India,20-12-2024,True
EMP196D,Neha,Chauhan,01-12-1972,Female,Married,Bachelors,Chennai,Tamil Nadu,India,25-07-2018,True
EMP197D,Patricia,Jones,02-04-2003,Female,Married,Masters,Austin,Texas,US,07-05-2018,True
EMP198D,David,Garcia,02-07-1996,Male,Divorced,Bachelors,Austin,Texas,US,20-03-2023,True
EMP199D,Kiran,Kumari,05-02-1996,Female,Married,Bachelors,New Delhi,Delhi,India,16-03-2018,True
EMP200D,Sanjay,Singh,15-07-1976,Male,Divorced,Bachelors,Mumbai,Maharashtra,India,31-08-2025,True
EMP201D,James,Smith,25-12-2002,Female,Married,Diploma,Austin,Texas,US,05-07-2019,True
EMP202D,Neha,Das,13-08-1979,Male,Married,Masters,Bangalore,Karnataka,India,06-07-2025,True
EMP203D,John,Davis,07-11-1986,Female,Married,Diploma,San Francisco,California,US,06-08-2021,True
EMP204D,Rakesh,Kumar,01-06-1975,Male,Single,Bachelors,Mumbai,Maharashtra,India,19-10-2022,True
EMP205D,Robert,Davis,19-12-1985,Male,Divorced,High School,San Francisco,California,US,21-05-2024,True
EMP206D,Vikram,Bose,23-06-2001,Male,Single,Diploma,Mumbai,Maharashtra,India,30-05-2017,True
EMP207D,James,Martinez,23-02-1995,Male,Married,Masters,Chicago,Illinois,US,05-02-2017,True
EMP208D,Linda,Miller,25-06-1993,Male,Single,Bachelors,Chicago,Illinois,US,04-06-2021,True
EMP209D,George,Wilson,16-06-1987,Female,Divorced,Bachelors,Glasgow,Scotland,UK,18-12-2019,False
EMP210D,Oliver,Evans,08-12-1979,Female,Single,Diploma,Glasgow,Scotland,UK,18-05-2020,True
EMP211D,Linda,Rodriguez,11-12-1969,Female,Single,Bachelors,Seattle,Washington,US,26-08-2021,True
EMP212D,Amelia,Evans,03-10-1981,Male,Married,Bachelors,Edinburgh,Scotland,UK,03-03-2023,True
EMP213D,Robert,Johnson,02-06-1994,Male,Divorced,Bachelors,San Francisco,California,US,16-09-2022,True
EMP214D,Elizabeth,Williams,24-05-1973,Female,Married,Diploma,Chicago,Illinois,US,13-01-2022,True
EMP215D,Neha,Chauhan,15-05-1988,Female,Married,Bachelors,Chennai,Tamil Nadu,India,23-02-2023,True
EMP216D,Neha,Chauhan,22-11-1965,Male,Married,Bachelors,Bangalore,Karnataka,India,19-08-2020,True
EMP217D,Harry,Taylor,24-11-1981,Male,Single,Masters,Manchester,England,UK,08-05-2024,True
EMP218D,Jennifer,Brown,17-09-1999,Female,Single,Masters,San Francisco,California,US,10-11-2017,False
EMP219D,Amit,Das,18-01-1990,Female,Single,Masters,New Delhi,Delhi,India,06-10-2018,True
EMP220D,Charlie,Davies,10-01-1983,Male,Married,Masters,Manchester,England,UK,10-10-2021,True
EMP221D,Amit,Iyer,10-05-1994,Male,Married,Bachelors,Mumbai,Maharashtra,India,05-04-2022,True
EMP222D,Pooja,Verma,02-03-1967,Female,Single,Masters,Mumbai,Maharashtra,India,01-10-2015,True
EMP223D,Sneha,Reddy,28-01-1968,Male,Married,Bachelors,Chennai,Tamil Nadu,India,08-11-2015,True
EMP224D,Michael,Smith,05-02-1985,Female,Married,Diploma,San Francisco,California,US,09-08-2018,False
EMP225D,Priya,Iyer,12-04-2001,Female,Married,Masters,New Delhi,Delhi,India,23-11-2023,True
EMP226D,Elizabeth,Garcia,20-01-1975,Male,Married,Bachelors,Seattle,Washington,US,11-11-2018,True
EMP227D,Jennifer,Miller,27-02-2003,Male,Single,Bachelors,Austin,Texas,US,09-09-2017,True
EMP228D,Poppy,Evans,04-07-1969,Female,Single,High School,London,England,UK,10-04-2020,True
EMP229D,John,Martinez,18-08-1971,Female,Married,PhD,Austin,Texas,US,02-12-2017,True
EMP230D,Isla,Wilson,03-07-1990,Female,Married,Masters,Birmingham,England,UK,07-03-2019,True
EMP231D,Linda,Jones,14-05-2003,Male,Married,Bachelors,Austin,Texas,US,29-08-2017,True
EMP232D,Arjun,Sharma,30-10-1980,Male,Married,High School,New Delhi,Delhi,India,06-04-2021,True
EMP233D,Olivia,Evans,26-07-1985,Female,Married,Diploma,Edinburgh,Scotland,UK,27-12-2018,True
EMP234D,William,Brown,27-03-1974,Female,Divorced,Bachelors,New York,New York,US,17-07-2025,True
EMP235D,William,Smith,31-05-1995,Male,Married,Bachelors,San Francisco,California,US,12-07-2026,True
EMP236D,James,Williams,14-06-1977,Male,Divorced,Masters,Chicago,Illinois,US,31-12-2020,True
EMP237D,Barbara,Brown,05-01-1998,Male,Married,Bachelors,Seattle,Washington,US,09-09-2015,False
EMP238D,Thomas,Wilson,12-07-1976,Female,Married,Bachelors,Edinburgh,Scotland,UK,09-07-2024,False
EMP239D,Sanjay,Das,29-01-1976,Female,Married,Bachelors,Mumbai,Maharashtra,India,15-08-2021,True
EMP240D,Anjali,Das,14-06-1973,Female,Single,Bachelors,Chennai,Tamil Nadu,India,07-07-2025,True
EMP241D,Jack,Clark,17-07-1999,Male,Married,Bachelors,Manchester,England,UK,30-11-2020,True
EMP242D,David,Garcia,11-06-1980,Male,Single,Masters,New York,New York,US,23-05-2017,True
EMP243D,William,Jones,16-02-1991,Female,Married,Bachelors,Chicago,Illinois,US,05-02-2020,True
EMP244D,Emily,Davies,04-10-1994,Female,Married,Bachelors,Manchester,England,UK,26-05-2021,True
EMP245D,Elizabeth,Brown,26-03-1979,Female,Married,Masters,Seattle,Washington,US,20-08-2022,True
EMP246D,Charlie,Thomas,26-07-1988,Male,Married,Masters,Glasgow,Scotland,UK,25-03-2024,True
EMP247D,Olivia,Brown,13-01-1978,Female,Divorced,Bachelors,Edinburgh,Scotland,UK,16-01-2020,True
EMP248D,George,Taylor,27-04-1967,Male,Married,Bachelors,Glasgow,Scotland,UK,29-10-2024,False
EMP249D,Linda,Martinez,04-03-1991,Female,Married,Bachelors,Chicago,Illinois,US,30-12-2023,False
EMP250D,Poppy,Thomas,18-08-2000,Male,Single,Bachelors,Edinburgh,Scotland,UK,26-09-2025,True
EMP251D,George,Jones,29-09-1991,Male,Single,Bachelors,London,England,UK,24-09-2020,True
EMP252D,Linda,Garcia,01-11-1982,Female,Single,Masters,Seattle,Washington,US,01-06-2017,True
EMP253D,Oliver,Roberts,13-09-1986,Male,Single,Masters,London,England,UK,12-12-2020,True
EMP254D,David,Jones,11-08-2001,Male,Married,Masters,Seattle,Washington,US,01-07-2024,True
EMP255D,Mary,Davis,28-09-1974,Female,Single,Masters,New York,New York,US,26-06-2018,True
EMP256D,Patricia,Miller,31-03-1976,Male,Single,Masters,Chicago,Illinois,US,13-01-2025,True
EMP257D,William,Davis,10-01-1994,Female,Married,Bachelors,Austin,Texas,US,22-08-2019,True
EMP258D,Linda,Johnson,07-11-1976,Female,Single,Masters,San Francisco,California,US,05-04-2024,True
EMP259D,Elizabeth,Davis,04-09-1998,Male,Single,Bachelors,Austin,Texas,US,26-05-2018,True
EMP260D,Michael,Rodriguez,08-01-2003,Female,Married,Masters,San Francisco,California,US,22-11-2019,True
EMP261D,William,Davis,17-02-1990,Male,Married,Masters,Chicago,Illinois,US,22-08-2019,True
EMP262D,Arjun,Iyer,17-08-1983,Male,Single,Bachelors,Bangalore,Karnataka,India,06-05-2025,False
EMP263D,Elizabeth,Martinez,19-10-1984,Female,Single,Bachelors,San Francisco,California,US,21-04-2020,True
EMP264D,Ravi,Mishra,26-12-1982,Male,Divorced,Diploma,Mumbai,Maharashtra,India,05-06-2016,True
EMP265D,Patricia,Miller,15-07-1967,Female,Married,Masters,San Francisco,California,US,16-03-2016,True
EMP266D,Charlie,Jones,24-10-1998,Male,Married,Masters,Birmingham,England,UK,10-01-2017,True
EMP267D,Barbara,Brown,12-10-2004,Male,Married,Bachelors,Seattle,Washington,US,09-03-2023,False
EMP268D,Thomas,Roberts,18-05-1978,Male,Married,PhD,Edinburgh,Scotland,UK,02-05-2025,True
EMP269D,Poppy,Clark,17-11-2001,Female,Single,Masters,Edinburgh,Scotland,UK,21-04-2022,True
EMP270D,Jack,Brown,29-09-1976,Female,Single,Diploma,London,England,UK,20-11-2017,True
EMP271D,William,Rodriguez,12-04-1998,Male,Married,Bachelors,Austin,Texas,US,25-01-2023,True
EMP272D,Charlie,Evans,10-05-1981,Female,Married,Bachelors,London,England,UK,11-04-2024,True
EMP273D,Sanjay,Patel,11-08-1984,Male,Single,Masters,New Delhi,Delhi,India,01-04-2022,False
EMP274D,Arjun,Chauhan,07-09-1984,Female,Single,Masters,Bangalore,Karnataka,India,13-04-2020,True
EMP275D,Sneha,Chauhan,18-10-1994,Female,Married,Bachelors,Chennai,Tamil Nadu,India,26-09-2021,True
EMP276D,Robert,Garcia,05-01-1999,Male,Divorced,Diploma,Austin,Texas,US,15-03-2025,True
EMP277D,Amelia,Jones,23-09-1980,Male,Married,Bachelors,Glasgow,Scotland,UK,08-10-2025,True
EMP278D,Kavita,Kumari,13-12-2001,Female,Married,Bachelors,New Delhi,Delhi,India,10-06-2017,False
EMP279D,Robert,Davis,28-11-1981,Male,Married,Masters,Chicago,Illinois,US,04-10-2019,False
EMP280D,Michael,Garcia,13-05-1998,Female,Divorced,Bachelors,San Francisco,California,US,31-03-2020,True
EMP281D,Elizabeth,Williams,18-02-1973,Male,Married,Bachelors,San Francisco,California,US,26-10-2018,True
EMP282D,Isla,Brown,31-12-1977,Male,Single,Bachelors,Birmingham,England,UK,16-02-2016,True
EMP283D,Linda,Williams,30-05-1968,Female,Single,Bachelors,Chicago,Illinois,US,22-09-2025,True
EMP284D,Patricia,Miller,15-09-1998,Female,Married,Masters,Chicago,Illinois,US,10-02-2022,True
EMP285D,Michael,Garcia,20-09-1991,Female,Divorced,Masters,San Francisco,California,US,07-11-2022,True
EMP286D,Mary,Brown,09-07-1984,Male,Married,Bachelors,New York,New York,US,19-11-2020,True
EMP287D,Linda,Jones,24-07-1968,Male,Single,Bachelors,Chicago,Illinois,US,03-11-2025,True
EMP288D,Linda,Garcia,30-09-1981,Female,Married,Masters,Chicago,Illinois,US,28-10-2016,True
EMP289D,Priya,Iyer,05-05-1979,Female,Single,Diploma,Bangalore,Karnataka,India,22-08-2015,True
EMP290D,Vikram,Patel,09-06-1977,Female,Divorced,Bachelors,Chennai,Tamil Nadu,India,18-05-2021,True
EMP291D,Rakesh,Reddy,16-08-2004,Male,Married,Masters,Hyderabad,Telangana,India,08-01-2018,True
EMP292D,Patricia,Brown,01-11-2001,Male,Married,PhD,Austin,Texas,US,07-04-2023,True
EMP293D,Arjun,Nayak,23-03-1993,Female,Married,Bachelors,Mumbai,Maharashtra,India,01-01-2015,True
EMP294D,Harry,Thomas,24-01-1991,Male,Married,Masters,Manchester,England,UK,12-07-2024,True
EMP295D,James,Martinez,25-06-2000,Male,Married,Bachelors,Chicago,Illinois,US,15-04-2026,False
EMP296D,David,Smith,10-10-1965,Female,Married,Masters,Chicago,Illinois,US,19-12-2023,True
EMP297D,Harry,Wilson,29-08-1975,Male,Single,Bachelors,Birmingham,England,UK,23-01-2025,True
EMP298D,Sanjay,Patel,15-03-1991,Female,Single,Masters,Hyderabad,Telangana,India,18-09-2017,True
EMP299D,William,Johnson,14-03-1987,Female,Married,Masters,Seattle,Washington,US,08-10-2015,True
EMP300D,Emily,Jones,25-05-1988,Male,Married,Masters,Birmingham,England,UK,16-10-2023,True
EMP301D,Anjali,Kumar,21-08-1983,Female,Single,Masters,Mumbai,Maharashtra,India,03-11-2016,True
EMP302D,George,Evans,11-05-1988,Female,Single,Bachelors,Edinburgh,Scotland,UK,02-02-2025,True
EMP303D,Harry,Taylor,30-10-1975,Male,Married,Bachelors,Birmingham,England,UK,15-12-2021,True
EMP304D,Ravi,Kumari,07-07-1987,Male,Divorced,Bachelors,Chennai,Tamil Nadu,India,03-11-2019,True
EMP305D,George,Wilson,25-07-1983,Male,Divorced,Bachelors,Edinburgh,Scotland,UK,18-06-2019,True
EMP306D,Jennifer,Martinez,17-05-2001,Male,Single,Masters,Austin,Texas,US,17-06-2020,True
EMP307D,Charlie,Thomas,22-09-1979,Male,Single,Bachelors,Edinburgh,Scotland,UK,08-12-2022,True
EMP308D,Jennifer,Rodriguez,20-02-1981,Female,Married,High School,Chicago,Illinois,US,27-09-2019,True
EMP309D,Priya,Verma,23-12-1997,Female,Married,Diploma,Mumbai,Maharashtra,India,03-06-2021,True
EMP310D,James,Rodriguez,04-08-1984,Male,Single,Bachelors,New York,New York,US,27-07-2017,True
EMP311D,Jacob,Thomas,01-07-1978,Male,Divorced,Bachelors,Birmingham,England,UK,11-12-2015,True
EMP312D,Priya,Reddy,31-03-1982,Female,Married,Bachelors,Hyderabad,Telangana,India,10-02-2024,False
EMP313D,Sneha,Singh,05-10-1974,Female,Single,Diploma,New Delhi,Delhi,India,20-01-2020,True
EMP314D,Manish,Patel,25-11-1967,Female,Married,Masters,New Delhi,Delhi,India,13-11-2025,True
EMP315D,Robert,Martinez,24-09-1997,Male,Single,Bachelors,Chicago,Illinois,US,22-07-2020,True
EMP316D,Emily,Jones,17-06-1965,Female,Single,Bachelors,Birmingham,England,UK,13-02-2026,True
EMP317D,Poppy,Roberts,24-06-1987,Male,Married,PhD,Edinburgh,Scotland,UK,25-08-2016,False
EMP318D,Emily,Taylor,15-01-1992,Male,Married,Bachelors,Manchester,England,UK,26-02-2020,True
EMP319D,James,Johnson,20-11-1971,Female,Married,Diploma,Chicago,Illinois,US,20-04-2022,True
EMP320D,Patricia,Miller,22-09-1972,Male,Married,Masters,New York,New York,US,24-11-2024,True
EMP321D,Amelia,Thomas,20-04-1993,Female,Single,Masters,Glasgow,Scotland,UK,14-12-2025,True
EMP322D,Jack,Taylor,27-09-1972,Female,Divorced,Masters,Birmingham,England,UK,09-02-2017,False
EMP323D,Robert,Davis,13-09-1969,Female,Single,Bachelors,New York,New York,US,20-06-2022,True
EMP324D,David,Rodriguez,08-08-1994,Male,Married,Masters,San Francisco,California,US,30-05-2021,True
EMP325D,William,Smith,30-03-2001,Male,Married,Bachelors,Austin,Texas,US,11-08-2024,True
EMP326D,Barbara,Williams,18-10-1986,Female,Married,Diploma,Austin,Texas,US,29-08-2025,True
EMP327D,Robert,Jones,02-09-1977,Male,Single,Bachelors,New York,New York,US,06-10-2024,True
EMP328D,Arjun,Sharma,07-07-1970,Female,Single,Masters,Bangalore,Karnataka,India,02-06-2018,True
EMP329D,Charlie,Evans,01-07-1981,Female,Divorced,Bachelors,Birmingham,England,UK,13-02-2023,True
EMP330D,Arjun,Verma,21-07-1982,Male,Single,High School,Chennai,Tamil Nadu,India,19-04-2015,True
EMP331D,Harry,Clark,29-01-1986,Male,Married,Bachelors,Manchester,England,UK,12-05-2017,True
EMP332D,John,Davis,05-08-2000,Male,Married,Masters,Chicago,Illinois,US,05-11-2024,False
EMP333D,William,Davis,22-05-1992,Male,Married,Bachelors,Chicago,Illinois,US,22-05-2018,True
EMP334D,Jennifer,Davis,27-10-1979,Male,Married,Bachelors,San Francisco,California,US,03-03-2024,False
EMP335D,David,Rodriguez,28-12-1996,Male,Married,Bachelors,San Francisco,California,US,18-09-2015,True
EMP336D,Oliver,Evans,10-12-1974,Male,Single,Masters,Manchester,England,UK,04-12-2015,True
EMP337D,Thomas,Taylor,05-07-1965,Male,Single,Diploma,Glasgow,Scotland,UK,13-05-2017,True
EMP338D,Rakesh,Das,25-03-1968,Male,Single,Masters,Chennai,Tamil Nadu,India,26-03-2026,False
EMP339D,Jack,Clark,04-08-2003,Female,Married,Diploma,Edinburgh,Scotland,UK,23-01-2023,True
EMP340D,Olivia,Wilson,30-12-1977,Female,Single,Diploma,London,England,UK,11-02-2019,True
EMP341D,Harry,Williams,27-01-2000,Male,Married,Masters,Birmingham,England,UK,15-12-2017,True
EMP342D,George,Brown,28-06-1966,Male,Single,Bachelors,Birmingham,England,UK,29-04-2024,True
EMP343D,Poppy,Thomas,26-04-1990,Female,Married,Bachelors,London,England,UK,18-01-2018,True
EMP344D,William,Miller,03-03-1969,Female,Married,Masters,Chicago,Illinois,US,11-02-2016,True
EMP345D,Rahul,Verma,08-10-1995,Female,Single,Bachelors,Mumbai,Maharashtra,India,26-01-2020,True
EMP346D,Ravi,Kumari,17-06-2000,Female,Single,Masters,Bangalore,Karnataka,India,24-06-2018,True
EMP347D,James,Williams,19-02-1985,Male,Single,Bachelors,Austin,Texas,US,27-05-2021,False
EMP348D,Arjun,Das,16-10-1990,Female,Married,Bachelors,New Delhi,Delhi,India,04-06-2018,True
EMP349D,Robert,Smith,16-08-2004,Female,Single,Bachelors,New York,New York,US,31-07-2020,True
EMP350D,Emily,Wilson,07-07-2001,Male,Married,Bachelors,Birmingham,England,UK,06-01-2021,True
EMP351D,Patricia,Miller,20-02-1994,Female,Married,Bachelors,Chicago,Illinois,US,21-09-2025,False
EMP352D,William,Brown,29-05-1966,Male,Married,Diploma,Seattle,Washington,US,04-02-2023,True
EMP353D,Rahul,Reddy,28-08-1973,Male,Single,Masters,Mumbai,Maharashtra,India,18-02-2023,True
EMP354D,David,Miller,15-03-1983,Male,Single,Bachelors,Seattle,Washington,US,07-12-2020,True
EMP355D,Kiran,Sharma,24-10-1972,Female,Single,Bachelors,New Delhi,Delhi,India,28-02-2015,True
EMP356D,Vikram,Iyer,03-01-1982,Male,Single,Masters,New Delhi,Delhi,India,31-08-2023,True
EMP357D,Pooja,Das,13-08-2000,Female,Single,Masters,Mumbai,Maharashtra,India,30-08-2025,True
EMP358D,James,Garcia,27-03-2002,Female,Married,Bachelors,New York,New York,US,25-08-2015,True
EMP359D,Kavita,Patel,16-11-2000,Female,Single,Bachelors,Bangalore,Karnataka,India,25-01-2020,True
EMP360D,Pooja,Reddy,19-11-1981,Female,Divorced,Diploma,Mumbai,Maharashtra,India,02-03-2019,True
EMP361D,Jennifer,Miller,30-12-1984,Female,Married,Diploma,New York,New York,US,12-08-2021,True
EMP362D,Elizabeth,Smith,31-12-1996,Female,Married,Bachelors,Austin,Texas,US,01-12-2016,True
EMP363D,Isla,Evans,11-06-1988,Male,Married,Masters,Manchester,England,UK,26-09-2017,False
EMP364D,Rahul,Kumar,20-10-1976,Male,Single,Masters,Mumbai,Maharashtra,India,17-07-2017,True
EMP365D,Jacob,Evans,30-03-1998,Female,Married,Masters,Birmingham,England,UK,10-11-2024,True
EMP366D,Mary,Martinez,30-03-1979,Male,Married,Bachelors,New York,New York,US,09-01-2024,False
EMP367D,Pooja,Verma,03-01-1969,Female,Single,Diploma,Mumbai,Maharashtra,India,13-01-2017,False
EMP368D,Oliver,Taylor,25-10-1994,Male,Married,High School,London,England,UK,19-02-2025,False
EMP369D,Sneha,Kumar,18-05-1966,Male,Married,Masters,Chennai,Tamil Nadu,India,08-01-2023,True
EMP370D,Thomas,Evans,31-08-1971,Female,Single,Bachelors,Birmingham,England,UK,12-12-2023,True
EMP371D,Patricia,Jones,22-03-1986,Female,Married,Masters,San Francisco,California,US,25-07-2016,False
EMP372D,John,Jones,30-07-2004,Female,Single,Diploma,Seattle,Washington,US,05-11-2017,True
EMP373D,Vikram,Gupta,23-06-1996,Female,Married,Bachelors,New Delhi,Delhi,India,25-03-2016,True
EMP374D,Olivia,Wilson,14-07-1976,Female,Single,Masters,Birmingham,England,UK,13-06-2016,True
EMP375D,Vikram,Chauhan,02-12-1977,Male,Single,Masters,New Delhi,Delhi,India,20-03-2015,True
EMP376D,David,Johnson,15-12-1998,Male,Divorced,Bachelors,San Francisco,California,US,15-07-2024,True
EMP377D,Oliver,Thomas,02-01-1990,Male,Divorced,Bachelors,Glasgow,Scotland,UK,16-03-2022,True
EMP378D,Charlie,Evans,31-12-1976,Male,Single,Masters,Birmingham,England,UK,15-12-2025,True
EMP379D,Poppy,Thomas,28-02-1981,Male,Married,Bachelors,Manchester,England,UK,19-09-2025,True
EMP380D,Rahul,Reddy,12-08-1974,Female,Single,Masters,Hyderabad,Telangana,India,04-02-2016,True
EMP381D,Arjun,Patel,30-01-1981,Male,Married,Bachelors,Chennai,Tamil Nadu,India,15-01-2025,True
EMP382D,Amelia,Jones,20-10-1988,Female,Married,Bachelors,Glasgow,Scotland,UK,01-11-2025,True
EMP383D,William,Smith,04-04-1969,Male,Married,Masters,Chicago,Illinois,US,09-11-2018,False
EMP384D,Anjali,Iyer,24-11-1988,Male,Single,Masters,Hyderabad,Telangana,India,11-12-2025,True
EMP385D,Anjali,Das,24-05-2004,Male,Married,Masters,Bangalore,Karnataka,India,29-04-2025,True
EMP386D,Pooja,Das,27-12-2001,Male,Married,Bachelors,Bangalore,Karnataka,India,02-10-2023,True
EMP387D,Mary,Miller,12-07-1977,Male,Married,Masters,San Francisco,California,US,09-08-2017,True
EMP388D,Priya,Sharma,08-03-2000,Male,Married,Bachelors,New Delhi,Delhi,India,19-03-2020,True
EMP389D,Amit,Bose,14-09-1976,Male,Single,Bachelors,New Delhi,Delhi,India,12-10-2015,False
EMP390D,Ravi,Iyer,06-02-1971,Female,Single,Masters,Chennai,Tamil Nadu,India,21-03-2018,False
EMP391D,Oliver,Clark,13-02-1995,Male,Married,Bachelors,Birmingham,England,UK,10-01-2026,True
EMP392D,Linda,Williams,01-09-1971,Male,Single,Diploma,San Francisco,California,US,21-06-2024,True
EMP393D,Charlie,Taylor,24-09-1981,Male,Single,Bachelors,Manchester,England,UK,20-02-2016,True
EMP394D,Jacob,Roberts,28-05-2003,Male,Divorced,Bachelors,Birmingham,England,UK,28-10-2018,True
EMP395D,Arjun,Chauhan,11-04-2002,Male,Single,High School,New Delhi,Delhi,India,30-04-2016,True
EMP396D,Amelia,Roberts,03-01-1970,Female,Married,Masters,Edinburgh,Scotland,UK,04-10-2025,True
EMP397D,Priya,Singh,28-05-1975,Male,Divorced,Masters,Mumbai,Maharashtra,India,10-09-2019,True
EMP398D,Robert,Martinez,19-08-1984,Male,Married,Diploma,Seattle,Washington,US,26-01-2015,False
EMP399D,Neha,Kumari,26-05-1966,Female,Married,Masters,New Delhi,Delhi,India,16-11-2023,True
EMP400D,Amit,Patel,24-04-2003,Male,Divorced,Bachelors,Bangalore,Karnataka,India,22-03-2022,True
EMP401D,Kavita,Das,12-06-1979,Male,Married,Diploma,Chennai,Tamil Nadu,India,07-01-2019,True
EMP402D,Jacob,Thomas,24-02-1968,Female,Married,Bachelors,Edinburgh,Scotland,UK,22-08-2022,True
EMP403D,Patricia,Brown,19-02-1987,Male,Married,Masters,New York,New York,US,13-05-2015,True
EMP404D,Patricia,Brown,25-06-1991,Female,Single,Bachelors,New York,New York,US,19-07-2016,False
EMP405D,Jack,Thomas,10-02-1987,Male,Divorced,High School,Manchester,England,UK,09-04-2019,True
EMP406D,Neha,Bose,08-06-2004,Male,Married,Bachelors,Bangalore,Karnataka,India,15-04-2024,True
EMP407D,William,Williams,15-02-1977,Female,Divorced,Bachelors,New York,New York,US,24-03-2018,True
EMP408D,Michael,Rodriguez,18-01-1984,Female,Married,Bachelors,Austin,Texas,US,20-06-2020,True
EMP409D,Oliver,Evans,14-07-2001,Female,Divorced,Masters,Manchester,England,UK,22-11-2024,True
EMP410D,Thomas,Jones,28-01-1979,Female,Single,PhD,Glasgow,Scotland,UK,10-09-2025,True
EMP411D,Ravi,Bose,14-01-1985,Male,Married,Bachelors,Hyderabad,Telangana,India,24-03-2021,False
EMP412D,John,Smith,05-08-1981,Female,Married,Masters,Austin,Texas,US,30-03-2016,False
EMP413D,James,Martinez,24-12-1991,Male,Single,PhD,San Francisco,California,US,16-08-2017,True
EMP414D,Pooja,Verma,07-04-1993,Female,Single,Diploma,Mumbai,Maharashtra,India,30-09-2015,True
EMP415D,Robert,Miller,24-11-2004,Female,Single,Bachelors,Austin,Texas,US,23-08-2026,True
EMP416D,Robert,Garcia,08-01-1989,Female,Single,Bachelors,Austin,Texas,US,21-08-2023,True
EMP417D,Manish,Gupta,07-12-1983,Male,Single,Bachelors,Chennai,Tamil Nadu,India,29-04-2021,True
EMP418D,Sanjay,Kumar,12-12-1994,Male,Married,Bachelors,Chennai,Tamil Nadu,India,10-10-2016,True
EMP419D,Kavita,Reddy,30-10-1978,Male,Single,Masters,New Delhi,Delhi,India,20-08-2017,True
EMP420D,Mary,Davis,21-09-1986,Female,Married,Masters,Austin,Texas,US,15-09-2024,False
EMP421D,Kavita,Kumari,07-08-1967,Male,Single,PhD,Bangalore,Karnataka,India,20-07-2020,True
EMP422D,Vikram,Gupta,21-02-1999,Male,Single,Bachelors,New Delhi,Delhi,India,27-03-2021,True
EMP423D,Emily,Brown,20-05-1993,Male,Single,Masters,Manchester,England,UK,22-12-2016,False
EMP424D,Jacob,Thomas,21-02-1969,Female,Divorced,Bachelors,Glasgow,Scotland,UK,06-04-2025,False
EMP425D,Poppy,Davies,06-03-1983,Male,Married,Masters,London,England,UK,10-12-2021,True
EMP426D,Kavita,Iyer,18-06-1986,Female,Married,Masters,New Delhi,Delhi,India,30-05-2015,True
EMP427D,Michael,Jones,20-04-1977,Male,Single,Bachelors,Seattle,Washington,US,13-08-2019,True
EMP428D,Isla,Taylor,27-05-1984,Female,Married,Bachelors,Edinburgh,Scotland,UK,04-01-2025,True
EMP429D,Sanjay,Bose,10-05-1976,Male,Single,Masters,Mumbai,Maharashtra,India,04-04-2019,True
EMP430D,Jack,Taylor,04-12-1980,Female,Married,Bachelors,Edinburgh,Scotland,UK,17-02-2026,True
EMP431D,George,Jones,05-09-1994,Female,Married,Masters,Birmingham,England,UK,08-10-2019,True
EMP432D,Linda,Johnson,27-06-1967,Male,Divorced,PhD,Austin,Texas,US,21-12-2022,False
EMP433D,Oliver,Taylor,07-04-2002,Female,Married,Bachelors,Birmingham,England,UK,29-04-2021,True
EMP434D,Michael,Brown,07-02-1980,Female,Married,Masters,Chicago,Illinois,US,28-12-2020,True
EMP435D,David,Miller,25-12-1979,Male,Divorced,Masters,San Francisco,California,US,03-08-2022,True
EMP436D,Anjali,Kumari,14-01-1993,Male,Married,Bachelors,Hyderabad,Telangana,India,20-07-2025,True
EMP437D,Emily,Roberts,09-12-1993,Female,Married,High School,Edinburgh,Scotland,UK,11-02-2021,True
EMP438D,Michael,Martinez,27-09-1978,Female,Married,Bachelors,Seattle,Washington,US,16-03-2019,True
EMP439D,Jacob,Brown,24-05-1984,Female,Single,Bachelors,Birmingham,England,UK,08-04-2016,True
EMP440D,David,Rodriguez,24-04-1990,Male,Married,Bachelors,Austin,Texas,US,28-03-2021,False
EMP441D,Olivia,Clark,11-06-1980,Male,Single,Bachelors,Birmingham,England,UK,23-07-2025,True
EMP442D,Michael,Martinez,15-06-1986,Male,Single,Diploma,Chicago,Illinois,US,10-10-2025,True
EMP443D,Anjali,Mishra,23-12-1972,Female,Married,Masters,New Delhi,Delhi,India,04-03-2018,True
EMP444D,Elizabeth,Jones,04-07-1992,Male,Single,Masters,New York,New York,US,09-01-2017,False
EMP445D,Jacob,Wilson,27-10-1989,Female,Divorced,Masters,Birmingham,England,UK,18-07-2020,True
EMP446D,Michael,Garcia,17-06-1973,Male,Married,Masters,Seattle,Washington,US,24-02-2017,True
EMP447D,Sneha,Bose,30-09-1990,Female,Married,Bachelors,Hyderabad,Telangana,India,14-09-2024,True
EMP448D,Sanjay,Kumar,07-04-1986,Female,Single,Bachelors,New Delhi,Delhi,India,26-07-2018,True
EMP449D,Amelia,Jones,04-09-1995,Male,Divorced,Bachelors,Manchester,England,UK,08-01-2019,True
EMP450D,Vikram,Nayak,11-09-1992,Male,Single,Masters,New Delhi,Delhi,India,27-05-2022,True
EMP451D,Jacob,Roberts,13-03-1999,Female,Married,Bachelors,Manchester,England,UK,22-03-2018,True
EMP452D,Charlie,Roberts,05-11-1984,Male,Married,Bachelors,Glasgow,Scotland,UK,11-10-2016,False
EMP453D,William,Miller,12-02-2004,Male,Married,Masters,Seattle,Washington,US,02-03-2016,True
EMP454D,Jennifer,Williams,03-04-1967,Male,Single,High School,Austin,Texas,US,07-02-2022,True
EMP455D,Sanjay,Kumari,19-11-1995,Male,Married,PhD,Hyderabad,Telangana,India,19-07-2016,True
EMP456D,Vikram,Patel,05-04-1979,Male,Single,Bachelors,Hyderabad,Telangana,India,12-07-2021,True
EMP457D,Kiran,Das,01-10-1982,Female,Married,PhD,Mumbai,Maharashtra,India,21-07-2017,True
EMP458D,Rakesh,Sharma,03-02-1996,Female,Single,Bachelors,Hyderabad,Telangana,India,15-01-2016,False
EMP459D,Jennifer,Miller,30-05-1996,Female,Single,Bachelors,New York,New York,US,25-03-2020,True
EMP460D,Isla,Jones,24-07-1983,Male,Single,Masters,London,England,UK,11-03-2017,True
EMP461D,Poppy,Williams,07-07-1988,Female,Single,Masters,Manchester,England,UK,08-05-2015,True
EMP462D,Olivia,Wilson,03-05-1989,Male,Married,Masters,London,England,UK,08-01-2022,True
EMP463D,Rahul,Mishra,03-03-1979,Male,Divorced,Masters,Chennai,Tamil Nadu,India,24-09-2015,True
EMP464D,Amelia,Clark,11-07-1996,Female,Married,PhD,Edinburgh,Scotland,UK,22-05-2018,True
EMP465D,Linda,Martinez,20-10-2002,Female,Single,Bachelors,Chicago,Illinois,US,12-02-2016,False
EMP466D,James,Jones,09-05-1982,Female,Married,Masters,San Francisco,California,US,11-12-2021,True
EMP467D,Mary,Davis,21-05-1987,Male,Married,Bachelors,Austin,Texas,US,17-05-2017,True
EMP468D,George,Wilson,15-09-2003,Female,Single,Bachelors,London,England,UK,22-06-2015,True
EMP469D,Harry,Wilson,30-12-1977,Male,Divorced,Masters,Edinburgh,Scotland,UK,25-04-2022,True
EMP470D,Barbara,Williams,04-11-1965,Male,Married,Masters,Seattle,Washington,US,02-04-2018,True
EMP471D,Sneha,Mishra,25-07-2004,Male,Married,Bachelors,Mumbai,Maharashtra,India,30-10-2024,False
EMP472D,Isla,Jones,22-09-1971,Male,Married,Bachelors,Birmingham,England,UK,18-09-2020,True
EMP473D,George,Thomas,23-02-1981,Female,Single,Masters,London,England,UK,16-08-2024,True
EMP474D,Thomas,Thomas,30-10-2003,Female,Married,Bachelors,Edinburgh,Scotland,UK,08-05-2017,True
EMP475D,Anjali,Kumar,22-12-1969,Male,Single,Bachelors,Hyderabad,Telangana,India,20-10-2016,True
EMP476D,William,Jones,16-01-1993,Female,Divorced,Bachelors,San Francisco,California,US,01-04-2023,True
EMP477D,Vikram,Singh,07-12-1972,Male,Single,Masters,Hyderabad,Telangana,India,26-01-2017,True
EMP478D,Patricia,Smith,08-06-1998,Female,Married,Bachelors,Seattle,Washington,US,26-06-2017,False
EMP479D,Vikram,Mishra,23-07-1999,Male,Single,Bachelors,Hyderabad,Telangana,India,21-03-2016,True
EMP480D,Robert,Davis,03-03-1983,Male,Single,Bachelors,Chicago,Illinois,US,12-01-2017,True
EMP481D,Sanjay,Kumari,15-02-2003,Female,Married,Bachelors,Chennai,Tamil Nadu,India,03-05-2018,True
EMP482D,Sanjay,Reddy,08-10-1992,Female,Married,Bachelors,Hyderabad,Telangana,India,07-04-2025,False
EMP483D,Mary,Miller,07-09-1990,Female,Married,PhD,Chicago,Illinois,US,21-09-2016,True
EMP484D,Olivia,Brown,08-11-1981,Female,Single,Diploma,Edinburgh,Scotland,UK,23-12-2017,False
EMP485D,Ravi,Nayak,18-11-1965,Female,Married,High School,Bangalore,Karnataka,India,10-03-2021,False
EMP486D,William,Davis,13-07-1993,Female,Married,Masters,San Francisco,California,US,04-03-2017,False
EMP487D,Kavita,Kumari,22-10-1975,Male,Divorced,Masters,Hyderabad,Telangana,India,27-03-2022,True
EMP488D,Michael,Smith,31-03-2003,Female,Married,Bachelors,San Francisco,California,US,15-04-2024,True
EMP489D,Charlie,Brown,15-04-1967,Female,Married,Masters,Edinburgh,Scotland,UK,13-02-2015,False
EMP490D,Manish,Kumar,07-06-1985,Female,Single,Diploma,Mumbai,Maharashtra,India,16-12-2025,True
EMP491D,Amit,Reddy,20-06-1989,Female,Divorced,Bachelors,Mumbai,Maharashtra,India,14-02-2016,False
EMP492D,Patricia,Rodriguez,05-03-1972,Male,Married,Masters,Seattle,Washington,US,05-05-2021,True
EMP493D,John,Garcia,08-03-1981,Male,Single,Bachelors,Austin,Texas,US,14-02-2019,False
EMP494D,Rahul,Sharma,20-10-1989,Female,Married,PhD,New Delhi,Delhi,India,02-09-2020,True
EMP495D,James,Garcia,06-02-1966,Female,Married,Masters,New York,New York,US,13-09-2017,True
EMP496D,Priya,Kumari,20-12-1997,Female,Single,Bachelors,Mumbai,Maharashtra,India,16-10-2020,False
EMP497D,Jack,Brown,02-03-1982,Female,Married,Bachelors,Manchester,England,UK,18-02-2024,True
EMP498D,Jack,Jones,04-11-1981,Male,Single,Bachelors,Glasgow,Scotland,UK,17-04-2023,True
EMP499D,Neha,Das,30-04-1978,Male,Single,Bachelors,Bangalore,Karnataka,India,05-10-2017,True
EMP500D,Ravi,Sharma,06-03-1984,Female,Married,Bachelors,Hyderabad,Telangana,India,10-06-2021,True
EMP501D,Jacob,Evans,07-07-1981,Male,Married,Bachelors,Glasgow,Scotland,UK,13-05-2023,True
EMP502D,Kiran,Verma,11-05-2004,Female,Married,Bachelors,Hyderabad,Telangana,India,02-06-2017,True
EMP503D,Oliver,Williams,17-12-1974,Male,Single,Bachelors,Manchester,England,UK,22-04-2021,True
EMP504D,Anjali,Nayak,29-11-1999,Female,Single,Masters,New Delhi,Delhi,India,11-06-2018,True
EMP505D,Michael,Miller,09-06-1982,Male,Married,Bachelors,Seattle,Washington,US,25-06-2025,True
EMP506D,Barbara,Rodriguez,16-03-1974,Female,Single,Diploma,Seattle,Washington,US,26-07-2024,True
EMP507D,Emily,Williams,04-10-2000,Male,Single,Bachelors,Manchester,England,UK,20-12-2015,True
EMP508D,Charlie,Thomas,14-08-1994,Female,Married,Bachelors,Birmingham,England,UK,20-11-2023,True
EMP509D,Charlie,Williams,22-12-1981,Female,Married,Bachelors,Glasgow,Scotland,UK,02-07-2024,True
EMP510D,George,Williams,01-06-1989,Female,Single,Bachelors,Edinburgh,Scotland,UK,27-12-2021,True
EMP511D,Vikram,Gupta,01-06-1992,Female,Divorced,Bachelors,Mumbai,Maharashtra,India,04-01-2018,True
EMP512D,Rahul,Kumari,21-02-2003,Female,Married,Bachelors,Chennai,Tamil Nadu,India,04-10-2019,True
EMP513D,Isla,Roberts,09-06-1976,Female,Divorced,Bachelors,Glasgow,Scotland,UK,03-02-2021,True
EMP514D,Barbara,Davis,17-08-1987,Male,Married,Bachelors,San Francisco,California,US,05-05-2016,True
EMP515D,Olivia,Davies,03-02-1966,Female,Married,High School,London,England,UK,08-09-2025,True
EMP516D,Jack,Thomas,08-09-1970,Female,Married,Masters,Glasgow,Scotland,UK,02-07-2022,True
EMP517D,Isla,Jones,23-07-1993,Male,Single,Masters,Birmingham,England,UK,26-06-2022,True
EMP518D,Sanjay,Das,04-03-1971,Female,Married,Bachelors,New Delhi,Delhi,India,05-09-2017,True
EMP519D,Jacob,Brown,28-05-1997,Male,Single,Masters,Manchester,England,UK,21-02-2026,True
EMP520D,Michael,Miller,27-01-1997,Female,Single,High School,San Francisco,California,US,05-12-2021,True
EMP521D,Sneha,Kumar,25-07-1992,Female,Married,Bachelors,Hyderabad,Telangana,India,11-02-2024,True
EMP522D,Jennifer,Williams,05-12-1983,Female,Married,Bachelors,Austin,Texas,US,29-09-2021,True
EMP523D,Poppy,Jones,04-03-1977,Male,Married,High School,Edinburgh,Scotland,UK,13-01-2018,True
EMP524D,Robert,Johnson,05-02-1995,Male,Divorced,Bachelors,San Francisco,California,US,30-10-2024,True
EMP525D,Rakesh,Gupta,23-06-1987,Female,Single,Bachelors,Chennai,Tamil Nadu,India,03-02-2018,True
EMP526D,Mary,Smith,29-04-1967,Female,Single,Masters,San Francisco,California,US,02-01-2024,True
EMP527D,Sanjay,Verma,08-03-1965,Female,Single,Masters,Chennai,Tamil Nadu,India,16-03-2024,True
EMP528D,Rakesh,Singh,19-06-1984,Male,Single,Masters,Hyderabad,Telangana,India,03-10-2023,True
EMP529D,George,Jones,14-12-1978,Male,Single,Diploma,London,England,UK,21-08-2024,True
EMP530D,Jacob,Wilson,11-03-1965,Female,Single,Masters,Manchester,England,UK,08-09-2021,True
EMP531D,David,Rodriguez,20-06-1983,Female,Single,Masters,Seattle,Washington,US,06-06-2019,True
EMP532D,Elizabeth,Johnson,13-12-1967,Male,Married,Diploma,New York,New York,US,29-04-2016,True
EMP533D,Jacob,Jones,17-08-1971,Female,Divorced,Masters,Manchester,England,UK,02-10-2015,True
EMP534D,Patricia,Jones,22-12-1980,Male,Married,PhD,Seattle,Washington,US,13-04-2024,True
EMP535D,Linda,Davis,11-10-1981,Female,Single,Masters,Austin,Texas,US,31-10-2016,True
EMP536D,Emily,Thomas,18-06-1997,Male,Married,Masters,Birmingham,England,UK,26-01-2026,True
EMP537D,Anjali,Gupta,13-04-1977,Male,Single,Masters,Bangalore,Karnataka,India,12-02-2016,True
EMP538D,Harry,Clark,19-10-1999,Male,Married,Bachelors,Edinburgh,Scotland,UK,06-04-2021,True
EMP539D,Isla,Roberts,08-06-2003,Female,Divorced,Diploma,Edinburgh,Scotland,UK,02-05-2021,True
EMP540D,Charlie,Wilson,13-09-1999,Female,Single,Masters,Birmingham,England,UK,16-05-2018,True
EMP541D,Linda,Johnson,11-07-1992,Male,Married,Bachelors,New York,New York,US,02-12-2024,False
EMP542D,David,Jones,22-08-1980,Female,Divorced,Diploma,San Francisco,California,US,20-11-2017,True
EMP543D,Manish,Gupta,14-09-1990,Male,Single,Masters,Chennai,Tamil Nadu,India,15-01-2015,True
EMP544D,Thomas,Davies,10-03-1994,Male,Divorced,Bachelors,Manchester,England,UK,13-11-2022,False
EMP545D,Kiran,Verma,04-08-1983,Male,Single,Masters,New Delhi,Delhi,India,25-06-2025,True
EMP546D,Amelia,Clark,02-06-1994,Female,Married,Bachelors,Birmingham,England,UK,28-03-2022,True
EMP547D,Isla,Brown,09-03-1973,Female,Single,Bachelors,London,England,UK,01-09-2018,True
EMP548D,Emily,Taylor,03-10-1974,Female,Married,Bachelors,Birmingham,England,UK,21-11-2020,True
EMP549D,James,Garcia,03-11-1970,Female,Married,Bachelors,New York,New York,US,25-07-2015,True
EMP550D,John,Jones,01-07-1999,Female,Married,Diploma,San Francisco,California,US,02-08-2024,True
EMP551D,Isla,Jones,07-10-1994,Female,Single,PhD,Edinburgh,Scotland,UK,21-11-2024,True
EMP552D,Ravi,Bose,26-06-1978,Female,Single,Diploma,Chennai,Tamil Nadu,India,18-05-2019,True
EMP553D,Poppy,Roberts,07-12-1982,Male,Married,High School,Manchester,England,UK,22-02-2025,True
EMP554D,Jennifer,Johnson,05-12-2000,Female,Divorced,Bachelors,Austin,Texas,US,21-09-2018,True
EMP555D,Barbara,Brown,22-09-1999,Male,Single,Masters,San Francisco,California,US,01-08-2016,True
EMP556D,Jacob,Thomas,20-07-2003,Female,Single,Bachelors,Birmingham,England,UK,04-06-2016,True
EMP557D,Rahul,Chauhan,27-09-1994,Female,Married,Masters,Mumbai,Maharashtra,India,22-12-2015,True
EMP558D,Isla,Jones,29-03-1994,Male,Married,Masters,London,England,UK,15-09-2017,True
EMP559D,Rahul,Bose,05-05-1974,Male,Married,Bachelors,Mumbai,Maharashtra,India,03-11-2019,False
EMP560D,Charlie,Williams,17-02-1988,Female,Single,Diploma,Edinburgh,Scotland,UK,19-08-2023,True
EMP561D,Amelia,Williams,04-01-1985,Male,Married,Bachelors,Birmingham,England,UK,13-01-2026,True
EMP562D,Jacob,Davies,27-02-1979,Female,Single,Bachelors,Glasgow,Scotland,UK,31-07-2017,True
EMP563D,Arjun,Verma,17-03-1985,Male,Married,Bachelors,Mumbai,Maharashtra,India,22-01-2026,True
EMP564D,James,Davis,29-12-1993,Male,Married,Masters,New York,New York,US,18-06-2017,True
EMP565D,Kavita,Gupta,24-09-1969,Female,Single,Masters,Hyderabad,Telangana,India,05-12-2017,True
EMP566D,Michael,Johnson,20-02-1969,Female,Single,Bachelors,Seattle,Washington,US,10-01-2024,True
EMP567D,James,Johnson,24-02-1996,Female,Married,Bachelors,New York,New York,US,18-10-2023,True
EMP568D,Olivia,Evans,01-07-1978,Male,Married,Bachelors,Edinburgh,Scotland,UK,14-02-2018,True
EMP569D,William,Garcia,28-04-1978,Female,Married,Bachelors,Seattle,Washington,US,29-05-2018,True
EMP570D,Barbara,Davis,26-07-2002,Female,Single,Masters,New York,New York,US,11-03-2017,True
EMP571D,Sneha,Sharma,19-12-2004,Female,Single,Bachelors,New Delhi,Delhi,India,01-01-2015,True
EMP572D,Charlie,Wilson,18-06-1970,Female,Married,Bachelors,London,England,UK,05-04-2016,True
EMP573D,James,Garcia,03-10-1990,Female,Married,Bachelors,Seattle,Washington,US,14-01-2021,True
EMP574D,Rahul,Bose,26-08-1989,Female,Single,Bachelors,Chennai,Tamil Nadu,India,01-04-2024,True
EMP575D,Rakesh,Nayak,13-12-1978,Female,Married,Bachelors,Bangalore,Karnataka,India,31-05-2015,True
EMP576D,Emily,Williams,26-03-1998,Female,Married,Bachelors,Birmingham,England,UK,18-03-2025,False
EMP577D,Neha,Verma,01-10-1984,Male,Married,Bachelors,Chennai,Tamil Nadu,India,03-04-2020,True
EMP578D,Elizabeth,Garcia,26-06-2003,Male,Married,Diploma,New York,New York,US,12-05-2019,True
EMP579D,Michael,Davis,10-03-1973,Female,Married,Bachelors,Seattle,Washington,US,19-03-2021,False
EMP580D,Charlie,Taylor,30-06-1977,Male,Married,Masters,Manchester,England,UK,15-10-2016,True
EMP581D,George,Evans,28-12-1974,Male,Married,Masters,Glasgow,Scotland,UK,15-04-2020,True
EMP582D,Sneha,Das,28-09-1984,Male,Single,Masters,Chennai,Tamil Nadu,India,30-05-2020,True
EMP583D,Elizabeth,Jones,27-12-1971,Female,Married,Masters,New York,New York,US,15-06-2016,True
EMP584D,Charlie,Taylor,12-12-1965,Female,Divorced,High School,Glasgow,Scotland,UK,25-09-2024,True
EMP585D,William,Johnson,10-06-1982,Male,Single,Masters,Austin,Texas,US,23-10-2016,False
EMP586D,Harry,Clark,04-05-1966,Female,Married,Masters,Birmingham,England,UK,17-01-2015,True
EMP587D,William,Williams,10-09-1995,Female,Married,Bachelors,Austin,Texas,US,19-09-2020,True
EMP588D,Amit,Sharma,22-02-1969,Female,Single,Bachelors,Mumbai,Maharashtra,India,15-11-2016,False
EMP589D,John,Williams,17-06-1991,Female,Married,Masters,Austin,Texas,US,02-07-2025,True
EMP590D,Sneha,Das,08-10-1976,Male,Divorced,Bachelors,Chennai,Tamil Nadu,India,08-11-2016,True
EMP591D,Barbara,Davis,24-09-1972,Male,Married,Masters,New York,New York,US,11-11-2021,True
EMP592D,Amelia,Davies,11-06-1988,Male,Single,Bachelors,Manchester,England,UK,28-09-2020,True
EMP593D,Linda,Miller,09-08-1969,Male,Married,Masters,Seattle,Washington,US,27-03-2017,False
EMP594D,Jennifer,Brown,09-05-1992,Female,Single,Bachelors,San Francisco,California,US,21-07-2025,True
EMP595D,Rakesh,Patel,22-04-1969,Male,Married,Masters,Bangalore,Karnataka,India,20-04-2018,True
EMP596D,Elizabeth,Miller,28-12-1974,Female,Single,Bachelors,Austin,Texas,US,20-09-2018,True
EMP597D,Barbara,Garcia,16-02-1978,Male,Married,Masters,Austin,Texas,US,02-11-2021,True
EMP598D,Arjun,Singh,27-11-2003,Female,Single,Bachelors,Bangalore,Karnataka,India,16-10-2022,True
EMP599D,Kavita,Reddy,17-10-1980,Male,Married,Diploma,New Delhi,Delhi,India,18-11-2019,True
EMP600D,Anjali,Sharma,08-08-1981,Male,Married,Bachelors,Mumbai,Maharashtra,India,27-04-2025,True
EMP601D,Barbara,Smith,28-11-1984,Female,Divorced,Masters,San Francisco,California,US,20-02-2017,False
EMP602D,Emily,Roberts,16-05-1991,Female,Single,High School,Edinburgh,Scotland,UK,08-12-2025,False
EMP603D,Amelia,Brown,02-11-1999,Male,Divorced,Masters,Glasgow,Scotland,UK,08-09-2016,True
EMP604D,Jennifer,Davis,05-12-1977,Female,Single,Bachelors,Austin,Texas,US,01-12-2025,True
EMP605D,John,Williams,09-05-1995,Female,Married,Diploma,San Francisco,California,US,11-08-2019,True
EMP606D,Charlie,Wilson,01-08-2004,Female,Single,Masters,London,England,UK,12-08-2026,True
EMP607D,Poppy,Brown,28-09-1988,Male,Married,Bachelors,Glasgow,Scotland,UK,16-08-2022,True
EMP608D,Rahul,Singh,29-09-1981,Female,Married,Diploma,Bangalore,Karnataka,India,01-05-2015,True
EMP609D,Pooja,Singh,07-03-1994,Female,Divorced,Bachelors,Bangalore,Karnataka,India,30-01-2023,True
EMP610D,Kavita,Bose,19-09-1988,Male,Married,Masters,Hyderabad,Telangana,India,23-08-2016,True
EMP611D,Emily,Wilson,31-08-1977,Male,Divorced,Bachelors,London,England,UK,21-01-2017,True
EMP612D,James,Brown,03-11-1977,Female,Married,Bachelors,Chicago,Illinois,US,21-05-2026,True
EMP613D,John,Johnson,18-04-2003,Female,Single,Bachelors,San Francisco,California,US,05-09-2024,False
EMP614D,Anjali,Das,29-04-1978,Male,Single,Bachelors,Chennai,Tamil Nadu,India,24-04-2026,True
EMP615D,Elizabeth,Davis,29-11-1989,Male,Married,PhD,Austin,Texas,US,01-07-2026,True
EMP616D,Anjali,Gupta,24-01-1996,Male,Single,Bachelors,Hyderabad,Telangana,India,18-05-2025,True
EMP617D,Jennifer,Martinez,14-07-1974,Male,Single,Bachelors,Chicago,Illinois,US,11-09-2023,True
EMP618D,Neha,Chauhan,13-02-1979,Male,Married,Bachelors,Mumbai,Maharashtra,India,26-12-2018,True
EMP619D,Harry,Jones,05-11-1970,Female,Single,Bachelors,Edinburgh,Scotland,UK,19-07-2015,True
EMP620D,Poppy,Taylor,13-01-2002,Male,Married,Masters,London,England,UK,20-01-2020,True
EMP621D,Anjali,Patel,15-05-1989,Male,Single,Masters,Mumbai,Maharashtra,India,26-11-2023,True
EMP622D,Priya,Kumari,21-05-1982,Male,Married,Bachelors,Chennai,Tamil Nadu,India,28-12-2021,True
EMP623D,James,Davis,24-03-1996,Male,Married,Masters,Chicago,Illinois,US,04-01-2026,True
EMP624D,Sanjay,Reddy,17-01-1983,Male,Married,Bachelors,New Delhi,Delhi,India,28-05-2020,True
EMP625D,Amit,Verma,29-05-2004,Female,Married,Masters,Chennai,Tamil Nadu,India,23-06-2023,True
EMP626D,Mary,Brown,20-10-2003,Male,Single,High School,San Francisco,California,US,29-08-2015,True
EMP627D,Mary,Brown,22-12-1974,Female,Single,PhD,Austin,Texas,US,21-04-2024,True
EMP628D,Linda,Jones,11-07-1965,Male,Married,Bachelors,San Francisco,California,US,08-04-2017,True
EMP629D,John,Miller,27-10-1975,Male,Single,Bachelors,Chicago,Illinois,US,25-12-2015,True
EMP630D,Pooja,Bose,29-04-1998,Female,Married,Diploma,New Delhi,Delhi,India,03-02-2023,True
EMP631D,George,Clark,12-08-1980,Male,Married,Bachelors,London,England,UK,16-10-2019,True
EMP632D,Oliver,Wilson,30-05-1980,Male,Divorced,Masters,London,England,UK,30-11-2025,True
EMP633D,Vikram,Mishra,19-09-2004,Female,Married,Masters,Hyderabad,Telangana,India,12-12-2022,True
EMP634D,Charlie,Roberts,17-01-2004,Female,Married,Bachelors,Birmingham,England,UK,03-09-2024,False
EMP635D,Kiran,Kumari,21-03-1995,Female,Single,Bachelors,New Delhi,Delhi,India,20-10-2016,True
EMP636D,Mary,Jones,15-02-1980,Male,Single,Bachelors,Austin,Texas,US,09-07-2025,False
EMP637D,Amelia,Evans,01-04-1997,Female,Single,Bachelors,London,England,UK,12-02-2016,False
EMP638D,Michael,Jones,02-03-1969,Male,Divorced,Bachelors,San Francisco,California,US,12-02-2018,True
EMP639D,Emily,Williams,26-04-1984,Female,Married,Bachelors,Birmingham,England,UK,09-04-2016,True
EMP640D,Vikram,Kumari,12-10-1972,Female,Single,Bachelors,Hyderabad,Telangana,India,09-07-2017,True
EMP641D,Kavita,Reddy,18-05-1973,Male,Divorced,Bachelors,Mumbai,Maharashtra,India,16-09-2020,True
EMP642D,Neha,Patel,29-09-1980,Female,Married,Bachelors,New Delhi,Delhi,India,27-02-2017,True
EMP643D,Patricia,Martinez,29-03-1999,Male,Married,Bachelors,San Francisco,California,US,09-02-2024,True
EMP644D,Amelia,Wilson,18-06-1977,Female,Married,PhD,London,England,UK,13-05-2016,True
EMP645D,Robert,Davis,01-11-1980,Male,Married,Diploma,Seattle,Washington,US,30-07-2023,True
EMP646D,Patricia,Martinez,21-12-1990,Male,Married,Diploma,Seattle,Washington,US,27-12-2022,False
EMP647D,Arjun,Patel,19-12-1979,Male,Single,Bachelors,New Delhi,Delhi,India,17-08-2020,True
EMP648D,Thomas,Roberts,31-03-1990,Male,Married,Bachelors,Edinburgh,Scotland,UK,23-08-2017,False
EMP649D,Anjali,Bose,26-11-2004,Male,Married,Bachelors,Mumbai,Maharashtra,India,15-05-2019,True
EMP650D,Pooja,Gupta,23-10-1985,Female,Married,Masters,Chennai,Tamil Nadu,India,02-06-2015,True
EMP651D,Ravi,Mishra,16-12-1990,Female,Single,Bachelors,Mumbai,Maharashtra,India,14-05-2022,False
EMP652D,Robert,Jones,03-02-1976,Female,Married,Bachelors,Austin,Texas,US,20-07-2015,False
EMP653D,Charlie,Davies,18-01-1984,Female,Married,Bachelors,Manchester,England,UK,13-02-2022,True
EMP654D,Ravi,Singh,12-11-1976,Male,Married,High School,Bangalore,Karnataka,India,31-01-2020,True
EMP655D,Charlie,Clark,25-11-1969,Female,Single,Bachelors,London,England,UK,28-04-2022,True
EMP656D,Amit,Kumar,13-05-2001,Male,Married,Masters,Hyderabad,Telangana,India,16-05-2018,True
EMP657D,Kiran,Patel,07-05-1973,Male,Married,Bachelors,Mumbai,Maharashtra,India,23-07-2025,True
EMP658D,Barbara,Brown,15-10-1976,Male,Single,Bachelors,Chicago,Illinois,US,06-01-2016,True
EMP659D,Isla,Taylor,15-11-1977,Female,Single,Masters,Edinburgh,Scotland,UK,14-04-2024,True
EMP660D,Neha,Sharma,31-12-1978,Male,Single,PhD,New Delhi,Delhi,India,19-10-2025,True
EMP661D,Michael,Jones,30-08-1979,Male,Married,Bachelors,Chicago,Illinois,US,10-06-2016,True
EMP662D,Thomas,Jones,16-07-1989,Female,Married,Masters,London,England,UK,06-01-2020,True
EMP663D,Vikram,Patel,15-07-2000,Female,Married,Bachelors,Hyderabad,Telangana,India,23-08-2026,False
EMP664D,Oliver,Williams,26-01-2000,Male,Married,Bachelors,Birmingham,England,UK,08-01-2024,True
EMP665D,Barbara,Miller,05-07-1968,Female,Married,Masters,New York,New York,US,18-11-2019,True
EMP666D,George,Brown,24-04-1965,Female,Single,Bachelors,Edinburgh,Scotland,UK,27-05-2018,True
EMP667D,Anjali,Reddy,26-12-1986,Female,Single,Bachelors,Chennai,Tamil Nadu,India,20-03-2021,True
EMP668D,Patricia,Rodriguez,01-11-2004,Male,Married,Masters,Chicago,Illinois,US,25-07-2019,True
EMP669D,George,Roberts,09-08-1987,Male,Single,Bachelors,London,England,UK,30-09-2022,True
EMP670D,Vikram,Kumar,05-04-1968,Female,Married,Bachelors,Mumbai,Maharashtra,India,25-02-2016,True
EMP671D,Priya,Gupta,05-10-1995,Female,Married,Diploma,Hyderabad,Telangana,India,28-04-2015,False
EMP672D,Barbara,Smith,29-11-1987,Male,Married,Bachelors,San Francisco,California,US,12-05-2024,True
EMP673D,Charlie,Roberts,24-07-2000,Male,Married,Bachelors,Birmingham,England,UK,19-04-2016,False
EMP674D,George,Davies,02-12-1983,Male,Single,PhD,Edinburgh,Scotland,UK,09-08-2020,True
EMP675D,Amit,Kumar,16-11-2000,Male,Single,Diploma,Bangalore,Karnataka,India,23-06-2026,True
EMP676D,Olivia,Thomas,05-09-1966,Male,Single,PhD,Glasgow,Scotland,UK,12-06-2016,True
EMP677D,Arjun,Kumari,16-03-1990,Male,Married,Diploma,New Delhi,Delhi,India,24-10-2024,True
EMP678D,Isla,Davies,13-12-1989,Female,Married,Bachelors,Glasgow,Scotland,UK,12-01-2024,True
EMP679D,Anjali,Chauhan,03-01-1999,Male,Married,Masters,Bangalore,Karnataka,India,19-04-2025,True
EMP680D,David,Johnson,24-04-1996,Female,Married,Bachelors,San Francisco,California,US,08-02-2016,True
EMP681D,Kiran,Singh,03-11-1968,Female,Single,Bachelors,Hyderabad,Telangana,India,13-07-2020,True
EMP682D,Linda,Davis,29-08-1987,Male,Married,Bachelors,Seattle,Washington,US,05-02-2018,False
EMP683D,Emily,Brown,15-10-1992,Female,Single,Diploma,Edinburgh,Scotland,UK,31-12-2021,True
EMP684D,Jennifer,Smith,04-07-1986,Male,Married,Masters,San Francisco,California,US,30-09-2023,True
EMP685D,Emily,Roberts,10-06-1983,Male,Married,Bachelors,London,England,UK,07-06-2017,True
EMP686D,Pooja,Mishra,13-01-1972,Female,Married,Masters,Chennai,Tamil Nadu,India,26-10-2021,True
EMP687D,Arjun,Iyer,04-11-1999,Male,Married,Bachelors,Hyderabad,Telangana,India,26-02-2022,True
EMP688D,Rakesh,Kumar,21-08-1978,Male,Single,Bachelors,Chennai,Tamil Nadu,India,20-08-2019,True
EMP689D,Elizabeth,Jones,08-05-1981,Female,Single,Bachelors,San Francisco,California,US,17-12-2015,True
EMP690D,Patricia,Williams,05-11-1998,Male,Married,Bachelors,Seattle,Washington,US,30-03-2015,True
EMP691D,Jennifer,Davis,15-04-1966,Female,Divorced,Masters,San Francisco,California,US,06-08-2017,True
EMP692D,David,Johnson,31-01-1996,Male,Single,Masters,Austin,Texas,US,11-10-2016,True
EMP693D,Elizabeth,Davis,22-12-1995,Female,Married,PhD,Seattle,Washington,US,12-06-2026,True
EMP694D,Linda,Garcia,14-01-1977,Male,Married,Bachelors,Austin,Texas,US,27-10-2023,True
EMP695D,Rakesh,Gupta,02-12-1981,Male,Married,Masters,Chennai,Tamil Nadu,India,16-12-2021,True
EMP696D,Charlie,Taylor,21-12-1977,Male,Single,PhD,Glasgow,Scotland,UK,08-03-2022,True
EMP697D,William,Davis,16-04-1990,Male,Married,Bachelors,Austin,Texas,US,12-05-2017,True
EMP698D,Priya,Reddy,24-02-1968,Male,Single,Bachelors,Chennai,Tamil Nadu,India,30-06-2015,True
EMP699D,Amelia,Evans,24-01-2000,Female,Single,Bachelors,Edinburgh,Scotland,UK,02-12-2015,True
EMP700D,David,Brown,22-04-1968,Female,Single,Masters,Chicago,Illinois,US,07-01-2025,True
EMP701D,Mary,Brown,12-03-1992,Female,Married,Masters,Chicago,Illinois,US,19-03-2025,False
EMP702D,Jack,Williams,01-12-1983,Female,Single,Masters,Manchester,England,UK,04-08-2023,True
EMP703D,George,Williams,20-02-1989,Female,Divorced,Bachelors,London,England,UK,03-07-2022,False
EMP704D,Emily,Williams,08-06-1982,Female,Married,Masters,Edinburgh,Scotland,UK,20-01-2024,True
EMP705D,Olivia,Roberts,29-05-1975,Male,Divorced,Bachelors,Glasgow,Scotland,UK,08-03-2015,True
EMP706D,Thomas,Brown,06-09-1976,Female,Single,Bachelors,Birmingham,England,UK,26-05-2021,True
EMP707D,John,Garcia,11-11-1967,Male,Married,Bachelors,Austin,Texas,US,15-09-2022,True
EMP708D,Harry,Roberts,09-01-1976,Male,Divorced,Bachelors,Edinburgh,Scotland,UK,25-03-2016,False
EMP709D,Pooja,Kumar,04-11-1991,Male,Married,High School,Chennai,Tamil Nadu,India,11-09-2015,True
EMP710D,Charlie,Evans,08-10-1969,Male,Married,Masters,Glasgow,Scotland,UK,09-10-2025,True
EMP711D,Rakesh,Chauhan,13-06-1986,Female,Married,Masters,Chennai,Tamil Nadu,India,25-03-2022,True
EMP712D,Rahul,Chauhan,18-10-1997,Female,Married,Masters,Hyderabad,Telangana,India,03-07-2016,True
EMP713D,Mary,Miller,19-06-1965,Male,Single,Masters,San Francisco,California,US,19-10-2023,True
EMP714D,Manish,Reddy,06-06-1981,Female,Married,Bachelors,Chennai,Tamil Nadu,India,19-10-2021,True
EMP715D,Patricia,Miller,02-12-1970,Male,Married,Bachelors,Austin,Texas,US,28-07-2020,True
EMP716D,Kiran,Gupta,10-10-1987,Male,Married,Masters,Mumbai,Maharashtra,India,17-12-2018,False
EMP717D,Poppy,Williams,24-05-1993,Female,Single,Bachelors,London,England,UK,09-07-2020,True
EMP718D,Elizabeth,Smith,08-03-1979,Male,Married,High School,New York,New York,US,19-10-2018,True
EMP719D,Mary,Garcia,15-03-1988,Female,Divorced,Diploma,Chicago,Illinois,US,12-07-2026,True
EMP720D,Neha,Kumar,30-09-2002,Female,Divorced,High School,Chennai,Tamil Nadu,India,01-06-2020,True
EMP721D,Jacob,Davies,24-01-2002,Male,Married,Masters,Birmingham,England,UK,31-10-2023,True
EMP722D,Amelia,Jones,30-10-1967,Female,Married,Masters,Edinburgh,Scotland,UK,19-06-2016,True
EMP723D,Olivia,Evans,29-03-1981,Female,Married,Diploma,Manchester,England,UK,25-09-2020,True
EMP724D,Oliver,Brown,31-07-1978,Male,Single,Bachelors,Glasgow,Scotland,UK,23-03-2024,True
EMP725D,Poppy,Williams,27-03-1980,Female,Married,Bachelors,Glasgow,Scotland,UK,24-09-2021,False
EMP726D,Olivia,Williams,12-01-1999,Male,Married,PhD,Glasgow,Scotland,UK,20-01-2015,True
EMP727D,Barbara,Davis,12-10-1985,Female,Married,Bachelors,Austin,Texas,US,28-06-2020,True
EMP728D,Amelia,Jones,22-02-1979,Female,Married,Bachelors,Birmingham,England,UK,03-11-2020,True
EMP729D,Amit,Singh,19-05-1985,Male,Married,Bachelors,Chennai,Tamil Nadu,India,29-08-2024,True
EMP730D,Anjali,Kumari,07-04-1999,Female,Single,Masters,Bangalore,Karnataka,India,29-01-2022,True
EMP731D,Arjun,Kumari,22-10-1997,Male,Single,Bachelors,New Delhi,Delhi,India,19-05-2015,True
EMP732D,Neha,Gupta,06-02-1991,Male,Married,Bachelors,Hyderabad,Telangana,India,04-05-2015,True
EMP733D,David,Brown,30-06-1999,Female,Married,Masters,San Francisco,California,US,17-09-2023,True
EMP734D,Olivia,Williams,08-11-1984,Male,Married,Masters,Glasgow,Scotland,UK,02-03-2026,True
EMP735D,Jack,Clark,15-03-1989,Female,Married,Bachelors,Glasgow,Scotland,UK,28-08-2019,True
EMP736D,Harry,Roberts,29-12-1984,Male,Single,Masters,London,England,UK,25-10-2025,True
EMP737D,Poppy,Roberts,23-10-1998,Female,Single,Bachelors,Edinburgh,Scotland,UK,23-07-2021,True
EMP738D,Amelia,Wilson,19-12-1988,Female,Single,Bachelors,Edinburgh,Scotland,UK,10-09-2019,True
EMP739D,James,Martinez,28-09-1994,Male,Single,Bachelors,Seattle,Washington,US,18-12-2017,False
EMP740D,Oliver,Thomas,11-04-1976,Female,Divorced,Bachelors,Birmingham,England,UK,20-06-2015,False
EMP741D,Amit,Nayak,17-07-1969,Female,Single,Bachelors,New Delhi,Delhi,India,11-01-2021,True
EMP742D,Thomas,Jones,27-11-1986,Male,Married,PhD,London,England,UK,21-01-2019,True
EMP743D,Sanjay,Singh,03-11-1999,Female,Married,Bachelors,Chennai,Tamil Nadu,India,23-10-2017,False
EMP744D,Mary,Smith,24-01-1971,Male,Married,Diploma,Chicago,Illinois,US,10-10-2022,True
EMP745D,Jack,Jones,24-01-1969,Female,Single,Bachelors,London,England,UK,31-08-2023,True
EMP746D,Amit,Mishra,28-11-1996,Female,Single,High School,Hyderabad,Telangana,India,23-07-2016,False
EMP747D,James,Jones,10-03-2003,Female,Single,Masters,San Francisco,California,US,28-02-2017,True
EMP748D,Linda,Johnson,19-11-1993,Male,Married,Bachelors,New York,New York,US,31-01-2016,True
EMP749D,Poppy,Williams,21-03-1972,Male,Married,Bachelors,London,England,UK,28-09-2017,True
EMP750D,Emily,Jones,06-03-1977,Female,Married,Masters,London,England,UK,25-03-2025,True
EMP751D,Amelia,Roberts,19-02-2001,Male,Single,Bachelors,Birmingham,England,UK,07-03-2023,False
EMP752D,Amelia,Clark,19-02-1999,Male,Married,Masters,Birmingham,England,UK,11-11-2016,True
EMP753D,Jacob,Roberts,19-12-1977,Female,Married,Bachelors,Edinburgh,Scotland,UK,22-08-2018,True
EMP754D,Amit,Verma,27-11-1971,Female,Divorced,Bachelors,Chennai,Tamil Nadu,India,02-08-2015,True
EMP755D,Robert,Davis,17-06-1974,Male,Single,Diploma,Austin,Texas,US,26-09-2024,False
EMP756D,Rakesh,Reddy,10-01-1969,Female,Married,Bachelors,Bangalore,Karnataka,India,26-04-2019,True
EMP757D,Patricia,Brown,06-01-1996,Female,Married,Diploma,New York,New York,US,16-10-2020,True
EMP758D,Anjali,Patel,17-04-1979,Female,Divorced,Diploma,Chennai,Tamil Nadu,India,14-10-2021,True
EMP759D,Priya,Kumar,06-03-2003,Female,Divorced,Masters,Mumbai,Maharashtra,India,02-08-2026,False
EMP760D,Kiran,Patel,23-02-2002,Female,Single,High School,Bangalore,Karnataka,India,27-06-2022,True
EMP761D,Kiran,Singh,16-03-1986,Male,Single,Bachelors,Chennai,Tamil Nadu,India,18-09-2024,True
EMP762D,Michael,Rodriguez,18-05-1980,Male,Single,Bachelors,Seattle,Washington,US,18-04-2019,False
EMP763D,William,Martinez,07-09-1990,Female,Single,Bachelors,Seattle,Washington,US,26-10-2025,True
EMP764D,James,Brown,05-05-1995,Male,Married,Bachelors,San Francisco,California,US,10-10-2025,True
EMP765D,Oliver,Thomas,25-04-1993,Male,Single,Diploma,London,England,UK,10-03-2017,True
EMP766D,Linda,Davis,26-10-1993,Female,Married,Bachelors,San Francisco,California,US,21-05-2024,True
EMP767D,Pooja,Chauhan,24-07-1989,Male,Single,Masters,Chennai,Tamil Nadu,India,20-01-2017,True
EMP768D,Michael,Smith,01-09-1974,Female,Divorced,Bachelors,San Francisco,California,US,20-04-2016,True
EMP769D,Jack,Wilson,12-08-1992,Male,Single,Diploma,Manchester,England,UK,04-10-2024,True
EMP770D,Jacob,Taylor,08-01-1978,Male,Single,Bachelors,Edinburgh,Scotland,UK,11-09-2023,True
EMP771D,Robert,Williams,09-06-1988,Female,Single,Masters,Seattle,Washington,US,21-02-2018,True
EMP772D,Harry,Clark,26-10-1966,Female,Single,Bachelors,Birmingham,England,UK,07-06-2024,True
EMP773D,Vikram,Nayak,25-04-1969,Male,Married,PhD,Hyderabad,Telangana,India,13-08-2019,True
EMP774D,Isla,Wilson,25-11-2003,Female,Single,PhD,Edinburgh,Scotland,UK,18-12-2020,True
EMP775D,Jennifer,Williams,08-11-1979,Male,Married,Bachelors,San Francisco,California,US,29-12-2023,True
EMP776D,Jennifer,Johnson,30-04-1978,Female,Single,Bachelors,Chicago,Illinois,US,20-07-2020,True
EMP777D,Charlie,Evans,02-12-1979,Male,Married,Bachelors,London,England,UK,13-12-2022,True
EMP778D,Isla,Roberts,18-06-1985,Female,Single,Bachelors,Birmingham,England,UK,25-01-2020,True
EMP779D,Pooja,Patel,03-04-1981,Male,Single,PhD,Chennai,Tamil Nadu,India,16-12-2018,False
EMP780D,Emily,Taylor,09-11-1986,Female,Married,Bachelors,Edinburgh,Scotland,UK,29-03-2019,True
EMP781D,Mary,Jones,21-10-1999,Female,Married,Bachelors,New York,New York,US,13-06-2017,True
EMP782D,Charlie,Taylor,07-11-1996,Male,Married,Diploma,Manchester,England,UK,11-01-2022,True
EMP783D,Mary,Williams,02-03-1980,Male,Married,Bachelors,Chicago,Illinois,US,11-05-2017,True
EMP784D,George,Thomas,08-08-1988,Male,Married,High School,Birmingham,England,UK,07-12-2025,True
EMP785D,Poppy,Williams,07-04-1999,Female,Single,Masters,Manchester,England,UK,10-01-2024,True
EMP786D,Priya,Iyer,30-08-1983,Female,Married,PhD,Chennai,Tamil Nadu,India,02-06-2025,True
EMP787D,Oliver,Williams,08-08-1965,Male,Single,Bachelors,Manchester,England,UK,08-03-2022,True
EMP788D,George,Roberts,02-10-1973,Female,Married,Bachelors,Glasgow,Scotland,UK,26-02-2015,True
EMP789D,William,Davis,01-03-1968,Male,Divorced,Bachelors,San Francisco,California,US,23-02-2016,True
EMP790D,Elizabeth,Williams,07-06-1981,Female,Single,Masters,San Francisco,California,US,25-06-2025,True
EMP791D,George,Clark,06-01-1971,Male,Married,Masters,Glasgow,Scotland,UK,27-12-2024,True
EMP792D,John,Rodriguez,07-07-1972,Female,Single,Bachelors,Chicago,Illinois,US,13-06-2022,True
EMP793D,Emily,Thomas,07-08-1999,Male,Divorced,Bachelors,Birmingham,England,UK,16-11-2022,True
EMP794D,Emily,Evans,02-09-1974,Male,Married,Diploma,Edinburgh,Scotland,UK,24-07-2026,True
EMP795D,Oliver,Evans,14-11-1968,Female,Married,Bachelors,Birmingham,England,UK,15-03-2023,True
EMP796D,Anjali,Reddy,14-01-1972,Male,Single,Bachelors,Chennai,Tamil Nadu,India,12-06-2016,True
EMP797D,Poppy,Taylor,25-03-1990,Male,Married,Bachelors,Birmingham,England,UK,26-11-2020,True
EMP798D,Jennifer,Rodriguez,08-11-1990,Male,Married,Bachelors,Austin,Texas,US,24-01-2021,True
EMP799D,Olivia,Evans,03-01-1990,Male,Single,Masters,Glasgow,Scotland,UK,23-01-2026,True
EMP800D,Ravi,Kumar,03-09-1992,Male,Single,PhD,New Delhi,Delhi,India,21-03-2022,True
EMP801D,Amelia,Wilson,24-03-1980,Male,Single,Bachelors,Glasgow,Scotland,UK,08-01-2021,True
EMP802D,Manish,Iyer,22-06-1980,Male,Married,High School,Bangalore,Karnataka,India,27-05-2021,True
EMP803D,Isla,Williams,22-03-1986,Female,Married,Masters,Birmingham,England,UK,13-07-2024,True
EMP804D,Isla,Thomas,02-11-1988,Male,Single,Diploma,Birmingham,England,UK,31-08-2023,False
EMP805D,Poppy,Jones,02-10-1993,Female,Single,Masters,Glasgow,Scotland,UK,10-04-2016,True
EMP806D,Arjun,Kumari,06-03-1979,Female,Married,Bachelors,New Delhi,Delhi,India,09-01-2016,True
EMP807D,Anjali,Mishra,26-02-1985,Female,Married,Bachelors,Hyderabad,Telangana,India,30-03-2026,True
EMP808D,William,Miller,13-02-1984,Female,Single,PhD,Seattle,Washington,US,14-08-2023,True
EMP809D,William,Williams,31-05-1967,Male,Single,Bachelors,Chicago,Illinois,US,11-06-2026,True
EMP810D,Jacob,Evans,30-03-1991,Female,Married,PhD,Manchester,England,UK,29-05-2021,True
EMP811D,Robert,Davis,04-10-1979,Female,Single,Bachelors,New York,New York,US,26-08-2017,True
EMP812D,Vikram,Bose,16-11-1973,Female,Married,Bachelors,New Delhi,Delhi,India,21-06-2016,True
EMP813D,Amelia,Evans,03-11-1994,Male,Single,Masters,Glasgow,Scotland,UK,01-09-2018,False
EMP814D,Manish,Das,12-08-2003,Male,Married,Bachelors,Chennai,Tamil Nadu,India,12-05-2025,True
EMP815D,Isla,Davies,11-02-1965,Female,Married,Bachelors,Manchester,England,UK,27-02-2016,True
EMP816D,Patricia,Miller,19-09-1978,Female,Single,Masters,Seattle,Washington,US,19-07-2025,False
EMP817D,Poppy,Brown,13-08-1988,Female,Married,Bachelors,Glasgow,Scotland,UK,29-10-2016,True
EMP818D,Amelia,Roberts,17-04-1972,Male,Divorced,Bachelors,London,England,UK,29-03-2019,True
EMP819D,Thomas,Jones,22-11-1965,Female,Single,Masters,London,England,UK,06-05-2019,False
EMP820D,James,Williams,26-10-1984,Female,Married,Bachelors,Seattle,Washington,US,15-07-2022,True
EMP821D,Kavita,Nayak,19-11-2003,Male,Single,Bachelors,Hyderabad,Telangana,India,04-02-2020,True
EMP822D,Jack,Evans,27-09-1976,Female,Married,Bachelors,Glasgow,Scotland,UK,12-06-2017,True
EMP823D,Anjali,Patel,24-06-1968,Male,Married,PhD,Chennai,Tamil Nadu,India,23-01-2019,True
EMP824D,Isla,Davies,27-01-1988,Female,Single,Bachelors,Manchester,England,UK,21-04-2017,True
EMP825D,Priya,Sharma,11-05-1998,Male,Single,Bachelors,Mumbai,Maharashtra,India,01-10-2020,True
EMP826D,Isla,Wilson,03-02-1965,Male,Married,PhD,Manchester,England,UK,20-02-2021,True
EMP827D,Olivia,Brown,30-07-1991,Female,Single,Bachelors,Manchester,England,UK,06-12-2023,True
EMP828D,Rahul,Patel,21-02-1994,Male,Married,Masters,Mumbai,Maharashtra,India,09-02-2020,True
EMP829D,James,Jones,11-01-1976,Female,Single,Bachelors,Austin,Texas,US,20-10-2018,True
EMP830D,Manish,Kumari,15-03-1970,Male,Married,High School,New Delhi,Delhi,India,26-04-2020,False
EMP831D,David,Rodriguez,24-04-1967,Female,Single,Bachelors,Seattle,Washington,US,13-08-2025,True
EMP832D,Charlie,Brown,17-08-1981,Male,Married,Bachelors,Manchester,England,UK,18-03-2023,True
EMP833D,Patricia,Martinez,25-11-1966,Male,Married,Masters,Seattle,Washington,US,30-08-2021,True
EMP834D,Barbara,Brown,03-06-1982,Male,Married,Bachelors,San Francisco,California,US,03-05-2025,True
EMP835D,Robert,Davis,02-07-1983,Female,Single,Bachelors,Austin,Texas,US,20-04-2017,True
EMP836D,Poppy,Jones,03-08-1998,Male,Single,Bachelors,Edinburgh,Scotland,UK,26-11-2023,False
EMP837D,Amit,Verma,29-11-2003,Male,Married,Masters,Bangalore,Karnataka,India,16-05-2016,True
EMP838D,Mary,Brown,29-03-1997,Male,Married,PhD,Chicago,Illinois,US,16-08-2022,True
EMP839D,Arjun,Singh,30-05-2003,Male,Single,Masters,Mumbai,Maharashtra,India,29-03-2018,True
EMP840D,Kavita,Verma,05-10-1975,Male,Single,Masters,New Delhi,Delhi,India,22-01-2018,True
EMP841D,Oliver,Jones,07-09-1972,Male,Single,Bachelors,London,England,UK,12-04-2019,False
EMP842D,Kavita,Bose,28-01-1982,Male,Married,Bachelors,Hyderabad,Telangana,India,26-03-2020,True
EMP843D,John,Martinez,08-06-1999,Female,Married,Masters,Austin,Texas,US,24-02-2024,True
EMP844D,Vikram,Das,31-05-1967,Female,Single,Masters,New Delhi,Delhi,India,31-03-2019,True
EMP845D,James,Williams,29-08-2002,Male,Married,Bachelors,Chicago,Illinois,US,26-09-2017,True
EMP846D,Vikram,Nayak,29-09-1996,Female,Married,Bachelors,Chennai,Tamil Nadu,India,15-07-2021,True
EMP847D,Thomas,Williams,25-08-1991,Male,Single,PhD,Birmingham,England,UK,09-04-2026,True
EMP848D,Jack,Brown,30-04-1972,Male,Single,PhD,Glasgow,Scotland,UK,01-06-2019,True
EMP849D,John,Davis,05-06-1978,Male,Single,Bachelors,New York,New York,US,14-12-2015,False
EMP850D,Priya,Bose,20-12-2001,Male,Married,Bachelors,Bangalore,Karnataka,India,17-04-2023,True
EMP851D,Charlie,Evans,05-08-1985,Female,Single,Masters,London,England,UK,22-04-2024,True
EMP852D,William,Brown,29-07-1968,Male,Single,Masters,San Francisco,California,US,28-05-2026,True
EMP853D,Charlie,Davies,22-04-1973,Female,Married,Bachelors,Birmingham,England,UK,08-02-2023,True
EMP854D,Priya,Iyer,08-11-2004,Male,Married,Bachelors,Bangalore,Karnataka,India,16-02-2015,True
EMP855D,William,Jones,20-10-1992,Male,Single,Bachelors,Chicago,Illinois,US,24-05-2021,True
EMP856D,David,Miller,13-10-2003,Male,Married,Bachelors,Austin,Texas,US,19-07-2023,True
EMP857D,Kavita,Reddy,20-03-2004,Female,Single,Bachelors,New Delhi,Delhi,India,26-04-2017,False
EMP858D,Jacob,Taylor,15-01-1994,Female,Divorced,Masters,Manchester,England,UK,26-02-2024,True
EMP859D,Olivia,Davies,19-12-1977,Female,Married,PhD,Edinburgh,Scotland,UK,27-07-2020,True
EMP860D,Amit,Singh,26-03-1978,Male,Single,Diploma,New Delhi,Delhi,India,17-01-2020,True
EMP861D,Jack,Thomas,17-05-1970,Male,Married,Bachelors,London,England,UK,08-05-2018,True
EMP862D,William,Brown,11-05-1973,Male,Divorced,Bachelors,New York,New York,US,26-05-2020,True
EMP863D,Robert,Martinez,08-03-1994,Female,Single,Bachelors,Chicago,Illinois,US,28-10-2024,True
EMP864D,David,Brown,28-10-1997,Male,Married,Diploma,New York,New York,US,03-09-2015,True
EMP865D,Robert,Rodriguez,13-09-1969,Male,Married,Bachelors,New York,New York,US,15-10-2023,False
EMP866D,Poppy,Jones,16-12-1999,Male,Married,Masters,London,England,UK,29-09-2020,True
EMP867D,George,Davies,02-08-1983,Female,Single,Bachelors,Glasgow,Scotland,UK,10-09-2015,True
EMP868D,Rahul,Kumari,01-12-2000,Female,Single,High School,Hyderabad,Telangana,India,26-02-2021,True
EMP869D,Sneha,Iyer,26-04-1984,Female,Divorced,Bachelors,Chennai,Tamil Nadu,India,05-02-2022,True
EMP870D,Manish,Das,05-06-1990,Female,Single,Masters,New Delhi,Delhi,India,01-10-2022,True
EMP871D,Linda,Smith,12-09-1969,Female,Single,Diploma,San Francisco,California,US,08-09-2022,True
EMP872D,Olivia,Williams,23-10-1976,Male,Single,Diploma,Edinburgh,Scotland,UK,28-09-2020,True
EMP873D,Jennifer,Smith,06-02-2003,Male,Married,Bachelors,Austin,Texas,US,11-03-2019,True
EMP874D,Priya,Nayak,26-09-1978,Female,Married,Masters,Mumbai,Maharashtra,India,03-04-2018,True
EMP875D,James,Rodriguez,04-10-1970,Female,Married,Bachelors,Seattle,Washington,US,10-10-2015,True
EMP876D,Vikram,Kumari,19-08-1996,Female,Married,High School,Mumbai,Maharashtra,India,30-04-2020,False
EMP877D,Poppy,Roberts,06-05-1991,Male,Married,Masters,London,England,UK,17-02-2025,False
EMP878D,Harry,Roberts,27-09-2003,Female,Married,Masters,Glasgow,Scotland,UK,10-11-2021,True
EMP879D,David,Brown,17-10-1972,Female,Single,Masters,Austin,Texas,US,27-12-2015,True
EMP880D,David,Martinez,23-02-1968,Male,Married,Masters,Chicago,Illinois,US,31-03-2021,True
EMP881D,Isla,Williams,13-09-1992,Male,Married,Bachelors,Birmingham,England,UK,07-06-2015,True
EMP882D,George,Jones,01-06-1967,Male,Married,Diploma,Edinburgh,Scotland,UK,15-06-2026,True
EMP883D,Jack,Brown,20-02-1995,Male,Married,Bachelors,London,England,UK,11-03-2025,True
EMP884D,Olivia,Williams,07-08-1979,Male,Married,Bachelors,London,England,UK,03-01-2025,True
EMP885D,James,Rodriguez,27-01-1965,Male,Married,Masters,Chicago,Illinois,US,23-06-2017,True
EMP886D,Kavita,Reddy,18-09-1988,Female,Single,Masters,Hyderabad,Telangana,India,04-11-2025,True
EMP887D,Rakesh,Bose,16-02-1987,Female,Single,Masters,Chennai,Tamil Nadu,India,27-12-2015,True
EMP888D,James,Rodriguez,24-05-1967,Male,Single,Bachelors,New York,New York,US,15-08-2022,True
EMP889D,Sneha,Kumari,27-03-1978,Female,Married,Bachelors,Chennai,Tamil Nadu,India,19-11-2022,False
EMP890D,Jacob,Taylor,30-07-1965,Male,Married,Masters,Manchester,England,UK,27-09-2019,True
EMP891D,Poppy,Jones,06-12-1978,Male,Married,Bachelors,Edinburgh,Scotland,UK,25-01-2017,True
EMP892D,Oliver,Brown,26-05-1999,Female,Married,Bachelors,Manchester,England,UK,02-02-2025,False
EMP893D,Sanjay,Reddy,06-12-1973,Male,Single,Bachelors,Mumbai,Maharashtra,India,23-03-2019,True
EMP894D,Charlie,Williams,29-08-1982,Male,Divorced,Masters,Manchester,England,UK,05-03-2016,True
EMP895D,Pooja,Singh,04-03-1986,Female,Married,Masters,Hyderabad,Telangana,India,18-08-2024,False
EMP896D,Mary,Garcia,29-03-1988,Male,Single,Bachelors,San Francisco,California,US,28-01-2026,True
EMP897D,Anjali,Mishra,04-03-1976,Male,Married,High School,Mumbai,Maharashtra,India,18-01-2026,True
EMP898D,Rakesh,Sharma,03-08-1980,Female,Married,Bachelors,New Delhi,Delhi,India,31-01-2024,True
EMP899D,Mary,Miller,04-12-1976,Male,Single,Masters,Chicago,Illinois,US,01-06-2015,True
EMP900D,Barbara,Miller,11-12-1995,Female,Single,Diploma,New York,New York,US,03-03-2018,False
EMP901D,Robert,Smith,24-07-1978,Female,Single,Bachelors,San Francisco,California,US,08-06-2015,True
EMP902D,Kiran,Das,09-03-2004,Male,Married,Masters,Chennai,Tamil Nadu,India,05-08-2023,False
EMP903D,Robert,Garcia,11-10-1984,Female,Single,Bachelors,San Francisco,California,US,16-12-2015,True
EMP904D,Robert,Brown,08-12-2002,Male,Married,Bachelors,San Francisco,California,US,14-03-2020,True
EMP905D,Anjali,Iyer,01-02-1997,Male,Married,Bachelors,Hyderabad,Telangana,India,06-12-2024,True
EMP906D,Oliver,Jones,03-05-1980,Male,Married,Bachelors,Manchester,England,UK,21-09-2018,False
EMP907D,Charlie,Taylor,23-12-1997,Male,Married,Masters,Birmingham,England,UK,31-07-2018,True
EMP908D,James,Johnson,30-12-1984,Male,Married,Diploma,New York,New York,US,31-07-2024,False
EMP909D,Michael,Garcia,25-08-1993,Male,Married,Bachelors,Seattle,Washington,US,26-11-2019,True
EMP910D,David,Garcia,29-11-1981,Female,Married,High School,New York,New York,US,16-12-2023,True
EMP911D,Manish,Verma,06-02-1975,Male,Married,Masters,Chennai,Tamil Nadu,India,23-12-2015,True
EMP912D,Rakesh,Das,16-10-2000,Male,Married,Masters,New Delhi,Delhi,India,01-07-2015,False
EMP913D,Emily,Thomas,29-04-1999,Male,Divorced,Bachelors,Glasgow,Scotland,UK,07-07-2015,True
EMP914D,Jennifer,Johnson,10-12-1973,Female,Married,Diploma,San Francisco,California,US,22-08-2020,True
EMP915D,Isla,Davies,13-11-2002,Male,Single,Bachelors,Manchester,England,UK,13-07-2015,True
EMP916D,David,Smith,27-12-1979,Male,Single,Bachelors,New York,New York,US,27-05-2026,False
EMP917D,Amelia,Thomas,15-06-1982,Male,Single,PhD,Edinburgh,Scotland,UK,07-12-2019,True
EMP918D,Robert,Johnson,04-08-1984,Female,Married,Bachelors,Austin,Texas,US,29-09-2024,True
EMP919D,Thomas,Williams,30-08-1988,Male,Married,Masters,Birmingham,England,UK,05-05-2024,True
EMP920D,Isla,Thomas,05-02-1987,Female,Married,Bachelors,Manchester,England,UK,04-09-2023,True
EMP921D,James,Smith,31-01-2003,Female,Divorced,Masters,New York,New York,US,06-05-2022,True
EMP922D,John,Davis,03-01-1965,Male,Single,Masters,Seattle,Washington,US,17-08-2025,True
EMP923D,Mary,Jones,07-11-1988,Male,Married,Bachelors,Austin,Texas,US,03-05-2019,True
EMP924D,Olivia,Evans,04-08-1981,Female,Single,Masters,Manchester,England,UK,11-06-2023,True
EMP925D,Pooja,Chauhan,30-11-1982,Female,Married,Bachelors,New Delhi,Delhi,India,25-01-2025,True
EMP926D,Oliver,Clark,04-11-1982,Female,Married,Masters,Birmingham,England,UK,03-10-2015,True
EMP927D,Ravi,Reddy,20-10-1967,Female,Married,Bachelors,Mumbai,Maharashtra,India,04-07-2025,True
EMP928D,Barbara,Williams,23-03-1988,Male,Single,PhD,Seattle,Washington,US,29-05-2016,True
EMP929D,Patricia,Smith,03-01-2003,Male,Married,Diploma,San Francisco,California,US,20-05-2020,True
EMP930D,Jacob,Roberts,01-12-2004,Male,Married,Bachelors,London,England,UK,07-07-2024,True
EMP931D,Kiran,Mishra,25-08-1969,Male,Single,Bachelors,New Delhi,Delhi,India,08-12-2025,True
EMP932D,Neha,Chauhan,09-02-1983,Male,Single,Bachelors,Chennai,Tamil Nadu,India,28-08-2022,True
EMP933D,Linda,Johnson,01-09-1974,Male,Married,Masters,San Francisco,California,US,06-06-2019,True
EMP934D,Michael,Miller,22-06-1989,Female,Married,Masters,New York,New York,US,21-10-2018,True
EMP935D,Kiran,Iyer,01-03-1987,Female,Married,Masters,Mumbai,Maharashtra,India,15-01-2019,True
EMP936D,Olivia,Thomas,03-01-1977,Female,Married,Diploma,London,England,UK,19-04-2017,True
EMP937D,William,Garcia,01-03-1966,Male,Single,Diploma,San Francisco,California,US,28-01-2022,True
EMP938D,Patricia,Jones,15-09-2001,Male,Divorced,Bachelors,Austin,Texas,US,19-11-2017,True
EMP939D,William,Williams,17-02-1969,Male,Married,High School,San Francisco,California,US,16-07-2017,True
EMP940D,Linda,Miller,11-05-1978,Female,Single,Bachelors,Seattle,Washington,US,16-08-2017,False
EMP941D,Robert,Williams,24-02-1996,Male,Married,Diploma,Austin,Texas,US,08-03-2015,True
EMP942D,Priya,Patel,31-05-1991,Female,Married,Masters,New Delhi,Delhi,India,12-02-2025,True
EMP943D,Linda,Smith,19-07-1997,Male,Single,Bachelors,San Francisco,California,US,07-10-2025,True
EMP944D,Rahul,Verma,29-03-2004,Female,Married,Bachelors,Bangalore,Karnataka,India,16-11-2021,True
EMP945D,Vikram,Gupta,29-12-1978,Female,Married,Bachelors,Hyderabad,Telangana,India,28-05-2024,False
EMP946D,Amit,Reddy,29-04-1990,Male,Married,Bachelors,Hyderabad,Telangana,India,19-12-2017,True
EMP947D,Oliver,Davies,07-01-1969,Male,Single,Bachelors,Manchester,England,UK,17-04-2018,True
EMP948D,Kavita,Chauhan,08-08-1972,Male,Married,Masters,New Delhi,Delhi,India,30-08-2024,True
EMP949D,Isla,Williams,12-06-1997,Male,Married,Masters,London,England,UK,07-02-2018,True
EMP950D,Oliver,Taylor,07-02-1984,Male,Married,PhD,Birmingham,England,UK,30-03-2023,True
EMP951D,Sanjay,Reddy,29-08-1979,Female,Married,Bachelors,Hyderabad,Telangana,India,29-04-2020,True
EMP952D,Anjali,Iyer,17-01-1981,Female,Single,Bachelors,Bangalore,Karnataka,India,24-02-2021,True
EMP953D,George,Taylor,11-01-1999,Female,Married,PhD,Birmingham,England,UK,15-06-2022,True
EMP954D,Olivia,Clark,04-09-1983,Female,Divorced,Bachelors,London,England,UK,08-04-2020,True
EMP955D,Kiran,Mishra,24-03-1966,Male,Married,Bachelors,New Delhi,Delhi,India,30-07-2019,False
EMP956D,Anjali,Das,18-04-1992,Female,Single,Masters,New Delhi,Delhi,India,03-05-2024,True
EMP957D,Kavita,Verma,29-07-1983,Male,Divorced,Bachelors,Chennai,Tamil Nadu,India,28-08-2019,False
EMP958D,Patricia,Smith,03-06-1998,Male,Divorced,Masters,Austin,Texas,US,06-01-2019,False
EMP959D,Emily,Roberts,22-06-1983,Female,Married,Masters,Glasgow,Scotland,UK,27-09-2021,True
EMP960D,Jennifer,Johnson,23-04-1999,Female,Married,Masters,Chicago,Illinois,US,28-08-2018,True
EMP961D,Mary,Johnson,09-07-1975,Male,Married,Masters,Seattle,Washington,US,16-04-2023,True
EMP962D,Linda,Davis,27-11-1979,Female,Married,Masters,New York,New York,US,25-06-2018,False
EMP963D,Barbara,Brown,04-02-1988,Male,Single,Masters,Seattle,Washington,US,28-03-2018,False
EMP964D,Charlie,Evans,24-02-1986,Male,Married,Bachelors,Edinburgh,Scotland,UK,05-01-2016,True
EMP965D,William,Rodriguez,07-05-1988,Female,Divorced,Diploma,Chicago,Illinois,US,25-08-2026,True
EMP966D,Manish,Kumari,11-05-1998,Male,Married,Bachelors,Chennai,Tamil Nadu,India,21-08-2017,True
EMP967D,Olivia,Taylor,19-01-1981,Female,Married,Diploma,Edinburgh,Scotland,UK,20-01-2015,True
EMP968D,Harry,Brown,03-06-1972,Female,Single,Bachelors,Birmingham,England,UK,10-03-2015,True
EMP969D,Olivia,Williams,21-12-1971,Female,Single,Masters,Birmingham,England,UK,03-09-2024,True
EMP970D,Ravi,Sharma,03-03-2001,Female,Single,Diploma,Bangalore,Karnataka,India,23-06-2022,True
EMP971D,William,Brown,30-01-1971,Female,Married,Diploma,San Francisco,California,US,06-11-2015,False
EMP972D,Michael,Martinez,16-04-1974,Male,Divorced,High School,Austin,Texas,US,09-05-2016,True
EMP973D,Linda,Martinez,10-01-1976,Male,Single,Masters,Chicago,Illinois,US,09-04-2023,True
EMP974D,Vikram,Gupta,15-08-1972,Male,Married,High School,New Delhi,Delhi,India,31-07-2021,True
EMP975D,Robert,Martinez,13-07-1992,Female,Single,Masters,New York,New York,US,25-06-2019,True
EMP976D,Jacob,Williams,27-12-1984,Female,Single,High School,Glasgow,Scotland,UK,11-10-2024,True
EMP977D,Isla,Williams,10-09-1980,Female,Divorced,Bachelors,Edinburgh,Scotland,UK,28-09-2017,True
EMP978D,Thomas,Taylor,20-03-1997,Female,Single,Bachelors,Birmingham,England,UK,16-07-2022,True
EMP979D,Kavita,Patel,09-05-1971,Female,Married,Bachelors,Bangalore,Karnataka,India,25-02-2017,True
EMP980D,Charlie,Williams,13-11-1993,Female,Divorced,Bachelors,Glasgow,Scotland,UK,20-08-2018,True
EMP981D,Kavita,Reddy,19-02-1988,Male,Divorced,Bachelors,Bangalore,Karnataka,India,07-04-2018,True
EMP982D,Jennifer,Miller,03-08-1977,Male,Single,High School,San Francisco,California,US,04-02-2020,False
EMP983D,Pooja,Das,21-02-1976,Female,Married,Bachelors,New Delhi,Delhi,India,12-10-2021,True
EMP984D,Oliver,Evans,20-08-1994,Male,Married,Masters,Birmingham,England,UK,26-12-2017,True
EMP985D,Isla,Wilson,20-02-1995,Female,Married,Bachelors,Glasgow,Scotland,UK,15-08-2026,True
EMP986D,Pooja,Patel,05-06-1996,Female,Married,Bachelors,Mumbai,Maharashtra,India,29-09-2024,True
EMP987D,Olivia,Roberts,06-09-1977,Female,Single,Masters,London,England,UK,07-12-2024,True
EMP988D,David,Williams,15-05-1965,Female,Single,PhD,San Francisco,California,US,18-02-2017,True
EMP989D,Elizabeth,Brown,03-06-1975,Male,Single,Masters,San Francisco,California,US,19-09-2019,True
EMP990D,Vikram,Singh,12-10-1966,Female,Single,Bachelors,Chennai,Tamil Nadu,India,23-11-2021,True
EMP991D,Thomas,Clark,08-05-1985,Male,Single,Diploma,Birmingham,England,UK,19-06-2017,True
EMP992D,Neha,Das,04-11-1970,Male,Married,Bachelors,New Delhi,Delhi,India,27-07-2026,True
EMP993D,Jennifer,Rodriguez,12-06-2001,Female,Married,Bachelors,Seattle,Washington,US,10-06-2023,True
EMP994D,James,Rodriguez,29-09-2001,Female,Married,Bachelors,New York,New York,US,22-04-2025,False
EMP995D,James,Smith,07-10-1978,Male,Married,Masters,San Francisco,California,US,03-11-2020,True
EMP996D,Michael,Miller,15-12-1997,Female,Single,Bachelors,New York,New York,US,10-12-2021,True
EMP997D,Vikram,Das,24-12-1984,Female,Single,Bachelors,Chennai,Tamil Nadu,India,26-12-2025,True
EMP998D,Thomas,Davies,18-09-1993,Male,Married,Masters,Birmingham,England,UK,19-05-2025,True
EMP999D,George,Evans,28-06-2000,Female,Single,Masters,Edinburgh,Scotland,UK,03-05-2022,True
EMP001E,Amelia,Evans,29-10-1984,Male,Married,Bachelors,Edinburgh,Scotland,UK,02-09-2015,True
EMP002E,Jennifer,Brown,05-10-1976,Male,Single,Bachelors,New York,New York,US,06-08-2016,True
EMP003E,Elizabeth,Williams,14-06-1981,Female,Single,Bachelors,New York,New York,US,06-01-2023,True
EMP004E,Harry,Evans,22-05-1979,Male,Divorced,Bachelors,London,England,UK,10-07-2025,True
EMP005E,Anjali,Iyer,01-02-2000,Male,Single,Diploma,New Delhi,Delhi,India,26-10-2024,True
EMP006E,Mary,Smith,07-01-1972,Male,Divorced,Masters,Chicago,Illinois,US,07-02-2024,True
EMP007E,Sanjay,Verma,28-05-1975,Female,Single,High School,Chennai,Tamil Nadu,India,28-05-2024,True
EMP008E,Jack,Williams,29-08-1967,Female,Married,Bachelors,London,England,UK,28-09-2023,True
EMP009E,James,Miller,27-04-1988,Female,Single,Bachelors,Seattle,Washington,US,18-07-2017,False
EMP010E,Vikram,Verma,26-08-2000,Male,Single,Bachelors,Chennai,Tamil Nadu,India,14-08-2016,True
EMP011E,Michael,Smith,07-04-1981,Male,Married,Masters,Austin,Texas,US,28-03-2024,True
EMP012E,Mary,Martinez,18-06-1988,Female,Single,Diploma,Chicago,Illinois,US,04-01-2019,True
EMP013E,David,Brown,26-09-1974,Male,Married,High School,Austin,Texas,US,10-01-2019,False
EMP014E,Linda,Williams,30-05-1990,Male,Married,Bachelors,San Francisco,California,US,20-06-2025,False
EMP015E,John,Rodriguez,30-12-1995,Female,Married,Bachelors,Chicago,Illinois,US,03-11-2016,False
EMP016E,Kiran,Gupta,14-09-1980,Male,Married,Bachelors,Chennai,Tamil Nadu,India,25-08-2017,True
EMP017E,Arjun,Sharma,06-02-1977,Female,Married,Masters,New Delhi,Delhi,India,26-04-2018,True
EMP018E,David,Brown,20-05-1983,Male,Single,Diploma,San Francisco,California,US,01-04-2021,True
EMP019E,Harry,Wilson,08-04-1991,Male,Single,Bachelors,London,England,UK,21-03-2023,True
EMP020E,James,Williams,22-05-1998,Male,Single,Masters,New York,New York,US,18-07-2023,True
EMP021E,Amit,Nayak,31-12-1966,Female,Single,Bachelors,Chennai,Tamil Nadu,India,24-03-2023,True
EMP022E,Priya,Bose,04-12-1999,Male,Single,Bachelors,Hyderabad,Telangana,India,27-09-2015,True
EMP023E,Anjali,Verma,07-02-1989,Female,Married,Diploma,Hyderabad,Telangana,India,20-04-2022,True
EMP024E,Oliver,Wilson,07-10-1986,Male,Married,Diploma,Birmingham,England,UK,11-04-2020,True
EMP025E,William,Garcia,04-01-1973,Male,Married,Bachelors,New York,New York,US,18-10-2022,True
EMP026E,Anjali,Nayak,16-11-1984,Female,Married,Bachelors,Bangalore,Karnataka,India,23-10-2022,True
EMP027E,Mary,Davis,01-05-1981,Male,Married,High School,Chicago,Illinois,US,13-11-2025,False
EMP028E,Emily,Brown,15-10-1974,Female,Married,Diploma,Manchester,England,UK,26-01-2016,True
EMP029E,Poppy,Williams,29-12-1965,Female,Married,Bachelors,Edinburgh,Scotland,UK,07-02-2024,True
EMP030E,Amit,Kumari,18-01-1974,Female,Married,High School,Mumbai,Maharashtra,India,18-03-2018,True
EMP031E,James,Martinez,18-11-1976,Male,Married,Bachelors,San Francisco,California,US,07-04-2020,True
EMP032E,Robert,Davis,20-06-1997,Female,Married,Bachelors,San Francisco,California,US,09-02-2020,True
EMP033E,Neha,Mishra,16-10-1997,Male,Single,Bachelors,Hyderabad,Telangana,India,11-07-2020,False
EMP034E,Isla,Williams,04-12-1994,Female,Divorced,Masters,Glasgow,Scotland,UK,02-10-2022,True
EMP035E,Ravi,Chauhan,10-06-1997,Male,Married,PhD,Chennai,Tamil Nadu,India,26-05-2016,True
EMP036E,Jennifer,Williams,08-06-1975,Male,Married,Masters,San Francisco,California,US,23-01-2023,True
EMP037E,John,Williams,03-04-1967,Male,Single,Masters,San Francisco,California,US,27-01-2022,True
EMP038E,Anjali,Mishra,14-09-1982,Female,Married,PhD,Bangalore,Karnataka,India,08-09-2020,True
EMP039E,Vikram,Kumari,20-02-2000,Female,Married,Bachelors,Chennai,Tamil Nadu,India,22-11-2018,True
EMP040E,Olivia,Wilson,21-03-1983,Female,Married,Masters,London,England,UK,31-05-2025,True
EMP041E,Mary,Johnson,05-05-1985,Male,Single,Bachelors,Seattle,Washington,US,05-10-2019,True
EMP042E,Thomas,Taylor,12-10-1999,Female,Divorced,Bachelors,Glasgow,Scotland,UK,18-12-2023,False
EMP043E,Charlie,Roberts,07-03-1981,Female,Married,Masters,Birmingham,England,UK,26-06-2023,True
EMP044E,George,Clark,20-12-1981,Female,Divorced,Bachelors,Edinburgh,Scotland,UK,06-12-2024,True
EMP045E,Amelia,Taylor,01-07-1995,Female,Divorced,Bachelors,Birmingham,England,UK,05-02-2025,True
EMP046E,Rakesh,Singh,08-03-1977,Female,Single,Diploma,Bangalore,Karnataka,India,07-06-2019,True
EMP047E,Kavita,Verma,11-11-1997,Male,Divorced,Bachelors,Bangalore,Karnataka,India,03-10-2025,True
EMP048E,Rahul,Kumar,09-09-1997,Female,Single,Masters,New Delhi,Delhi,India,14-09-2015,True
EMP049E,Priya,Kumar,05-10-1974,Female,Married,Masters,Mumbai,Maharashtra,India,10-09-2021,True
EMP050E,Thomas,Davies,29-01-1982,Male,Divorced,Bachelors,Manchester,England,UK,09-11-2024,False
EMP051E,Robert,Davis,30-08-1993,Male,Single,Diploma,New York,New York,US,03-11-2020,True
EMP052E,William,Martinez,07-12-1993,Female,Single,Bachelors,San Francisco,California,US,25-09-2015,True
EMP053E,Priya,Gupta,21-10-1995,Male,Married,Masters,New Delhi,Delhi,India,03-05-2025,True
EMP054E,George,Wilson,27-07-1978,Female,Single,Bachelors,Manchester,England,UK,31-07-2021,True
EMP055E,Pooja,Sharma,17-01-1978,Female,Single,Diploma,Chennai,Tamil Nadu,India,28-06-2017,True
EMP056E,Sneha,Verma,02-08-2000,Male,Single,Diploma,Bangalore,Karnataka,India,25-02-2025,True
EMP057E,Barbara,Jones,03-02-2001,Male,Single,Bachelors,Chicago,Illinois,US,14-05-2024,False
EMP058E,Poppy,Davies,27-04-1971,Male,Single,Bachelors,London,England,UK,12-02-2025,True
EMP059E,Ravi,Sharma,21-05-1993,Female,Single,Masters,Mumbai,Maharashtra,India,16-06-2023,False
EMP060E,Olivia,Davies,15-06-1971,Female,Single,Masters,Edinburgh,Scotland,UK,27-04-2015,True
EMP061E,Jennifer,Garcia,02-09-1996,Male,Married,Masters,New York,New York,US,09-10-2023,True
EMP062E,James,Brown,04-07-1980,Female,Married,Bachelors,Seattle,Washington,US,26-10-2017,True
EMP063E,Ravi,Verma,07-08-1982,Male,Married,Masters,Mumbai,Maharashtra,India,27-11-2017,True
EMP064E,Arjun,Patel,05-06-1974,Male,Married,PhD,New Delhi,Delhi,India,17-05-2026,True
EMP065E,William,Brown,06-11-1969,Female,Married,Bachelors,Austin,Texas,US,19-01-2023,True
EMP066E,Arjun,Patel,21-01-1996,Female,Single,Bachelors,Chennai,Tamil Nadu,India,27-04-2018,True
EMP067E,Isla,Taylor,09-07-1974,Female,Married,Bachelors,London,England,UK,07-08-2017,True
EMP068E,Ravi,Verma,18-07-1987,Male,Married,Bachelors,New Delhi,Delhi,India,13-07-2024,True
EMP069E,Anjali,Chauhan,31-05-1977,Male,Married,Bachelors,Mumbai,Maharashtra,India,17-05-2018,True
EMP070E,Jacob,Brown,28-11-1978,Male,Married,Bachelors,London,England,UK,30-08-2017,True
EMP071E,John,Jones,26-11-1999,Female,Single,Masters,San Francisco,California,US,03-02-2026,True
EMP072E,David,Davis,29-06-2001,Male,Single,Bachelors,New York,New York,US,05-04-2023,True
EMP073E,Isla,Clark,24-09-1982,Female,Married,PhD,Glasgow,Scotland,UK,10-03-2022,True
EMP074E,Ravi,Mishra,05-02-2001,Female,Single,Masters,New Delhi,Delhi,India,08-12-2025,True
EMP075E,Mary,Johnson,11-05-1991,Male,Married,Diploma,Chicago,Illinois,US,07-07-2026,True
EMP076E,Jack,Clark,16-02-2000,Male,Single,Bachelors,London,England,UK,09-01-2019,True
EMP077E,Isla,Williams,09-08-1986,Male,Married,High School,Glasgow,Scotland,UK,17-10-2022,True
EMP078E,Isla,Evans,13-02-1971,Female,Single,Bachelors,Edinburgh,Scotland,UK,10-01-2022,True
EMP079E,Anjali,Mishra,20-01-1978,Male,Married,Bachelors,Chennai,Tamil Nadu,India,17-04-2024,True
EMP080E,Mary,Brown,07-06-2000,Female,Married,Masters,New York,New York,US,20-06-2024,True
EMP081E,Oliver,Brown,19-08-1995,Female,Married,Bachelors,Birmingham,England,UK,09-07-2021,False
EMP082E,Pooja,Verma,25-06-1969,Male,Single,Bachelors,Bangalore,Karnataka,India,07-03-2025,True
EMP083E,Kiran,Singh,23-06-1993,Male,Married,Masters,Bangalore,Karnataka,India,06-12-2019,True
EMP084E,Arjun,Chauhan,27-11-1982,Female,Divorced,Masters,Mumbai,Maharashtra,India,13-04-2020,True
EMP085E,Anjali,Mishra,17-02-1977,Male,Divorced,Bachelors,New Delhi,Delhi,India,05-02-2022,True
EMP086E,Jack,Evans,16-05-1990,Female,Single,Masters,Birmingham,England,UK,23-02-2019,True
EMP087E,Harry,Brown,23-06-1980,Male,Single,High School,Glasgow,Scotland,UK,24-03-2018,True
EMP088E,Ravi,Reddy,18-11-1981,Male,Married,Bachelors,Mumbai,Maharashtra,India,11-03-2023,True
EMP089E,George,Jones,24-03-1982,Female,Married,Masters,Edinburgh,Scotland,UK,30-01-2020,True
EMP090E,William,Smith,01-01-1990,Female,Married,Masters,San Francisco,California,US,24-09-2023,True
EMP091E,Harry,Jones,01-08-1978,Female,Married,Bachelors,London,England,UK,05-07-2017,True
EMP092E,Harry,Jones,30-11-1985,Male,Divorced,Masters,Edinburgh,Scotland,UK,11-04-2016,False
EMP093E,Rahul,Iyer,15-11-1999,Female,Married,Bachelors,Hyderabad,Telangana,India,12-05-2022,True
EMP094E,Jack,Clark,06-05-1967,Male,Married,Diploma,London,England,UK,07-09-2019,True
EMP095E,Amit,Nayak,09-01-1981,Male,Single,Bachelors,Chennai,Tamil Nadu,India,12-11-2018,True
EMP096E,Kavita,Kumari,08-02-1972,Female,Single,Bachelors,Hyderabad,Telangana,India,30-09-2019,True
EMP097E,William,Martinez,12-03-1972,Male,Married,Bachelors,Seattle,Washington,US,25-08-2017,True
EMP098E,Elizabeth,Garcia,14-11-1967,Male,Married,Masters,Seattle,Washington,US,30-03-2023,True
EMP099E,Oliver,Clark,02-05-1974,Female,Married,Bachelors,Glasgow,Scotland,UK,29-08-2021,True
EMP100E,William,Williams,26-12-1978,Female,Married,Bachelors,Austin,Texas,US,20-07-2021,True
EMP101E,Amelia,Thomas,22-04-2002,Male,Single,Bachelors,Edinburgh,Scotland,UK,19-03-2022,False
EMP102E,Olivia,Davies,01-03-1971,Female,Married,Bachelors,Birmingham,England,UK,25-03-2017,True
EMP103E,John,Miller,20-06-1989,Male,Married,Bachelors,Austin,Texas,US,16-03-2026,True
EMP104E,Michael,Smith,03-06-1966,Female,Single,Diploma,Chicago,Illinois,US,18-05-2026,True
EMP105E,Jennifer,Smith,12-05-1999,Male,Married,Bachelors,San Francisco,California,US,17-07-2018,True
EMP106E,Thomas,Davies,02-04-1997,Male,Married,Bachelors,Birmingham,England,UK,06-01-2018,True
EMP107E,Robert,Martinez,02-10-1979,Female,Single,Masters,Chicago,Illinois,US,25-01-2022,True
EMP108E,Jack,Roberts,20-02-1993,Male,Married,Bachelors,Birmingham,England,UK,03-02-2020,True
EMP109E,David,Martinez,07-06-1979,Male,Single,High School,Austin,Texas,US,29-12-2017,True
EMP110E,Oliver,Taylor,03-11-1967,Male,Single,Masters,Glasgow,Scotland,UK,19-02-2026,True
EMP111E,Patricia,Brown,17-02-1965,Female,Married,Masters,Chicago,Illinois,US,27-02-2017,True
EMP112E,Olivia,Taylor,19-06-1981,Male,Single,Masters,Glasgow,Scotland,UK,14-01-2021,True
EMP113E,Jennifer,Martinez,28-04-1995,Female,Married,Masters,Austin,Texas,US,30-12-2016,True
EMP114E,Arjun,Reddy,22-10-1972,Female,Single,Masters,Hyderabad,Telangana,India,01-02-2021,True
EMP115E,Mary,Garcia,06-02-1965,Female,Married,Bachelors,New York,New York,US,07-08-2019,True
EMP116E,David,Smith,17-05-1981,Male,Single,Bachelors,Chicago,Illinois,US,03-07-2024,True
EMP117E,Jack,Wilson,08-03-1972,Female,Married,Diploma,Glasgow,Scotland,UK,28-01-2023,True
EMP118E,Elizabeth,Martinez,08-06-1982,Female,Married,Bachelors,San Francisco,California,US,29-04-2024,True
EMP119E,Rakesh,Gupta,09-02-1975,Female,Married,Masters,Bangalore,Karnataka,India,11-07-2024,True
EMP120E,Kiran,Bose,20-01-1986,Male,Married,Bachelors,New Delhi,Delhi,India,10-08-2023,False
EMP121E,Arjun,Patel,18-01-1977,Male,Single,Bachelors,Hyderabad,Telangana,India,03-08-2019,True
EMP122E,Barbara,Rodriguez,17-09-1994,Male,Single,Bachelors,Chicago,Illinois,US,14-07-2017,True
EMP123E,Elizabeth,Garcia,28-08-1968,Female,Single,Bachelors,San Francisco,California,US,14-07-2019,True
EMP124E,Priya,Kumar,21-06-2001,Male,Married,Masters,Chennai,Tamil Nadu,India,02-05-2024,True
EMP125E,Kavita,Nayak,11-09-1978,Female,Married,Masters,Bangalore,Karnataka,India,20-05-2026,False
EMP126E,Jack,Evans,04-07-2004,Female,Married,Bachelors,London,England,UK,20-07-2026,True
EMP127E,Anjali,Verma,12-05-1972,Male,Single,Diploma,Bangalore,Karnataka,India,20-05-2015,True
EMP128E,Sanjay,Das,28-05-1974,Female,Single,PhD,Chennai,Tamil Nadu,India,22-02-2017,True
EMP129E,Rakesh,Patel,02-01-1975,Male,Divorced,Bachelors,Hyderabad,Telangana,India,13-06-2022,True
EMP130E,Vikram,Gupta,04-07-1992,Female,Married,Bachelors,Bangalore,Karnataka,India,20-01-2016,False
EMP131E,Michael,Williams,17-09-1983,Male,Single,Diploma,New York,New York,US,23-08-2023,True
EMP132E,Rakesh,Nayak,03-04-1997,Female,Married,Bachelors,New Delhi,Delhi,India,02-04-2025,True
EMP133E,Rakesh,Bose,18-04-2003,Male,Single,Bachelors,Bangalore,Karnataka,India,01-07-2020,True
EMP134E,Olivia,Roberts,16-08-1988,Female,Married,Bachelors,Glasgow,Scotland,UK,10-08-2015,True
EMP135E,Jacob,Evans,01-08-1971,Male,Single,Bachelors,Birmingham,England,UK,06-11-2024,True
EMP136E,John,Johnson,17-10-1976,Female,Single,Masters,Chicago,Illinois,US,28-03-2024,True
EMP137E,Robert,Jones,28-02-1998,Female,Single,Diploma,Chicago,Illinois,US,17-11-2025,True
EMP138E,Emily,Roberts,19-05-1992,Male,Married,Bachelors,Edinburgh,Scotland,UK,02-07-2023,False
EMP139E,Neha,Gupta,06-08-1984,Female,Single,Bachelors,New Delhi,Delhi,India,18-09-2016,True
EMP140E,Jack,Thomas,29-03-1981,Female,Married,Bachelors,Edinburgh,Scotland,UK,21-12-2017,True
EMP141E,Priya,Patel,20-04-1986,Male,Single,PhD,Mumbai,Maharashtra,India,21-09-2019,True
EMP142E,John,Smith,03-06-1986,Male,Divorced,Diploma,Chicago,Illinois,US,17-07-2016,True
EMP143E,Patricia,Williams,11-01-1965,Female,Divorced,Bachelors,San Francisco,California,US,24-03-2025,True
EMP144E,Isla,Evans,29-08-1988,Female,Married,Masters,Birmingham,England,UK,23-04-2024,False
EMP145E,Mary,Smith,19-12-1994,Male,Married,Masters,Seattle,Washington,US,19-05-2026,False
EMP146E,Poppy,Davies,20-01-1971,Male,Married,Bachelors,Manchester,England,UK,22-02-2026,True
EMP147E,Poppy,Evans,10-05-1985,Male,Married,Bachelors,Birmingham,England,UK,03-12-2021,True
EMP148E,Oliver,Davies,21-02-2002,Male,Married,Bachelors,London,England,UK,26-02-2019,True
EMP149E,Kavita,Iyer,24-01-1994,Male,Single,Bachelors,Hyderabad,Telangana,India,03-07-2017,True
EMP150E,Isla,Williams,01-05-1970,Male,Single,Masters,Birmingham,England,UK,08-10-2025,False
EMP151E,Linda,Martinez,09-07-1990,Male,Married,Bachelors,Seattle,Washington,US,01-10-2016,False
EMP152E,Robert,Martinez,11-08-2001,Male,Single,Masters,Austin,Texas,US,02-11-2015,True
EMP153E,Isla,Thomas,13-07-1967,Male,Married,High School,Glasgow,Scotland,UK,24-05-2017,False
EMP154E,Robert,Jones,25-10-2003,Male,Single,Bachelors,New York,New York,US,20-06-2025,True
EMP155E,Linda,Garcia,30-08-1998,Female,Married,Bachelors,New York,New York,US,03-10-2015,False
EMP156E,Isla,Brown,12-07-1989,Female,Married,Bachelors,Glasgow,Scotland,UK,11-02-2025,True
EMP157E,Rakesh,Singh,12-08-1973,Female,Single,Masters,Bangalore,Karnataka,India,15-12-2018,True
EMP158E,Sneha,Mishra,16-05-1998,Male,Divorced,Masters,Mumbai,Maharashtra,India,15-02-2018,False
EMP159E,Priya,Singh,20-05-1985,Female,Married,Masters,Bangalore,Karnataka,India,18-11-2024,True
EMP160E,Amelia,Williams,23-08-2001,Female,Married,Bachelors,Manchester,England,UK,24-04-2022,True
EMP161E,Vikram,Bose,06-03-1980,Male,Single,Masters,Mumbai,Maharashtra,India,24-04-2023,True
EMP162E,John,Brown,08-06-1998,Male,Single,Masters,Chicago,Illinois,US,25-09-2020,False
EMP163E,Michael,Johnson,19-09-1998,Female,Divorced,Masters,Chicago,Illinois,US,15-11-2024,True
EMP164E,Barbara,Williams,09-02-1992,Female,Married,Bachelors,New York,New York,US,28-07-2024,True
EMP165E,Neha,Das,04-09-1998,Female,Divorced,Bachelors,Chennai,Tamil Nadu,India,24-11-2015,True
EMP166E,Vikram,Kumari,25-05-1990,Female,Single,Diploma,Mumbai,Maharashtra,India,11-07-2023,False
EMP167E,Charlie,Evans,03-04-1998,Female,Single,Bachelors,Birmingham,England,UK,20-09-2020,True
EMP168E,Oliver,Roberts,25-07-1981,Female,Divorced,Bachelors,Edinburgh,Scotland,UK,24-06-2026,True
EMP169E,Vikram,Verma,18-08-1999,Female,Single,Bachelors,New Delhi,Delhi,India,20-01-2025,True
EMP170E,John,Martinez,27-08-1979,Female,Married,Bachelors,New York,New York,US,11-10-2019,True
EMP171E,David,Rodriguez,03-08-1986,Male,Married,Bachelors,Austin,Texas,US,28-02-2025,False
EMP172E,George,Evans,02-10-2004,Female,Single,Diploma,Glasgow,Scotland,UK,24-01-2024,True
EMP173E,Jack,Williams,03-09-1972,Male,Married,Diploma,Birmingham,England,UK,26-10-2025,True
EMP174E,Sanjay,Nayak,05-02-1990,Female,Single,Diploma,Chennai,Tamil Nadu,India,26-08-2023,True
EMP175E,Rakesh,Nayak,26-12-1978,Female,Single,PhD,Mumbai,Maharashtra,India,10-06-2023,True
EMP176E,Isla,Williams,20-09-1979,Male,Single,Masters,Glasgow,Scotland,UK,04-08-2016,True
EMP177E,Priya,Iyer,06-05-2002,Male,Married,Masters,Chennai,Tamil Nadu,India,23-11-2015,True
EMP178E,Isla,Jones,07-07-1991,Male,Married,Bachelors,Glasgow,Scotland,UK,10-04-2017,True
EMP179E,Jack,Thomas,06-05-1992,Male,Married,Bachelors,Manchester,England,UK,02-05-2024,True
EMP180E,Rahul,Kumari,29-11-1995,Female,Single,Bachelors,Mumbai,Maharashtra,India,04-12-2024,True
EMP181E,Sneha,Reddy,16-08-1988,Female,Married,Masters,Hyderabad,Telangana,India,07-08-2016,True
EMP182E,Amit,Kumar,10-12-1970,Male,Single,Bachelors,Mumbai,Maharashtra,India,01-04-2017,True
EMP183E,Rakesh,Bose,02-05-2002,Male,Married,Masters,Mumbai,Maharashtra,India,23-02-2017,True
EMP184E,Sanjay,Singh,20-02-1982,Female,Married,Bachelors,Chennai,Tamil Nadu,India,09-01-2021,True
EMP185E,Mary,Smith,19-01-1973,Male,Married,Bachelors,New York,New York,US,02-11-2021,True
EMP186E,Olivia,Davies,18-07-1971,Male,Single,Masters,Manchester,England,UK,15-05-2026,True
EMP187E,Rakesh,Chauhan,14-08-1966,Male,Married,Masters,Bangalore,Karnataka,India,05-09-2020,True
EMP188E,Kiran,Iyer,06-04-1967,Female,Married,Masters,Mumbai,Maharashtra,India,21-04-2022,True
EMP189E,Amelia,Jones,30-12-1975,Female,Single,Diploma,Manchester,England,UK,06-03-2018,True
EMP190E,David,Garcia,08-12-1971,Male,Married,Masters,Austin,Texas,US,01-03-2026,True
EMP191E,Charlie,Williams,23-04-2002,Female,Single,Bachelors,London,England,UK,17-05-2017,True
EMP192E,Priya,Gupta,01-06-2002,Female,Married,Bachelors,Hyderabad,Telangana,India,11-03-2026,True
EMP193E,Poppy,Wilson,21-12-1981,Male,Married,Masters,Edinburgh,Scotland,UK,27-01-2025,True
EMP194E,Poppy,Wilson,14-08-1983,Female,Married,Bachelors,Birmingham,England,UK,07-12-2015,True
EMP195E,Jennifer,Rodriguez,18-04-1970,Male,Married,Masters,Austin,Texas,US,17-02-2024,True
EMP196E,Mary,Garcia,30-10-1972,Female,Married,Diploma,San Francisco,California,US,02-10-2018,True
EMP197E,Anjali,Kumar,30-09-1970,Female,Married,Masters,Hyderabad,Telangana,India,09-03-2022,True
EMP198E,Michael,Jones,20-12-1971,Male,Married,Bachelors,Austin,Texas,US,25-04-2016,True
EMP199E,Jennifer,Martinez,25-08-1974,Male,Divorced,Bachelors,Austin,Texas,US,07-07-2019,True
EMP200E,Barbara,Brown,24-09-1999,Female,Married,Masters,San Francisco,California,US,11-09-2023,False
EMP201E,Amelia,Davies,30-07-1992,Male,Single,Bachelors,Glasgow,Scotland,UK,13-02-2015,True
EMP202E,Isla,Wilson,15-06-1969,Female,Married,Diploma,London,England,UK,13-03-2023,False
EMP203E,Sneha,Iyer,02-12-1975,Female,Single,Diploma,Chennai,Tamil Nadu,India,14-07-2023,True
EMP204E,William,Davis,03-12-1991,Female,Married,Bachelors,Chicago,Illinois,US,16-11-2015,True
EMP205E,Linda,Martinez,15-10-1967,Male,Married,Masters,San Francisco,California,US,25-04-2023,True
EMP206E,Patricia,Smith,21-05-1995,Female,Single,Bachelors,New York,New York,US,21-04-2025,True
EMP207E,Neha,Reddy,26-09-2003,Male,Divorced,Masters,Hyderabad,Telangana,India,11-03-2015,True
EMP208E,Michael,Brown,05-04-1975,Female,Divorced,Bachelors,New York,New York,US,09-12-2021,True
EMP209E,John,Miller,03-12-2000,Female,Married,Masters,Austin,Texas,US,14-12-2019,True
EMP210E,Patricia,Rodriguez,31-07-1997,Female,Divorced,Masters,San Francisco,California,US,06-04-2024,True
EMP211E,William,Jones,28-01-1980,Male,Married,Masters,Chicago,Illinois,US,09-07-2020,True
EMP212E,John,Jones,15-01-1996,Female,Single,Masters,Austin,Texas,US,02-01-2019,True
EMP213E,John,Johnson,21-02-1999,Female,Married,Bachelors,New York,New York,US,12-07-2017,True
EMP214E,Jennifer,Brown,30-09-1970,Female,Married,Masters,Seattle,Washington,US,08-10-2022,True
EMP215E,Pooja,Bose,12-02-1998,Female,Divorced,Bachelors,New Delhi,Delhi,India,10-03-2015,True
EMP216E,Harry,Evans,15-10-1974,Male,Single,Bachelors,Edinburgh,Scotland,UK,11-03-2025,True
EMP217E,Jennifer,Rodriguez,01-04-1970,Male,Married,Diploma,Chicago,Illinois,US,04-10-2017,True
EMP218E,Kavita,Sharma,08-05-1993,Male,Single,Diploma,New Delhi,Delhi,India,23-03-2024,True
EMP219E,Elizabeth,Jones,27-01-1968,Male,Single,Masters,Austin,Texas,US,10-02-2026,True
EMP220E,Jack,Evans,07-08-1999,Male,Single,Bachelors,Glasgow,Scotland,UK,07-04-2016,True
EMP221E,Patricia,Martinez,23-04-1984,Male,Married,High School,Chicago,Illinois,US,20-06-2019,False
EMP222E,Poppy,Williams,07-03-1986,Female,Single,Bachelors,Glasgow,Scotland,UK,01-09-2025,True
EMP223E,David,Davis,21-03-1982,Female,Married,Diploma,San Francisco,California,US,10-11-2024,True
EMP224E,Harry,Roberts,10-11-1983,Female,Married,Bachelors,Birmingham,England,UK,14-08-2026,True
EMP225E,Anjali,Das,12-04-1966,Male,Single,Masters,Mumbai,Maharashtra,India,23-07-2023,True
EMP226E,Arjun,Kumari,11-05-1975,Female,Married,Bachelors,Hyderabad,Telangana,India,04-07-2020,True
EMP227E,Priya,Bose,11-10-1967,Female,Married,Bachelors,Mumbai,Maharashtra,India,10-12-2022,True
EMP228E,Emily,Thomas,24-10-1978,Male,Single,Bachelors,London,England,UK,19-06-2026,False
EMP229E,Jennifer,Davis,12-11-2001,Female,Married,Bachelors,Chicago,Illinois,US,11-07-2021,False
EMP230E,Vikram,Sharma,31-10-1973,Male,Single,Masters,Bangalore,Karnataka,India,25-03-2023,True
EMP231E,Barbara,Rodriguez,12-11-2003,Female,Single,Masters,Chicago,Illinois,US,01-04-2016,True
EMP232E,Michael,Miller,19-02-1984,Male,Divorced,Bachelors,New York,New York,US,04-01-2023,True
EMP233E,Olivia,Evans,31-10-2003,Male,Married,Bachelors,Birmingham,England,UK,18-01-2018,True
EMP234E,Kavita,Verma,07-11-2002,Male,Single,Masters,Mumbai,Maharashtra,India,21-05-2019,True
EMP235E,James,Smith,20-05-1982,Male,Married,Bachelors,New York,New York,US,26-06-2018,True
EMP236E,Jack,Clark,11-03-2001,Male,Married,Masters,Manchester,England,UK,27-10-2016,True
EMP237E,Emily,Thomas,16-07-1988,Male,Married,Bachelors,Glasgow,Scotland,UK,28-02-2017,True
EMP238E,Barbara,Smith,01-05-1979,Male,Single,Diploma,New York,New York,US,30-08-2026,True
EMP239E,George,Evans,13-02-1980,Male,Married,Bachelors,Manchester,England,UK,08-10-2018,False
EMP240E,Pooja,Das,05-03-1971,Female,Married,Bachelors,Chennai,Tamil Nadu,India,30-06-2021,True
EMP241E,Anjali,Chauhan,23-10-1967,Male,Married,Masters,New Delhi,Delhi,India,16-07-2020,True
EMP242E,Michael,Miller,11-01-1986,Male,Married,Bachelors,Austin,Texas,US,07-08-2023,True
EMP243E,Jack,Wilson,20-01-1966,Male,Single,Bachelors,Manchester,England,UK,19-05-2019,True
EMP244E,Isla,Davies,01-06-1998,Female,Married,Bachelors,Glasgow,Scotland,UK,30-04-2026,True
EMP245E,Jacob,Roberts,07-01-1990,Male,Single,Diploma,Manchester,England,UK,23-07-2026,True
EMP246E,Jennifer,Rodriguez,05-10-1980,Male,Single,Diploma,Seattle,Washington,US,26-07-2025,False
EMP247E,Pooja,Verma,04-10-1983,Female,Married,Bachelors,Hyderabad,Telangana,India,17-03-2016,True
EMP248E,Robert,Jones,22-05-1998,Male,Married,Bachelors,Chicago,Illinois,US,02-10-2016,True
EMP249E,Charlie,Brown,27-01-1971,Female,Married,Bachelors,Birmingham,England,UK,28-07-2015,True
EMP250E,John,Smith,11-11-1981,Female,Married,Bachelors,Chicago,Illinois,US,08-02-2016,True
EMP251E,Robert,Johnson,07-03-1999,Male,Married,PhD,New York,New York,US,21-07-2019,True
EMP252E,Kiran,Kumari,18-11-1998,Male,Married,Masters,Bangalore,Karnataka,India,16-10-2015,True
EMP253E,Patricia,Williams,17-08-1977,Female,Married,Diploma,New York,New York,US,15-10-2016,True
EMP254E,Jacob,Thomas,07-09-1980,Female,Married,Masters,Glasgow,Scotland,UK,22-06-2025,False
EMP255E,Barbara,Martinez,27-12-1991,Female,Married,Bachelors,Chicago,Illinois,US,21-03-2017,True
EMP256E,Oliver,Wilson,05-03-1989,Male,Divorced,Masters,Glasgow,Scotland,UK,20-01-2020,True
EMP257E,Emily,Wilson,14-04-1982,Female,Single,Bachelors,Edinburgh,Scotland,UK,07-10-2021,True
EMP258E,Kiran,Patel,14-11-1984,Female,Single,Diploma,Bangalore,Karnataka,India,07-02-2017,True
EMP259E,Pooja,Patel,13-04-1993,Female,Married,Diploma,Bangalore,Karnataka,India,19-05-2023,True
EMP260E,Arjun,Verma,11-01-1984,Female,Single,Diploma,Chennai,Tamil Nadu,India,19-09-2025,True
EMP261E,Isla,Wilson,22-04-1993,Female,Married,Diploma,Edinburgh,Scotland,UK,01-06-2018,True
EMP262E,Barbara,Brown,06-09-1995,Female,Married,Masters,New York,New York,US,05-06-2019,True
EMP263E,Poppy,Evans,12-05-1999,Female,Married,High School,Manchester,England,UK,31-12-2018,True
EMP264E,Anjali,Kumari,22-02-1983,Female,Single,Bachelors,Bangalore,Karnataka,India,01-05-2017,True
EMP265E,Barbara,Brown,11-02-1978,Female,Single,Bachelors,San Francisco,California,US,03-08-2019,True
EMP266E,Michael,Williams,16-10-1993,Male,Single,Masters,New York,New York,US,09-07-2025,True
EMP267E,John,Davis,23-05-1999,Female,Divorced,Masters,Austin,Texas,US,24-10-2016,False
EMP268E,David,Martinez,19-09-1994,Female,Married,Masters,Chicago,Illinois,US,18-10-2016,True
EMP269E,Olivia,Evans,21-09-1986,Male,Divorced,Bachelors,London,England,UK,18-10-2023,True
EMP270E,Emily,Wilson,09-09-1981,Female,Married,Masters,Glasgow,Scotland,UK,27-08-2018,True
EMP271E,Mary,Williams,12-09-2003,Female,Married,High School,New York,New York,US,08-12-2016,True
EMP272E,Kavita,Kumar,06-11-1984,Female,Divorced,High School,Chennai,Tamil Nadu,India,10-08-2018,True
EMP273E,Pooja,Bose,17-02-2000,Female,Married,PhD,Chennai,Tamil Nadu,India,25-03-2026,True
EMP274E,Jacob,Clark,11-03-1977,Male,Married,High School,London,England,UK,26-10-2021,True
EMP275E,Poppy,Williams,15-04-1974,Female,Single,PhD,Manchester,England,UK,12-01-2024,True
EMP276E,Isla,Roberts,14-08-1974,Male,Married,Bachelors,Birmingham,England,UK,08-05-2022,False
EMP277E,Robert,Brown,28-08-1985,Female,Single,Diploma,New York,New York,US,28-12-2019,True
EMP278E,Vikram,Singh,09-08-2002,Female,Single,Masters,New Delhi,Delhi,India,18-05-2023,True
EMP279E,Isla,Brown,12-07-1971,Female,Married,Bachelors,London,England,UK,19-05-2018,True
EMP280E,Arjun,Nayak,11-06-1976,Female,Married,Masters,Chennai,Tamil Nadu,India,17-10-2025,True
EMP281E,Charlie,Wilson,03-08-2002,Female,Married,Bachelors,Birmingham,England,UK,24-04-2025,True
EMP282E,Charlie,Brown,26-09-2001,Female,Married,Bachelors,Glasgow,Scotland,UK,06-07-2020,True
EMP283E,Olivia,Roberts,20-01-2004,Female,Divorced,Diploma,Glasgow,Scotland,UK,01-10-2022,True
EMP284E,Jennifer,Williams,02-01-1987,Male,Married,Bachelors,San Francisco,California,US,17-06-2022,True
EMP285E,Ravi,Bose,10-10-1991,Female,Single,Bachelors,Chennai,Tamil Nadu,India,15-06-2023,False
EMP286E,Kiran,Verma,13-04-1997,Male,Married,Bachelors,Bangalore,Karnataka,India,16-04-2016,True
EMP287E,Arjun,Das,23-02-1989,Female,Divorced,Masters,Mumbai,Maharashtra,India,24-01-2024,True
EMP288E,Sanjay,Bose,06-11-1990,Female,Single,Bachelors,Hyderabad,Telangana,India,07-07-2016,True
EMP289E,Poppy,Brown,29-12-1994,Female,Single,Bachelors,Manchester,England,UK,09-02-2023,True
EMP290E,Mary,Smith,06-05-1987,Male,Single,Diploma,San Francisco,California,US,25-05-2018,True
EMP291E,Jacob,Clark,18-12-1965,Female,Single,Bachelors,London,England,UK,29-10-2023,True
EMP292E,John,Jones,13-08-1971,Female,Married,Bachelors,Chicago,Illinois,US,29-07-2019,True
EMP293E,Amit,Kumar,01-03-2004,Male,Single,Bachelors,Bangalore,Karnataka,India,31-01-2020,True
EMP294E,Emily,Wilson,29-08-1979,Male,Married,Bachelors,Edinburgh,Scotland,UK,02-01-2021,True
EMP295E,William,Davis,27-08-2000,Female,Single,Bachelors,San Francisco,California,US,09-12-2025,True
EMP296E,Elizabeth,Martinez,16-09-1971,Male,Single,Bachelors,Chicago,Illinois,US,18-05-2016,True
EMP297E,Barbara,Johnson,02-07-1965,Male,Married,Bachelors,Austin,Texas,US,25-04-2020,True
EMP298E,Rakesh,Mishra,30-11-1975,Male,Married,Diploma,Hyderabad,Telangana,India,20-07-2025,True
EMP299E,Patricia,Rodriguez,27-02-1968,Male,Married,Masters,Chicago,Illinois,US,16-08-2017,False
EMP300E,Jennifer,Smith,01-06-1981,Female,Divorced,Bachelors,New York,New York,US,11-01-2024,False
EMP301E,Charlie,Williams,08-07-1974,Male,Single,Bachelors,Manchester,England,UK,29-09-2020,True
EMP302E,Poppy,Davies,23-01-1985,Female,Married,Bachelors,Birmingham,England,UK,02-04-2019,True
EMP303E,Pooja,Gupta,31-08-1980,Female,Married,Masters,Mumbai,Maharashtra,India,24-09-2024,True
EMP304E,Rakesh,Singh,11-04-1988,Female,Single,Masters,Bangalore,Karnataka,India,06-07-2017,True
EMP305E,Charlie,Taylor,19-12-1991,Male,Married,Diploma,London,England,UK,12-04-2019,True
EMP306E,Jennifer,Williams,07-11-1990,Male,Single,Bachelors,Seattle,Washington,US,26-08-2026,True
EMP307E,Jacob,Jones,10-10-2003,Male,Married,Bachelors,Birmingham,England,UK,04-09-2016,True
EMP308E,Ravi,Das,12-09-1988,Female,Single,Bachelors,Bangalore,Karnataka,India,13-03-2016,True
EMP309E,George,Roberts,26-03-2002,Female,Single,Bachelors,Birmingham,England,UK,07-05-2015,True
EMP310E,Ravi,Chauhan,08-07-1985,Female,Married,High School,Bangalore,Karnataka,India,26-02-2016,True
EMP311E,Michael,Williams,21-03-1991,Female,Single,Bachelors,San Francisco,California,US,23-01-2016,False
EMP312E,Sneha,Kumari,10-03-1993,Female,Married,Bachelors,Mumbai,Maharashtra,India,17-12-2019,True
EMP313E,Rakesh,Mishra,19-11-1993,Female,Married,Bachelors,New Delhi,Delhi,India,29-10-2022,False
EMP314E,William,Martinez,16-02-1975,Female,Single,Bachelors,San Francisco,California,US,29-07-2020,True
EMP315E,Oliver,Brown,27-10-1965,Male,Single,Bachelors,Birmingham,England,UK,08-11-2016,True
EMP316E,Linda,Johnson,09-07-1969,Male,Married,Bachelors,Austin,Texas,US,19-08-2020,True
EMP317E,Vikram,Reddy,09-10-1989,Male,Married,Masters,Hyderabad,Telangana,India,05-04-2020,False
EMP318E,Amit,Bose,18-03-1976,Female,Married,Masters,Chennai,Tamil Nadu,India,11-03-2017,False
EMP319E,Pooja,Verma,08-11-1976,Male,Married,Bachelors,Hyderabad,Telangana,India,26-05-2019,True
EMP320E,William,Miller,05-02-1997,Female,Divorced,Bachelors,Chicago,Illinois,US,26-06-2022,True
EMP321E,Barbara,Brown,21-05-1967,Male,Married,Bachelors,Seattle,Washington,US,07-05-2022,False
EMP322E,Emily,Evans,16-12-1996,Female,Married,Masters,Edinburgh,Scotland,UK,09-02-2016,True
EMP323E,Anjali,Verma,28-02-1977,Female,Married,Masters,Chennai,Tamil Nadu,India,18-10-2022,False
EMP324E,Poppy,Evans,30-03-1983,Female,Married,Diploma,Birmingham,England,UK,09-03-2025,False
EMP325E,Michael,Miller,17-07-1975,Female,Single,Masters,Seattle,Washington,US,07-07-2021,True
EMP326E,Michael,Miller,19-09-1999,Male,Single,Masters,Austin,Texas,US,09-01-2016,True
EMP327E,Rakesh,Singh,23-11-1978,Male,Married,Bachelors,Bangalore,Karnataka,India,20-07-2023,True
EMP328E,Michael,Williams,07-09-1967,Female,Married,Bachelors,Seattle,Washington,US,22-01-2024,True
EMP329E,Amelia,Taylor,06-12-1984,Male,Single,Bachelors,Manchester,England,UK,02-06-2019,True
EMP330E,Patricia,Jones,02-11-1992,Male,Married,Bachelors,Austin,Texas,US,18-04-2019,True
EMP331E,Thomas,Wilson,12-06-1988,Female,Married,Diploma,Glasgow,Scotland,UK,25-10-2018,True
EMP332E,Thomas,Evans,29-03-1966,Female,Single,Bachelors,Edinburgh,Scotland,UK,04-05-2015,True
EMP333E,Charlie,Wilson,25-08-1990,Male,Single,Bachelors,London,England,UK,15-10-2022,True
EMP334E,Sanjay,Verma,10-03-1979,Female,Single,Diploma,New Delhi,Delhi,India,17-05-2022,True
EMP335E,Harry,Davies,18-07-1989,Female,Single,PhD,London,England,UK,25-11-2017,True
EMP336E,Kavita,Kumar,07-08-1979,Male,Divorced,Bachelors,Mumbai,Maharashtra,India,25-08-2020,True
EMP337E,John,Smith,14-03-1995,Male,Single,Masters,New York,New York,US,20-07-2023,True
EMP338E,Sneha,Kumar,21-06-1997,Male,Single,Diploma,Bangalore,Karnataka,India,28-08-2025,True
EMP339E,William,Johnson,01-08-1969,Female,Divorced,Diploma,New York,New York,US,03-12-2025,True
EMP340E,Amelia,Taylor,19-06-2003,Male,Single,High School,Birmingham,England,UK,01-05-2022,True
EMP341E,John,Martinez,16-07-1976,Male,Married,Bachelors,Chicago,Illinois,US,30-09-2016,True
EMP342E,Vikram,Mishra,03-04-1994,Male,Married,Bachelors,Chennai,Tamil Nadu,India,20-02-2018,False
EMP343E,James,Jones,23-04-1965,Female,Married,Bachelors,Chicago,Illinois,US,16-08-2020,True
EMP344E,Thomas,Taylor,20-06-1974,Male,Single,Bachelors,Glasgow,Scotland,UK,23-06-2026,True
EMP345E,Patricia,Williams,22-02-1984,Female,Single,Masters,Chicago,Illinois,US,24-09-2018,True
EMP346E,Kiran,Reddy,31-12-1980,Male,Single,Diploma,Hyderabad,Telangana,India,12-06-2022,True
EMP347E,David,Garcia,09-04-1990,Female,Married,Masters,Austin,Texas,US,05-03-2016,False
EMP348E,Mary,Brown,17-12-2001,Male,Married,Bachelors,Austin,Texas,US,21-08-2021,True
EMP349E,Thomas,Thomas,16-05-1994,Male,Single,Masters,Manchester,England,UK,22-09-2020,True
EMP350E,Mary,Johnson,21-03-1967,Male,Married,Masters,Seattle,Washington,US,28-06-2019,True
EMP351E,Vikram,Kumari,10-05-1988,Female,Single,Masters,Mumbai,Maharashtra,India,07-11-2017,True
EMP352E,Poppy,Brown,25-12-1971,Female,Single,Bachelors,Glasgow,Scotland,UK,28-09-2021,True
EMP353E,Jennifer,Williams,01-08-1969,Male,Married,Masters,Seattle,Washington,US,26-12-2024,True
EMP354E,Charlie,Clark,30-12-1983,Female,Married,Diploma,Birmingham,England,UK,12-07-2019,True
EMP355E,Sanjay,Kumari,06-02-1999,Female,Single,Bachelors,Mumbai,Maharashtra,India,11-11-2017,True
EMP356E,Jacob,Williams,24-01-1980,Female,Married,Masters,London,England,UK,11-06-2021,True
EMP357E,Robert,Martinez,15-09-1970,Female,Single,Masters,Seattle,Washington,US,13-07-2024,True
EMP358E,Amit,Bose,16-11-1967,Female,Single,Bachelors,Bangalore,Karnataka,India,31-07-2020,True
EMP359E,Michael,Miller,21-01-1981,Female,Married,Bachelors,New York,New York,US,27-05-2018,True
EMP360E,Amit,Gupta,06-12-2004,Male,Married,Bachelors,Mumbai,Maharashtra,India,15-11-2015,True
EMP361E,Jennifer,Johnson,17-11-1971,Female,Divorced,Diploma,San Francisco,California,US,13-05-2024,True
EMP362E,Kiran,Nayak,05-11-1976,Female,Single,Bachelors,Hyderabad,Telangana,India,26-12-2017,True
EMP363E,David,Smith,30-08-2003,Female,Married,Bachelors,Austin,Texas,US,18-10-2017,True
EMP364E,Anjali,Mishra,18-12-1983,Female,Single,Masters,Mumbai,Maharashtra,India,01-12-2022,True
EMP365E,Charlie,Wilson,28-10-1966,Male,Single,Bachelors,Manchester,England,UK,20-12-2022,True
EMP366E,Poppy,Brown,25-12-1973,Male,Single,Bachelors,London,England,UK,27-08-2022,True
EMP367E,Neha,Gupta,03-06-2004,Male,Single,Bachelors,Hyderabad,Telangana,India,17-08-2018,False
EMP368E,Poppy,Brown,26-09-1981,Male,Married,Bachelors,London,England,UK,31-05-2026,True
EMP369E,Elizabeth,Miller,26-02-1993,Female,Married,Masters,Seattle,Washington,US,05-06-2017,False
EMP370E,Isla,Davies,14-09-1994,Male,Single,Bachelors,Edinburgh,Scotland,UK,20-11-2018,True
EMP371E,Jennifer,Johnson,29-04-1985,Male,Single,Bachelors,Chicago,Illinois,US,28-08-2026,False
EMP372E,James,Williams,24-10-2004,Female,Married,Masters,Seattle,Washington,US,28-02-2024,True
EMP373E,Patricia,Johnson,19-02-1996,Female,Single,Masters,New York,New York,US,16-08-2018,True
EMP374E,Manish,Iyer,14-09-1995,Female,Married,Diploma,Chennai,Tamil Nadu,India,09-05-2025,True
EMP375E,Jennifer,Davis,28-08-1999,Male,Married,Bachelors,Chicago,Illinois,US,06-01-2016,False
EMP376E,Arjun,Reddy,03-12-2003,Female,Single,Masters,Chennai,Tamil Nadu,India,04-08-2023,False
EMP377E,Rahul,Verma,21-09-1996,Female,Single,Diploma,Chennai,Tamil Nadu,India,24-06-2022,True
EMP378E,Anjali,Bose,25-02-2004,Male,Single,Masters,Chennai,Tamil Nadu,India,31-12-2015,True
EMP379E,Barbara,Johnson,04-11-1994,Male,Married,Masters,Austin,Texas,US,13-01-2023,True
EMP380E,David,Jones,12-03-1973,Male,Married,Bachelors,San Francisco,California,US,01-12-2019,True
EMP381E,Sneha,Iyer,22-06-1997,Female,Single,Bachelors,New Delhi,Delhi,India,31-12-2018,True
EMP382E,James,Rodriguez,06-03-1995,Male,Divorced,Masters,New York,New York,US,08-05-2021,True
EMP383E,Olivia,Roberts,08-12-1972,Male,Married,Bachelors,Birmingham,England,UK,21-02-2025,True
EMP384E,George,Williams,17-12-1999,Male,Married,Bachelors,Manchester,England,UK,14-08-2023,False
EMP385E,Amit,Bose,22-07-1969,Female,Married,Diploma,Hyderabad,Telangana,India,06-10-2024,False
EMP386E,David,Brown,25-09-1975,Female,Married,High School,San Francisco,California,US,12-11-2024,False
EMP387E,James,Jones,25-06-1999,Female,Single,Diploma,San Francisco,California,US,25-09-2025,True
EMP388E,Amit,Reddy,20-12-2003,Male,Single,Bachelors,Mumbai,Maharashtra,India,02-03-2020,True
EMP389E,Robert,Davis,03-07-1969,Female,Single,Bachelors,Austin,Texas,US,13-04-2019,True
EMP390E,Ravi,Verma,04-07-1981,Female,Married,High School,Chennai,Tamil Nadu,India,17-07-2018,True
EMP391E,Oliver,Brown,17-10-1973,Female,Married,Diploma,Birmingham,England,UK,14-07-2020,True
EMP392E,Robert,Miller,30-03-1973,Male,Single,Masters,San Francisco,California,US,14-11-2016,True
EMP393E,Jack,Davies,27-06-1990,Male,Married,Bachelors,Glasgow,Scotland,UK,12-03-2019,True
EMP394E,Jennifer,Davis,09-05-1970,Female,Single,Masters,Chicago,Illinois,US,19-05-2020,True
EMP395E,James,Miller,02-11-1966,Male,Single,PhD,Austin,Texas,US,22-03-2018,True
EMP396E,Jack,Jones,16-06-1993,Male,Divorced,Masters,Edinburgh,Scotland,UK,30-04-2015,True
EMP397E,George,Davies,19-07-1983,Female,Single,Masters,London,England,UK,07-10-2022,True
EMP398E,George,Williams,05-10-1983,Female,Married,Bachelors,Edinburgh,Scotland,UK,10-01-2022,True
EMP399E,Jacob,Wilson,20-03-1965,Male,Married,Bachelors,Edinburgh,Scotland,UK,01-09-2023,True
EMP400E,Neha,Bose,16-09-1983,Female,Single,Bachelors,Chennai,Tamil Nadu,India,14-02-2017,True
EMP401E,Manish,Mishra,17-12-1997,Female,Single,PhD,Chennai,Tamil Nadu,India,09-02-2017,True
EMP402E,Barbara,Smith,29-09-2001,Female,Married,Bachelors,San Francisco,California,US,26-04-2022,True
EMP403E,Arjun,Kumar,16-05-1990,Female,Single,Masters,Chennai,Tamil Nadu,India,23-01-2024,True
EMP404E,Elizabeth,Williams,24-01-1967,Female,Married,High School,Seattle,Washington,US,18-07-2018,True
EMP405E,Oliver,Brown,13-09-2001,Male,Single,High School,London,England,UK,28-05-2021,True
EMP406E,Patricia,Smith,27-10-2001,Male,Married,Diploma,San Francisco,California,US,18-02-2023,True
EMP407E,Harry,Jones,06-01-1998,Male,Single,Bachelors,Edinburgh,Scotland,UK,20-04-2018,True
EMP408E,Charlie,Evans,24-01-1986,Male,Married,Masters,London,England,UK,09-09-2017,True
EMP409E,Harry,Thomas,12-01-1976,Female,Single,Bachelors,Glasgow,Scotland,UK,01-10-2023,True
EMP410E,John,Williams,03-09-1976,Female,Single,Bachelors,Seattle,Washington,US,26-02-2024,True
EMP411E,Kiran,Singh,17-11-2002,Female,Married,Bachelors,Bangalore,Karnataka,India,28-07-2023,True
EMP412E,Ravi,Gupta,09-05-1974,Male,Married,Bachelors,Hyderabad,Telangana,India,17-02-2016,True
EMP413E,Kiran,Reddy,21-05-1968,Female,Married,Bachelors,Bangalore,Karnataka,India,30-06-2021,True
EMP414E,Amit,Reddy,29-03-1980,Male,Married,Bachelors,New Delhi,Delhi,India,12-03-2025,True
EMP415E,Neha,Das,25-02-1994,Female,Married,Diploma,Chennai,Tamil Nadu,India,18-02-2015,True
EMP416E,Mary,Miller,23-04-1988,Female,Divorced,Diploma,Seattle,Washington,US,29-02-2024,True
EMP417E,Charlie,Wilson,09-01-1998,Female,Married,Masters,Manchester,England,UK,24-05-2020,True
EMP418E,Amit,Sharma,25-06-1970,Female,Single,Masters,Hyderabad,Telangana,India,24-07-2018,True
EMP419E,Jack,Roberts,03-11-2000,Male,Married,Masters,Birmingham,England,UK,05-09-2024,True
EMP420E,Barbara,Miller,20-10-1992,Male,Married,Diploma,Chicago,Illinois,US,27-09-2025,True
EMP421E,Kiran,Nayak,22-08-2002,Male,Married,Bachelors,Chennai,Tamil Nadu,India,04-08-2022,True
EMP422E,Rakesh,Kumari,18-08-1981,Male,Married,Bachelors,Mumbai,Maharashtra,India,12-08-2023,True
EMP423E,Olivia,Roberts,02-02-2003,Male,Married,Bachelors,Manchester,England,UK,08-03-2017,True
EMP424E,Anjali,Das,24-10-1982,Male,Married,Masters,Hyderabad,Telangana,India,31-07-2023,True
EMP425E,Emily,Davies,08-11-1988,Male,Single,Masters,Edinburgh,Scotland,UK,04-01-2017,True
EMP426E,Barbara,Smith,28-01-1965,Male,Single,Bachelors,Austin,Texas,US,14-04-2015,True
EMP427E,Pooja,Das,01-07-1978,Male,Single,Masters,Mumbai,Maharashtra,India,19-06-2026,True
EMP428E,Michael,Martinez,01-01-1991,Male,Married,Masters,Chicago,Illinois,US,16-04-2018,True
EMP429E,Isla,Wilson,31-08-1969,Female,Single,Diploma,Glasgow,Scotland,UK,14-07-2020,True
EMP430E,Oliver,Brown,14-05-1982,Male,Single,Masters,London,England,UK,22-09-2023,True
EMP431E,Thomas,Davies,04-06-1988,Female,Single,Bachelors,Edinburgh,Scotland,UK,14-01-2018,False
EMP432E,George,Roberts,31-05-1976,Female,Single,Bachelors,London,England,UK,27-10-2023,True
EMP433E,Rakesh,Verma,23-05-1983,Male,Married,Bachelors,Hyderabad,Telangana,India,02-11-2018,True
EMP434E,Sanjay,Bose,19-03-1978,Male,Married,Masters,Mumbai,Maharashtra,India,04-03-2015,True
EMP435E,Rahul,Bose,15-12-2001,Female,Single,Bachelors,Mumbai,Maharashtra,India,04-11-2024,True
EMP436E,Sanjay,Gupta,04-09-1998,Male,Married,Bachelors,New Delhi,Delhi,India,03-10-2022,True
EMP437E,Anjali,Mishra,02-04-1979,Female,Divorced,Bachelors,New Delhi,Delhi,India,24-12-2016,True
EMP438E,Jacob,Taylor,25-07-1985,Male,Divorced,Masters,Edinburgh,Scotland,UK,11-11-2023,True
EMP439E,Amit,Kumar,08-08-1973,Female,Married,Bachelors,Mumbai,Maharashtra,India,25-05-2015,True
EMP440E,Harry,Wilson,04-09-1980,Male,Married,Masters,Manchester,England,UK,09-08-2022,True
EMP441E,Pooja,Patel,04-05-1984,Male,Married,Masters,Chennai,Tamil Nadu,India,22-01-2016,True
EMP442E,Manish,Nayak,24-02-1965,Male,Married,Bachelors,Bangalore,Karnataka,India,19-05-2023,True
EMP443E,Emily,Clark,25-06-2001,Female,Single,Bachelors,Manchester,England,UK,23-04-2015,True
EMP444E,Charlie,Clark,03-01-1998,Male,Single,Bachelors,London,England,UK,26-10-2021,True
EMP445E,Isla,Jones,05-09-1985,Male,Single,Bachelors,Glasgow,Scotland,UK,15-04-2022,True
EMP446E,George,Clark,18-12-1976,Male,Single,Bachelors,Glasgow,Scotland,UK,31-07-2026,True
EMP447E,Mary,Miller,06-06-1985,Female,Single,Bachelors,San Francisco,California,US,25-12-2024,False
EMP448E,Charlie,Clark,23-09-1996,Female,Divorced,Bachelors,Birmingham,England,UK,18-08-2023,False
EMP449E,Kavita,Reddy,29-09-1998,Female,Single,High School,New Delhi,Delhi,India,06-02-2018,True
EMP450E,Isla,Evans,03-12-2001,Male,Married,PhD,Birmingham,England,UK,23-03-2022,True
EMP451E,Thomas,Roberts,20-07-1969,Male,Married,Diploma,Glasgow,Scotland,UK,29-11-2024,False
EMP452E,Jack,Roberts,19-07-1972,Male,Single,Bachelors,Edinburgh,Scotland,UK,30-10-2024,True
EMP453E,Charlie,Roberts,08-12-1978,Male,Single,Bachelors,Birmingham,England,UK,30-11-2018,False
EMP454E,William,Miller,01-10-1994,Male,Married,Bachelors,San Francisco,California,US,13-11-2024,True
EMP455E,Arjun,Reddy,25-05-1994,Female,Married,Bachelors,Chennai,Tamil Nadu,India,04-06-2020,True
EMP456E,Rakesh,Das,25-07-1969,Female,Married,Masters,Mumbai,Maharashtra,India,21-08-2021,True
EMP457E,Amit,Chauhan,16-12-2001,Female,Single,Bachelors,Hyderabad,Telangana,India,14-09-2016,True
EMP458E,James,Martinez,05-09-2002,Female,Married,PhD,Seattle,Washington,US,25-08-2017,True
EMP459E,Linda,Miller,28-02-1966,Female,Married,Masters,San Francisco,California,US,09-04-2016,True
EMP460E,Thomas,Evans,22-04-1968,Female,Married,Masters,Birmingham,England,UK,16-07-2015,True
EMP461E,David,Brown,11-12-1971,Male,Single,Diploma,New York,New York,US,24-01-2025,True
EMP462E,William,Martinez,22-05-1998,Male,Married,Masters,San Francisco,California,US,29-06-2015,True
EMP463E,Thomas,Jones,30-10-1997,Female,Married,Bachelors,Edinburgh,Scotland,UK,09-02-2015,True
EMP464E,Pooja,Reddy,26-02-1977,Female,Single,Bachelors,Hyderabad,Telangana,India,15-03-2023,True
EMP465E,Rakesh,Nayak,11-03-1990,Male,Married,Bachelors,New Delhi,Delhi,India,01-08-2021,True
EMP466E,David,Jones,12-09-1982,Female,Single,Masters,Chicago,Illinois,US,07-08-2022,True
EMP467E,Harry,Davies,06-01-2003,Female,Single,Bachelors,Manchester,England,UK,06-06-2020,True
EMP468E,Kavita,Gupta,15-10-1988,Female,Single,PhD,Hyderabad,Telangana,India,26-04-2022,True
EMP469E,Manish,Verma,18-11-1999,Male,Married,Masters,Chennai,Tamil Nadu,India,18-11-2025,False
EMP470E,Amit,Sharma,31-03-2004,Female,Married,Bachelors,Mumbai,Maharashtra,India,06-01-2019,False
EMP471E,Charlie,Wilson,14-05-1966,Female,Married,PhD,Edinburgh,Scotland,UK,02-12-2018,True
EMP472E,John,Williams,31-10-1988,Female,Married,Masters,New York,New York,US,11-09-2019,True
EMP473E,Patricia,Johnson,16-08-1970,Female,Married,Bachelors,San Francisco,California,US,28-07-2021,True
EMP474E,Olivia,Roberts,22-05-1983,Male,Married,Diploma,Edinburgh,Scotland,UK,04-06-2017,True
EMP475E,Anjali,Chauhan,21-07-2001,Female,Single,Masters,New Delhi,Delhi,India,20-04-2024,False
EMP476E,Vikram,Verma,16-11-1995,Female,Married,Bachelors,Mumbai,Maharashtra,India,24-11-2020,True
EMP477E,Kiran,Patel,21-08-2004,Female,Married,Diploma,Mumbai,Maharashtra,India,07-05-2020,True
EMP478E,George,Roberts,24-04-1967,Male,Married,PhD,London,England,UK,18-03-2018,True
EMP479E,Linda,Garcia,10-12-1993,Male,Single,Bachelors,Austin,Texas,US,06-01-2025,True
EMP480E,George,Brown,03-03-1976,Female,Married,Bachelors,Manchester,England,UK,28-05-2020,True
EMP481E,Jacob,Wilson,25-11-1987,Female,Married,Bachelors,Glasgow,Scotland,UK,18-08-2019,False
EMP482E,Mary,Brown,15-05-1992,Female,Single,Bachelors,Chicago,Illinois,US,22-03-2018,True
EMP483E,Thomas,Jones,19-12-1985,Male,Divorced,Masters,Glasgow,Scotland,UK,07-07-2023,True
EMP484E,Kiran,Mishra,10-11-1988,Female,Single,Bachelors,Hyderabad,Telangana,India,04-02-2024,True
EMP485E,Michael,Brown,01-10-1972,Female,Single,Bachelors,New York,New York,US,13-04-2021,True
EMP486E,Oliver,Clark,24-09-1998,Male,Single,Diploma,Glasgow,Scotland,UK,17-10-2016,True
EMP487E,Kavita,Reddy,26-07-1979,Female,Married,Masters,Chennai,Tamil Nadu,India,03-10-2016,True
EMP488E,Amelia,Williams,11-04-1985,Female,Married,Diploma,Manchester,England,UK,06-03-2015,False
EMP489E,Anjali,Kumari,08-11-1975,Female,Married,Bachelors,Bangalore,Karnataka,India,21-07-2018,True
EMP490E,Jacob,Brown,18-03-1977,Male,Single,Diploma,Manchester,England,UK,28-06-2025,True
EMP491E,Priya,Sharma,01-08-1986,Male,Single,Bachelors,Bangalore,Karnataka,India,10-10-2020,False
EMP492E,William,Williams,21-03-1971,Female,Single,Masters,New York,New York,US,24-03-2021,True
EMP493E,Charlie,Taylor,08-10-1973,Male,Married,High School,Manchester,England,UK,15-03-2023,True
EMP494E,George,Davies,17-08-1967,Female,Married,Bachelors,London,England,UK,26-05-2022,True
EMP495E,Thomas,Williams,11-01-1992,Female,Single,Bachelors,Birmingham,England,UK,15-09-2022,True
EMP496E,Sneha,Chauhan,22-01-1972,Female,Married,Bachelors,Hyderabad,Telangana,India,24-09-2019,True
EMP497E,Olivia,Brown,17-10-1996,Male,Married,Masters,Glasgow,Scotland,UK,02-08-2024,True
EMP498E,Pooja,Mishra,24-07-1995,Male,Married,Bachelors,New Delhi,Delhi,India,17-04-2026,True
EMP499E,Rakesh,Nayak,20-04-1965,Male,Single,Masters,Hyderabad,Telangana,India,20-06-2018,True
EMP500E,Kiran,Mishra,17-12-2004,Female,Married,Bachelors,Chennai,Tamil Nadu,India,16-12-2025,False
EMP501E,David,Martinez,31-08-2001,Female,Single,Masters,Austin,Texas,US,16-08-2017,True
EMP502E,Jack,Evans,28-11-2004,Male,Married,Masters,Edinburgh,Scotland,UK,28-03-2019,True
EMP503E,Isla,Jones,22-06-1967,Female,Single,Masters,London,England,UK,25-11-2015,True
EMP504E,Arjun,Bose,13-09-1988,Male,Single,Bachelors,Bangalore,Karnataka,India,08-08-2023,True
EMP505E,Mary,Smith,23-11-1985,Female,Married,Bachelors,New York,New York,US,18-07-2025,True
EMP506E,Anjali,Das,10-01-1998,Female,Married,Bachelors,Hyderabad,Telangana,India,27-12-2015,True
EMP507E,Amelia,Thomas,22-11-1965,Male,Married,Bachelors,Edinburgh,Scotland,UK,06-02-2019,True
EMP508E,Sanjay,Verma,09-10-1985,Male,Divorced,Masters,New Delhi,Delhi,India,01-11-2023,True
EMP509E,John,Jones,13-06-1978,Female,Married,Bachelors,New York,New York,US,07-10-2020,True
EMP510E,David,Jones,12-10-1965,Male,Divorced,Masters,Chicago,Illinois,US,27-03-2021,True
EMP511E,George,Brown,19-05-1969,Male,Married,Bachelors,Edinburgh,Scotland,UK,17-04-2019,True
EMP512E,Pooja,Nayak,18-05-1972,Male,Married,Bachelors,Bangalore,Karnataka,India,01-01-2020,True
EMP513E,Manish,Patel,22-07-1981,Female,Married,Bachelors,Mumbai,Maharashtra,India,05-09-2022,True
EMP514E,Mary,Smith,02-07-1970,Female,Single,Masters,New York,New York,US,05-06-2015,False
EMP515E,Elizabeth,Brown,28-10-1968,Female,Single,Bachelors,Seattle,Washington,US,16-08-2019,True
EMP516E,Charlie,Wilson,30-04-1995,Male,Married,Bachelors,Manchester,England,UK,06-03-2022,True
EMP517E,Linda,Garcia,13-03-1999,Male,Married,Bachelors,Chicago,Illinois,US,18-03-2017,True
EMP518E,Neha,Kumari,05-05-1979,Male,Single,Bachelors,Chennai,Tamil Nadu,India,27-02-2021,False
EMP519E,George,Brown,09-12-1972,Male,Single,Bachelors,Glasgow,Scotland,UK,09-09-2021,False
EMP520E,Jennifer,Davis,22-09-2002,Female,Married,Diploma,New York,New York,US,16-07-2025,True
EMP521E,Jennifer,Brown,21-03-1986,Male,Single,High School,Chicago,Illinois,US,05-10-2022,True
EMP522E,Kiran,Singh,28-12-1965,Female,Single,Bachelors,Bangalore,Karnataka,India,29-06-2025,True
EMP523E,James,Martinez,23-01-1998,Male,Married,Diploma,Austin,Texas,US,14-01-2024,True
EMP524E,Sanjay,Kumari,14-04-2001,Male,Single,Bachelors,Hyderabad,Telangana,India,10-04-2026,True
EMP525E,Pooja,Iyer,19-07-1991,Female,Divorced,Diploma,Hyderabad,Telangana,India,13-07-2017,True
EMP526E,Olivia,Taylor,25-03-1979,Female,Married,PhD,Edinburgh,Scotland,UK,08-11-2023,True
EMP527E,David,Williams,23-05-1980,Male,Single,Bachelors,San Francisco,California,US,01-05-2024,True
EMP528E,William,Smith,01-01-1978,Male,Married,Masters,Seattle,Washington,US,05-04-2023,True
EMP529E,Emily,Evans,04-05-1972,Female,Married,Masters,Manchester,England,UK,20-05-2020,True
EMP530E,William,Brown,08-07-1987,Male,Divorced,Diploma,Austin,Texas,US,20-02-2026,True
EMP531E,Isla,Taylor,30-10-1972,Male,Divorced,Bachelors,Edinburgh,Scotland,UK,07-02-2017,True
EMP532E,Vikram,Das,09-02-1993,Male,Married,Bachelors,Hyderabad,Telangana,India,01-03-2022,True
EMP533E,Amit,Chauhan,25-08-1967,Male,Married,Bachelors,Mumbai,Maharashtra,India,06-05-2015,True
EMP534E,Poppy,Jones,30-07-1999,Male,Single,Masters,Birmingham,England,UK,14-10-2016,True
EMP535E,Thomas,Taylor,16-03-1976,Female,Married,PhD,Glasgow,Scotland,UK,15-06-2025,True
EMP536E,Michael,Johnson,16-11-1995,Male,Single,Bachelors,Seattle,Washington,US,24-07-2024,True
EMP537E,Elizabeth,Davis,12-09-1985,Male,Married,Masters,Austin,Texas,US,31-12-2015,True
EMP538E,Oliver,Roberts,11-06-1970,Female,Married,Masters,Manchester,England,UK,11-12-2017,True
EMP539E,Olivia,Roberts,10-12-2002,Male,Married,PhD,London,England,UK,16-06-2023,True
EMP540E,David,Smith,23-11-1997,Female,Single,Bachelors,Seattle,Washington,US,14-06-2023,False
EMP541E,David,Garcia,16-07-2000,Male,Single,Bachelors,Seattle,Washington,US,31-12-2025,True
EMP542E,Sanjay,Mishra,18-07-1975,Male,Married,Bachelors,Hyderabad,Telangana,India,24-04-2019,True
EMP543E,Barbara,Johnson,18-02-1985,Male,Married,Bachelors,San Francisco,California,US,09-03-2026,True
EMP544E,Amelia,Davies,05-06-1974,Male,Single,Bachelors,Edinburgh,Scotland,UK,23-01-2023,False
EMP545E,Amelia,Roberts,15-01-1997,Male,Married,Masters,Edinburgh,Scotland,UK,23-05-2026,False
EMP546E,Linda,Miller,10-07-2001,Male,Married,Masters,Seattle,Washington,US,27-03-2016,True
EMP547E,George,Clark,26-08-1977,Male,Married,Bachelors,London,England,UK,09-11-2017,True
EMP548E,Ravi,Mishra,18-10-1977,Female,Married,Diploma,Hyderabad,Telangana,India,09-03-2025,False
EMP549E,John,Jones,01-04-2002,Male,Divorced,Bachelors,Seattle,Washington,US,17-06-2023,True
EMP550E,John,Miller,26-10-1994,Female,Single,Masters,Chicago,Illinois,US,19-12-2020,True
EMP551E,Priya,Mishra,02-11-2003,Male,Married,Diploma,Mumbai,Maharashtra,India,06-12-2023,True
EMP552E,Amit,Verma,13-11-2003,Male,Single,Diploma,New Delhi,Delhi,India,05-01-2016,False
EMP553E,Arjun,Bose,10-12-2003,Male,Married,Bachelors,Hyderabad,Telangana,India,09-01-2022,True
EMP554E,Barbara,Jones,13-09-1979,Male,Married,Bachelors,New York,New York,US,22-02-2024,True
EMP555E,Rakesh,Sharma,28-11-1968,Female,Married,Bachelors,New Delhi,Delhi,India,06-09-2016,True
EMP556E,Sanjay,Sharma,06-12-1979,Male,Single,Masters,Hyderabad,Telangana,India,21-03-2020,True
EMP557E,Patricia,Garcia,13-05-1975,Female,Single,High School,San Francisco,California,US,12-01-2015,True
EMP558E,David,Miller,01-05-1974,Female,Single,Masters,Seattle,Washington,US,06-10-2025,True
EMP559E,Manish,Mishra,12-03-1979,Male,Single,High School,New Delhi,Delhi,India,28-02-2021,True
EMP560E,Kavita,Verma,19-10-2004,Female,Divorced,Bachelors,Bangalore,Karnataka,India,13-09-2016,True
EMP561E,Thomas,Davies,12-06-1985,Male,Single,Bachelors,Edinburgh,Scotland,UK,16-03-2017,True
EMP562E,Poppy,Taylor,25-11-1976,Female,Married,Masters,Manchester,England,UK,14-04-2021,False
EMP563E,George,Clark,11-07-2003,Male,Single,Masters,Manchester,England,UK,16-02-2023,False
EMP564E,Kavita,Sharma,12-10-1989,Female,Single,Masters,Hyderabad,Telangana,India,16-02-2022,True
EMP565E,Rahul,Iyer,06-07-1999,Male,Single,High School,Chennai,Tamil Nadu,India,28-07-2021,True
EMP566E,Rakesh,Sharma,15-03-1970,Female,Married,Diploma,Chennai,Tamil Nadu,India,29-06-2026,True
EMP567E,Michael,Johnson,24-04-1971,Male,Single,Masters,Seattle,Washington,US,06-03-2015,True
EMP568E,Amelia,Clark,03-02-1976,Female,Married,Masters,London,England,UK,13-09-2019,False
EMP569E,Isla,Williams,24-08-1969,Female,Married,Masters,Birmingham,England,UK,30-06-2015,True
EMP570E,Anjali,Mishra,28-04-1982,Male,Married,Diploma,Hyderabad,Telangana,India,19-11-2018,True
EMP571E,Vikram,Nayak,11-10-1977,Female,Married,Diploma,Chennai,Tamil Nadu,India,02-02-2015,False
EMP572E,Harry,Brown,22-01-2004,Male,Single,Masters,Manchester,England,UK,28-08-2020,True
EMP573E,Sneha,Verma,27-06-2001,Female,Married,Bachelors,Mumbai,Maharashtra,India,05-09-2022,True
EMP574E,Robert,Davis,01-07-1968,Male,Single,Bachelors,Austin,Texas,US,06-12-2024,True
EMP575E,Thomas,Jones,26-01-1976,Male,Single,Masters,Edinburgh,Scotland,UK,04-02-2019,True
EMP576E,Emily,Brown,26-03-1965,Female,Married,Masters,Birmingham,England,UK,30-08-2017,True
EMP577E,Linda,Williams,31-12-1983,Male,Single,Masters,Seattle,Washington,US,24-03-2022,False
EMP578E,Sanjay,Singh,09-08-1970,Female,Married,Bachelors,Bangalore,Karnataka,India,04-08-2015,True
EMP579E,John,Jones,10-04-1988,Male,Single,Masters,Seattle,Washington,US,25-11-2017,True
EMP580E,Harry,Jones,18-04-2003,Male,Married,Bachelors,Glasgow,Scotland,UK,30-05-2026,True
EMP581E,Priya,Kumari,21-07-1996,Female,Married,Bachelors,Chennai,Tamil Nadu,India,29-12-2022,True
EMP582E,David,Jones,04-12-1999,Male,Married,PhD,Chicago,Illinois,US,30-09-2019,True
EMP583E,Priya,Patel,24-10-1991,Male,Married,Masters,Mumbai,Maharashtra,India,07-05-2015,True
EMP584E,Poppy,Roberts,29-07-1972,Female,Married,Bachelors,Glasgow,Scotland,UK,20-06-2022,False
EMP585E,Manish,Kumari,02-08-1986,Male,Married,Masters,Chennai,Tamil Nadu,India,29-06-2025,True
EMP586E,Kiran,Singh,16-12-2004,Female,Married,Bachelors,Chennai,Tamil Nadu,India,30-04-2018,True
EMP587E,Oliver,Roberts,02-08-2003,Female,Divorced,PhD,Birmingham,England,UK,12-01-2023,True
EMP588E,Ravi,Bose,30-10-1984,Male,Single,Bachelors,Chennai,Tamil Nadu,India,01-07-2021,True
EMP589E,Pooja,Singh,18-12-2000,Male,Married,Diploma,New Delhi,Delhi,India,25-07-2020,True
EMP590E,Poppy,Wilson,26-04-1990,Female,Married,Masters,Glasgow,Scotland,UK,28-07-2019,True
EMP591E,Isla,Taylor,24-10-2004,Female,Married,Diploma,Birmingham,England,UK,17-02-2019,True
EMP592E,Jacob,Thomas,29-09-1968,Male,Single,Bachelors,Edinburgh,Scotland,UK,31-12-2015,True
EMP593E,Patricia,Garcia,02-12-1976,Male,Divorced,Masters,Seattle,Washington,US,26-07-2017,True
EMP594E,Sneha,Patel,12-02-1994,Female,Married,Bachelors,Chennai,Tamil Nadu,India,06-06-2024,False
EMP595E,Vikram,Das,04-04-1996,Female,Married,Bachelors,Mumbai,Maharashtra,India,25-10-2021,True
EMP596E,Ravi,Nayak,07-05-1994,Female,Married,Bachelors,Hyderabad,Telangana,India,13-07-2022,True
EMP597E,Patricia,Johnson,05-06-1990,Male,Married,Masters,San Francisco,California,US,01-12-2020,True
EMP598E,Kiran,Singh,31-03-1982,Female,Married,PhD,Bangalore,Karnataka,India,24-01-2019,True
EMP599E,Thomas,Evans,02-12-1967,Female,Married,Bachelors,London,England,UK,04-12-2025,False
EMP600E,Vikram,Bose,01-09-1991,Male,Single,PhD,Chennai,Tamil Nadu,India,16-10-2019,True
EMP601E,Jacob,Jones,15-08-1979,Female,Married,Diploma,Glasgow,Scotland,UK,23-07-2016,True
EMP602E,Thomas,Brown,06-04-1982,Female,Single,Masters,Manchester,England,UK,03-12-2016,True
EMP603E,Jack,Jones,26-04-1984,Female,Single,Diploma,Edinburgh,Scotland,UK,24-01-2015,True
EMP604E,Linda,Johnson,01-02-2001,Female,Married,Masters,New York,New York,US,26-11-2024,True
EMP605E,Arjun,Singh,12-01-1981,Male,Married,Diploma,New Delhi,Delhi,India,10-03-2026,True
EMP606E,Barbara,Miller,26-09-1985,Male,Married,Masters,Chicago,Illinois,US,28-09-2020,True
EMP607E,William,Rodriguez,17-08-1996,Male,Single,Diploma,Seattle,Washington,US,01-03-2015,False
EMP608E,James,Brown,23-03-1997,Male,Single,Masters,New York,New York,US,15-09-2017,True
EMP609E,George,Taylor,06-08-2004,Female,Married,Bachelors,Glasgow,Scotland,UK,17-09-2018,True
EMP610E,William,Jones,23-09-2000,Male,Single,Masters,Austin,Texas,US,26-11-2020,True
EMP611E,Anjali,Patel,06-07-1976,Female,Married,Bachelors,Chennai,Tamil Nadu,India,23-03-2024,True
EMP612E,Elizabeth,Garcia,30-12-1967,Female,Single,Masters,New York,New York,US,06-06-2016,False
EMP613E,Sneha,Verma,30-11-1969,Female,Single,Bachelors,New Delhi,Delhi,India,25-06-2024,True
EMP614E,Isla,Brown,21-10-1986,Female,Married,Masters,Glasgow,Scotland,UK,05-04-2025,True
EMP615E,Jacob,Williams,20-08-1991,Female,Single,Masters,London,England,UK,30-04-2017,True
EMP616E,William,Johnson,19-08-1984,Male,Married,Bachelors,New York,New York,US,22-03-2021,True
EMP617E,Poppy,Wilson,10-04-1999,Female,Married,Bachelors,Glasgow,Scotland,UK,23-04-2017,True
EMP618E,Charlie,Brown,26-01-1985,Male,Married,Bachelors,Birmingham,England,UK,29-05-2024,False
EMP619E,George,Brown,05-01-2002,Female,Divorced,Masters,Manchester,England,UK,18-03-2017,False
EMP620E,Kavita,Mishra,31-07-1967,Male,Single,Masters,Chennai,Tamil Nadu,India,18-10-2019,True
EMP621E,Jack,Jones,19-03-1969,Female,Single,Diploma,Birmingham,England,UK,25-07-2025,True
EMP622E,Sneha,Singh,14-02-1998,Female,Single,Masters,New Delhi,Delhi,India,06-04-2022,False
EMP623E,Jacob,Roberts,26-09-1971,Female,Single,PhD,Manchester,England,UK,30-06-2023,True
EMP624E,Mary,Miller,22-03-1972,Male,Married,PhD,Chicago,Illinois,US,11-09-2019,False
EMP625E,Emily,Jones,12-12-2001,Female,Single,Bachelors,Edinburgh,Scotland,UK,22-02-2017,True
EMP626E,George,Williams,24-10-2004,Male,Single,Masters,Birmingham,England,UK,01-01-2019,True
EMP627E,Neha,Bose,07-08-2004,Female,Married,Masters,Mumbai,Maharashtra,India,20-12-2020,True
EMP628E,Thomas,Wilson,06-07-1970,Male,Single,Bachelors,Manchester,England,UK,10-07-2019,True
EMP629E,Barbara,Davis,06-05-2001,Male,Single,High School,Austin,Texas,US,19-12-2024,False
EMP630E,Priya,Verma,10-04-1982,Female,Single,Bachelors,Bangalore,Karnataka,India,07-03-2020,True
EMP631E,Jack,Evans,28-12-1970,Male,Married,Masters,London,England,UK,02-08-2018,True
EMP632E,Charlie,Clark,22-08-1970,Male,Married,Masters,Manchester,England,UK,16-06-2024,True
EMP633E,Sanjay,Chauhan,15-12-2003,Male,Single,Masters,Mumbai,Maharashtra,India,04-07-2020,True
EMP634E,Michael,Smith,09-04-1980,Female,Married,Bachelors,New York,New York,US,04-03-2019,True
EMP635E,Barbara,Garcia,04-10-1995,Male,Single,Masters,New York,New York,US,29-06-2019,True
EMP636E,Jack,Clark,06-01-1977,Male,Married,PhD,Manchester,England,UK,26-09-2018,True
EMP637E,Thomas,Wilson,26-08-1990,Female,Divorced,PhD,Birmingham,England,UK,11-08-2025,True
EMP638E,Poppy,Taylor,06-08-1999,Female,Single,Bachelors,Birmingham,England,UK,17-04-2020,False
EMP639E,Robert,Martinez,04-03-2001,Female,Married,Masters,New York,New York,US,10-02-2024,True
EMP640E,Harry,Williams,24-05-2000,Female,Married,Bachelors,Manchester,England,UK,23-12-2020,True
EMP641E,Olivia,Clark,25-03-1993,Female,Married,Bachelors,Birmingham,England,UK,15-05-2022,True
EMP642E,George,Davies,27-12-1990,Male,Single,Masters,Manchester,England,UK,30-03-2016,True
EMP643E,Neha,Singh,19-12-1991,Female,Single,Bachelors,New Delhi,Delhi,India,02-08-2017,True
EMP644E,Harry,Evans,13-08-2000,Female,Married,Masters,Glasgow,Scotland,UK,31-08-2019,True
EMP645E,Amit,Bose,02-02-1990,Female,Single,Masters,Hyderabad,Telangana,India,29-05-2020,True
EMP646E,Patricia,Martinez,08-09-1995,Male,Married,Masters,New York,New York,US,08-04-2019,True
EMP647E,Amelia,Jones,18-04-1981,Male,Single,Diploma,Edinburgh,Scotland,UK,22-03-2026,True
EMP648E,Kavita,Das,10-07-1999,Female,Single,Bachelors,New Delhi,Delhi,India,26-12-2017,True
EMP649E,Olivia,Williams,07-09-1978,Female,Married,Bachelors,Edinburgh,Scotland,UK,12-12-2021,True
EMP650E,Mary,Jones,24-08-1976,Female,Married,Bachelors,Seattle,Washington,US,10-09-2022,True
EMP651E,Jennifer,Garcia,06-09-1992,Female,Married,Bachelors,Austin,Texas,US,28-01-2015,True
EMP652E,Amit,Patel,05-07-1975,Male,Divorced,Masters,Chennai,Tamil Nadu,India,03-04-2016,True
EMP653E,Harry,Williams,08-02-2000,Female,Single,Masters,London,England,UK,04-12-2021,True
EMP654E,Olivia,Roberts,17-09-1967,Male,Married,Bachelors,Manchester,England,UK,10-09-2018,True
EMP655E,Isla,Thomas,12-11-1994,Female,Married,Masters,Manchester,England,UK,02-08-2021,True
EMP656E,Rahul,Sharma,29-04-1976,Male,Married,Bachelors,New Delhi,Delhi,India,28-03-2019,True
EMP657E,Elizabeth,Brown,22-05-1978,Female,Single,Bachelors,Chicago,Illinois,US,23-07-2024,False
EMP658E,William,Williams,29-10-1979,Female,Single,Masters,San Francisco,California,US,29-08-2016,False
EMP659E,Jennifer,Garcia,10-06-2004,Female,Single,Bachelors,San Francisco,California,US,05-04-2017,True
EMP660E,Jacob,Evans,04-09-1971,Female,Married,Bachelors,London,England,UK,05-09-2019,True
EMP661E,Harry,Roberts,26-05-1966,Female,Married,Bachelors,Glasgow,Scotland,UK,15-09-2023,True
EMP662E,Harry,Roberts,14-08-1994,Male,Married,Bachelors,Birmingham,England,UK,27-12-2021,True
EMP663E,Mary,Miller,11-09-1976,Male,Married,High School,San Francisco,California,US,27-05-2015,True
EMP664E,Charlie,Evans,07-11-1984,Male,Married,Bachelors,London,England,UK,03-08-2021,False
EMP665E,Emily,Roberts,24-08-1999,Male,Married,Masters,London,England,UK,21-11-2020,False
EMP666E,Kiran,Mishra,14-10-1978,Female,Divorced,Bachelors,New Delhi,Delhi,India,03-05-2021,True
EMP667E,Emily,Roberts,21-12-1982,Male,Single,Diploma,Edinburgh,Scotland,UK,01-11-2022,True
EMP668E,Jack,Thomas,14-08-1965,Female,Married,Masters,Glasgow,Scotland,UK,31-05-2016,True
EMP669E,Jack,Brown,08-02-1979,Male,Married,Masters,London,England,UK,24-07-2025,True
EMP670E,John,Davis,05-12-1999,Female,Single,Bachelors,Chicago,Illinois,US,30-03-2025,True
EMP671E,Linda,Rodriguez,12-08-1975,Female,Single,PhD,Austin,Texas,US,15-08-2019,True
EMP672E,Rahul,Singh,04-03-1987,Male,Married,Bachelors,Chennai,Tamil Nadu,India,02-05-2023,True
EMP673E,William,Williams,09-12-1968,Male,Single,Diploma,Austin,Texas,US,24-07-2020,True
EMP674E,Kavita,Chauhan,23-05-1967,Male,Single,Diploma,Chennai,Tamil Nadu,India,18-08-2017,True
EMP675E,Kavita,Kumar,19-10-1995,Female,Married,Diploma,New Delhi,Delhi,India,16-10-2020,False
EMP676E,Jacob,Williams,19-01-2001,Male,Single,Masters,Manchester,England,UK,05-03-2019,True
EMP677E,Oliver,Roberts,12-04-2000,Female,Married,Masters,London,England,UK,20-12-2015,True
EMP678E,Barbara,Jones,23-09-1967,Male,Single,Masters,San Francisco,California,US,26-02-2021,True
EMP679E,Amelia,Davies,25-01-1965,Female,Married,Bachelors,Edinburgh,Scotland,UK,14-10-2024,False
EMP680E,John,Williams,21-01-1996,Male,Single,PhD,San Francisco,California,US,25-10-2024,False
EMP681E,Jacob,Evans,20-07-1990,Male,Married,PhD,Manchester,England,UK,27-01-2023,True
EMP682E,Amelia,Wilson,23-11-1971,Female,Married,Bachelors,Glasgow,Scotland,UK,07-02-2018,True
EMP683E,Kavita,Singh,15-07-1985,Male,Single,Bachelors,Chennai,Tamil Nadu,India,22-08-2021,True
EMP684E,Sneha,Sharma,07-05-1984,Male,Married,Masters,Hyderabad,Telangana,India,28-12-2023,True
EMP685E,Pooja,Reddy,21-07-1993,Male,Married,Bachelors,Chennai,Tamil Nadu,India,04-04-2015,True
EMP686E,David,Davis,06-05-1992,Male,Single,PhD,Seattle,Washington,US,05-01-2021,True
EMP687E,Priya,Gupta,14-05-1979,Male,Married,Masters,Chennai,Tamil Nadu,India,11-12-2023,True
EMP688E,Harry,Brown,15-03-1968,Female,Married,Bachelors,Manchester,England,UK,22-03-2018,True
EMP689E,Emily,Taylor,05-08-1973,Male,Single,Masters,Birmingham,England,UK,28-09-2018,True
EMP690E,Michael,Miller,11-12-1982,Male,Single,Masters,New York,New York,US,26-10-2016,True
EMP691E,Pooja,Reddy,30-08-1976,Female,Married,Masters,Bangalore,Karnataka,India,18-02-2022,True
EMP692E,Linda,Williams,20-05-1992,Female,Married,Masters,San Francisco,California,US,17-08-2015,False
EMP693E,Kiran,Nayak,25-07-2003,Female,Married,Bachelors,New Delhi,Delhi,India,02-07-2019,True
EMP694E,Robert,Brown,27-01-2000,Male,Single,PhD,San Francisco,California,US,03-03-2016,True
EMP695E,Patricia,Miller,25-10-1984,Female,Divorced,Masters,Chicago,Illinois,US,25-02-2023,True
EMP696E,Amelia,Thomas,18-05-1987,Male,Single,Bachelors,Manchester,England,UK,20-03-2020,True
EMP697E,Poppy,Davies,27-07-1985,Female,Married,PhD,London,England,UK,18-10-2024,True
EMP698E,Neha,Iyer,08-05-1993,Female,Single,Bachelors,Chennai,Tamil Nadu,India,10-06-2018,True
EMP699E,Poppy,Evans,13-03-1970,Female,Married,Masters,Manchester,England,UK,17-11-2020,True
EMP700E,John,Smith,23-10-1979,Female,Married,Bachelors,New York,New York,US,06-07-2015,True
EMP701E,Linda,Brown,14-11-2003,Female,Single,Bachelors,Austin,Texas,US,20-12-2015,True
EMP702E,Emily,Clark,19-04-1988,Male,Single,Masters,London,England,UK,16-10-2017,True
EMP703E,Elizabeth,Williams,05-12-1988,Female,Married,Diploma,San Francisco,California,US,21-03-2015,True
EMP704E,Barbara,Garcia,27-05-2003,Male,Single,Bachelors,New York,New York,US,10-05-2019,True
EMP705E,Rahul,Mishra,18-04-1966,Female,Married,Bachelors,Bangalore,Karnataka,India,08-12-2019,True
EMP706E,Emily,Taylor,21-02-1996,Male,Married,Diploma,Glasgow,Scotland,UK,09-03-2023,True
EMP707E,William,Smith,20-03-2004,Male,Married,Bachelors,Seattle,Washington,US,11-04-2020,True
EMP708E,Manish,Singh,15-03-2003,Female,Married,Masters,Hyderabad,Telangana,India,29-05-2019,True
EMP709E,William,Miller,25-12-2002,Female,Single,Bachelors,Chicago,Illinois,US,28-06-2025,True
EMP710E,Rahul,Gupta,02-10-1984,Male,Single,Masters,New Delhi,Delhi,India,13-12-2015,True
EMP711E,Amit,Iyer,28-04-2003,Male,Single,Bachelors,Mumbai,Maharashtra,India,01-02-2026,True
EMP712E,Isla,Williams,16-07-1972,Female,Married,Masters,Edinburgh,Scotland,UK,20-07-2018,True
EMP713E,Harry,Brown,19-03-1982,Male,Married,Bachelors,London,England,UK,22-12-2020,True
EMP714E,Jennifer,Martinez,31-10-1987,Female,Married,Bachelors,Chicago,Illinois,US,07-06-2025,True
EMP715E,Jacob,Wilson,18-07-2000,Male,Single,Bachelors,Birmingham,England,UK,04-06-2021,True
EMP716E,David,Martinez,20-12-1982,Male,Married,Bachelors,Seattle,Washington,US,07-02-2017,True
EMP717E,Linda,Brown,23-05-1989,Male,Single,High School,Chicago,Illinois,US,21-04-2022,False
EMP718E,Neha,Mishra,08-01-1972,Female,Single,Bachelors,Hyderabad,Telangana,India,15-08-2017,True
EMP719E,Ravi,Gupta,20-11-1997,Male,Married,Bachelors,Hyderabad,Telangana,India,30-08-2019,True
EMP720E,Harry,Williams,13-09-1980,Female,Married,Masters,Edinburgh,Scotland,UK,12-07-2021,True
EMP721E,Neha,Gupta,12-09-1997,Female,Divorced,Diploma,Hyderabad,Telangana,India,05-07-2021,True
EMP722E,James,Miller,05-04-1965,Female,Single,Bachelors,Chicago,Illinois,US,29-01-2025,True
EMP723E,Emily,Williams,28-04-1997,Male,Divorced,Bachelors,Manchester,England,UK,06-06-2023,True
EMP724E,Isla,Clark,12-09-1968,Male,Married,Bachelors,London,England,UK,19-12-2018,True
EMP725E,Emily,Taylor,10-06-1982,Male,Single,Bachelors,Birmingham,England,UK,22-09-2025,False
EMP726E,George,Clark,14-01-1978,Male,Married,Bachelors,Manchester,England,UK,09-02-2022,False
EMP727E,Harry,Roberts,14-12-1970,Male,Single,Bachelors,Birmingham,England,UK,24-03-2017,False
EMP728E,Ravi,Das,07-08-1986,Female,Married,Bachelors,Chennai,Tamil Nadu,India,22-03-2026,True
EMP729E,Isla,Roberts,15-06-1998,Female,Single,Bachelors,Manchester,England,UK,28-04-2019,True
EMP730E,Jennifer,Johnson,26-07-1976,Male,Single,Masters,San Francisco,California,US,29-04-2024,False
EMP731E,Poppy,Wilson,16-02-1965,Female,Divorced,Masters,Edinburgh,Scotland,UK,08-07-2021,True
EMP732E,Patricia,Rodriguez,25-10-1998,Female,Married,Masters,Austin,Texas,US,19-11-2020,True
EMP733E,Sanjay,Verma,14-08-1989,Female,Married,PhD,Mumbai,Maharashtra,India,21-01-2016,False
EMP734E,Isla,Williams,02-11-1972,Female,Married,Masters,Manchester,England,UK,07-08-2025,True
EMP735E,Kavita,Nayak,29-07-1990,Female,Divorced,Bachelors,Bangalore,Karnataka,India,14-10-2018,True
EMP736E,Kavita,Kumari,02-10-1984,Male,Single,Bachelors,Hyderabad,Telangana,India,21-12-2017,True
EMP737E,Isla,Roberts,19-05-1989,Male,Married,Bachelors,Manchester,England,UK,14-12-2024,True
EMP738E,Elizabeth,Jones,23-06-1997,Male,Married,Bachelors,New York,New York,US,18-04-2025,True
EMP739E,Pooja,Singh,06-03-1973,Male,Divorced,Bachelors,Mumbai,Maharashtra,India,25-12-2022,True
EMP740E,Jennifer,Smith,29-03-2001,Male,Married,Masters,Austin,Texas,US,29-09-2021,True
EMP741E,Olivia,Jones,15-11-1986,Female,Married,PhD,Manchester,England,UK,01-04-2020,True
EMP742E,Olivia,Brown,30-06-1966,Female,Single,Masters,Edinburgh,Scotland,UK,14-01-2016,True
EMP743E,Patricia,Garcia,08-12-1983,Male,Married,High School,New York,New York,US,27-05-2023,True
EMP744E,Jacob,Evans,17-07-1991,Female,Single,Bachelors,Edinburgh,Scotland,UK,17-09-2016,True
EMP745E,James,Rodriguez,22-09-1973,Female,Married,Masters,Seattle,Washington,US,29-01-2023,True
EMP746E,Emily,Taylor,15-09-1969,Female,Single,Bachelors,Edinburgh,Scotland,UK,20-07-2026,True
EMP747E,Patricia,Williams,12-09-1985,Female,Married,Masters,New York,New York,US,24-02-2025,True
EMP748E,James,Miller,31-12-1978,Female,Married,Bachelors,New York,New York,US,11-08-2022,True
EMP749E,Jack,Williams,08-06-1979,Female,Single,Bachelors,Edinburgh,Scotland,UK,29-11-2021,True
EMP750E,Kiran,Das,21-07-1967,Female,Single,PhD,New Delhi,Delhi,India,18-08-2018,True
EMP751E,Harry,Jones,03-03-1999,Female,Divorced,Masters,London,England,UK,18-09-2020,True
EMP752E,Vikram,Reddy,04-10-1979,Male,Married,Bachelors,Hyderabad,Telangana,India,05-07-2019,True
EMP753E,Pooja,Reddy,07-12-1987,Female,Divorced,Masters,Mumbai,Maharashtra,India,01-08-2020,False
EMP754E,Charlie,Williams,22-05-1992,Female,Divorced,Masters,London,England,UK,20-08-2024,True
EMP755E,Ravi,Kumari,12-07-1972,Female,Single,Masters,Mumbai,Maharashtra,India,06-11-2016,True
EMP756E,William,Smith,12-06-1971,Female,Married,Masters,Seattle,Washington,US,04-10-2020,True
EMP757E,James,Williams,20-06-2001,Male,Single,Bachelors,Seattle,Washington,US,18-08-2018,True
EMP758E,Neha,Patel,08-06-1998,Female,Divorced,Bachelors,Chennai,Tamil Nadu,India,16-10-2025,False
EMP759E,John,Martinez,13-04-1986,Male,Single,Bachelors,San Francisco,California,US,23-07-2015,True
EMP760E,Robert,Miller,03-04-1970,Female,Married,High School,New York,New York,US,21-08-2021,True
EMP761E,Jack,Taylor,25-02-1975,Female,Married,Bachelors,Manchester,England,UK,29-12-2019,False
EMP762E,Rakesh,Kumar,10-09-1969,Female,Single,Bachelors,New Delhi,Delhi,India,02-09-2015,True
EMP763E,Thomas,Wilson,22-05-2004,Male,Divorced,Diploma,Edinburgh,Scotland,UK,03-04-2019,True
EMP764E,Olivia,Jones,17-12-1980,Male,Single,Diploma,Manchester,England,UK,07-04-2024,True
EMP765E,Charlie,Clark,11-02-1980,Female,Single,High School,London,England,UK,21-10-2022,False
EMP766E,Olivia,Evans,09-03-1981,Male,Single,Diploma,Birmingham,England,UK,20-04-2016,False
EMP767E,Amit,Nayak,12-04-1985,Male,Single,Masters,Mumbai,Maharashtra,India,24-04-2026,True
EMP768E,James,Jones,11-04-1965,Male,Single,Bachelors,San Francisco,California,US,02-03-2018,True
EMP769E,Isla,Evans,12-05-1984,Female,Single,Bachelors,Manchester,England,UK,28-11-2015,True
EMP770E,Barbara,Miller,10-11-1993,Female,Married,Bachelors,Seattle,Washington,US,10-03-2018,False
EMP771E,Neha,Das,23-04-1996,Female,Married,Masters,Mumbai,Maharashtra,India,02-08-2023,True
EMP772E,James,Miller,17-11-1999,Male,Divorced,Bachelors,Austin,Texas,US,06-03-2018,True
EMP773E,Charlie,Evans,03-09-1986,Male,Single,Bachelors,London,England,UK,04-03-2023,True
EMP774E,Oliver,Thomas,27-07-1974,Male,Married,Masters,Edinburgh,Scotland,UK,13-05-2025,True
EMP775E,Arjun,Sharma,13-02-2004,Male,Single,Bachelors,Bangalore,Karnataka,India,14-08-2018,True
EMP776E,Kiran,Iyer,28-08-1986,Female,Divorced,Masters,Bangalore,Karnataka,India,24-01-2015,True
EMP777E,Arjun,Kumari,08-03-1996,Male,Single,Bachelors,Chennai,Tamil Nadu,India,14-08-2021,True
EMP778E,Rakesh,Kumari,23-04-1981,Male,Married,Diploma,Mumbai,Maharashtra,India,13-03-2021,True
EMP779E,Poppy,Brown,26-07-1986,Female,Married,Masters,Birmingham,England,UK,03-03-2024,True
EMP780E,Jennifer,Garcia,24-09-1984,Female,Married,Bachelors,Seattle,Washington,US,27-06-2018,True
EMP781E,Barbara,Miller,13-01-1966,Male,Married,Diploma,Austin,Texas,US,05-03-2018,True
EMP782E,John,Miller,06-10-1972,Male,Married,Diploma,Chicago,Illinois,US,07-04-2021,True
EMP783E,John,Brown,28-11-1977,Male,Married,Masters,Seattle,Washington,US,27-02-2021,True
EMP784E,Jack,Evans,12-04-1967,Female,Married,Bachelors,Edinburgh,Scotland,UK,29-01-2025,True
EMP785E,Jack,Wilson,26-02-1974,Male,Married,Bachelors,Manchester,England,UK,10-07-2016,True
EMP786E,Linda,Davis,21-01-1989,Female,Married,Bachelors,Chicago,Illinois,US,26-05-2016,True
EMP787E,Jennifer,Jones,30-10-1974,Male,Married,Masters,Chicago,Illinois,US,29-09-2022,True
EMP788E,Amelia,Roberts,04-07-1988,Male,Married,Bachelors,London,England,UK,30-12-2021,False
EMP789E,Ravi,Kumari,22-02-1997,Female,Divorced,Bachelors,Hyderabad,Telangana,India,13-07-2015,True
EMP790E,Amit,Kumar,16-11-1968,Female,Married,Bachelors,New Delhi,Delhi,India,02-01-2024,False
EMP791E,Neha,Das,17-09-1997,Male,Married,Bachelors,Chennai,Tamil Nadu,India,29-10-2017,True
EMP792E,George,Evans,31-08-1993,Male,Married,Bachelors,Edinburgh,Scotland,UK,06-11-2020,True
EMP793E,Michael,Martinez,23-04-2004,Male,Married,Masters,New York,New York,US,16-12-2020,False
EMP794E,Jacob,Thomas,23-09-1969,Male,Divorced,Masters,London,England,UK,09-12-2017,True
EMP795E,Priya,Patel,09-08-1966,Male,Married,Bachelors,Hyderabad,Telangana,India,21-02-2018,True
EMP796E,Charlie,Jones,06-04-2004,Male,Married,Masters,Birmingham,England,UK,20-08-2020,False
EMP797E,Sanjay,Kumari,20-07-1988,Female,Married,Masters,New Delhi,Delhi,India,13-09-2019,True
EMP798E,Kavita,Das,30-03-1978,Female,Married,Diploma,Chennai,Tamil Nadu,India,11-09-2019,True
EMP799E,Pooja,Das,25-11-1990,Female,Single,Masters,Bangalore,Karnataka,India,22-07-2021,False
EMP800E,Sneha,Reddy,22-06-1983,Female,Married,Bachelors,Mumbai,Maharashtra,India,29-03-2021,False
EMP801E,Emily,Wilson,05-04-1978,Female,Divorced,Masters,Manchester,England,UK,21-04-2019,True
EMP802E,Jacob,Roberts,20-02-2003,Female,Married,Bachelors,London,England,UK,31-12-2017,True
EMP803E,Jacob,Evans,09-09-1986,Female,Married,Diploma,Glasgow,Scotland,UK,19-03-2016,True
EMP804E,Oliver,Wilson,11-09-1998,Female,Single,Bachelors,Edinburgh,Scotland,UK,02-11-2017,True
EMP805E,Sanjay,Chauhan,07-12-1967,Male,Married,PhD,Chennai,Tamil Nadu,India,05-02-2024,True
EMP806E,Amit,Singh,20-08-1995,Female,Single,Bachelors,Bangalore,Karnataka,India,15-08-2021,True
EMP807E,Amelia,Davies,30-07-1976,Female,Single,Bachelors,Manchester,England,UK,27-04-2025,True
EMP808E,Olivia,Roberts,13-12-2003,Male,Single,Bachelors,Glasgow,Scotland,UK,20-09-2018,True
EMP809E,Neha,Kumar,22-03-2004,Male,Single,Bachelors,New Delhi,Delhi,India,02-03-2015,True
EMP810E,Sneha,Gupta,05-02-2003,Male,Divorced,Masters,Hyderabad,Telangana,India,07-07-2022,True
EMP811E,Sanjay,Verma,13-02-1967,Male,Single,Masters,Mumbai,Maharashtra,India,26-10-2019,True
EMP812E,David,Brown,23-06-1966,Male,Single,Bachelors,Seattle,Washington,US,14-05-2023,True
EMP813E,Olivia,Brown,20-06-1973,Female,Married,Bachelors,Glasgow,Scotland,UK,14-01-2024,True
EMP814E,Poppy,Davies,15-02-1970,Male,Married,Masters,Glasgow,Scotland,UK,04-10-2025,False
EMP815E,Jennifer,Garcia,22-02-1979,Female,Married,Bachelors,San Francisco,California,US,29-09-2023,True
EMP816E,Rahul,Gupta,10-12-1975,Female,Single,Bachelors,Chennai,Tamil Nadu,India,10-06-2017,True
EMP817E,Ravi,Das,01-04-1978,Female,Married,Masters,Mumbai,Maharashtra,India,27-10-2020,True
EMP818E,Jacob,Clark,15-02-1977,Female,Single,Diploma,London,England,UK,05-11-2020,True
EMP819E,Kiran,Singh,26-12-1973,Male,Single,Bachelors,Hyderabad,Telangana,India,24-05-2015,True
EMP820E,Rakesh,Bose,02-11-1979,Male,Single,Bachelors,Bangalore,Karnataka,India,09-10-2021,True
EMP821E,Sanjay,Sharma,27-01-1985,Female,Divorced,Masters,Mumbai,Maharashtra,India,03-12-2025,True
EMP822E,Olivia,Taylor,04-01-1979,Female,Married,Bachelors,Manchester,England,UK,25-11-2019,True
EMP823E,Elizabeth,Brown,29-10-1993,Male,Divorced,PhD,Seattle,Washington,US,03-05-2023,True
EMP824E,David,Williams,08-08-1968,Female,Married,Bachelors,Seattle,Washington,US,24-08-2026,True
EMP825E,Barbara,Jones,23-02-1965,Female,Single,Diploma,Austin,Texas,US,18-10-2024,True
EMP826E,Vikram,Bose,16-01-1992,Female,Divorced,Masters,New Delhi,Delhi,India,28-07-2017,True
EMP827E,Thomas,Thomas,11-01-1977,Male,Single,Bachelors,London,England,UK,09-09-2022,True
EMP828E,George,Clark,31-07-1986,Female,Single,Diploma,Glasgow,Scotland,UK,21-02-2022,True
EMP829E,Priya,Kumar,01-07-1988,Female,Married,Masters,New Delhi,Delhi,India,27-08-2021,True
EMP830E,Poppy,Brown,30-08-1995,Female,Single,Diploma,Edinburgh,Scotland,UK,02-08-2017,True
EMP831E,George,Jones,29-05-1970,Male,Married,Bachelors,London,England,UK,09-01-2019,True
EMP832E,Charlie,Clark,10-01-1980,Male,Married,High School,Glasgow,Scotland,UK,03-01-2019,True
EMP833E,Michael,Davis,20-02-1985,Male,Divorced,Bachelors,New York,New York,US,25-11-2017,True
EMP834E,Oliver,Wilson,20-06-1987,Female,Married,Bachelors,Birmingham,England,UK,24-07-2018,True
EMP835E,Michael,Martinez,02-09-1977,Male,Divorced,Diploma,New York,New York,US,03-05-2021,True
EMP836E,Manish,Bose,25-11-1966,Female,Single,Diploma,Hyderabad,Telangana,India,08-11-2022,True
EMP837E,John,Miller,01-04-1988,Female,Single,Bachelors,Austin,Texas,US,23-07-2023,True
EMP838E,Kiran,Mishra,07-08-1987,Female,Divorced,Masters,Hyderabad,Telangana,India,15-05-2026,False
EMP839E,Ravi,Singh,08-02-2001,Female,Married,High School,New Delhi,Delhi,India,23-08-2017,True
EMP840E,Michael,Rodriguez,08-12-1979,Male,Married,Bachelors,Austin,Texas,US,12-03-2025,True
EMP841E,Jennifer,Brown,24-03-2004,Male,Single,Masters,Seattle,Washington,US,04-12-2015,False
EMP842E,Anjali,Gupta,29-11-2003,Male,Married,Bachelors,Hyderabad,Telangana,India,29-04-2023,False
EMP843E,Barbara,Rodriguez,11-06-1979,Male,Married,PhD,New York,New York,US,20-02-2025,True
EMP844E,Sanjay,Nayak,22-06-1984,Female,Single,Bachelors,Mumbai,Maharashtra,India,12-04-2024,True
EMP845E,Vikram,Sharma,17-05-2001,Male,Married,Bachelors,Chennai,Tamil Nadu,India,07-09-2019,True
EMP846E,Kiran,Verma,18-05-1966,Female,Married,Bachelors,Bangalore,Karnataka,India,09-04-2016,True
EMP847E,Thomas,Brown,25-01-1985,Male,Married,Bachelors,Edinburgh,Scotland,UK,27-01-2017,True
EMP848E,Thomas,Evans,05-07-1995,Male,Married,Masters,Glasgow,Scotland,UK,23-10-2016,True
EMP849E,Pooja,Sharma,02-01-1997,Male,Married,Masters,Hyderabad,Telangana,India,30-05-2021,False
EMP850E,Kiran,Iyer,04-02-1992,Male,Married,Bachelors,Hyderabad,Telangana,India,03-10-2016,False
EMP851E,Elizabeth,Miller,14-09-1975,Male,Married,Masters,Austin,Texas,US,25-04-2018,True
EMP852E,Pooja,Gupta,24-02-1983,Male,Single,Masters,Bangalore,Karnataka,India,22-09-2024,False
EMP853E,Linda,Miller,15-01-1995,Female,Married,Bachelors,New York,New York,US,08-03-2023,True
EMP854E,George,Jones,02-08-1975,Male,Married,Bachelors,Edinburgh,Scotland,UK,23-05-2018,True
EMP855E,Poppy,Evans,06-02-1990,Male,Divorced,Bachelors,Glasgow,Scotland,UK,20-04-2018,False
EMP856E,Priya,Iyer,05-12-2000,Male,Single,Masters,Bangalore,Karnataka,India,23-09-2021,True
EMP857E,Robert,Johnson,21-03-1980,Male,Married,Diploma,New York,New York,US,20-11-2021,True
EMP858E,Jacob,Taylor,26-08-1974,Male,Married,Bachelors,Edinburgh,Scotland,UK,23-11-2020,True
EMP859E,Amit,Bose,06-10-1993,Male,Married,Bachelors,Mumbai,Maharashtra,India,06-11-2024,True
EMP860E,Thomas,Williams,30-06-1978,Male,Single,Bachelors,Manchester,England,UK,13-01-2017,False
EMP861E,Olivia,Brown,01-03-1978,Female,Married,Masters,London,England,UK,12-06-2023,True
EMP862E,Linda,Miller,23-08-1984,Male,Married,Bachelors,Seattle,Washington,US,17-12-2016,True
EMP863E,Oliver,Davies,10-08-1967,Male,Married,Masters,Manchester,England,UK,26-03-2023,True
EMP864E,Amit,Iyer,11-05-1982,Female,Single,Bachelors,Mumbai,Maharashtra,India,19-09-2022,True
EMP865E,Harry,Evans,21-11-1966,Female,Married,Bachelors,London,England,UK,30-05-2018,True
EMP866E,Rakesh,Patel,08-11-1993,Female,Married,Diploma,New Delhi,Delhi,India,17-07-2015,True
EMP867E,Oliver,Davies,06-03-2002,Female,Married,Masters,Manchester,England,UK,05-05-2021,False
EMP868E,John,Miller,05-04-1978,Male,Single,Masters,San Francisco,California,US,16-09-2018,False
EMP869E,William,Smith,15-05-1971,Male,Married,Bachelors,San Francisco,California,US,03-05-2016,True
EMP870E,Pooja,Patel,06-05-2002,Female,Married,Diploma,Mumbai,Maharashtra,India,25-11-2018,True
EMP871E,Emily,Brown,31-01-1975,Female,Married,Bachelors,Manchester,England,UK,20-10-2015,True
EMP872E,Jacob,Clark,05-11-1977,Female,Married,Masters,London,England,UK,23-11-2021,True
EMP873E,Pooja,Kumari,16-10-2002,Female,Married,Diploma,New Delhi,Delhi,India,13-11-2019,True
EMP874E,Sneha,Reddy,27-10-1971,Female,Divorced,Bachelors,Chennai,Tamil Nadu,India,18-04-2020,True
EMP875E,Sanjay,Iyer,18-11-1984,Male,Single,Diploma,Chennai,Tamil Nadu,India,31-05-2016,True
EMP876E,Jack,Roberts,03-07-1994,Male,Married,Masters,Edinburgh,Scotland,UK,17-07-2022,True
EMP877E,Kavita,Gupta,22-08-2001,Male,Married,Bachelors,Mumbai,Maharashtra,India,06-04-2019,True
EMP878E,Rakesh,Nayak,28-05-2004,Male,Single,Diploma,New Delhi,Delhi,India,18-04-2022,True
EMP879E,Amit,Das,26-04-1977,Male,Single,Masters,New Delhi,Delhi,India,03-03-2025,False
EMP880E,Anjali,Reddy,11-11-1997,Male,Married,Masters,Hyderabad,Telangana,India,30-03-2017,True
EMP881E,Patricia,Jones,08-03-1994,Male,Married,Masters,Seattle,Washington,US,21-07-2019,True
EMP882E,Patricia,Johnson,13-09-2000,Male,Divorced,Bachelors,Chicago,Illinois,US,11-12-2017,True
EMP883E,Kiran,Reddy,17-10-1996,Female,Married,Diploma,Mumbai,Maharashtra,India,08-01-2018,True
EMP884E,Sneha,Kumari,06-02-1995,Female,Single,Bachelors,Mumbai,Maharashtra,India,05-04-2018,True
EMP885E,Emily,Davies,16-09-1966,Male,Married,Bachelors,Manchester,England,UK,08-10-2022,False
EMP886E,Kavita,Verma,28-12-2004,Female,Married,Bachelors,Chennai,Tamil Nadu,India,14-06-2026,True
EMP887E,Poppy,Williams,16-07-1981,Male,Married,Masters,Edinburgh,Scotland,UK,17-06-2019,True
EMP888E,Charlie,Thomas,14-05-1975,Male,Single,Bachelors,London,England,UK,18-12-2022,True
EMP889E,William,Johnson,22-09-1975,Female,Divorced,Bachelors,Austin,Texas,US,23-09-2023,True
EMP890E,David,Smith,25-06-2000,Male,Single,Diploma,San Francisco,California,US,06-02-2020,True
EMP891E,Kavita,Verma,07-08-1984,Male,Single,Bachelors,Mumbai,Maharashtra,India,21-09-2022,True
EMP892E,Manish,Gupta,12-09-1976,Female,Divorced,Masters,New Delhi,Delhi,India,03-04-2020,True
EMP893E,Anjali,Gupta,06-09-1982,Male,Single,Bachelors,Bangalore,Karnataka,India,06-04-2018,True
EMP894E,Ravi,Patel,23-06-1970,Female,Single,Bachelors,Chennai,Tamil Nadu,India,01-01-2026,False
EMP895E,John,Rodriguez,04-05-1993,Female,Single,Bachelors,Austin,Texas,US,28-08-2026,True
EMP896E,Pooja,Gupta,22-09-1975,Male,Married,Masters,Bangalore,Karnataka,India,04-11-2017,True
EMP897E,Priya,Singh,05-04-1967,Male,Single,Masters,New Delhi,Delhi,India,05-04-2022,True
EMP898E,Amit,Gupta,24-06-1998,Male,Single,Masters,Mumbai,Maharashtra,India,07-04-2021,True
EMP899E,Thomas,Williams,26-01-1967,Female,Married,Bachelors,Edinburgh,Scotland,UK,12-12-2025,False
EMP900E,Arjun,Mishra,20-08-2004,Male,Married,PhD,Mumbai,Maharashtra,India,27-03-2018,True
EMP901E,Pooja,Sharma,28-07-1972,Female,Single,Masters,New Delhi,Delhi,India,26-10-2024,True
EMP902E,Olivia,Brown,21-05-1985,Male,Divorced,Diploma,Birmingham,England,UK,12-12-2020,True
EMP903E,Robert,Martinez,17-02-1971,Female,Married,Bachelors,San Francisco,California,US,25-03-2019,True
EMP904E,Ravi,Kumari,17-06-1983,Female,Married,Bachelors,Chennai,Tamil Nadu,India,16-01-2025,True
EMP905E,Harry,Evans,08-12-1995,Male,Married,Masters,London,England,UK,18-08-2024,True
EMP906E,Sneha,Chauhan,19-05-1967,Female,Single,Masters,Bangalore,Karnataka,India,08-07-2017,True
EMP907E,Amelia,Roberts,11-08-1982,Male,Single,Diploma,Manchester,England,UK,08-10-2020,False
EMP908E,Vikram,Patel,03-10-1982,Female,Married,Bachelors,New Delhi,Delhi,India,23-04-2021,True
EMP909E,Rahul,Singh,05-02-2001,Female,Married,Bachelors,Mumbai,Maharashtra,India,06-09-2021,True
EMP910E,Poppy,Brown,07-11-1992,Female,Married,Bachelors,Birmingham,England,UK,09-04-2021,True
EMP911E,Sanjay,Patel,21-08-1968,Male,Divorced,Masters,New Delhi,Delhi,India,07-05-2024,True
EMP912E,Rahul,Sharma,12-07-2000,Male,Single,Masters,Hyderabad,Telangana,India,25-01-2017,True
EMP913E,David,Davis,31-12-1972,Male,Married,Bachelors,Austin,Texas,US,02-07-2016,True
EMP914E,Neha,Iyer,30-09-1971,Female,Single,Bachelors,Hyderabad,Telangana,India,09-04-2017,True
EMP915E,Anjali,Singh,03-10-1972,Male,Married,Bachelors,Bangalore,Karnataka,India,13-11-2015,False
EMP916E,Emily,Clark,16-05-1981,Female,Single,Bachelors,London,England,UK,20-03-2026,True
EMP917E,Arjun,Kumar,12-11-1974,Female,Married,Diploma,Chennai,Tamil Nadu,India,13-08-2023,True
EMP918E,Sneha,Mishra,19-02-2001,Male,Single,Bachelors,Chennai,Tamil Nadu,India,05-10-2019,True
EMP919E,Charlie,Davies,25-01-2003,Male,Single,Bachelors,Edinburgh,Scotland,UK,01-04-2020,True
EMP920E,Kiran,Iyer,18-03-1989,Female,Single,Masters,Chennai,Tamil Nadu,India,23-12-2024,True
EMP921E,Barbara,Davis,11-09-1981,Male,Married,Bachelors,Chicago,Illinois,US,04-03-2020,True
EMP922E,Anjali,Chauhan,15-05-1977,Male,Married,PhD,Hyderabad,Telangana,India,01-04-2023,True
EMP923E,Anjali,Gupta,11-08-2000,Male,Single,PhD,Chennai,Tamil Nadu,India,11-03-2017,False
EMP924E,Isla,Clark,02-02-1989,Female,Single,Bachelors,London,England,UK,03-11-2025,True
EMP925E,Michael,Johnson,02-03-1965,Male,Married,Bachelors,Chicago,Illinois,US,07-11-2020,True
EMP926E,Priya,Nayak,21-03-1986,Female,Married,Bachelors,New Delhi,Delhi,India,13-09-2023,True
EMP927E,Rakesh,Singh,09-10-1988,Male,Single,Bachelors,New Delhi,Delhi,India,05-03-2016,True
EMP928E,Kavita,Iyer,26-09-1982,Male,Married,Masters,Chennai,Tamil Nadu,India,27-07-2015,True
EMP929E,Emily,Evans,23-06-1990,Female,Divorced,Masters,Edinburgh,Scotland,UK,25-08-2021,True
EMP930E,Isla,Jones,17-01-2003,Female,Married,Masters,Birmingham,England,UK,04-07-2025,True
EMP931E,Olivia,Thomas,20-05-1983,Male,Married,Masters,Glasgow,Scotland,UK,28-07-2025,True
EMP932E,Sanjay,Kumari,28-12-1994,Male,Single,Bachelors,Mumbai,Maharashtra,India,17-01-2025,True
EMP933E,Kavita,Sharma,01-06-1980,Female,Single,High School,Hyderabad,Telangana,India,07-12-2017,True
EMP934E,Mary,Williams,01-08-2004,Male,Single,Bachelors,Austin,Texas,US,02-01-2024,True
EMP935E,Oliver,Clark,13-08-1980,Male,Single,Bachelors,Birmingham,England,UK,15-10-2016,True
EMP936E,Michael,Garcia,22-11-1991,Male,Married,Bachelors,Chicago,Illinois,US,17-06-2024,True
EMP937E,Isla,Evans,16-06-1969,Female,Married,Masters,Edinburgh,Scotland,UK,01-05-2016,True
EMP938E,Mary,Jones,27-11-1990,Female,Married,Bachelors,San Francisco,California,US,11-06-2026,False
EMP939E,Oliver,Wilson,26-07-1976,Female,Married,Bachelors,Glasgow,Scotland,UK,19-11-2017,True
EMP940E,George,Brown,09-04-1982,Female,Married,Bachelors,Edinburgh,Scotland,UK,04-07-2024,False
EMP941E,Pooja,Bose,02-09-1966,Female,Single,Masters,Mumbai,Maharashtra,India,01-05-2025,True
EMP942E,Isla,Evans,20-07-2002,Female,Married,Diploma,London,England,UK,05-10-2019,False
EMP943E,Thomas,Thomas,04-05-1976,Male,Single,PhD,Edinburgh,Scotland,UK,15-03-2020,False
EMP944E,Priya,Reddy,07-05-1999,Male,Divorced,Masters,Hyderabad,Telangana,India,30-09-2021,True
EMP945E,Amit,Iyer,20-02-1996,Male,Divorced,Bachelors,Chennai,Tamil Nadu,India,04-03-2023,True
EMP946E,William,Johnson,09-10-1977,Female,Married,Bachelors,Seattle,Washington,US,10-09-2021,True
EMP947E,Linda,Brown,04-08-2004,Female,Single,Masters,San Francisco,California,US,23-11-2016,True
EMP948E,Priya,Verma,26-11-1971,Female,Divorced,Masters,Bangalore,Karnataka,India,06-08-2017,True
EMP949E,Olivia,Taylor,03-10-1966,Female,Divorced,Bachelors,Edinburgh,Scotland,UK,02-02-2016,True
EMP950E,Mary,Davis,31-12-1986,Female,Single,Bachelors,San Francisco,California,US,19-09-2019,True
EMP951E,Vikram,Sharma,23-10-1998,Male,Single,Bachelors,Mumbai,Maharashtra,India,05-03-2022,False
EMP952E,Ravi,Nayak,13-12-1994,Female,Married,High School,Bangalore,Karnataka,India,14-01-2020,True
EMP953E,Emily,Wilson,05-04-1971,Female,Single,Bachelors,London,England,UK,08-09-2018,True
EMP954E,Priya,Bose,26-01-1980,Female,Married,Bachelors,New Delhi,Delhi,India,26-11-2024,True
EMP955E,Jack,Taylor,27-09-1997,Female,Married,Bachelors,Edinburgh,Scotland,UK,19-06-2018,True
EMP956E,Jennifer,Miller,21-08-1980,Female,Married,Bachelors,New York,New York,US,29-03-2016,True
EMP957E,Rahul,Kumari,21-04-2001,Female,Married,Bachelors,Chennai,Tamil Nadu,India,04-10-2019,True
EMP958E,Elizabeth,Davis,06-05-1993,Male,Single,Bachelors,New York,New York,US,05-01-2021,True
EMP959E,Arjun,Reddy,01-06-2002,Female,Single,Bachelors,New Delhi,Delhi,India,07-09-2020,True
EMP960E,Amelia,Evans,05-04-1967,Female,Single,Masters,Birmingham,England,UK,14-07-2026,True
EMP961E,William,Rodriguez,22-07-1971,Female,Married,Masters,Seattle,Washington,US,30-10-2021,True
EMP962E,Charlie,Evans,18-05-1990,Male,Single,High School,Glasgow,Scotland,UK,02-02-2016,True
EMP963E,Linda,Davis,21-04-1972,Male,Single,PhD,San Francisco,California,US,13-04-2026,True
EMP964E,Linda,Smith,19-10-1978,Male,Married,Diploma,Austin,Texas,US,23-01-2026,True
EMP965E,Isla,Clark,14-01-1981,Female,Married,Masters,London,England,UK,21-03-2018,True
EMP966E,Oliver,Davies,10-10-1970,Male,Single,Masters,London,England,UK,16-11-2018,True
EMP967E,Robert,Jones,26-04-1996,Male,Single,Masters,Austin,Texas,US,07-05-2015,True
EMP968E,William,Johnson,16-01-1991,Female,Single,Masters,New York,New York,US,17-04-2017,True
EMP969E,Charlie,Evans,18-09-1972,Male,Single,Bachelors,London,England,UK,31-10-2023,False
EMP970E,Kavita,Chauhan,19-05-1968,Female,Married,PhD,New Delhi,Delhi,India,13-05-2021,True
EMP971E,Charlie,Brown,19-06-1966,Male,Single,High School,Birmingham,England,UK,21-12-2023,True
EMP972E,Rahul,Nayak,02-03-1978,Female,Married,PhD,Chennai,Tamil Nadu,India,12-07-2024,True
EMP973E,Charlie,Brown,30-08-1977,Male,Married,Masters,Edinburgh,Scotland,UK,17-08-2019,True
EMP974E,Rahul,Bose,26-08-1978,Female,Single,Bachelors,Chennai,Tamil Nadu,India,03-08-2025,True
EMP975E,Anjali,Reddy,29-06-1982,Female,Married,Bachelors,Bangalore,Karnataka,India,15-02-2020,True
EMP976E,Barbara,Miller,04-12-1997,Male,Single,Masters,Austin,Texas,US,27-06-2022,True
EMP977E,Jack,Clark,04-01-1987,Male,Divorced,Bachelors,Edinburgh,Scotland,UK,04-11-2021,True
EMP978E,Manish,Mishra,19-09-1978,Male,Divorced,Diploma,Chennai,Tamil Nadu,India,19-09-2018,True
EMP979E,David,Martinez,26-04-1976,Female,Single,Bachelors,Austin,Texas,US,14-06-2015,False
EMP980E,Olivia,Clark,02-04-1969,Male,Single,Bachelors,Birmingham,England,UK,30-07-2023,True
EMP981E,Charlie,Taylor,24-11-1991,Female,Single,Bachelors,Manchester,England,UK,21-01-2016,True
EMP982E,Barbara,Jones,20-05-1995,Female,Single,Bachelors,New York,New York,US,20-04-2018,True
EMP983E,Rakesh,Singh,20-03-1966,Female,Single,Bachelors,Mumbai,Maharashtra,India,22-01-2024,False
EMP984E,Michael,Smith,30-05-1974,Female,Single,Bachelors,Austin,Texas,US,10-08-2016,True
EMP985E,Poppy,Brown,08-06-1998,Male,Married,Bachelors,Edinburgh,Scotland,UK,19-10-2025,True
EMP986E,Jacob,Taylor,07-01-1998,Male,Married,Diploma,Manchester,England,UK,30-03-2024,True
EMP987E,Barbara,Martinez,14-04-2002,Male,Married,Masters,Seattle,Washington,US,20-01-2025,True
EMP988E,Vikram,Iyer,18-01-1969,Male,Single,High School,Chennai,Tamil Nadu,India,25-12-2018,True
EMP989E,Linda,Brown,10-05-1966,Female,Married,Bachelors,San Francisco,California,US,23-10-2023,True
EMP990E,Vikram,Patel,24-02-1966,Female,Single,Bachelors,Hyderabad,Telangana,India,28-05-2024,False
EMP991E,Arjun,Kumari,09-11-1983,Female,Divorced,Masters,Hyderabad,Telangana,India,18-09-2021,True
EMP992E,Harry,Brown,19-06-1999,Male,Married,Diploma,Manchester,England,UK,25-10-2017,True
EMP993E,William,Martinez,18-02-1975,Female,Married,Diploma,Austin,Texas,US,01-02-2018,True
EMP994E,Oliver,Davies,28-04-1981,Male,Single,Masters,Birmingham,England,UK,30-11-2019,True
EMP995E,James,Smith,29-10-1993,Female,Married,High School,Austin,Texas,US,19-12-2016,True
EMP996E,Emily,Jones,16-04-1994,Male,Single,Bachelors,Glasgow,Scotland,UK,05-07-2018,True
EMP997E,Jack,Williams,09-05-1989,Female,Married,Masters,Manchester,England,UK,20-12-2025,True
EMP998E,Priya,Mishra,11-09-1980,Female,Married,Bachelors,Chennai,Tamil Nadu,India,06-02-2017,True
EMP999E,Rakesh,Iyer,23-03-1982,Male,Married,Diploma,Hyderabad,Telangana,India,16-03-2023,True
EMP001F,Arjun,Sharma,29-10-1973,Female,Married,Bachelors,Bangalore,Karnataka,India,19-09-2023,True
EMP002F,Pooja,Verma,11-12-2000,Female,Married,PhD,Bangalore,Karnataka,India,11-06-2025,True
EMP003F,Rahul,Chauhan,24-02-1965,Female,Single,Diploma,New Delhi,Delhi,India,13-12-2023,False
EMP004F,William,Davis,11-06-1989,Male,Married,Bachelors,Chicago,Illinois,US,13-08-2015,True
EMP005F,Rakesh,Mishra,09-04-1997,Male,Single,Bachelors,New Delhi,Delhi,India,07-02-2020,False
EMP006F,Thomas,Williams,15-12-2003,Female,Single,Bachelors,Edinburgh,Scotland,UK,13-04-2015,True
EMP007F,Rahul,Kumar,06-10-1973,Female,Married,Masters,New Delhi,Delhi,India,13-10-2023,True
EMP008F,Sanjay,Gupta,17-12-2004,Female,Divorced,Masters,Mumbai,Maharashtra,India,19-02-2021,True
EMP009F,Isla,Brown,20-09-1991,Female,Married,Bachelors,Glasgow,Scotland,UK,05-09-2022,True
EMP010F,Michael,Johnson,18-02-2000,Female,Married,Bachelors,San Francisco,California,US,21-10-2017,False
EMP011F,George,Wilson,22-10-1985,Female,Single,Masters,Glasgow,Scotland,UK,14-03-2026,True
EMP012F,Linda,Johnson,23-01-1991,Female,Single,Bachelors,Seattle,Washington,US,26-10-2025,True
EMP013F,Poppy,Thomas,15-10-1974,Female,Married,Diploma,Birmingham,England,UK,14-12-2016,True
EMP014F,Priya,Das,19-08-1983,Female,Divorced,Bachelors,Mumbai,Maharashtra,India,03-08-2023,True
EMP015F,William,Brown,12-12-1973,Male,Married,Masters,San Francisco,California,US,27-12-2018,False
EMP016F,Manish,Sharma,15-12-1989,Female,Single,Bachelors,Hyderabad,Telangana,India,31-10-2017,True
EMP017F,Michael,Martinez,02-10-1992,Male,Divorced,Masters,New York,New York,US,06-07-2025,True
EMP018F,Jacob,Evans,28-10-1969,Female,Single,Bachelors,Birmingham,England,UK,26-07-2023,True
EMP019F,Charlie,Wilson,15-09-1979,Female,Married,Masters,Birmingham,England,UK,09-06-2022,True
EMP020F,William,Garcia,07-05-1967,Male,Married,Masters,Seattle,Washington,US,14-05-2018,False
EMP021F,Barbara,Martinez,23-08-1993,Male,Single,Masters,Chicago,Illinois,US,10-11-2021,True
EMP022F,Pooja,Verma,05-10-1972,Male,Divorced,High School,Bangalore,Karnataka,India,29-06-2023,True
EMP023F,Olivia,Wilson,07-12-1986,Female,Single,Diploma,Glasgow,Scotland,UK,14-08-2015,True
EMP024F,Linda,Johnson,31-07-2004,Female,Married,Bachelors,San Francisco,California,US,30-11-2015,True
EMP025F,Oliver,Taylor,05-12-1983,Female,Married,Bachelors,Edinburgh,Scotland,UK,11-01-2023,True
EMP026F,Rakesh,Mishra,24-06-2003,Male,Married,Bachelors,Mumbai,Maharashtra,India,30-05-2016,True
EMP027F,Olivia,Brown,22-03-1968,Female,Single,Masters,Glasgow,Scotland,UK,16-11-2025,True
EMP028F,Harry,Davies,05-06-2003,Female,Divorced,Bachelors,Edinburgh,Scotland,UK,07-05-2015,True
EMP029F,Mary,Davis,08-12-1991,Female,Single,Bachelors,Austin,Texas,US,17-08-2024,True
EMP030F,Ravi,Nayak,07-09-1968,Male,Married,Diploma,Chennai,Tamil Nadu,India,23-03-2015,True
EMP031F,Vikram,Patel,23-02-2004,Female,Married,Masters,Chennai,Tamil Nadu,India,22-04-2025,True
EMP032F,Jack,Roberts,27-11-1987,Male,Single,Masters,Glasgow,Scotland,UK,21-05-2016,True
EMP033F,Ravi,Mishra,08-03-1990,Female,Married,Masters,Mumbai,Maharashtra,India,22-03-2015,True
EMP034F,Neha,Sharma,15-01-1987,Male,Single,Diploma,Mumbai,Maharashtra,India,01-11-2024,False
EMP035F,Olivia,Evans,11-05-1995,Female,Married,Bachelors,London,England,UK,31-07-2026,True
EMP036F,Charlie,Williams,11-06-2003,Female,Single,Masters,Manchester,England,UK,07-12-2020,True
EMP037F,Mary,Garcia,11-06-1996,Female,Married,Bachelors,Seattle,Washington,US,14-11-2017,True
EMP038F,Jack,Roberts,02-12-1972,Male,Married,Masters,Manchester,England,UK,27-07-2022,True
EMP039F,Manish,Patel,22-08-1993,Male,Married,Diploma,Hyderabad,Telangana,India,19-09-2022,True
EMP040F,William,Smith,25-03-1997,Female,Married,Bachelors,Seattle,Washington,US,28-06-2017,False
EMP041F,John,Smith,20-05-1999,Female,Married,Bachelors,Austin,Texas,US,29-04-2016,True
EMP042F,Neha,Iyer,17-06-1998,Male,Married,Masters,Bangalore,Karnataka,India,11-07-2018,True
EMP043F,Sanjay,Kumar,23-06-1997,Male,Single,Diploma,Bangalore,Karnataka,India,11-02-2020,True
EMP044F,Isla,Williams,31-03-2000,Male,Married,Diploma,Edinburgh,Scotland,UK,22-05-2018,True
EMP045F,Jack,Jones,26-02-1975,Male,Married,Bachelors,Glasgow,Scotland,UK,09-03-2019,True
EMP046F,Mary,Garcia,23-04-1975,Male,Married,Bachelors,San Francisco,California,US,15-07-2016,True
EMP047F,Ravi,Kumar,25-07-1998,Male,Single,Masters,Bangalore,Karnataka,India,11-01-2019,True
EMP048F,Isla,Wilson,13-02-1998,Female,Married,Bachelors,Glasgow,Scotland,UK,26-02-2015,True
EMP049F,Isla,Thomas,20-06-1999,Male,Single,Bachelors,London,England,UK,05-04-2023,True
EMP050F,Mary,Brown,13-06-1970,Female,Single,Masters,New York,New York,US,09-11-2020,True
EMP051F,Jack,Brown,07-04-1981,Female,Divorced,High School,Birmingham,England,UK,06-12-2015,True
EMP052F,Poppy,Williams,08-04-1977,Female,Single,Bachelors,London,England,UK,25-02-2017,True
EMP053F,Thomas,Clark,11-07-1995,Male,Married,Bachelors,Edinburgh,Scotland,UK,26-11-2023,True
EMP054F,Linda,Davis,08-03-1985,Female,Married,Bachelors,Austin,Texas,US,21-06-2026,True
EMP055F,Manish,Kumar,13-10-1971,Male,Divorced,Bachelors,Chennai,Tamil Nadu,India,06-07-2017,True
EMP056F,Robert,Jones,08-02-2004,Female,Married,Diploma,Chicago,Illinois,US,07-01-2017,True
EMP057F,Elizabeth,Johnson,22-04-1980,Male,Married,Bachelors,Seattle,Washington,US,25-01-2026,False
EMP058F,Harry,Brown,21-04-1994,Female,Married,PhD,London,England,UK,19-07-2024,True
EMP059F,John,Garcia,12-10-1974,Male,Single,Masters,San Francisco,California,US,05-03-2024,True
EMP060F,Jacob,Thomas,22-04-1990,Male,Single,Bachelors,Manchester,England,UK,01-10-2025,True
EMP061F,Sneha,Reddy,05-02-1997,Female,Married,Bachelors,Chennai,Tamil Nadu,India,18-07-2017,True
EMP062F,Patricia,Williams,14-07-1970,Female,Married,Bachelors,San Francisco,California,US,09-03-2021,True
EMP063F,Kavita,Kumar,29-03-1990,Female,Married,Bachelors,Hyderabad,Telangana,India,17-07-2018,True
EMP064F,Charlie,Davies,23-08-1977,Female,Single,Bachelors,Manchester,England,UK,29-06-2017,True
EMP065F,Harry,Roberts,26-10-1991,Female,Single,Bachelors,Birmingham,England,UK,23-07-2019,True
EMP066F,Robert,Smith,22-09-1974,Male,Married,Bachelors,Chicago,Illinois,US,12-08-2026,True
EMP067F,Amit,Mishra,01-02-1970,Male,Married,Masters,Chennai,Tamil Nadu,India,24-08-2016,True
EMP068F,Oliver,Williams,21-01-2002,Male,Married,Bachelors,London,England,UK,08-12-2022,True
EMP069F,George,Wilson,11-12-1975,Female,Married,PhD,London,England,UK,20-08-2024,False
EMP070F,Olivia,Clark,04-12-1978,Male,Single,Bachelors,Birmingham,England,UK,07-02-2023,True
EMP071F,Patricia,Garcia,20-08-1985,Female,Single,Bachelors,New York,New York,US,17-09-2017,True
EMP072F,Arjun,Patel,12-01-2002,Male,Divorced,Masters,New Delhi,Delhi,India,06-01-2020,True
EMP073F,Sneha,Nayak,14-01-1990,Male,Divorced,Bachelors,Mumbai,Maharashtra,India,01-01-2018,True
EMP074F,Amit,Mishra,10-10-1980,Male,Single,PhD,New Delhi,Delhi,India,16-06-2015,True
EMP075F,Poppy,Wilson,19-06-1976,Female,Married,Masters,London,England,UK,16-06-2023,True
EMP076F,Michael,Rodriguez,01-03-2002,Female,Single,Bachelors,Seattle,Washington,US,18-12-2020,True
EMP077F,Robert,Miller,06-09-1997,Male,Single,Diploma,San Francisco,California,US,29-08-2019,True
EMP078F,Olivia,Williams,23-08-1970,Male,Married,High School,Manchester,England,UK,17-12-2018,False
EMP079F,Rahul,Das,17-03-1987,Female,Single,Bachelors,Bangalore,Karnataka,India,04-01-2018,True
EMP080F,Michael,Brown,29-07-1975,Female,Single,Masters,Chicago,Illinois,US,26-01-2026,True
EMP081F,Amelia,Taylor,14-10-1976,Female,Married,Diploma,Birmingham,England,UK,20-05-2023,True
EMP082F,Emily,Davies,26-10-1999,Male,Married,Masters,Edinburgh,Scotland,UK,06-09-2023,True
EMP083F,Kavita,Nayak,07-05-1978,Male,Married,Masters,Hyderabad,Telangana,India,29-01-2020,True
EMP084F,Jacob,Jones,08-05-1965,Female,Single,Bachelors,London,England,UK,06-06-2026,True
EMP085F,Jacob,Clark,18-05-2004,Male,Single,Bachelors,Birmingham,England,UK,21-06-2025,True
EMP086F,Rahul,Chauhan,06-01-1969,Female,Single,Bachelors,New Delhi,Delhi,India,04-01-2019,True
EMP087F,Thomas,Davies,09-11-1999,Male,Single,Bachelors,Manchester,England,UK,15-03-2017,True
EMP088F,John,Williams,25-07-1989,Female,Married,Masters,New York,New York,US,30-08-2021,True
EMP089F,Patricia,Jones,01-07-1985,Male,Single,Diploma,New York,New York,US,31-12-2024,True
EMP090F,Vikram,Iyer,19-12-2002,Female,Single,Masters,Mumbai,Maharashtra,India,17-06-2025,True
EMP091F,Amelia,Williams,27-09-1992,Female,Single,Bachelors,Birmingham,England,UK,15-07-2020,True
EMP092F,Patricia,Miller,22-07-1975,Male,Divorced,Bachelors,New York,New York,US,19-05-2020,False
EMP093F,Olivia,Jones,02-12-1971,Female,Married,Masters,Edinburgh,Scotland,UK,31-08-2017,True
EMP094F,Ravi,Mishra,30-09-1990,Male,Single,PhD,Hyderabad,Telangana,India,26-07-2020,True
EMP095F,Arjun,Gupta,08-03-1977,Female,Single,Bachelors,Mumbai,Maharashtra,India,14-07-2019,True
EMP096F,Charlie,Williams,28-05-1976,Female,Married,Bachelors,Glasgow,Scotland,UK,18-09-2022,True
EMP097F,Ravi,Gupta,20-12-2001,Male,Single,PhD,New Delhi,Delhi,India,12-04-2020,True
EMP098F,Neha,Patel,16-12-1972,Female,Single,Bachelors,New Delhi,Delhi,India,31-12-2025,False
EMP099F,Elizabeth,Brown,22-01-1977,Female,Single,Bachelors,Chicago,Illinois,US,16-09-2021,True
EMP100F,Kavita,Reddy,21-06-1993,Male,Single,Bachelors,New Delhi,Delhi,India,04-08-2015,False
EMP101F,Patricia,Jones,02-07-1979,Female,Married,Bachelors,Seattle,Washington,US,24-04-2024,True
EMP102F,Poppy,Jones,09-05-1973,Male,Single,Bachelors,Birmingham,England,UK,19-07-2022,True
EMP103F,Jack,Taylor,29-10-1966,Male,Married,Bachelors,Manchester,England,UK,19-01-2016,True
EMP104F,Emily,Jones,11-11-2001,Male,Married,Masters,London,England,UK,15-03-2026,True
EMP105F,Isla,Jones,20-12-1973,Male,Divorced,Bachelors,Edinburgh,Scotland,UK,22-08-2024,True
EMP106F,Ravi,Gupta,01-03-1978,Male,Single,Masters,Bangalore,Karnataka,India,24-06-2016,True
EMP107F,Sneha,Verma,24-11-1976,Female,Married,Bachelors,Bangalore,Karnataka,India,07-04-2021,True
EMP108F,Patricia,Martinez,27-07-1965,Male,Married,Bachelors,Austin,Texas,US,04-12-2025,True
EMP109F,Kavita,Patel,09-03-1973,Male,Single,High School,Chennai,Tamil Nadu,India,08-04-2024,True
EMP110F,Poppy,Williams,01-12-1980,Female,Married,Bachelors,Edinburgh,Scotland,UK,10-05-2016,True
EMP111F,Sneha,Das,11-02-1969,Female,Single,Masters,Chennai,Tamil Nadu,India,18-06-2025,False
EMP112F,Manish,Verma,27-03-1993,Male,Single,Bachelors,Bangalore,Karnataka,India,02-02-2026,True
EMP113F,Kavita,Nayak,19-05-1986,Female,Married,PhD,Hyderabad,Telangana,India,24-04-2017,True
EMP114F,Amelia,Wilson,18-01-1969,Female,Married,Bachelors,Birmingham,England,UK,05-05-2023,True
EMP115F,Amit,Patel,18-01-1975,Male,Married,PhD,Bangalore,Karnataka,India,03-12-2018,True
EMP116F,Rakesh,Verma,23-07-1972,Female,Single,Masters,Chennai,Tamil Nadu,India,10-05-2016,False
EMP117F,Anjali,Nayak,27-06-2004,Male,Single,Bachelors,Hyderabad,Telangana,India,04-06-2023,False
EMP118F,William,Davis,16-11-1977,Male,Single,PhD,Austin,Texas,US,29-06-2017,True
EMP119F,Anjali,Kumar,08-04-1998,Female,Divorced,Bachelors,New Delhi,Delhi,India,29-09-2016,True
EMP120F,Poppy,Taylor,19-07-1988,Female,Married,Masters,Manchester,England,UK,06-10-2025,True
EMP121F,Charlie,Clark,09-11-1995,Male,Married,Bachelors,Glasgow,Scotland,UK,05-06-2018,True
EMP122F,Manish,Patel,24-01-1967,Female,Single,Masters,New Delhi,Delhi,India,11-06-2025,True
EMP123F,Harry,Davies,15-02-1993,Male,Single,Masters,Manchester,England,UK,30-06-2018,True
EMP124F,Patricia,Jones,19-06-1990,Male,Single,Diploma,Chicago,Illinois,US,14-10-2025,False
EMP125F,Anjali,Patel,14-08-2004,Female,Divorced,Bachelors,Bangalore,Karnataka,India,29-08-2016,True
EMP126F,Pooja,Singh,02-06-1975,Male,Single,Bachelors,Chennai,Tamil Nadu,India,14-08-2023,False
EMP127F,Pooja,Reddy,10-09-2000,Female,Single,High School,Chennai,Tamil Nadu,India,14-09-2018,True
EMP128F,Neha,Singh,28-04-1994,Male,Married,Bachelors,Chennai,Tamil Nadu,India,03-04-2016,False
EMP129F,Rakesh,Kumar,30-12-1974,Female,Single,Masters,Bangalore,Karnataka,India,19-06-2026,True
EMP130F,Amelia,Davies,10-09-1973,Male,Single,Bachelors,Birmingham,England,UK,26-11-2024,True
EMP131F,William,Davis,20-04-1968,Female,Single,PhD,Chicago,Illinois,US,23-01-2025,True
EMP132F,Jennifer,Johnson,23-06-1984,Male,Married,Bachelors,Chicago,Illinois,US,05-09-2023,True
EMP133F,Manish,Kumar,07-06-1969,Female,Married,Bachelors,Bangalore,Karnataka,India,25-10-2017,True
EMP134F,Robert,Jones,03-08-1979,Male,Married,Masters,New York,New York,US,24-06-2022,True
EMP135F,Kavita,Reddy,06-11-1982,Male,Married,Bachelors,Chennai,Tamil Nadu,India,30-07-2018,True
EMP136F,Poppy,Thomas,22-09-1969,Female,Single,Masters,Glasgow,Scotland,UK,20-05-2022,True
EMP137F,Isla,Roberts,20-10-1986,Male,Married,Bachelors,London,England,UK,15-01-2025,True
EMP138F,James,Martinez,22-04-1970,Female,Married,High School,Seattle,Washington,US,26-08-2024,True
EMP139F,Amelia,Williams,21-08-2003,Female,Divorced,Bachelors,Glasgow,Scotland,UK,01-07-2025,True
EMP140F,George,Evans,28-09-1969,Male,Single,Masters,London,England,UK,14-07-2026,True
EMP141F,William,Davis,28-03-1970,Female,Married,Bachelors,San Francisco,California,US,20-06-2026,True
EMP142F,Linda,Garcia,12-08-1973,Male,Divorced,PhD,Chicago,Illinois,US,16-07-2023,True
EMP143F,Jacob,Williams,12-11-1974,Female,Married,High School,Edinburgh,Scotland,UK,01-08-2023,True
EMP144F,William,Jones,14-10-1967,Male,Single,Masters,Austin,Texas,US,09-04-2018,False
EMP145F,Poppy,Brown,25-12-2001,Male,Single,Bachelors,London,England,UK,02-08-2017,True
EMP146F,Harry,Wilson,07-02-1984,Male,Single,High School,Manchester,England,UK,18-05-2018,True
EMP147F,Emily,Evans,21-10-1966,Female,Single,Bachelors,Manchester,England,UK,23-12-2024,True
EMP148F,Elizabeth,Smith,19-11-1994,Male,Married,Bachelors,Austin,Texas,US,19-10-2019,True
EMP149F,Oliver,Roberts,15-04-1990,Female,Married,Masters,Glasgow,Scotland,UK,02-02-2015,True
EMP150F,Manish,Bose,25-10-1992,Male,Divorced,Masters,Hyderabad,Telangana,India,05-05-2018,True
EMP151F,Patricia,Davis,22-06-1972,Male,Divorced,Bachelors,Seattle,Washington,US,20-10-2015,True
EMP152F,Isla,Jones,18-07-1972,Female,Married,PhD,Glasgow,Scotland,UK,05-09-2025,True
EMP153F,Patricia,Johnson,21-08-1974,Female,Married,Masters,New York,New York,US,14-11-2019,True
EMP154F,Amit,Bose,06-02-1988,Male,Single,Masters,Bangalore,Karnataka,India,28-11-2020,True
EMP155F,Arjun,Kumari,01-12-2001,Male,Married,Masters,Bangalore,Karnataka,India,21-03-2019,True
EMP156F,Jacob,Evans,16-10-1982,Female,Divorced,Diploma,London,England,UK,30-01-2026,True
EMP157F,Robert,Rodriguez,04-01-1972,Male,Single,Masters,Seattle,Washington,US,03-05-2024,True
EMP158F,Robert,Williams,31-03-1996,Female,Single,Bachelors,Austin,Texas,US,16-10-2021,True
EMP159F,Emily,Davies,22-02-1966,Male,Single,Masters,London,England,UK,07-10-2024,True
EMP160F,Priya,Chauhan,27-10-1982,Male,Married,High School,New Delhi,Delhi,India,10-05-2017,True
EMP161F,Elizabeth,Williams,19-10-1997,Male,Single,Bachelors,Chicago,Illinois,US,26-01-2017,True
EMP162F,Anjali,Verma,10-01-1981,Female,Single,Bachelors,Mumbai,Maharashtra,India,07-12-2017,True
EMP163F,William,Miller,06-06-1977,Female,Divorced,Diploma,Austin,Texas,US,01-11-2023,True
EMP164F,David,Brown,19-06-1982,Male,Single,Bachelors,New York,New York,US,31-10-2015,True
EMP165F,Barbara,Garcia,29-04-1996,Male,Married,Diploma,Chicago,Illinois,US,16-09-2016,True
EMP166F,Rahul,Das,04-08-1984,Female,Married,Bachelors,New Delhi,Delhi,India,25-05-2025,False
EMP167F,Oliver,Thomas,20-02-1970,Male,Married,Diploma,London,England,UK,11-08-2026,True
EMP168F,James,Miller,24-10-2000,Male,Married,Masters,Austin,Texas,US,16-11-2017,True
EMP169F,Anjali,Kumari,07-08-1977,Female,Married,Bachelors,New Delhi,Delhi,India,28-08-2018,True
EMP170F,Patricia,Martinez,02-01-1967,Female,Single,Bachelors,Chicago,Illinois,US,24-03-2026,True
EMP171F,Jennifer,Martinez,30-08-1985,Female,Married,Bachelors,Seattle,Washington,US,15-02-2021,False
EMP172F,Linda,Miller,08-07-1996,Male,Single,Bachelors,Chicago,Illinois,US,24-09-2020,True
EMP173F,Jacob,Jones,22-06-1996,Female,Married,Bachelors,Manchester,England,UK,07-10-2021,True
EMP174F,Rakesh,Reddy,25-09-1965,Female,Married,Bachelors,New Delhi,Delhi,India,27-12-2017,True
EMP175F,Oliver,Jones,16-12-1982,Male,Single,Masters,Birmingham,England,UK,22-04-2019,True
EMP176F,Jack,Thomas,01-08-1985,Male,Married,Diploma,Edinburgh,Scotland,UK,03-08-2019,True
EMP177F,Oliver,Thomas,21-03-1977,Female,Single,Masters,Birmingham,England,UK,11-06-2022,False
EMP178F,James,Williams,16-12-1966,Female,Married,High School,Seattle,Washington,US,06-12-2018,True
EMP179F,Anjali,Das,29-11-2002,Female,Married,Bachelors,Bangalore,Karnataka,India,27-01-2023,True
EMP180F,Mary,Martinez,21-09-1974,Female,Married,Diploma,Chicago,Illinois,US,20-09-2024,False
EMP181F,Rahul,Reddy,13-10-1971,Female,Single,Bachelors,Hyderabad,Telangana,India,04-08-2019,True
EMP182F,Kiran,Verma,28-02-1980,Male,Single,Masters,New Delhi,Delhi,India,15-07-2025,True
EMP183F,George,Taylor,21-04-1970,Female,Single,High School,London,England,UK,28-02-2024,True
EMP184F,Sneha,Sharma,16-02-1993,Female,Divorced,Bachelors,Chennai,Tamil Nadu,India,07-11-2022,True
EMP185F,Kavita,Das,15-07-2003,Male,Single,Bachelors,Bangalore,Karnataka,India,21-07-2019,False
EMP186F,Olivia,Wilson,06-07-1968,Female,Single,Bachelors,Edinburgh,Scotland,UK,30-06-2017,False
EMP187F,James,Miller,03-06-1965,Female,Married,Bachelors,New York,New York,US,15-07-2021,True
EMP188F,Emily,Davies,08-10-1967,Male,Married,Bachelors,Birmingham,England,UK,08-05-2023,True
EMP189F,Rakesh,Reddy,24-11-1992,Female,Single,Bachelors,Bangalore,Karnataka,India,13-04-2020,False
EMP190F,Arjun,Kumari,17-09-1979,Female,Married,Bachelors,Mumbai,Maharashtra,India,05-11-2022,True
EMP191F,William,Miller,28-10-1986,Male,Divorced,High School,New York,New York,US,16-06-2019,True
EMP192F,Amit,Iyer,08-03-1995,Female,Single,Masters,Chennai,Tamil Nadu,India,17-10-2025,False
EMP193F,Michael,Miller,19-03-1998,Female,Married,Masters,Chicago,Illinois,US,12-03-2017,True
EMP194F,Patricia,Brown,25-07-1968,Male,Single,Bachelors,Seattle,Washington,US,29-06-2022,True
EMP195F,Amelia,Clark,16-12-1987,Male,Divorced,Bachelors,Manchester,England,UK,27-10-2020,False
EMP196F,George,Evans,04-07-1994,Female,Single,Bachelors,Edinburgh,Scotland,UK,26-07-2023,True
EMP197F,Vikram,Verma,10-02-1972,Male,Single,Masters,Chennai,Tamil Nadu,India,12-08-2019,True
EMP198F,Pooja,Patel,01-01-1975,Female,Single,Masters,Mumbai,Maharashtra,India,06-08-2026,True
EMP199F,Patricia,Rodriguez,29-04-1996,Female,Single,Masters,San Francisco,California,US,17-06-2017,True
EMP200F,Michael,Smith,17-03-1973,Female,Married,Bachelors,San Francisco,California,US,24-03-2024,True
EMP201F,William,Johnson,31-10-1970,Female,Married,Bachelors,San Francisco,California,US,12-08-2021,True
EMP202F,Amelia,Clark,01-12-1978,Female,Married,Bachelors,London,England,UK,26-11-2020,True
EMP203F,Arjun,Gupta,22-01-1985,Male,Married,PhD,New Delhi,Delhi,India,22-12-2015,True
EMP204F,Kavita,Bose,30-06-1989,Male,Married,Bachelors,Hyderabad,Telangana,India,31-07-2025,True
EMP205F,Jacob,Williams,12-06-1992,Male,Divorced,Masters,Edinburgh,Scotland,UK,16-05-2026,True
EMP206F,Poppy,Evans,22-09-1998,Female,Married,Masters,London,England,UK,13-06-2017,False
EMP207F,Barbara,Brown,19-01-1986,Male,Single,High School,Chicago,Illinois,US,13-10-2017,True
EMP208F,Pooja,Mishra,23-04-1973,Male,Married,Diploma,Hyderabad,Telangana,India,28-08-2018,True
EMP209F,Rakesh,Patel,10-10-1992,Female,Single,Masters,Chennai,Tamil Nadu,India,22-05-2020,False
EMP210F,Olivia,Williams,29-05-1990,Female,Single,Masters,Birmingham,England,UK,12-05-2018,True
EMP211F,Elizabeth,Johnson,05-06-1992,Female,Married,High School,Seattle,Washington,US,12-01-2023,True
EMP212F,David,Martinez,10-10-2002,Female,Single,Masters,Seattle,Washington,US,19-12-2022,False
EMP213F,Robert,Rodriguez,29-06-2004,Female,Married,Bachelors,Chicago,Illinois,US,25-06-2017,True
EMP214F,David,Brown,27-02-1965,Male,Married,Bachelors,Chicago,Illinois,US,10-08-2024,True
EMP215F,Amelia,Evans,11-05-1970,Female,Married,Diploma,Edinburgh,Scotland,UK,28-03-2019,True
EMP216F,Barbara,Miller,15-04-1967,Male,Married,Bachelors,Chicago,Illinois,US,11-06-2023,True
EMP217F,Patricia,Rodriguez,25-03-1970,Female,Single,Bachelors,Chicago,Illinois,US,10-11-2017,True
EMP218F,Sneha,Sharma,26-01-1988,Female,Single,Diploma,Mumbai,Maharashtra,India,12-06-2022,True
EMP219F,Neha,Verma,17-03-1999,Female,Married,Masters,Hyderabad,Telangana,India,27-03-2015,True
EMP220F,Harry,Roberts,23-05-1991,Female,Married,Masters,Edinburgh,Scotland,UK,14-04-2020,True
EMP221F,Robert,Garcia,27-07-1976,Male,Married,Masters,New York,New York,US,10-09-2025,False
EMP222F,George,Williams,09-12-2002,Female,Married,Bachelors,Birmingham,England,UK,16-06-2021,True
EMP223F,David,Smith,20-02-1970,Male,Divorced,Masters,San Francisco,California,US,20-02-2019,True
EMP224F,Jack,Clark,03-07-1979,Male,Single,Diploma,Birmingham,England,UK,30-06-2017,True
EMP225F,Manish,Patel,10-04-1998,Male,Married,PhD,Mumbai,Maharashtra,India,27-08-2015,True
EMP226F,Michael,Davis,29-05-1980,Male,Married,Bachelors,New York,New York,US,13-08-2023,True
EMP227F,Mary,Johnson,19-04-1996,Male,Married,Masters,Seattle,Washington,US,29-12-2018,True
EMP228F,Neha,Bose,17-07-1969,Female,Single,Diploma,Mumbai,Maharashtra,India,14-07-2019,True
EMP229F,Michael,Johnson,08-09-1976,Male,Single,Bachelors,Austin,Texas,US,04-07-2018,True
EMP230F,Priya,Singh,13-07-1993,Male,Married,Bachelors,Chennai,Tamil Nadu,India,18-08-2023,True
EMP231F,Charlie,Clark,26-05-1992,Female,Single,Bachelors,Edinburgh,Scotland,UK,24-02-2024,False
EMP232F,Jacob,Thomas,16-06-1991,Female,Single,Diploma,London,England,UK,22-10-2016,True
EMP233F,Jack,Clark,03-03-1996,Female,Single,Masters,Birmingham,England,UK,19-09-2020,True
EMP234F,Jacob,Davies,18-08-2001,Female,Single,PhD,Glasgow,Scotland,UK,13-10-2018,True
EMP235F,David,Miller,03-06-1968,Male,Married,Masters,Austin,Texas,US,09-05-2018,True
EMP236F,Amit,Gupta,22-12-1966,Female,Married,Bachelors,Mumbai,Maharashtra,India,30-11-2019,True
EMP237F,Jacob,Davies,26-10-2002,Male,Single,Bachelors,Birmingham,England,UK,01-02-2022,True
EMP238F,Rakesh,Iyer,24-03-1977,Female,Married,Masters,Mumbai,Maharashtra,India,13-09-2016,True
EMP239F,Vikram,Patel,18-02-2001,Female,Single,Masters,Chennai,Tamil Nadu,India,03-08-2016,True
EMP240F,Rakesh,Kumari,16-07-1985,Female,Single,Bachelors,Mumbai,Maharashtra,India,13-06-2024,True
EMP241F,Jennifer,Miller,04-12-1980,Female,Married,Diploma,Seattle,Washington,US,02-10-2016,True
EMP242F,Sanjay,Kumar,02-04-1992,Male,Single,PhD,Bangalore,Karnataka,India,24-05-2025,True
EMP243F,Patricia,Johnson,01-09-1973,Female,Divorced,Bachelors,New York,New York,US,24-10-2018,True
EMP244F,Jack,Brown,26-01-1993,Female,Married,High School,Birmingham,England,UK,25-07-2017,True
EMP245F,Neha,Verma,13-06-2001,Male,Single,PhD,Hyderabad,Telangana,India,05-01-2018,True
EMP246F,Rahul,Chauhan,25-05-1999,Female,Married,Bachelors,Mumbai,Maharashtra,India,22-06-2023,True
EMP247F,Charlie,Thomas,24-03-1983,Female,Married,Bachelors,London,England,UK,26-03-2018,False
EMP248F,Robert,Martinez,23-11-1972,Female,Single,Masters,Chicago,Illinois,US,04-09-2015,True
EMP249F,John,Brown,28-03-2003,Female,Single,Bachelors,Seattle,Washington,US,03-02-2023,True
EMP250F,William,Williams,29-11-1976,Male,Single,Bachelors,Chicago,Illinois,US,11-12-2020,True
EMP251F,Jacob,Davies,19-09-1987,Male,Divorced,Diploma,Edinburgh,Scotland,UK,17-01-2024,True
EMP252F,Kavita,Mishra,17-06-1986,Female,Divorced,Bachelors,Bangalore,Karnataka,India,16-09-2015,True
EMP253F,Emily,Evans,21-07-1972,Female,Single,Masters,Edinburgh,Scotland,UK,07-11-2022,True
EMP254F,Charlie,Davies,29-11-1977,Male,Married,Diploma,London,England,UK,03-11-2019,True
EMP255F,Pooja,Kumar,11-08-1970,Male,Single,Masters,Chennai,Tamil Nadu,India,08-10-2020,True
EMP256F,David,Miller,15-10-1983,Male,Married,Masters,New York,New York,US,25-03-2026,True
EMP257F,Poppy,Taylor,05-05-2001,Male,Single,PhD,Edinburgh,Scotland,UK,26-03-2026,True
EMP258F,Jennifer,Brown,03-01-1984,Female,Divorced,Bachelors,New York,New York,US,12-05-2025,True
EMP259F,Amelia,Roberts,02-09-1981,Female,Married,Bachelors,Edinburgh,Scotland,UK,01-01-2017,True
EMP260F,Jacob,Wilson,01-06-1971,Female,Single,Bachelors,Birmingham,England,UK,17-10-2024,False
EMP261F,John,Miller,31-03-1991,Female,Married,Masters,New York,New York,US,01-10-2017,True
EMP262F,Thomas,Thomas,26-04-2004,Female,Divorced,Bachelors,Manchester,England,UK,08-07-2016,True
EMP263F,Pooja,Nayak,27-03-1975,Male,Married,Bachelors,New Delhi,Delhi,India,25-02-2024,False
EMP264F,Kiran,Singh,13-07-1998,Male,Single,Bachelors,Bangalore,Karnataka,India,08-10-2023,True
EMP265F,Kiran,Gupta,22-03-1984,Female,Single,Masters,Hyderabad,Telangana,India,16-09-2018,True
EMP266F,Vikram,Reddy,21-06-1992,Male,Married,Bachelors,Mumbai,Maharashtra,India,19-05-2026,True
EMP267F,Olivia,Evans,22-01-1995,Male,Married,Bachelors,Manchester,England,UK,20-08-2023,True
EMP268F,Amelia,Jones,10-05-1968,Male,Single,Bachelors,Manchester,England,UK,30-09-2021,True
EMP269F,Charlie,Wilson,05-03-1972,Male,Single,Masters,London,England,UK,04-12-2017,True
EMP270F,Poppy,Brown,16-07-1975,Male,Married,Masters,Manchester,England,UK,22-08-2019,True
EMP271F,Isla,Clark,14-04-1998,Female,Married,High School,Birmingham,England,UK,05-02-2020,True
EMP272F,Jacob,Evans,23-03-1977,Male,Single,Bachelors,Manchester,England,UK,27-09-2025,True
EMP273F,Jacob,Taylor,31-05-1976,Female,Single,Masters,Manchester,England,UK,11-07-2015,False
EMP274F,Rakesh,Patel,18-11-2003,Male,Single,Masters,New Delhi,Delhi,India,25-09-2020,True
EMP275F,Barbara,Brown,21-07-1975,Male,Married,Masters,San Francisco,California,US,26-01-2022,False
EMP276F,Amit,Patel,19-05-1996,Male,Married,Masters,Hyderabad,Telangana,India,05-02-2020,True
EMP277F,Olivia,Thomas,03-04-1998,Female,Married,Bachelors,Glasgow,Scotland,UK,23-06-2026,False
EMP278F,Rahul,Mishra,22-08-1989,Male,Married,High School,Mumbai,Maharashtra,India,30-04-2017,False
EMP279F,Elizabeth,Martinez,17-02-2001,Male,Married,Bachelors,San Francisco,California,US,20-08-2019,True
EMP280F,James,Williams,23-06-1989,Male,Single,Bachelors,New York,New York,US,17-02-2024,True
EMP281F,David,Rodriguez,03-03-1990,Male,Single,Bachelors,Chicago,Illinois,US,25-07-2020,True
EMP282F,Linda,Martinez,01-01-1973,Female,Single,Bachelors,Chicago,Illinois,US,04-04-2025,True
EMP283F,Kiran,Sharma,07-01-2000,Male,Married,Bachelors,New Delhi,Delhi,India,04-02-2021,True
EMP284F,Ravi,Kumari,24-09-1993,Female,Married,Bachelors,Hyderabad,Telangana,India,25-09-2020,False
EMP285F,Manish,Kumar,09-12-1992,Female,Single,Bachelors,Hyderabad,Telangana,India,04-01-2024,True
EMP286F,David,Rodriguez,24-04-1976,Female,Divorced,Bachelors,New York,New York,US,18-03-2016,True
EMP287F,Linda,Martinez,16-12-1984,Male,Married,Diploma,San Francisco,California,US,05-05-2024,True
EMP288F,Jennifer,Martinez,07-01-1984,Female,Single,Masters,Chicago,Illinois,US,12-12-2016,True
EMP289F,Oliver,Roberts,22-03-1970,Male,Single,High School,Glasgow,Scotland,UK,22-07-2025,True
EMP290F,Priya,Reddy,24-04-2003,Female,Single,Masters,Bangalore,Karnataka,India,15-05-2024,True
EMP291F,Amelia,Jones,04-03-1977,Female,Married,Masters,Glasgow,Scotland,UK,23-06-2021,True
EMP292F,Olivia,Taylor,16-10-1984,Female,Married,Diploma,Glasgow,Scotland,UK,13-02-2026,True
EMP293F,Jack,Wilson,02-07-1975,Male,Single,Bachelors,Glasgow,Scotland,UK,25-10-2015,False
EMP294F,Thomas,Jones,06-05-1978,Male,Married,Masters,Edinburgh,Scotland,UK,02-03-2021,True
EMP295F,Sneha,Patel,31-07-2001,Female,Married,PhD,New Delhi,Delhi,India,21-06-2017,True
EMP296F,George,Thomas,02-05-1969,Female,Single,Bachelors,Manchester,England,UK,23-06-2021,True
EMP297F,Vikram,Das,30-10-1971,Female,Single,Bachelors,Mumbai,Maharashtra,India,10-06-2022,False
EMP298F,Amit,Kumar,30-04-1971,Male,Single,Bachelors,Chennai,Tamil Nadu,India,14-07-2025,True
EMP299F,Sanjay,Iyer,22-05-1972,Female,Single,Bachelors,Mumbai,Maharashtra,India,18-08-2026,True
EMP300F,Anjali,Gupta,06-11-1969,Male,Married,Masters,Chennai,Tamil Nadu,India,05-05-2021,True
EMP301F,Neha,Das,14-03-1998,Male,Married,Masters,New Delhi,Delhi,India,05-05-2019,True
EMP302F,Patricia,Martinez,24-01-1996,Female,Married,Masters,Austin,Texas,US,23-03-2020,True
EMP303F,Robert,Davis,22-01-1996,Female,Single,Bachelors,San Francisco,California,US,28-05-2021,True
EMP304F,Thomas,Thomas,29-04-1968,Male,Single,Bachelors,Glasgow,Scotland,UK,12-10-2017,True
EMP305F,George,Williams,09-09-1984,Male,Married,Bachelors,London,England,UK,14-12-2022,True
EMP306F,David,Smith,31-03-1989,Female,Single,Bachelors,Austin,Texas,US,13-08-2020,False
EMP307F,Priya,Sharma,21-05-1979,Female,Divorced,Masters,New Delhi,Delhi,India,09-12-2023,True
EMP308F,Jacob,Jones,10-02-2000,Female,Married,Bachelors,London,England,UK,13-05-2018,False
EMP309F,Linda,Miller,03-09-1990,Male,Married,Bachelors,New York,New York,US,08-02-2024,True
EMP310F,Neha,Gupta,18-10-1991,Male,Married,Bachelors,Bangalore,Karnataka,India,20-09-2015,True
EMP311F,Charlie,Roberts,19-05-1996,Male,Married,Masters,Glasgow,Scotland,UK,15-05-2015,False
EMP312F,Kiran,Chauhan,01-09-1968,Female,Married,Diploma,Bangalore,Karnataka,India,03-12-2017,True
EMP313F,Olivia,Davies,15-09-2004,Male,Married,Masters,Edinburgh,Scotland,UK,31-05-2021,True
EMP314F,Kiran,Reddy,07-06-1988,Female,Married,Bachelors,New Delhi,Delhi,India,13-03-2023,True
EMP315F,Anjali,Mishra,22-09-1970,Male,Single,Masters,New Delhi,Delhi,India,16-11-2020,True
EMP316F,Kavita,Kumar,31-07-1987,Male,Married,Bachelors,Mumbai,Maharashtra,India,09-12-2018,True
EMP317F,Isla,Williams,23-10-1983,Female,Married,Bachelors,Birmingham,England,UK,24-08-2021,True
EMP318F,Patricia,Davis,07-11-1968,Female,Married,Masters,Austin,Texas,US,11-12-2018,True
EMP319F,Oliver,Evans,31-03-1994,Male,Single,Bachelors,Edinburgh,Scotland,UK,23-12-2018,True
EMP320F,George,Brown,20-08-1992,Female,Single,PhD,Manchester,England,UK,19-05-2015,True
EMP321F,Jack,Roberts,11-11-2003,Male,Single,Masters,Birmingham,England,UK,20-03-2023,True
EMP322F,Harry,Williams,03-01-1965,Female,Single,Masters,Birmingham,England,UK,19-09-2017,True
EMP323F,Manish,Das,04-06-1969,Female,Married,PhD,Chennai,Tamil Nadu,India,21-02-2024,True
EMP324F,Arjun,Nayak,21-11-1990,Female,Single,High School,Bangalore,Karnataka,India,13-06-2021,True
EMP325F,Priya,Sharma,27-03-1989,Female,Divorced,Masters,Bangalore,Karnataka,India,16-11-2019,False
EMP326F,Manish,Nayak,21-01-1977,Male,Single,Diploma,Hyderabad,Telangana,India,09-02-2022,True
EMP327F,George,Clark,24-05-1992,Female,Married,Bachelors,Glasgow,Scotland,UK,07-01-2020,True
EMP328F,Harry,Roberts,08-10-1992,Female,Married,Diploma,London,England,UK,14-07-2020,True
EMP329F,Isla,Clark,03-09-1991,Male,Single,Bachelors,Glasgow,Scotland,UK,21-11-2025,True
EMP330F,Sanjay,Das,21-01-1965,Female,Married,Masters,Hyderabad,Telangana,India,29-02-2016,True
EMP331F,Emily,Williams,20-01-1994,Male,Married,Bachelors,London,England,UK,19-11-2020,False
EMP332F,Kavita,Nayak,24-12-1994,Male,Married,Diploma,Hyderabad,Telangana,India,20-09-2024,True
EMP333F,Thomas,Williams,30-03-1969,Female,Married,Masters,London,England,UK,30-06-2023,True
EMP334F,Neha,Mishra,14-08-1980,Female,Single,Masters,Chennai,Tamil Nadu,India,29-01-2021,True
EMP335F,Kavita,Iyer,25-09-1965,Female,Married,Masters,Bangalore,Karnataka,India,13-03-2025,True
EMP336F,Isla,Roberts,24-11-2004,Male,Married,Diploma,Edinburgh,Scotland,UK,07-02-2019,True
EMP337F,Amelia,Davies,03-07-1982,Female,Single,Diploma,London,England,UK,25-04-2015,True
EMP338F,Michael,Williams,11-01-1978,Female,Married,Masters,San Francisco,California,US,15-11-2020,True
EMP339F,Harry,Thomas,20-04-1998,Female,Single,Masters,Glasgow,Scotland,UK,08-05-2021,True
EMP340F,George,Thomas,11-12-2001,Male,Single,PhD,Manchester,England,UK,26-10-2018,True
EMP341F,Patricia,Brown,09-05-1985,Male,Single,Diploma,Seattle,Washington,US,04-09-2019,True
EMP342F,Harry,Jones,01-03-1980,Male,Divorced,Bachelors,Glasgow,Scotland,UK,05-06-2018,True
EMP343F,Sneha,Gupta,30-07-2001,Female,Married,Masters,New Delhi,Delhi,India,30-12-2022,True
EMP344F,Amelia,Jones,14-10-1965,Female,Single,Bachelors,Birmingham,England,UK,30-09-2021,True
EMP345F,George,Williams,02-08-1990,Female,Divorced,Bachelors,Glasgow,Scotland,UK,15-08-2016,False
EMP346F,John,Williams,06-12-2004,Female,Divorced,Bachelors,Seattle,Washington,US,26-02-2018,True
EMP347F,Elizabeth,Miller,20-04-1980,Male,Married,Masters,San Francisco,California,US,29-03-2021,True
EMP348F,Linda,Rodriguez,26-04-2002,Male,Married,Masters,Chicago,Illinois,US,04-07-2016,True
EMP349F,Sanjay,Patel,10-08-1987,Female,Single,Bachelors,Chennai,Tamil Nadu,India,19-10-2022,True
EMP350F,Rahul,Singh,08-01-1965,Male,Divorced,Bachelors,Hyderabad,Telangana,India,10-04-2023,False
EMP351F,Jack,Brown,21-11-1994,Female,Married,Masters,Birmingham,England,UK,07-10-2016,True
EMP352F,Olivia,Clark,05-04-1980,Male,Married,Bachelors,Birmingham,England,UK,07-12-2020,False
EMP353F,Poppy,Wilson,17-06-1994,Female,Single,Masters,Manchester,England,UK,23-08-2025,True
EMP354F,Jennifer,Miller,06-12-1975,Female,Single,Bachelors,Chicago,Illinois,US,21-05-2025,True
EMP355F,Neha,Das,03-07-1982,Male,Married,PhD,Mumbai,Maharashtra,India,22-06-2024,True
EMP356F,Elizabeth,Miller,21-09-1972,Female,Single,Bachelors,San Francisco,California,US,24-12-2021,True
EMP357F,Emily,Brown,20-01-1998,Male,Single,Bachelors,Edinburgh,Scotland,UK,16-12-2024,True
EMP358F,Oliver,Taylor,07-09-1977,Female,Single,Bachelors,London,England,UK,13-07-2024,True
EMP359F,Thomas,Taylor,07-08-1993,Male,Married,Bachelors,Edinburgh,Scotland,UK,09-12-2021,True
EMP360F,Jacob,Wilson,22-08-1981,Female,Divorced,Bachelors,Birmingham,England,UK,11-06-2023,True
EMP361F,Pooja,Mishra,03-05-1984,Female,Single,Bachelors,Hyderabad,Telangana,India,16-10-2018,True
EMP362F,Charlie,Williams,15-10-1983,Female,Single,Bachelors,London,England,UK,07-01-2020,False
EMP363F,David,Smith,21-11-1994,Male,Married,Masters,Chicago,Illinois,US,02-03-2026,False
EMP364F,Mary,Jones,10-09-1983,Female,Single,Bachelors,Chicago,Illinois,US,22-03-2024,True
EMP365F,Mary,Williams,26-10-1972,Female,Married,Bachelors,San Francisco,California,US,21-09-2020,True
EMP366F,Neha,Singh,27-02-1966,Female,Divorced,Bachelors,New Delhi,Delhi,India,24-06-2024,True
EMP367F,Arjun,Sharma,03-08-1998,Male,Single,Masters,Bangalore,Karnataka,India,06-01-2026,True
EMP368F,James,Garcia,09-01-1989,Male,Married,Bachelors,San Francisco,California,US,26-11-2015,True
EMP369F,Elizabeth,Miller,16-10-2002,Male,Single,Bachelors,San Francisco,California,US,02-03-2023,True
EMP370F,Isla,Evans,20-06-1967,Female,Married,Diploma,Glasgow,Scotland,UK,11-10-2019,False
EMP371F,Mary,Miller,29-09-1977,Female,Single,Masters,Chicago,Illinois,US,07-07-2019,True
EMP372F,Kavita,Chauhan,10-04-1965,Female,Married,Bachelors,Mumbai,Maharashtra,India,20-07-2026,True
EMP373F,David,Martinez,10-02-2003,Male,Single,Masters,Seattle,Washington,US,29-01-2023,True
EMP374F,Arjun,Kumar,14-08-1977,Female,Married,Bachelors,Mumbai,Maharashtra,India,11-03-2018,True
EMP375F,Thomas,Clark,07-08-1970,Female,Single,Diploma,London,England,UK,25-10-2024,True
EMP376F,Barbara,Garcia,29-06-1984,Male,Single,Diploma,Chicago,Illinois,US,14-08-2021,True
EMP377F,George,Wilson,15-11-1975,Male,Married,Bachelors,Manchester,England,UK,07-10-2024,False
EMP378F,Amelia,Wilson,27-10-1997,Male,Married,Bachelors,Glasgow,Scotland,UK,06-11-2023,True
EMP379F,Rakesh,Iyer,13-12-1972,Male,Married,Bachelors,Bangalore,Karnataka,India,01-08-2019,True
EMP380F,Rakesh,Sharma,24-09-2000,Male,Single,PhD,New Delhi,Delhi,India,14-05-2020,True
EMP381F,Robert,Martinez,15-08-1987,Male,Married,Bachelors,San Francisco,California,US,01-12-2019,True
EMP382F,Anjali,Reddy,22-11-1978,Female,Married,Bachelors,Chennai,Tamil Nadu,India,30-09-2015,True
EMP383F,Kavita,Mishra,03-09-1965,Female,Single,Bachelors,Mumbai,Maharashtra,India,07-12-2023,True
EMP384F,Robert,Jones,27-03-1983,Male,Divorced,Bachelors,San Francisco,California,US,25-01-2020,False
EMP385F,Charlie,Wilson,28-03-1996,Male,Married,Masters,Manchester,England,UK,25-09-2023,True
EMP386F,Rahul,Nayak,07-08-1987,Female,Married,PhD,Bangalore,Karnataka,India,11-02-2020,True
EMP387F,Arjun,Das,12-03-1977,Male,Single,Diploma,Hyderabad,Telangana,India,08-06-2019,True
EMP388F,Poppy,Evans,22-06-1969,Male,Married,Bachelors,Glasgow,Scotland,UK,27-02-2021,True
EMP389F,Thomas,Brown,27-05-1993,Female,Married,Bachelors,Glasgow,Scotland,UK,20-08-2016,True
EMP390F,Patricia,Brown,31-12-1997,Female,Married,Bachelors,Austin,Texas,US,28-06-2023,True
EMP391F,Amit,Iyer,30-08-2000,Female,Single,Bachelors,Hyderabad,Telangana,India,01-08-2025,False
EMP392F,Patricia,Rodriguez,17-05-1966,Female,Single,Masters,Austin,Texas,US,16-08-2026,True
EMP393F,Jennifer,Jones,15-03-1993,Female,Single,High School,San Francisco,California,US,28-03-2023,False
EMP394F,Patricia,Rodriguez,28-06-1991,Female,Married,Bachelors,New York,New York,US,25-04-2021,True
EMP395F,Amit,Das,10-01-1986,Female,Married,Masters,Chennai,Tamil Nadu,India,10-02-2016,True
EMP396F,Jack,Clark,18-04-1966,Female,Single,High School,Glasgow,Scotland,UK,06-06-2023,True
EMP397F,Jack,Clark,27-03-1991,Female,Married,Masters,Edinburgh,Scotland,UK,17-07-2021,False
EMP398F,Anjali,Chauhan,26-11-1984,Male,Divorced,Masters,Chennai,Tamil Nadu,India,27-03-2023,True
EMP399F,William,Smith,24-04-2000,Male,Married,Bachelors,Austin,Texas,US,21-05-2016,True
EMP400F,Manish,Bose,03-10-1972,Male,Married,Bachelors,Mumbai,Maharashtra,India,24-02-2015,True
EMP401F,Anjali,Iyer,24-12-1991,Female,Married,Diploma,Mumbai,Maharashtra,India,11-10-2025,True
EMP402F,Mary,Miller,23-04-1995,Female,Married,PhD,Austin,Texas,US,27-05-2016,False
EMP403F,Thomas,Taylor,30-12-1972,Female,Married,Masters,London,England,UK,31-12-2023,True
EMP404F,Priya,Chauhan,30-09-1989,Female,Married,Bachelors,New Delhi,Delhi,India,18-04-2024,True
EMP405F,Vikram,Mishra,28-02-1997,Male,Single,Bachelors,Mumbai,Maharashtra,India,04-04-2018,True
EMP406F,Sneha,Verma,12-08-1980,Male,Married,Bachelors,Hyderabad,Telangana,India,14-12-2020,True
EMP407F,Sanjay,Nayak,13-08-1967,Male,Divorced,Bachelors,Hyderabad,Telangana,India,02-03-2018,True
EMP408F,Sneha,Bose,29-12-1984,Male,Single,Bachelors,Hyderabad,Telangana,India,08-09-2018,True
EMP409F,Priya,Verma,05-01-1971,Female,Married,Masters,Bangalore,Karnataka,India,29-01-2022,True
EMP410F,Thomas,Thomas,06-06-2002,Male,Single,Diploma,London,England,UK,31-07-2016,True
EMP411F,Elizabeth,Brown,11-09-1982,Male,Single,Masters,Seattle,Washington,US,03-01-2024,True
EMP412F,Ravi,Nayak,10-11-1970,Female,Married,Masters,Chennai,Tamil Nadu,India,16-04-2021,True
EMP413F,Emily,Brown,13-09-1978,Male,Married,Masters,Birmingham,England,UK,29-04-2021,True
EMP414F,Amelia,Roberts,31-08-1992,Male,Married,Bachelors,Birmingham,England,UK,12-01-2015,True
EMP415F,David,Garcia,22-02-1990,Male,Single,Bachelors,Chicago,Illinois,US,31-01-2022,True
EMP416F,Jack,Clark,05-02-1974,Female,Single,Masters,Manchester,England,UK,14-12-2016,True
EMP417F,David,Jones,13-09-1967,Male,Single,Bachelors,New York,New York,US,17-09-2021,True
EMP418F,Patricia,Garcia,27-09-1987,Female,Married,Bachelors,Seattle,Washington,US,12-11-2017,False
EMP419F,Barbara,Rodriguez,18-01-1979,Male,Married,Bachelors,San Francisco,California,US,11-10-2016,True
EMP420F,Amit,Das,09-10-1998,Female,Single,PhD,Chennai,Tamil Nadu,India,13-06-2023,True
EMP421F,Charlie,Williams,11-08-1983,Male,Married,PhD,Manchester,England,UK,04-02-2024,True
EMP422F,Oliver,Wilson,04-08-1993,Female,Married,Diploma,Edinburgh,Scotland,UK,03-11-2020,False
EMP423F,Neha,Kumari,11-06-2004,Female,Married,PhD,Hyderabad,Telangana,India,03-07-2016,False
EMP424F,Kiran,Gupta,08-11-1995,Male,Married,PhD,Chennai,Tamil Nadu,India,08-09-2022,True
EMP425F,David,Johnson,12-03-1986,Male,Married,Bachelors,Seattle,Washington,US,19-01-2024,True
EMP426F,William,Johnson,28-12-1976,Male,Married,Bachelors,Austin,Texas,US,18-08-2024,True
EMP427F,Amelia,Thomas,06-06-1965,Male,Married,Bachelors,London,England,UK,09-01-2024,True
EMP428F,Barbara,Johnson,22-02-1988,Female,Married,High School,Seattle,Washington,US,01-01-2016,False
EMP429F,Pooja,Kumar,17-03-1974,Male,Single,Masters,Mumbai,Maharashtra,India,02-06-2016,True
EMP430F,David,Jones,08-02-1994,Female,Single,Bachelors,San Francisco,California,US,24-07-2025,True
EMP431F,Jacob,Thomas,14-08-2004,Female,Divorced,Masters,London,England,UK,07-04-2018,True
EMP432F,Ravi,Nayak,19-03-1969,Male,Single,Masters,Hyderabad,Telangana,India,23-08-2018,True
EMP433F,Barbara,Rodriguez,17-11-1970,Male,Single,High School,Chicago,Illinois,US,21-02-2020,True
EMP434F,Ravi,Singh,30-08-1980,Male,Married,Bachelors,Chennai,Tamil Nadu,India,23-04-2019,True
EMP435F,Jacob,Thomas,11-05-1987,Male,Married,Bachelors,Glasgow,Scotland,UK,30-08-2021,True
EMP436F,Anjali,Kumar,05-02-1975,Male,Married,Masters,Bangalore,Karnataka,India,01-12-2017,True
EMP437F,Robert,Johnson,17-08-1977,Male,Married,Bachelors,San Francisco,California,US,10-02-2016,True
EMP438F,Linda,Garcia,20-11-1983,Male,Married,High School,Austin,Texas,US,07-02-2019,False
EMP439F,Sanjay,Reddy,20-10-2003,Male,Married,Bachelors,New Delhi,Delhi,India,22-03-2021,True
EMP440F,Poppy,Wilson,24-05-2002,Female,Married,Bachelors,Edinburgh,Scotland,UK,27-07-2019,True
EMP441F,Elizabeth,Jones,15-06-1972,Female,Married,Masters,San Francisco,California,US,17-04-2023,True
EMP442F,Patricia,Davis,27-05-1970,Male,Divorced,Bachelors,San Francisco,California,US,02-01-2022,True
EMP443F,Amelia,Taylor,29-04-1969,Male,Divorced,Masters,Birmingham,England,UK,03-05-2024,True
EMP444F,Amelia,Brown,31-10-1990,Female,Single,PhD,Birmingham,England,UK,06-01-2018,True
EMP445F,Poppy,Thomas,01-03-1987,Female,Married,Bachelors,London,England,UK,30-10-2020,False
EMP446F,William,Williams,09-02-1968,Male,Single,Masters,Chicago,Illinois,US,30-12-2025,True
EMP447F,Poppy,Brown,25-02-1966,Female,Single,Masters,London,England,UK,09-08-2021,True
EMP448F,Amelia,Taylor,23-10-1979,Female,Married,PhD,Birmingham,England,UK,15-04-2015,True
EMP449F,James,Miller,15-09-1969,Female,Single,Diploma,New York,New York,US,13-02-2023,True
EMP450F,Neha,Kumar,09-07-1974,Male,Married,Masters,New Delhi,Delhi,India,26-12-2021,True
EMP451F,Barbara,Jones,10-06-1991,Male,Married,Bachelors,Austin,Texas,US,11-06-2024,True
EMP452F,James,Smith,26-09-1989,Male,Married,Masters,Seattle,Washington,US,27-08-2020,True
EMP453F,Isla,Evans,12-09-1984,Female,Married,Bachelors,Edinburgh,Scotland,UK,24-04-2025,True
EMP454F,William,Miller,17-11-2000,Male,Married,High School,New York,New York,US,06-02-2022,True
EMP455F,Jack,Williams,15-03-1994,Female,Married,Bachelors,Manchester,England,UK,23-02-2024,True
EMP456F,Jack,Wilson,28-07-1987,Male,Married,Bachelors,London,England,UK,05-11-2016,True
EMP457F,Charlie,Jones,12-05-1999,Male,Single,Bachelors,Manchester,England,UK,31-12-2021,True
EMP458F,Harry,Williams,02-02-1991,Male,Single,Bachelors,Edinburgh,Scotland,UK,28-11-2016,True
EMP459F,Patricia,Miller,31-08-1971,Female,Single,High School,Seattle,Washington,US,10-11-2017,True
EMP460F,Kavita,Das,16-07-1986,Male,Married,Masters,Chennai,Tamil Nadu,India,25-02-2019,False
EMP461F,Charlie,Jones,25-06-1998,Female,Single,Diploma,London,England,UK,25-09-2018,True
EMP462F,Amit,Das,29-07-1996,Male,Single,Masters,Mumbai,Maharashtra,India,12-02-2021,True
EMP463F,Rahul,Bose,28-02-1993,Male,Single,Masters,Hyderabad,Telangana,India,19-03-2022,True
EMP464F,James,Jones,27-05-1968,Male,Divorced,Masters,New York,New York,US,16-08-2018,True
EMP465F,Jennifer,Smith,20-06-1967,Female,Single,High School,Seattle,Washington,US,13-11-2023,True
EMP466F,Poppy,Taylor,01-06-1966,Female,Single,Bachelors,Birmingham,England,UK,20-01-2026,True
EMP467F,Michael,Rodriguez,23-05-1990,Female,Married,Masters,Seattle,Washington,US,05-02-2026,True
EMP468F,William,Brown,03-06-1998,Male,Single,Masters,Austin,Texas,US,28-07-2018,False
EMP469F,Poppy,Jones,10-08-1965,Male,Married,Bachelors,Birmingham,England,UK,24-02-2020,True
EMP470F,Barbara,Miller,31-10-1979,Male,Single,Bachelors,San Francisco,California,US,21-01-2021,True
EMP471F,Linda,Johnson,10-06-1984,Male,Divorced,Bachelors,Chicago,Illinois,US,04-12-2024,True
EMP472F,Rakesh,Chauhan,17-03-1986,Male,Divorced,Masters,Hyderabad,Telangana,India,04-10-2015,True
EMP473F,Arjun,Singh,03-06-1965,Female,Divorced,Masters,Chennai,Tamil Nadu,India,24-03-2026,True
EMP474F,Olivia,Taylor,13-01-1997,Female,Single,Diploma,Edinburgh,Scotland,UK,23-05-2016,True
EMP475F,Robert,Rodriguez,05-10-1976,Female,Married,Bachelors,New York,New York,US,16-09-2021,True
EMP476F,Michael,Williams,25-12-2001,Male,Married,Masters,Chicago,Illinois,US,17-09-2022,True
EMP477F,Manish,Iyer,28-09-1990,Male,Married,Bachelors,Chennai,Tamil Nadu,India,12-10-2016,False
EMP478F,Isla,Taylor,18-08-1968,Male,Single,Bachelors,Manchester,England,UK,25-03-2024,True
EMP479F,Charlie,Thomas,03-03-1992,Female,Married,Bachelors,Glasgow,Scotland,UK,06-07-2016,True
EMP480F,Harry,Clark,26-04-1971,Female,Married,High School,Manchester,England,UK,16-04-2016,False
EMP481F,Ravi,Reddy,25-07-1999,Female,Married,Bachelors,Mumbai,Maharashtra,India,12-03-2019,True
EMP482F,James,Garcia,28-03-1998,Female,Married,Masters,New York,New York,US,05-08-2026,True
EMP483F,Poppy,Thomas,28-02-1970,Male,Single,Bachelors,Manchester,England,UK,27-11-2020,True
EMP484F,Vikram,Reddy,29-07-1990,Female,Married,High School,Mumbai,Maharashtra,India,16-01-2025,False
EMP485F,Sneha,Sharma,14-01-2003,Female,Single,High School,Bangalore,Karnataka,India,07-08-2017,True
EMP486F,Amelia,Evans,03-11-1998,Female,Married,Masters,London,England,UK,31-07-2019,False
EMP487F,Rakesh,Patel,18-01-1998,Male,Single,Bachelors,Hyderabad,Telangana,India,29-02-2016,True
EMP488F,Jack,Roberts,25-06-1971,Male,Divorced,Masters,Manchester,England,UK,31-03-2018,True
EMP489F,John,Smith,29-09-1985,Male,Married,Bachelors,Chicago,Illinois,US,01-08-2025,True
EMP490F,Isla,Williams,17-05-1980,Female,Married,Bachelors,Birmingham,England,UK,11-08-2015,True
EMP491F,Jacob,Clark,27-04-2004,Male,Married,Bachelors,Manchester,England,UK,05-09-2017,True
EMP492F,Pooja,Patel,21-05-1983,Female,Married,Bachelors,Hyderabad,Telangana,India,26-04-2016,True
EMP493F,Jennifer,Rodriguez,01-06-2002,Female,Divorced,Bachelors,Seattle,Washington,US,10-06-2026,True
EMP494F,Thomas,Thomas,10-06-1980,Female,Married,Bachelors,London,England,UK,21-12-2022,False
EMP495F,Isla,Roberts,06-02-1977,Female,Single,Bachelors,Manchester,England,UK,19-12-2020,False
EMP496F,Kiran,Gupta,27-06-1985,Female,Single,Bachelors,Chennai,Tamil Nadu,India,06-01-2022,True
EMP497F,Michael,Brown,10-01-1984,Male,Single,High School,Austin,Texas,US,09-01-2015,True
EMP498F,Jack,Roberts,06-12-1970,Female,Married,Bachelors,Edinburgh,Scotland,UK,02-07-2021,True
EMP499F,Poppy,Thomas,26-05-1992,Male,Single,Bachelors,Manchester,England,UK,17-11-2020,True
EMP500F,David,Miller,27-11-1970,Female,Single,Diploma,New York,New York,US,23-12-2019,False
EMP501F,Kiran,Patel,11-11-2003,Female,Single,High School,Hyderabad,Telangana,India,15-02-2018,True
EMP502F,Jacob,Wilson,17-06-1966,Female,Single,Masters,Edinburgh,Scotland,UK,06-01-2023,True
EMP503F,George,Jones,07-06-1978,Female,Married,PhD,Manchester,England,UK,27-12-2020,True
EMP504F,Rakesh,Das,12-10-1980,Female,Married,Masters,Bangalore,Karnataka,India,30-12-2024,True
EMP505F,Harry,Taylor,05-11-1975,Male,Single,Masters,Manchester,England,UK,11-11-2016,True
EMP506F,Ravi,Kumar,12-10-1968,Male,Single,Bachelors,Hyderabad,Telangana,India,16-12-2018,True
EMP507F,Thomas,Brown,02-12-1977,Male,Married,Bachelors,Manchester,England,UK,03-04-2024,True
EMP508F,Linda,Jones,17-02-1970,Female,Divorced,Bachelors,Austin,Texas,US,17-03-2019,True
EMP509F,Olivia,Roberts,06-02-1968,Male,Married,Diploma,Birmingham,England,UK,12-07-2018,True
EMP510F,Mary,Davis,02-03-1990,Male,Married,Bachelors,New York,New York,US,06-06-2021,True
EMP511F,Manish,Kumar,14-06-1997,Female,Divorced,Bachelors,Mumbai,Maharashtra,India,16-12-2021,False
EMP512F,Priya,Kumari,30-11-1966,Male,Single,Bachelors,Mumbai,Maharashtra,India,15-03-2020,True
EMP513F,John,Brown,19-11-1973,Male,Divorced,Bachelors,Seattle,Washington,US,26-10-2024,False
EMP514F,Jack,Clark,01-10-1988,Female,Divorced,Bachelors,London,England,UK,21-08-2022,True
EMP515F,Thomas,Davies,06-10-2004,Male,Single,Bachelors,Glasgow,Scotland,UK,08-03-2021,True
EMP516F,Rakesh,Sharma,11-09-1998,Female,Married,Bachelors,New Delhi,Delhi,India,18-02-2025,True
EMP517F,Linda,Brown,10-02-2003,Male,Divorced,Bachelors,Seattle,Washington,US,29-08-2015,True
EMP518F,Arjun,Patel,24-01-1967,Female,Single,Bachelors,Mumbai,Maharashtra,India,26-01-2018,True
EMP519F,Amelia,Clark,01-10-1967,Male,Single,Bachelors,London,England,UK,04-09-2025,True
EMP520F,Manish,Bose,01-03-1986,Female,Single,Masters,Bangalore,Karnataka,India,02-02-2025,True
EMP521F,Amelia,Brown,22-07-1972,Male,Divorced,Masters,Manchester,England,UK,12-01-2018,True
EMP522F,Charlie,Taylor,29-03-1987,Female,Single,Diploma,London,England,UK,27-03-2021,True
EMP523F,Arjun,Iyer,08-08-1997,Male,Single,Bachelors,New Delhi,Delhi,India,01-10-2018,True
EMP524F,Ravi,Verma,21-01-1972,Female,Single,Bachelors,New Delhi,Delhi,India,29-05-2021,False
EMP525F,Jack,Brown,27-09-2004,Male,Single,Diploma,Manchester,England,UK,17-04-2020,True
EMP526F,Jennifer,Miller,14-02-1995,Male,Married,Bachelors,New York,New York,US,09-12-2022,True
EMP527F,Emily,Taylor,12-06-2001,Male,Married,PhD,Glasgow,Scotland,UK,20-03-2018,True
EMP528F,Elizabeth,Davis,26-05-1966,Male,Married,Masters,Austin,Texas,US,30-01-2018,True
EMP529F,Emily,Jones,02-04-2002,Male,Single,Bachelors,London,England,UK,03-03-2020,True
EMP530F,Barbara,Martinez,08-12-1991,Female,Divorced,Bachelors,Austin,Texas,US,17-02-2021,True
EMP531F,William,Brown,05-02-1974,Female,Married,Bachelors,San Francisco,California,US,31-07-2019,True
EMP532F,Isla,Brown,04-06-1968,Male,Married,PhD,Edinburgh,Scotland,UK,26-01-2017,False
EMP533F,Patricia,Johnson,09-08-1992,Female,Married,Bachelors,San Francisco,California,US,28-08-2020,True
EMP534F,James,Garcia,04-01-1975,Male,Married,Bachelors,Chicago,Illinois,US,27-09-2025,True
EMP535F,Michael,Williams,08-09-1978,Male,Married,Diploma,Austin,Texas,US,21-05-2015,True
EMP536F,Jack,Davies,09-09-1994,Male,Single,Diploma,London,England,UK,23-03-2020,True
EMP537F,Patricia,Rodriguez,20-10-1982,Female,Married,Masters,San Francisco,California,US,24-08-2024,False
EMP538F,Thomas,Wilson,15-07-1983,Female,Married,Bachelors,Edinburgh,Scotland,UK,07-01-2015,True
EMP539F,Kiran,Bose,05-11-1990,Male,Married,Masters,Chennai,Tamil Nadu,India,06-01-2022,False
EMP540F,George,Taylor,11-07-1973,Female,Single,Bachelors,London,England,UK,05-11-2021,True
EMP541F,Kiran,Kumar,18-01-2003,Female,Single,Masters,New Delhi,Delhi,India,18-11-2017,True
EMP542F,Amit,Iyer,16-01-1974,Male,Single,Masters,Mumbai,Maharashtra,India,18-04-2015,True
EMP543F,Elizabeth,Johnson,16-03-1980,Male,Divorced,Bachelors,New York,New York,US,12-07-2023,False
EMP544F,Charlie,Davies,09-09-1991,Female,Married,Bachelors,Edinburgh,Scotland,UK,21-04-2018,True
EMP545F,Amit,Gupta,03-09-1983,Male,Married,Masters,Mumbai,Maharashtra,India,27-04-2021,True
EMP546F,Emily,Davies,31-12-1975,Male,Married,Masters,Manchester,England,UK,07-07-2019,True
EMP547F,Patricia,Rodriguez,30-05-2004,Female,Single,Masters,Seattle,Washington,US,06-04-2017,True
EMP548F,Pooja,Iyer,17-11-1992,Female,Single,PhD,Hyderabad,Telangana,India,03-09-2024,True
EMP549F,Poppy,Brown,27-03-1981,Male,Single,Bachelors,Glasgow,Scotland,UK,15-07-2016,True
EMP550F,Rakesh,Iyer,18-08-1977,Male,Married,Bachelors,Chennai,Tamil Nadu,India,18-07-2026,True
EMP551F,Isla,Wilson,27-11-1978,Female,Single,Bachelors,Edinburgh,Scotland,UK,20-04-2017,True
EMP552F,Charlie,Davies,26-07-1968,Female,Married,Bachelors,Manchester,England,UK,25-10-2019,True
EMP553F,Harry,Evans,19-09-1970,Female,Divorced,Bachelors,London,England,UK,24-06-2023,True
EMP554F,Charlie,Davies,21-12-1999,Female,Married,Masters,Birmingham,England,UK,17-07-2026,False
EMP555F,Vikram,Kumari,12-06-1998,Female,Single,High School,Mumbai,Maharashtra,India,31-10-2016,True
EMP556F,Patricia,Davis,24-10-1975,Female,Single,Diploma,San Francisco,California,US,02-02-2022,True
EMP557F,Rahul,Mishra,27-11-1989,Male,Single,Masters,Bangalore,Karnataka,India,18-02-2015,True
EMP558F,Kavita,Mishra,20-03-1975,Female,Divorced,Diploma,New Delhi,Delhi,India,21-01-2018,True
EMP559F,Robert,Johnson,30-03-1965,Female,Single,Bachelors,New York,New York,US,18-10-2020,True
EMP560F,Linda,Davis,29-07-1970,Female,Single,Bachelors,Chicago,Illinois,US,22-01-2024,True
EMP561F,Amit,Gupta,10-06-1990,Male,Single,Diploma,New Delhi,Delhi,India,25-06-2026,True
EMP562F,Olivia,Davies,09-08-1982,Female,Single,Bachelors,Edinburgh,Scotland,UK,06-08-2026,True
EMP563F,Kavita,Reddy,29-07-1977,Female,Divorced,Masters,Mumbai,Maharashtra,India,06-07-2024,True
EMP564F,David,Rodriguez,04-06-1984,Female,Married,Masters,Austin,Texas,US,24-06-2023,True
EMP565F,Priya,Gupta,04-10-1998,Female,Divorced,Bachelors,Bangalore,Karnataka,India,15-03-2025,True
EMP566F,Barbara,Jones,19-12-1994,Male,Single,Diploma,Austin,Texas,US,03-07-2023,True
EMP567F,David,Miller,31-03-1998,Male,Single,Diploma,Seattle,Washington,US,13-02-2023,False
EMP568F,John,Smith,26-05-1994,Female,Married,PhD,Austin,Texas,US,23-03-2023,True
EMP569F,John,Miller,03-07-1998,Male,Single,Bachelors,Chicago,Illinois,US,30-04-2019,True
EMP570F,Amit,Chauhan,28-12-1968,Female,Married,Bachelors,Hyderabad,Telangana,India,26-05-2015,True
EMP571F,Emily,Davies,12-10-1986,Male,Married,Diploma,London,England,UK,24-04-2023,True
EMP572F,Rahul,Bose,14-06-1982,Female,Married,Bachelors,Chennai,Tamil Nadu,India,22-05-2021,True
EMP573F,Olivia,Williams,09-12-1970,Female,Single,Masters,Glasgow,Scotland,UK,17-06-2024,True
EMP574F,Patricia,Davis,09-05-1970,Female,Single,Bachelors,New York,New York,US,07-09-2018,True
EMP575F,William,Davis,08-07-1980,Male,Married,Bachelors,New York,New York,US,21-02-2015,True
EMP576F,David,Davis,23-10-2004,Female,Married,Masters,Chicago,Illinois,US,23-08-2019,True
EMP577F,Kavita,Sharma,10-07-1983,Male,Single,Masters,Hyderabad,Telangana,India,23-10-2023,True
EMP578F,Isla,Jones,03-02-1989,Male,Single,Bachelors,Edinburgh,Scotland,UK,15-07-2025,True
EMP579F,Charlie,Thomas,01-04-1982,Female,Single,Bachelors,Edinburgh,Scotland,UK,24-01-2025,True
EMP580F,Jack,Taylor,05-04-1992,Male,Married,Bachelors,Glasgow,Scotland,UK,22-03-2019,True
EMP581F,Elizabeth,Smith,22-07-1979,Female,Divorced,Bachelors,San Francisco,California,US,31-05-2018,True
EMP582F,Mary,Martinez,15-02-1966,Male,Married,Bachelors,Austin,Texas,US,23-12-2015,True
EMP583F,Charlie,Taylor,05-11-2003,Male,Single,Bachelors,Edinburgh,Scotland,UK,01-05-2024,True
EMP584F,John,Rodriguez,21-12-1976,Female,Married,Diploma,New York,New York,US,04-12-2019,True
EMP585F,Elizabeth,Jones,01-02-1970,Female,Divorced,Bachelors,Chicago,Illinois,US,13-05-2022,True
EMP586F,Michael,Davis,08-09-1984,Male,Married,Masters,Austin,Texas,US,01-12-2025,True
EMP587F,George,Williams,26-10-1988,Male,Divorced,Bachelors,Birmingham,England,UK,23-05-2016,True
EMP588F,Poppy,Thomas,22-04-1992,Female,Married,High School,London,England,UK,04-09-2025,True
EMP589F,Anjali,Reddy,16-08-1999,Female,Single,Bachelors,Mumbai,Maharashtra,India,16-07-2017,True
EMP590F,Kavita,Verma,11-05-1971,Female,Married,Diploma,Chennai,Tamil Nadu,India,24-08-2015,True
EMP591F,Elizabeth,Garcia,31-03-1993,Male,Single,Masters,New York,New York,US,03-05-2023,True
EMP592F,John,Williams,30-09-2004,Male,Single,PhD,Seattle,Washington,US,12-03-2026,True
EMP593F,Ravi,Verma,07-02-1980,Male,Married,Masters,Chennai,Tamil Nadu,India,02-03-2021,True
EMP594F,Harry,Thomas,25-11-1969,Male,Married,PhD,Manchester,England,UK,06-01-2025,True
EMP595F,William,Rodriguez,28-05-1993,Male,Single,Masters,Seattle,Washington,US,06-07-2016,False
EMP596F,Jack,Taylor,12-04-1997,Male,Married,Masters,Manchester,England,UK,21-09-2020,True
EMP597F,Rahul,Bose,10-12-1967,Female,Divorced,Masters,Bangalore,Karnataka,India,03-09-2018,True
EMP598F,Rahul,Patel,26-12-1992,Male,Single,Masters,New Delhi,Delhi,India,20-02-2025,True
EMP599F,Amit,Singh,16-10-1996,Male,Divorced,Bachelors,Mumbai,Maharashtra,India,28-02-2020,True
EMP600F,George,Williams,10-06-1968,Male,Married,Bachelors,Glasgow,Scotland,UK,10-04-2025,True
EMP601F,Manish,Gupta,11-04-1965,Male,Single,Masters,Hyderabad,Telangana,India,21-04-2021,True
EMP602F,Emily,Thomas,05-07-1967,Male,Single,Bachelors,London,England,UK,03-06-2019,True
EMP603F,Oliver,Taylor,12-09-1969,Female,Married,Bachelors,Edinburgh,Scotland,UK,31-05-2025,False
EMP604F,Thomas,Jones,31-10-1965,Female,Married,Masters,Edinburgh,Scotland,UK,16-05-2018,True
EMP605F,Oliver,Evans,25-09-1971,Female,Married,Bachelors,Edinburgh,Scotland,UK,23-04-2023,True
EMP606F,Mary,Davis,04-06-1974,Male,Married,Bachelors,San Francisco,California,US,24-12-2024,True
EMP607F,Mary,Johnson,21-09-1972,Male,Married,Bachelors,Seattle,Washington,US,07-08-2026,True
EMP608F,Jack,Jones,15-12-1976,Female,Married,Bachelors,London,England,UK,26-02-2021,False
EMP609F,Michael,Johnson,20-06-1998,Male,Single,High School,Chicago,Illinois,US,18-10-2017,True
EMP610F,Harry,Jones,08-02-1981,Female,Married,Bachelors,Edinburgh,Scotland,UK,08-12-2024,True
EMP611F,Linda,Williams,04-06-2001,Female,Single,Bachelors,Seattle,Washington,US,13-04-2019,True
EMP612F,David,Brown,01-08-1973,Female,Married,Bachelors,Chicago,Illinois,US,17-11-2025,True
EMP613F,Anjali,Das,24-08-2003,Male,Divorced,Masters,New Delhi,Delhi,India,17-01-2016,True
EMP614F,Olivia,Taylor,07-03-1966,Female,Married,Masters,Manchester,England,UK,05-03-2017,False
EMP615F,Kiran,Bose,29-09-2002,Male,Married,Bachelors,Mumbai,Maharashtra,India,19-04-2016,True
EMP616F,Olivia,Brown,13-07-1989,Male,Married,Bachelors,Glasgow,Scotland,UK,24-03-2022,False
EMP617F,Kiran,Mishra,19-11-1985,Female,Married,Masters,Mumbai,Maharashtra,India,10-04-2019,True
EMP618F,Arjun,Das,15-04-2004,Male,Single,Bachelors,New Delhi,Delhi,India,11-04-2015,True
EMP619F,Vikram,Das,08-02-1985,Female,Married,Diploma,New Delhi,Delhi,India,23-11-2023,False
EMP620F,Kiran,Nayak,09-12-1984,Male,Single,Bachelors,Hyderabad,Telangana,India,11-12-2024,True
EMP621F,Priya,Patel,26-04-1992,Female,Married,Bachelors,New Delhi,Delhi,India,11-03-2017,True
EMP622F,James,Johnson,13-08-2001,Male,Married,Bachelors,Austin,Texas,US,09-05-2024,False
EMP623F,Jennifer,Williams,23-05-1988,Male,Single,Masters,Seattle,Washington,US,05-05-2018,True
EMP624F,Poppy,Davies,20-10-1969,Male,Single,Masters,Manchester,England,UK,11-05-2017,False
EMP625F,Ravi,Verma,02-07-1990,Female,Single,Bachelors,Mumbai,Maharashtra,India,04-12-2017,True
EMP626F,Barbara,Jones,27-05-1990,Female,Married,Diploma,Seattle,Washington,US,04-12-2018,True
EMP627F,Thomas,Wilson,30-07-1983,Male,Married,Masters,Edinburgh,Scotland,UK,22-12-2018,True
EMP628F,Emily,Thomas,18-06-1982,Female,Married,Masters,Edinburgh,Scotland,UK,17-03-2018,True
EMP629F,Isla,Williams,27-03-2000,Male,Married,Diploma,London,England,UK,09-12-2018,True
EMP630F,Emily,Davies,01-09-1994,Female,Divorced,Bachelors,Edinburgh,Scotland,UK,26-12-2018,True
EMP631F,William,Davis,03-09-1997,Male,Single,Bachelors,San Francisco,California,US,16-12-2016,True
EMP632F,Jennifer,Miller,15-12-1969,Female,Divorced,Diploma,Austin,Texas,US,13-01-2020,False
EMP633F,William,Williams,25-04-1984,Male,Married,PhD,San Francisco,California,US,05-04-2018,True
EMP634F,David,Davis,21-11-2001,Male,Married,Diploma,Austin,Texas,US,18-07-2025,False
EMP635F,Elizabeth,Martinez,30-12-1965,Female,Married,Bachelors,Seattle,Washington,US,18-04-2017,False
EMP636F,Harry,Thomas,03-07-1996,Male,Married,Masters,Edinburgh,Scotland,UK,15-08-2016,True
EMP637F,Anjali,Singh,21-08-2002,Female,Married,Masters,Mumbai,Maharashtra,India,15-03-2019,True
EMP638F,Pooja,Singh,29-05-2000,Male,Single,Bachelors,Bangalore,Karnataka,India,27-03-2025,True
EMP639F,Michael,Johnson,12-05-1984,Female,Married,Bachelors,Seattle,Washington,US,06-04-2025,True
EMP640F,Michael,Davis,15-10-1994,Female,Married,High School,New York,New York,US,09-06-2016,True
EMP641F,Patricia,Williams,23-11-1980,Male,Married,Masters,New York,New York,US,20-02-2025,True
EMP642F,Oliver,Clark,21-04-2002,Female,Divorced,Bachelors,Edinburgh,Scotland,UK,15-04-2025,True
EMP643F,Jacob,Williams,10-06-1987,Female,Single,Bachelors,Edinburgh,Scotland,UK,27-08-2026,True
EMP644F,David,Johnson,13-05-1986,Male,Married,Diploma,San Francisco,California,US,23-02-2024,True
EMP645F,Elizabeth,Rodriguez,03-07-2003,Male,Married,Masters,Chicago,Illinois,US,09-04-2017,True
EMP646F,William,Johnson,22-10-2004,Male,Married,Bachelors,San Francisco,California,US,08-05-2026,True
EMP647F,John,Johnson,14-07-1982,Male,Divorced,Bachelors,Austin,Texas,US,22-10-2016,True
EMP648F,Sanjay,Nayak,06-10-1980,Male,Married,Masters,Chennai,Tamil Nadu,India,30-09-2025,True
EMP649F,Jack,Thomas,12-12-2002,Female,Divorced,Bachelors,Edinburgh,Scotland,UK,14-02-2020,True
EMP650F,Olivia,Thomas,07-04-1980,Male,Married,Bachelors,Edinburgh,Scotland,UK,16-08-2015,True
EMP651F,Patricia,Jones,24-07-1997,Female,Married,Bachelors,New York,New York,US,16-08-2016,True
EMP652F,Thomas,Davies,13-04-1970,Male,Single,High School,Glasgow,Scotland,UK,19-08-2015,True
EMP653F,Michael,Smith,19-08-1997,Female,Married,High School,San Francisco,California,US,21-03-2018,True
EMP654F,Oliver,Taylor,09-02-1993,Female,Married,Masters,Birmingham,England,UK,09-01-2024,False
EMP655F,David,Smith,05-03-1975,Female,Single,Bachelors,San Francisco,California,US,17-11-2019,True
EMP656F,Charlie,Davies,11-08-1986,Female,Married,Masters,Manchester,England,UK,23-02-2019,False
EMP657F,Manish,Mishra,10-09-1991,Female,Married,Bachelors,Mumbai,Maharashtra,India,03-08-2026,True
EMP658F,Oliver,Williams,23-09-1979,Female,Single,Masters,Manchester,England,UK,25-07-2025,True
EMP659F,Linda,Jones,14-11-1977,Male,Married,Bachelors,New York,New York,US,20-08-2023,True
EMP660F,Mary,Garcia,05-12-1990,Female,Married,Masters,Austin,Texas,US,06-03-2025,True
EMP661F,Harry,Taylor,09-10-1967,Female,Married,Bachelors,Birmingham,England,UK,04-11-2023,True
EMP662F,Barbara,Garcia,23-10-1971,Female,Married,PhD,New York,New York,US,23-07-2024,True
EMP663F,Olivia,Thomas,22-06-1977,Male,Married,Masters,Glasgow,Scotland,UK,02-06-2024,True
EMP664F,George,Davies,28-05-1978,Female,Married,Masters,Glasgow,Scotland,UK,24-09-2023,True
EMP665F,Sanjay,Das,17-01-1969,Male,Divorced,Masters,Chennai,Tamil Nadu,India,22-07-2023,True
EMP666F,Michael,Davis,03-03-1989,Female,Married,Masters,New York,New York,US,27-12-2020,True
EMP667F,Kiran,Bose,22-04-1971,Male,Single,Masters,Mumbai,Maharashtra,India,29-10-2015,False
EMP668F,Isla,Taylor,20-09-1991,Male,Married,Masters,Birmingham,England,UK,21-06-2025,False
EMP669F,Priya,Patel,11-04-1997,Female,Single,Masters,Chennai,Tamil Nadu,India,21-02-2020,True
EMP670F,Michael,Williams,03-10-1998,Male,Married,Bachelors,New York,New York,US,28-04-2022,True
EMP671F,Robert,Johnson,07-07-1966,Male,Married,Masters,New York,New York,US,01-09-2017,True
EMP672F,Jennifer,Jones,25-11-1967,Male,Single,Bachelors,San Francisco,California,US,01-01-2025,True
EMP673F,Emily,Thomas,03-09-2003,Male,Married,Bachelors,Edinburgh,Scotland,UK,07-09-2024,True
EMP674F,Thomas,Evans,01-04-1998,Female,Married,Masters,Manchester,England,UK,15-08-2015,False
EMP675F,Robert,Johnson,22-09-1970,Male,Single,Bachelors,San Francisco,California,US,05-04-2018,True
EMP676F,Emily,Wilson,28-06-1981,Female,Divorced,Bachelors,Manchester,England,UK,29-06-2024,True
EMP677F,Thomas,Clark,24-03-1999,Female,Single,Diploma,Edinburgh,Scotland,UK,18-02-2019,False
EMP678F,John,Rodriguez,17-06-1966,Male,Married,Bachelors,Austin,Texas,US,29-04-2019,True
EMP679F,Poppy,Wilson,21-02-1982,Male,Single,Diploma,Manchester,England,UK,28-04-2022,True
EMP680F,Pooja,Kumar,01-08-1992,Female,Single,Masters,New Delhi,Delhi,India,13-10-2017,True
EMP681F,Linda,Garcia,19-12-1995,Male,Married,Bachelors,Chicago,Illinois,US,12-02-2023,True
EMP682F,Robert,Miller,12-10-1981,Male,Married,Diploma,Seattle,Washington,US,29-04-2021,True
EMP683F,Emily,Jones,06-11-2001,Male,Single,Masters,Glasgow,Scotland,UK,15-05-2016,False
EMP684F,John,Garcia,31-12-1985,Male,Single,High School,New York,New York,US,22-03-2020,True
EMP685F,Manish,Singh,23-11-1989,Female,Married,Bachelors,Hyderabad,Telangana,India,24-05-2024,True
EMP686F,Mary,Smith,18-07-1992,Female,Married,Bachelors,Seattle,Washington,US,27-06-2016,False
EMP687F,Amelia,Evans,14-09-1977,Male,Married,Masters,London,England,UK,18-01-2025,True
EMP688F,Oliver,Jones,14-12-1988,Male,Married,PhD,Manchester,England,UK,16-01-2026,True
EMP689F,Jacob,Clark,03-05-1974,Female,Married,PhD,Birmingham,England,UK,09-12-2025,True
EMP690F,Ravi,Bose,31-03-1995,Male,Divorced,Masters,Bangalore,Karnataka,India,07-08-2019,True
EMP691F,Sneha,Singh,09-10-2002,Female,Single,Bachelors,New Delhi,Delhi,India,16-12-2023,True
EMP692F,Sneha,Verma,12-04-1982,Male,Married,Bachelors,Mumbai,Maharashtra,India,19-07-2024,True
EMP693F,Kiran,Bose,17-12-1971,Female,Married,Diploma,Bangalore,Karnataka,India,26-05-2016,False
EMP694F,Linda,Johnson,29-09-1996,Female,Married,Masters,Austin,Texas,US,22-04-2019,True
EMP695F,Rahul,Patel,02-12-1990,Female,Single,Bachelors,Bangalore,Karnataka,India,26-07-2018,True
EMP696F,Poppy,Evans,03-07-1990,Female,Married,Bachelors,Birmingham,England,UK,20-03-2020,True
EMP697F,Patricia,Garcia,11-03-1986,Female,Single,Bachelors,Seattle,Washington,US,02-04-2017,True
EMP698F,Patricia,Davis,22-07-1983,Male,Married,Bachelors,Chicago,Illinois,US,14-11-2023,True
EMP699F,James,Brown,09-12-1970,Male,Married,Diploma,New York,New York,US,05-06-2016,True
EMP700F,Robert,Smith,06-06-1984,Female,Single,Bachelors,San Francisco,California,US,11-09-2025,True
EMP701F,Harry,Williams,30-04-1977,Male,Married,Bachelors,Edinburgh,Scotland,UK,10-02-2019,True
EMP702F,Olivia,Williams,10-10-2004,Female,Single,Bachelors,Glasgow,Scotland,UK,26-05-2026,True
EMP703F,Anjali,Bose,14-11-1995,Male,Married,Bachelors,Mumbai,Maharashtra,India,24-09-2024,True
EMP704F,Sanjay,Singh,28-06-1981,Male,Married,Bachelors,Chennai,Tamil Nadu,India,10-12-2015,True
EMP705F,Robert,Jones,04-02-1995,Male,Single,Masters,New York,New York,US,09-05-2016,True
EMP706F,Robert,Martinez,01-12-1999,Female,Married,Masters,San Francisco,California,US,28-06-2018,True
EMP707F,Arjun,Bose,25-03-1991,Female,Single,Masters,Bangalore,Karnataka,India,18-10-2025,False
EMP708F,Rakesh,Patel,13-06-1983,Female,Single,Bachelors,Bangalore,Karnataka,India,30-08-2025,True
EMP709F,Patricia,Garcia,17-10-1966,Female,Single,Bachelors,New York,New York,US,22-01-2023,True
EMP710F,Jennifer,Garcia,20-10-1967,Male,Divorced,Bachelors,Seattle,Washington,US,15-03-2017,True
EMP711F,Jacob,Davies,29-09-2003,Male,Single,Diploma,Glasgow,Scotland,UK,02-07-2022,True
EMP712F,Jack,Williams,21-02-1999,Female,Married,Bachelors,London,England,UK,07-05-2017,True
EMP713F,Anjali,Chauhan,22-08-1971,Male,Single,Diploma,Chennai,Tamil Nadu,India,23-08-2019,True
EMP714F,Jennifer,Williams,12-04-2003,Female,Single,High School,Seattle,Washington,US,14-01-2015,True
EMP715F,William,Jones,28-07-1967,Female,Married,Bachelors,New York,New York,US,07-07-2020,False
EMP716F,George,Evans,26-07-1992,Male,Single,Masters,Manchester,England,UK,24-06-2023,True
EMP717F,Amelia,Davies,26-06-1978,Female,Single,Masters,Glasgow,Scotland,UK,31-08-2024,True
EMP718F,Sneha,Kumar,20-05-1986,Male,Married,Diploma,Chennai,Tamil Nadu,India,02-03-2024,False
EMP719F,Pooja,Nayak,04-07-1966,Female,Single,Diploma,Mumbai,Maharashtra,India,16-05-2024,True
EMP720F,Amit,Mishra,06-11-1970,Male,Married,Masters,Chennai,Tamil Nadu,India,10-01-2016,True
EMP721F,Amelia,Clark,29-08-1987,Female,Single,Diploma,Glasgow,Scotland,UK,02-06-2016,True
EMP722F,Patricia,Rodriguez,01-04-2004,Female,Married,Masters,Chicago,Illinois,US,25-01-2024,True
EMP723F,Elizabeth,Miller,25-10-1996,Female,Married,Masters,Chicago,Illinois,US,17-11-2015,False
EMP724F,Rahul,Nayak,22-08-1992,Female,Divorced,Bachelors,Bangalore,Karnataka,India,01-11-2025,True
EMP725F,James,Rodriguez,14-07-1981,Male,Single,Bachelors,San Francisco,California,US,04-02-2016,True
EMP726F,William,Davis,20-01-1989,Male,Single,Masters,Chicago,Illinois,US,30-07-2021,True
EMP727F,Arjun,Bose,16-10-1977,Female,Married,Masters,Chennai,Tamil Nadu,India,01-05-2019,True
EMP728F,Neha,Mishra,23-12-1967,Male,Married,Masters,New Delhi,Delhi,India,27-11-2017,True
EMP729F,John,Garcia,24-11-1997,Female,Married,Diploma,New York,New York,US,26-04-2019,False
EMP730F,Neha,Gupta,03-07-2000,Male,Married,Bachelors,Hyderabad,Telangana,India,18-06-2019,True
EMP731F,Jack,Wilson,21-06-1980,Female,Married,Bachelors,Manchester,England,UK,03-06-2019,True
EMP732F,Olivia,Jones,14-02-1970,Female,Married,Bachelors,Birmingham,England,UK,30-05-2020,True
EMP733F,James,Martinez,05-04-1995,Female,Married,Bachelors,Austin,Texas,US,17-06-2016,True
EMP734F,Mary,Brown,29-12-1973,Male,Married,Bachelors,New York,New York,US,06-03-2021,True
EMP735F,Thomas,Wilson,12-06-1998,Female,Married,Masters,Manchester,England,UK,25-08-2021,True
EMP736F,Neha,Kumar,09-05-1979,Male,Single,Bachelors,Chennai,Tamil Nadu,India,29-09-2017,False
EMP737F,Barbara,Williams,04-05-1970,Female,Married,Diploma,Chicago,Illinois,US,03-08-2021,False
EMP738F,Kiran,Sharma,25-07-1966,Male,Married,Masters,Chennai,Tamil Nadu,India,19-06-2017,True
EMP739F,Jacob,Thomas,10-10-1973,Male,Married,Bachelors,London,England,UK,02-09-2017,False
EMP740F,Ravi,Kumari,12-06-1981,Female,Married,Masters,Mumbai,Maharashtra,India,13-11-2022,True
EMP741F,Jack,Clark,26-03-1974,Male,Married,Masters,Manchester,England,UK,27-04-2024,False
EMP742F,Kavita,Kumar,25-01-1983,Male,Single,Masters,Mumbai,Maharashtra,India,01-11-2020,True
EMP743F,Isla,Clark,21-04-1966,Male,Single,Masters,Glasgow,Scotland,UK,21-09-2018,True
EMP744F,Harry,Evans,12-07-2003,Male,Married,Bachelors,Edinburgh,Scotland,UK,15-10-2016,False
EMP745F,Arjun,Chauhan,05-12-1986,Male,Single,Masters,Mumbai,Maharashtra,India,29-03-2016,True
EMP746F,Poppy,Brown,04-09-1994,Male,Married,Bachelors,Manchester,England,UK,01-12-2019,True
EMP747F,George,Thomas,08-03-1972,Female,Married,Masters,Edinburgh,Scotland,UK,16-09-2023,True
EMP748F,Linda,Smith,02-05-1983,Male,Married,Diploma,Chicago,Illinois,US,20-05-2018,False
EMP749F,Rahul,Verma,27-10-1976,Male,Divorced,Masters,Bangalore,Karnataka,India,06-07-2015,True
EMP750F,Robert,Garcia,24-01-1996,Male,Married,Bachelors,Austin,Texas,US,23-02-2015,True
EMP751F,Vikram,Das,30-10-1971,Male,Married,Masters,Chennai,Tamil Nadu,India,21-02-2024,True
EMP752F,Emily,Brown,14-10-1984,Female,Married,Bachelors,Manchester,England,UK,20-10-2018,True
EMP753F,Amelia,Brown,19-06-1970,Male,Married,Bachelors,Birmingham,England,UK,10-12-2022,True
EMP754F,George,Williams,05-11-1976,Male,Married,Masters,London,England,UK,23-05-2023,False
EMP755F,Isla,Taylor,14-03-1966,Female,Married,Masters,Manchester,England,UK,16-04-2017,True
EMP756F,Rahul,Iyer,01-05-1996,Male,Married,Diploma,Bangalore,Karnataka,India,05-12-2017,True
EMP757F,Harry,Clark,18-02-1966,Male,Single,Masters,Edinburgh,Scotland,UK,31-12-2020,True
EMP758F,Vikram,Chauhan,30-12-1978,Male,Married,Bachelors,Bangalore,Karnataka,India,25-10-2021,True
EMP759F,Mary,Davis,24-12-1995,Female,Single,Bachelors,Chicago,Illinois,US,04-03-2022,True
EMP760F,Jacob,Wilson,08-07-1969,Female,Divorced,Bachelors,Glasgow,Scotland,UK,21-03-2020,False
EMP761F,James,Martinez,16-11-1991,Male,Married,High School,Seattle,Washington,US,30-07-2018,True
EMP762F,William,Williams,17-03-1985,Male,Married,Diploma,Austin,Texas,US,01-07-2017,True
EMP763F,Emily,Clark,30-05-1986,Male,Single,Bachelors,Edinburgh,Scotland,UK,13-08-2019,True
EMP764F,Poppy,Clark,09-07-1973,Male,Married,Bachelors,Glasgow,Scotland,UK,31-08-2025,True
EMP765F,Rakesh,Gupta,20-12-1977,Male,Single,High School,Mumbai,Maharashtra,India,13-08-2020,True
EMP766F,Emily,Evans,12-07-1984,Female,Single,Bachelors,Edinburgh,Scotland,UK,12-03-2021,False
EMP767F,Isla,Jones,07-03-1993,Female,Single,PhD,London,England,UK,07-06-2021,False
EMP768F,Amelia,Evans,02-03-1996,Male,Married,Bachelors,Edinburgh,Scotland,UK,07-07-2018,True
EMP769F,Thomas,Clark,27-11-1972,Male,Single,Bachelors,London,England,UK,17-02-2021,True
EMP770F,Linda,Johnson,03-05-1993,Male,Divorced,Diploma,San Francisco,California,US,28-08-2020,True
EMP771F,Isla,Jones,15-05-1983,Male,Married,Bachelors,Edinburgh,Scotland,UK,26-08-2023,False
EMP772F,Linda,Smith,14-05-1984,Male,Single,Bachelors,Seattle,Washington,US,21-07-2025,True
EMP773F,John,Miller,01-12-1984,Female,Married,Bachelors,Austin,Texas,US,17-06-2022,False
EMP774F,Priya,Mishra,08-07-1980,Male,Single,Masters,Mumbai,Maharashtra,India,09-01-2023,True
EMP775F,Neha,Chauhan,27-02-1985,Male,Married,Masters,New Delhi,Delhi,India,29-07-2019,False
EMP776F,Thomas,Brown,30-03-1976,Male,Single,Bachelors,Manchester,England,UK,13-12-2018,True
EMP777F,Oliver,Taylor,24-05-1968,Male,Married,Bachelors,Edinburgh,Scotland,UK,28-10-2015,True
EMP778F,Jack,Roberts,24-05-1987,Male,Single,Bachelors,Manchester,England,UK,03-11-2020,False
EMP779F,Anjali,Sharma,23-10-1985,Male,Single,Bachelors,Chennai,Tamil Nadu,India,23-05-2016,False
EMP780F,Ravi,Sharma,08-06-1990,Female,Single,Bachelors,Mumbai,Maharashtra,India,01-12-2019,True
EMP781F,Pooja,Mishra,25-07-1998,Male,Divorced,Bachelors,Bangalore,Karnataka,India,17-02-2021,False
EMP782F,Emily,Brown,28-12-1994,Male,Single,Bachelors,Manchester,England,UK,17-09-2019,True
EMP783F,William,Williams,06-07-1979,Female,Single,Bachelors,Seattle,Washington,US,19-04-2026,True
EMP784F,Robert,Miller,02-10-1975,Female,Single,High School,Austin,Texas,US,07-02-2019,True
EMP785F,Isla,Jones,03-05-1992,Male,Married,Bachelors,Birmingham,England,UK,03-01-2016,False
EMP786F,Jacob,Thomas,10-01-1992,Male,Married,Masters,Edinburgh,Scotland,UK,22-05-2019,True
EMP787F,James,Johnson,16-02-1977,Male,Married,Diploma,San Francisco,California,US,20-06-2019,False
EMP788F,Elizabeth,Martinez,02-12-1965,Male,Married,Bachelors,Chicago,Illinois,US,10-06-2022,True
EMP789F,Pooja,Singh,18-04-1990,Male,Single,Diploma,Bangalore,Karnataka,India,14-02-2022,True
EMP790F,Rahul,Sharma,03-07-2004,Female,Single,Masters,Chennai,Tamil Nadu,India,11-07-2016,False
EMP791F,Sanjay,Chauhan,10-06-1983,Female,Married,PhD,Chennai,Tamil Nadu,India,14-02-2026,True
EMP792F,Jacob,Evans,01-09-1980,Male,Married,Bachelors,Manchester,England,UK,29-05-2026,True
EMP793F,Patricia,Jones,18-03-1989,Male,Married,Bachelors,Chicago,Illinois,US,05-02-2019,True
EMP794F,Poppy,Brown,09-03-1966,Female,Divorced,Bachelors,Birmingham,England,UK,10-02-2024,True
EMP795F,Robert,Garcia,06-09-1989,Male,Married,Masters,San Francisco,California,US,03-06-2023,True
EMP796F,Mary,Garcia,22-07-1983,Male,Divorced,Masters,San Francisco,California,US,24-02-2025,True
EMP797F,Mary,Davis,20-03-1980,Male,Married,Bachelors,New York,New York,US,02-06-2016,True
EMP798F,Anjali,Patel,10-11-1993,Male,Single,Bachelors,Bangalore,Karnataka,India,12-03-2022,True
EMP799F,Kiran,Iyer,29-09-1976,Female,Single,Bachelors,Bangalore,Karnataka,India,14-08-2025,True
EMP800F,Poppy,Thomas,08-10-1986,Male,Single,Masters,Glasgow,Scotland,UK,13-12-2019,True
EMP801F,Michael,Garcia,07-05-1994,Male,Single,Bachelors,Austin,Texas,US,07-02-2024,True
EMP802F,Jennifer,Williams,01-03-1972,Male,Married,Bachelors,San Francisco,California,US,18-02-2016,True
EMP803F,Manish,Nayak,09-01-1974,Female,Married,Bachelors,Chennai,Tamil Nadu,India,28-03-2026,False
EMP804F,Arjun,Bose,06-04-1998,Female,Single,Diploma,Bangalore,Karnataka,India,13-03-2016,True
EMP805F,Jack,Williams,18-11-1965,Male,Married,Masters,Edinburgh,Scotland,UK,17-03-2021,True
EMP806F,Amit,Bose,11-02-1987,Male,Married,Masters,Hyderabad,Telangana,India,29-08-2022,True
EMP807F,William,Miller,01-04-1976,Male,Single,Bachelors,San Francisco,California,US,09-11-2018,True
EMP808F,Neha,Verma,27-09-1967,Male,Married,Bachelors,Bangalore,Karnataka,India,11-04-2026,True
EMP809F,Jennifer,Smith,14-07-1985,Male,Married,Bachelors,San Francisco,California,US,18-05-2024,True
EMP810F,Kavita,Bose,06-12-1965,Male,Married,Bachelors,Hyderabad,Telangana,India,06-08-2017,True
EMP811F,Kavita,Verma,16-12-1977,Male,Married,Bachelors,Hyderabad,Telangana,India,06-08-2022,True
EMP812F,James,Brown,17-09-2003,Male,Married,High School,Chicago,Illinois,US,06-07-2016,True
EMP813F,Jacob,Roberts,03-07-1967,Female,Single,Bachelors,Manchester,England,UK,21-05-2015,True
EMP814F,Priya,Nayak,20-02-1992,Female,Married,Bachelors,Mumbai,Maharashtra,India,11-10-2023,False
EMP815F,Amelia,Williams,29-05-1974,Male,Married,Bachelors,Manchester,England,UK,10-09-2022,True
EMP816F,Jennifer,Davis,27-05-1966,Female,Divorced,Masters,Austin,Texas,US,02-05-2020,True
EMP817F,Mary,Brown,22-02-1976,Male,Married,Bachelors,Seattle,Washington,US,29-07-2025,False
EMP818F,Oliver,Williams,25-04-1985,Male,Married,Bachelors,Manchester,England,UK,08-10-2017,True
EMP819F,Thomas,Williams,27-06-1993,Female,Single,Bachelors,Glasgow,Scotland,UK,29-04-2016,True
EMP820F,Amit,Chauhan,15-07-1994,Female,Married,Bachelors,Chennai,Tamil Nadu,India,13-06-2017,True
EMP821F,Patricia,Williams,31-01-1983,Female,Single,Bachelors,San Francisco,California,US,20-04-2019,True
EMP822F,Barbara,Davis,22-12-1976,Male,Single,Diploma,San Francisco,California,US,19-07-2026,True
EMP823F,Jacob,Williams,15-09-1968,Male,Married,Bachelors,Manchester,England,UK,10-10-2024,True
EMP824F,Robert,Garcia,09-06-1965,Male,Single,Diploma,Austin,Texas,US,30-01-2025,True
EMP825F,Priya,Iyer,14-07-1968,Male,Single,Bachelors,Bangalore,Karnataka,India,03-09-2023,True
EMP826F,Linda,Smith,08-02-1991,Male,Married,Bachelors,San Francisco,California,US,04-08-2016,True
EMP827F,Linda,Johnson,08-05-1966,Male,Single,Diploma,Chicago,Illinois,US,24-04-2018,True
EMP828F,Jennifer,Jones,19-01-2004,Male,Married,Masters,New York,New York,US,16-11-2025,True
EMP829F,Sanjay,Kumar,22-07-1999,Female,Married,Bachelors,Mumbai,Maharashtra,India,01-01-2021,True
EMP830F,Amelia,Brown,03-11-1979,Female,Married,Masters,Manchester,England,UK,28-07-2020,True
EMP831F,Oliver,Thomas,30-11-1988,Female,Married,Masters,Manchester,England,UK,11-02-2024,True
EMP832F,Sanjay,Reddy,03-08-1974,Female,Divorced,Bachelors,Mumbai,Maharashtra,India,09-03-2018,False
EMP833F,John,Williams,25-05-1971,Female,Married,Bachelors,Austin,Texas,US,20-07-2021,True
EMP834F,Vikram,Sharma,26-10-1965,Female,Divorced,Bachelors,New Delhi,Delhi,India,19-09-2021,True
EMP835F,Poppy,Wilson,02-08-1972,Female,Divorced,Bachelors,London,England,UK,21-01-2020,True
EMP836F,Michael,Rodriguez,17-01-1966,Female,Single,Bachelors,New York,New York,US,14-05-2019,True
EMP837F,Jennifer,Garcia,12-06-1968,Female,Married,Masters,New York,New York,US,02-08-2024,True
EMP838F,Amit,Nayak,15-09-1982,Female,Single,Diploma,Mumbai,Maharashtra,India,07-11-2023,True
EMP839F,Manish,Sharma,20-01-1982,Male,Single,Masters,New Delhi,Delhi,India,25-05-2025,True
EMP840F,Olivia,Wilson,09-11-1980,Female,Married,Bachelors,Manchester,England,UK,02-08-2024,True
EMP841F,Charlie,Davies,29-10-1993,Male,Single,Diploma,London,England,UK,26-10-2022,True
EMP842F,Charlie,Taylor,26-04-1971,Female,Married,Diploma,London,England,UK,15-05-2023,True
EMP843F,Vikram,Nayak,25-10-1974,Male,Married,Bachelors,New Delhi,Delhi,India,21-12-2020,False
EMP844F,Oliver,Williams,30-04-1995,Male,Single,Diploma,Edinburgh,Scotland,UK,08-07-2018,True
EMP845F,Barbara,Smith,19-10-2002,Male,Single,Bachelors,San Francisco,California,US,11-01-2022,True
EMP846F,Linda,Davis,05-07-1999,Female,Divorced,Bachelors,San Francisco,California,US,28-02-2022,True
EMP847F,Rahul,Patel,09-06-1965,Male,Married,Diploma,New Delhi,Delhi,India,18-09-2025,False
EMP848F,Sneha,Mishra,02-07-1983,Female,Married,Masters,Bangalore,Karnataka,India,07-10-2018,True
EMP849F,Ravi,Gupta,12-06-1985,Male,Single,High School,Hyderabad,Telangana,India,30-06-2021,True
EMP850F,David,Jones,24-11-1984,Female,Single,Bachelors,Chicago,Illinois,US,25-07-2015,True
EMP851F,Ravi,Singh,22-06-2000,Female,Married,Masters,New Delhi,Delhi,India,21-01-2021,True
EMP852F,Emily,Jones,05-05-1981,Male,Single,PhD,Manchester,England,UK,18-02-2018,True
EMP853F,Isla,Evans,17-04-1986,Female,Married,Bachelors,Birmingham,England,UK,23-12-2023,True
EMP854F,Priya,Chauhan,23-06-2004,Male,Single,Bachelors,Chennai,Tamil Nadu,India,16-04-2025,True
EMP855F,Amit,Das,03-04-1995,Male,Married,Bachelors,Mumbai,Maharashtra,India,15-03-2016,True
EMP856F,Oliver,Jones,09-01-1990,Female,Single,PhD,Birmingham,England,UK,03-11-2015,True
EMP857F,Rakesh,Gupta,20-04-1966,Female,Married,Bachelors,New Delhi,Delhi,India,12-11-2020,True
EMP858F,Kavita,Iyer,11-06-1980,Male,Married,Bachelors,Mumbai,Maharashtra,India,27-03-2022,False
EMP859F,Michael,Williams,13-06-1969,Male,Married,Bachelors,Austin,Texas,US,12-10-2022,True
EMP860F,Charlie,Evans,13-11-1985,Female,Single,Bachelors,Edinburgh,Scotland,UK,15-08-2023,True
EMP861F,Sanjay,Gupta,27-04-2003,Male,Divorced,Bachelors,New Delhi,Delhi,India,15-10-2024,False
EMP862F,William,Davis,23-04-1967,Female,Divorced,Bachelors,Seattle,Washington,US,12-01-2021,True
EMP863F,Jacob,Williams,01-09-2004,Male,Single,Bachelors,Edinburgh,Scotland,UK,10-10-2017,True
EMP864F,Amelia,Thomas,01-08-1997,Female,Single,Masters,Glasgow,Scotland,UK,04-01-2020,False
EMP865F,Harry,Thomas,08-07-1971,Female,Divorced,Masters,Edinburgh,Scotland,UK,14-10-2024,True
EMP866F,Rakesh,Reddy,20-09-1996,Male,Married,Bachelors,Hyderabad,Telangana,India,18-01-2024,True
EMP867F,Barbara,Smith,05-02-1996,Male,Single,Bachelors,Chicago,Illinois,US,20-01-2019,True
EMP868F,Barbara,Smith,06-01-1966,Male,Married,Bachelors,New York,New York,US,20-10-2019,True
EMP869F,Vikram,Sharma,13-03-2003,Male,Divorced,Bachelors,Mumbai,Maharashtra,India,16-08-2021,True
EMP870F,Isla,Brown,19-12-1975,Female,Single,Bachelors,Manchester,England,UK,09-05-2015,True
EMP871F,Anjali,Nayak,20-11-1981,Male,Married,Masters,Hyderabad,Telangana,India,13-02-2018,False
EMP872F,Robert,Williams,03-09-1988,Male,Single,Masters,Chicago,Illinois,US,27-07-2019,True
EMP873F,Isla,Jones,02-01-1976,Male,Single,Bachelors,Edinburgh,Scotland,UK,21-05-2019,True
EMP874F,Jack,Brown,27-02-1991,Female,Single,Diploma,Glasgow,Scotland,UK,05-10-2020,True
EMP875F,Amelia,Williams,07-09-1999,Female,Married,Diploma,Manchester,England,UK,08-11-2024,False
EMP876F,Priya,Mishra,12-11-1978,Female,Single,Masters,Bangalore,Karnataka,India,12-05-2015,True
EMP877F,Oliver,Taylor,26-08-2002,Male,Married,Masters,Birmingham,England,UK,21-12-2019,True
EMP878F,Jennifer,Smith,31-10-1978,Male,Married,Bachelors,Seattle,Washington,US,25-08-2017,True
EMP879F,Oliver,Brown,10-06-2004,Male,Single,Bachelors,London,England,UK,10-09-2023,True
EMP880F,Vikram,Reddy,11-02-1987,Female,Married,PhD,Mumbai,Maharashtra,India,11-10-2022,True
EMP881F,John,Brown,06-08-1986,Female,Divorced,Bachelors,Austin,Texas,US,26-09-2024,True
EMP882F,Olivia,Wilson,09-06-1978,Male,Single,Masters,Glasgow,Scotland,UK,29-03-2016,True
EMP883F,Sanjay,Chauhan,11-05-2004,Male,Married,Bachelors,Chennai,Tamil Nadu,India,09-06-2017,True
EMP884F,Thomas,Evans,22-03-1983,Male,Divorced,Bachelors,Manchester,England,UK,31-12-2017,True
EMP885F,John,Miller,01-02-2003,Male,Single,Masters,Chicago,Illinois,US,18-09-2023,True
EMP886F,Anjali,Sharma,21-05-1993,Male,Married,Bachelors,Hyderabad,Telangana,India,15-03-2015,True
EMP887F,Amit,Das,10-08-1972,Female,Single,Bachelors,Chennai,Tamil Nadu,India,27-01-2015,True
EMP888F,Mary,Miller,20-03-1999,Female,Married,Diploma,Chicago,Illinois,US,30-11-2017,True
EMP889F,Barbara,Williams,10-09-1971,Female,Married,Diploma,San Francisco,California,US,30-10-2020,False
EMP890F,Thomas,Evans,23-11-1988,Female,Married,Masters,Glasgow,Scotland,UK,09-12-2021,True
EMP891F,Patricia,Johnson,11-12-1987,Female,Married,PhD,Chicago,Illinois,US,27-07-2019,True
EMP892F,William,Martinez,25-12-1980,Male,Married,Diploma,Austin,Texas,US,28-01-2026,True
EMP893F,Oliver,Roberts,28-10-1971,Female,Single,High School,Manchester,England,UK,08-03-2017,True
EMP894F,Anjali,Bose,21-07-1989,Male,Married,Bachelors,Chennai,Tamil Nadu,India,02-07-2021,True
EMP895F,Patricia,Jones,17-08-1987,Female,Married,Masters,Chicago,Illinois,US,04-01-2015,False
EMP896F,Vikram,Das,13-12-1988,Male,Married,Bachelors,Bangalore,Karnataka,India,24-05-2018,False
EMP897F,Michael,Martinez,10-08-1975,Male,Divorced,Bachelors,Seattle,Washington,US,08-01-2021,True
EMP898F,Robert,Jones,11-08-1997,Female,Divorced,Bachelors,Chicago,Illinois,US,16-01-2017,True
EMP899F,Kavita,Mishra,18-11-1978,Male,Single,Bachelors,Mumbai,Maharashtra,India,27-03-2015,True
EMP900F,Manish,Patel,04-08-2002,Male,Married,Masters,Mumbai,Maharashtra,India,29-08-2016,True
EMP901F,Manish,Mishra,15-08-1967,Female,Single,Diploma,Chennai,Tamil Nadu,India,24-01-2023,True
EMP902F,William,Garcia,22-01-1984,Female,Single,Masters,New York,New York,US,12-07-2021,True
EMP903F,William,Jones,08-09-1972,Female,Married,Diploma,Austin,Texas,US,24-04-2017,True
EMP904F,John,Rodriguez,23-09-1977,Female,Single,Bachelors,Seattle,Washington,US,21-06-2017,True
EMP905F,Jack,Williams,14-11-1969,Male,Single,Bachelors,Birmingham,England,UK,09-02-2026,True
EMP906F,Poppy,Brown,18-04-1974,Male,Married,Diploma,Manchester,England,UK,27-03-2023,True
EMP907F,Jacob,Wilson,08-03-1993,Male,Single,Masters,Edinburgh,Scotland,UK,12-09-2024,True
EMP908F,William,Smith,16-05-1993,Male,Single,Bachelors,Chicago,Illinois,US,25-05-2022,True
EMP909F,Michael,Brown,18-06-1984,Male,Married,Bachelors,Chicago,Illinois,US,21-06-2024,True
EMP910F,Poppy,Davies,20-06-1979,Female,Single,Bachelors,Birmingham,England,UK,09-02-2019,True
EMP911F,Isla,Evans,10-03-1997,Male,Single,Masters,London,England,UK,25-05-2021,True
EMP912F,Ravi,Bose,08-05-1981,Female,Married,Masters,Hyderabad,Telangana,India,03-07-2016,True
EMP913F,Jacob,Davies,20-06-2003,Female,Married,Bachelors,Birmingham,England,UK,22-10-2023,False
EMP914F,Jacob,Taylor,30-01-1976,Female,Single,Bachelors,Manchester,England,UK,26-08-2020,True
EMP915F,Priya,Kumar,29-05-1985,Male,Single,Bachelors,Hyderabad,Telangana,India,10-04-2019,True
EMP916F,David,Brown,22-05-2001,Female,Married,Bachelors,San Francisco,California,US,25-01-2017,True
EMP917F,Poppy,Davies,26-06-1965,Female,Single,Bachelors,Birmingham,England,UK,22-09-2018,True
EMP918F,James,Smith,15-05-2001,Female,Married,High School,Chicago,Illinois,US,22-04-2020,True
EMP919F,Barbara,Miller,19-04-1985,Female,Single,Bachelors,San Francisco,California,US,09-10-2023,True
EMP920F,Neha,Das,18-03-1983,Female,Divorced,Bachelors,Bangalore,Karnataka,India,14-03-2024,True
EMP921F,James,Davis,22-10-1971,Male,Single,Bachelors,Chicago,Illinois,US,24-08-2016,False
EMP922F,George,Williams,13-04-1978,Male,Married,Bachelors,Edinburgh,Scotland,UK,21-11-2019,True
EMP923F,Jacob,Brown,20-01-2000,Male,Single,Masters,Edinburgh,Scotland,UK,04-08-2018,True
EMP924F,James,Garcia,16-10-1984,Male,Single,Masters,Seattle,Washington,US,17-04-2023,False
EMP925F,William,Rodriguez,04-05-1993,Male,Single,Bachelors,Chicago,Illinois,US,14-04-2019,True
EMP926F,Michael,Rodriguez,10-07-1986,Male,Married,PhD,Seattle,Washington,US,22-03-2018,True
EMP927F,Harry,Williams,28-04-1996,Female,Married,PhD,Glasgow,Scotland,UK,03-01-2021,True
EMP928F,Poppy,Brown,18-09-1989,Female,Single,Bachelors,Manchester,England,UK,05-12-2024,True
EMP929F,Emily,Wilson,19-12-1995,Male,Married,Masters,Edinburgh,Scotland,UK,13-09-2019,True
EMP930F,Olivia,Thomas,09-03-1976,Male,Single,Bachelors,Edinburgh,Scotland,UK,19-02-2025,True
EMP931F,Emily,Williams,05-09-2004,Female,Married,Bachelors,Glasgow,Scotland,UK,22-01-2019,False
EMP932F,Arjun,Mishra,21-08-1984,Male,Married,Bachelors,New Delhi,Delhi,India,05-05-2026,True
EMP933F,George,Jones,09-11-1965,Male,Married,Bachelors,Birmingham,England,UK,10-03-2020,True
EMP934F,Michael,Johnson,14-09-1993,Male,Married,Masters,San Francisco,California,US,27-09-2020,True
EMP935F,David,Davis,09-09-1971,Female,Divorced,Masters,San Francisco,California,US,01-11-2020,True
EMP936F,George,Taylor,17-02-1994,Male,Single,Bachelors,Glasgow,Scotland,UK,21-04-2026,True
EMP937F,Harry,Taylor,04-12-1971,Male,Divorced,Bachelors,Glasgow,Scotland,UK,19-03-2024,False
EMP938F,Barbara,Brown,30-04-1979,Female,Single,Masters,Austin,Texas,US,14-01-2020,True
EMP939F,Oliver,Taylor,22-08-1995,Female,Married,Bachelors,Edinburgh,Scotland,UK,17-11-2021,True
EMP940F,Sanjay,Patel,05-10-1998,Female,Single,High School,Bangalore,Karnataka,India,07-01-2015,True
EMP941F,Emily,Evans,24-05-1990,Female,Single,Diploma,Manchester,England,UK,05-02-2025,True
EMP942F,Pooja,Iyer,01-05-1968,Female,Single,Bachelors,New Delhi,Delhi,India,12-10-2025,True
EMP943F,Amit,Reddy,31-07-1965,Male,Married,Masters,Hyderabad,Telangana,India,12-08-2023,True
EMP944F,Jacob,Thomas,04-12-1968,Male,Single,Masters,Edinburgh,Scotland,UK,15-03-2023,True
EMP945F,Arjun,Verma,27-07-1980,Female,Single,Masters,Hyderabad,Telangana,India,17-01-2023,True
EMP946F,Mary,Rodriguez,10-09-2002,Female,Married,Bachelors,New York,New York,US,26-07-2026,True
EMP947F,Amit,Verma,06-04-2004,Male,Married,Bachelors,New Delhi,Delhi,India,09-07-2023,True
EMP948F,Barbara,Martinez,27-05-1965,Female,Married,Bachelors,Chicago,Illinois,US,02-04-2018,True
EMP949F,William,Johnson,09-12-1995,Female,Married,PhD,Seattle,Washington,US,03-04-2015,True
EMP950F,Rakesh,Mishra,31-03-1969,Male,Single,Masters,Hyderabad,Telangana,India,02-10-2019,False
EMP951F,Olivia,Evans,16-01-1970,Female,Married,Masters,Edinburgh,Scotland,UK,09-06-2025,True
EMP952F,Michael,Williams,26-02-2003,Female,Married,Bachelors,San Francisco,California,US,16-07-2018,True
EMP953F,David,Davis,03-11-1983,Male,Single,Masters,New York,New York,US,31-03-2021,True
EMP954F,Poppy,Taylor,29-04-1966,Male,Married,Bachelors,Manchester,England,UK,17-08-2024,True
EMP955F,Oliver,Taylor,20-06-1984,Female,Divorced,Bachelors,Manchester,England,UK,23-11-2025,False
EMP956F,Michael,Davis,08-07-1985,Male,Single,Bachelors,Austin,Texas,US,01-09-2024,True
EMP957F,Harry,Thomas,05-11-1984,Female,Married,Bachelors,Birmingham,England,UK,29-08-2021,True
EMP958F,Amit,Gupta,22-02-1978,Female,Divorced,Masters,Bangalore,Karnataka,India,06-06-2023,False
EMP959F,Sneha,Das,12-08-1972,Female,Married,Bachelors,Mumbai,Maharashtra,India,12-12-2025,True
EMP960F,Vikram,Kumari,21-09-1982,Female,Married,Masters,New Delhi,Delhi,India,27-01-2025,True
EMP961F,Ravi,Mishra,28-09-1987,Female,Married,Masters,New Delhi,Delhi,India,28-11-2016,True
EMP962F,Linda,Garcia,30-08-2004,Male,Single,Bachelors,Seattle,Washington,US,17-02-2025,True
EMP963F,David,Miller,15-04-1986,Male,Divorced,Masters,Chicago,Illinois,US,21-01-2022,True
EMP964F,Ravi,Sharma,21-12-1969,Female,Single,Bachelors,New Delhi,Delhi,India,27-05-2025,True
EMP965F,Neha,Kumari,07-11-1971,Male,Married,Masters,Bangalore,Karnataka,India,14-11-2023,True
EMP966F,Patricia,Rodriguez,17-03-1977,Female,Single,Bachelors,Austin,Texas,US,13-09-2022,True
EMP967F,Charlie,Roberts,13-06-1992,Male,Single,Bachelors,Edinburgh,Scotland,UK,04-10-2015,True
EMP968F,Sneha,Reddy,23-09-1983,Male,Single,Masters,Chennai,Tamil Nadu,India,16-03-2024,True
EMP969F,Jennifer,Garcia,23-04-1966,Male,Single,Bachelors,Seattle,Washington,US,08-12-2022,False
EMP970F,Anjali,Mishra,28-01-2003,Female,Married,Masters,Chennai,Tamil Nadu,India,24-02-2016,True
EMP971F,George,Brown,06-06-2003,Male,Married,Masters,Edinburgh,Scotland,UK,25-11-2015,True
EMP972F,Olivia,Brown,25-06-1996,Male,Single,Masters,Glasgow,Scotland,UK,30-01-2026,True
EMP973F,Isla,Roberts,19-04-1965,Male,Married,Diploma,Edinburgh,Scotland,UK,15-06-2016,True
EMP974F,Oliver,Jones,28-11-2004,Male,Single,Bachelors,Birmingham,England,UK,17-02-2019,True
EMP975F,Isla,Taylor,17-08-1994,Female,Single,Masters,Edinburgh,Scotland,UK,06-03-2019,False
EMP976F,Emily,Thomas,12-05-1999,Female,Single,Diploma,Glasgow,Scotland,UK,11-04-2016,True
EMP977F,David,Jones,14-02-2000,Male,Divorced,Masters,San Francisco,California,US,11-10-2020,True
EMP978F,Anjali,Kumari,29-09-1965,Male,Single,Diploma,Bangalore,Karnataka,India,23-07-2026,True
EMP979F,Priya,Kumar,29-10-1976,Female,Married,Masters,Hyderabad,Telangana,India,22-09-2020,False
EMP980F,Amit,Bose,08-05-1997,Male,Married,Masters,Chennai,Tamil Nadu,India,18-09-2017,False
EMP981F,Michael,Miller,10-03-1994,Male,Married,Bachelors,Chicago,Illinois,US,13-08-2022,True
EMP982F,William,Jones,28-08-1995,Male,Single,Masters,San Francisco,California,US,19-11-2015,True
EMP983F,Mary,Brown,26-12-1965,Female,Single,Bachelors,Chicago,Illinois,US,13-10-2025,True
EMP984F,Amelia,Taylor,28-08-2002,Female,Divorced,Bachelors,London,England,UK,19-04-2020,True
EMP985F,David,Brown,29-12-1976,Male,Married,Masters,Chicago,Illinois,US,16-11-2022,True
EMP986F,Priya,Kumar,14-03-1985,Male,Married,Bachelors,Bangalore,Karnataka,India,17-11-2017,False
EMP987F,Priya,Bose,27-12-2002,Male,Single,Bachelors,New Delhi,Delhi,India,14-05-2015,True
EMP988F,Ravi,Reddy,05-01-1990,Female,Married,Bachelors,New Delhi,Delhi,India,05-04-2024,False
EMP989F,Amelia,Clark,11-08-1991,Male,Married,Bachelors,Glasgow,Scotland,UK,27-11-2024,True
EMP990F,Sanjay,Nayak,27-07-1999,Male,Married,Bachelors,Mumbai,Maharashtra,India,23-07-2021,True
EMP991F,Kiran,Kumari,19-04-1966,Male,Married,Masters,Mumbai,Maharashtra,India,18-09-2018,True
EMP992F,Amelia,Roberts,03-04-1967,Male,Married,Bachelors,Edinburgh,Scotland,UK,05-08-2015,True
EMP993F,Michael,Martinez,09-04-1972,Male,Married,Masters,San Francisco,California,US,21-06-2026,True
EMP994F,Patricia,Rodriguez,25-03-1975,Female,Married,Diploma,Chicago,Illinois,US,07-10-2021,True
EMP995F,Michael,Brown,19-06-1993,Male,Single,Bachelors,New York,New York,US,29-12-2025,False
EMP996F,Ravi,Kumar,08-12-1990,Male,Single,Masters,Hyderabad,Telangana,India,20-10-2020,True
EMP997F,Neha,Patel,03-05-1978,Male,Single,Bachelors,Hyderabad,Telangana,India,27-05-2016,True
EMP998F,Isla,Roberts,21-09-1985,Male,Married,Bachelors,Birmingham,England,UK,03-04-2023,True
EMP999F,Arjun,Verma,20-07-1994,Female,Single,Bachelors,Mumbai,Maharashtra,India,25-03-2024,True
EMP001G,Amit,Mishra,26-05-1996,Female,Married,Masters,New Delhi,Delhi,India,24-01-2024,False
EMP002G,Jennifer,Martinez,28-01-1971,Male,Married,High School,Chicago,Illinois,US,12-09-2025,False
EMP003G,Amelia,Jones,24-05-1965,Male,Married,Diploma,Glasgow,Scotland,UK,10-09-2018,True
EMP004G,Emily,Jones,07-12-1996,Female,Married,Diploma,Edinburgh,Scotland,UK,07-02-2020,True
EMP005G,Jacob,Wilson,11-01-1987,Female,Single,Masters,Manchester,England,UK,25-06-2022,True
EMP006G,Sneha,Reddy,25-08-1989,Female,Married,Bachelors,New Delhi,Delhi,India,05-10-2025,False
EMP007G,Neha,Kumari,01-03-1975,Female,Single,Masters,New Delhi,Delhi,India,29-03-2021,True
EMP008G,Robert,Davis,19-04-1982,Male,Single,Bachelors,New York,New York,US,22-12-2025,True
EMP009G,Oliver,Jones,17-12-2004,Male,Married,Diploma,Edinburgh,Scotland,UK,31-05-2017,True
EMP010G,David,Rodriguez,06-06-1969,Female,Married,Bachelors,Chicago,Illinois,US,22-05-2016,False
EMP011G,Jacob,Wilson,20-02-1997,Male,Divorced,Bachelors,Birmingham,England,UK,26-08-2016,True
EMP012G,Vikram,Chauhan,18-05-1970,Female,Married,Masters,Chennai,Tamil Nadu,India,07-08-2020,True
EMP013G,Amelia,Williams,04-08-1994,Female,Married,Bachelors,London,England,UK,28-08-2024,True
EMP014G,Michael,Garcia,12-10-1993,Female,Single,Masters,Seattle,Washington,US,29-11-2023,True
EMP015G,Kiran,Mishra,13-10-1988,Female,Single,Bachelors,Mumbai,Maharashtra,India,08-12-2017,False
EMP016G,Neha,Reddy,07-06-1999,Female,Married,Bachelors,Chennai,Tamil Nadu,India,13-11-2020,True
EMP017G,Barbara,Rodriguez,16-02-1967,Female,Married,Diploma,New York,New York,US,08-05-2024,True
EMP018G,Charlie,Williams,02-05-1983,Male,Married,Bachelors,Glasgow,Scotland,UK,25-08-2015,True
EMP019G,Jack,Williams,09-04-1968,Female,Married,Diploma,Birmingham,England,UK,08-06-2017,True
EMP020G,Rahul,Chauhan,02-05-1980,Male,Single,Bachelors,New Delhi,Delhi,India,08-09-2022,False
EMP021G,Harry,Evans,22-08-1980,Male,Single,Bachelors,London,England,UK,29-07-2023,False
EMP022G,Sneha,Bose,29-01-1976,Female,Married,PhD,New Delhi,Delhi,India,18-03-2019,True
EMP023G,Neha,Kumari,03-05-2002,Female,Single,Diploma,Hyderabad,Telangana,India,02-01-2025,True
EMP024G,Elizabeth,Johnson,04-03-1973,Male,Single,PhD,Chicago,Illinois,US,05-04-2020,True
EMP025G,Isla,Clark,29-11-1977,Female,Married,Bachelors,Manchester,England,UK,12-05-2017,True
EMP026G,Oliver,Taylor,19-02-1989,Female,Divorced,Bachelors,Manchester,England,UK,17-09-2017,True
EMP027G,Kavita,Bose,10-08-2000,Female,Single,PhD,New Delhi,Delhi,India,14-01-2017,True
EMP028G,Barbara,Williams,09-05-1989,Female,Single,Masters,Austin,Texas,US,11-01-2017,True
EMP029G,Charlie,Evans,14-07-1998,Female,Divorced,Bachelors,London,England,UK,08-04-2022,True
EMP030G,Patricia,Miller,02-02-1986,Male,Married,Diploma,Chicago,Illinois,US,26-10-2018,True
EMP031G,Jack,Wilson,11-04-1970,Male,Married,Masters,Manchester,England,UK,24-06-2021,True
EMP032G,Barbara,Smith,10-03-1974,Male,Single,Bachelors,Chicago,Illinois,US,06-03-2022,True
EMP033G,Thomas,Taylor,16-05-1991,Male,Married,PhD,London,England,UK,24-11-2015,True
EMP034G,Barbara,Smith,29-12-2002,Male,Married,Masters,San Francisco,California,US,11-12-2023,True
EMP035G,Amelia,Thomas,28-03-1998,Male,Single,High School,Edinburgh,Scotland,UK,12-12-2016,True
EMP036G,John,Rodriguez,03-01-1990,Female,Single,Bachelors,Chicago,Illinois,US,18-10-2022,True
EMP037G,Robert,Johnson,20-10-1999,Female,Single,Bachelors,San Francisco,California,US,01-02-2022,True
EMP038G,Patricia,Brown,11-12-1991,Male,Single,Masters,Seattle,Washington,US,07-08-2023,True
EMP039G,Thomas,Taylor,29-09-1991,Female,Single,Masters,London,England,UK,24-11-2023,True
EMP040G,Manish,Kumari,03-08-1986,Male,Divorced,Bachelors,New Delhi,Delhi,India,08-05-2026,True
EMP041G,Anjali,Das,18-01-1992,Male,Single,Bachelors,Mumbai,Maharashtra,India,12-03-2016,True
EMP042G,James,Martinez,10-11-1974,Female,Divorced,Bachelors,Seattle,Washington,US,19-05-2025,True
EMP043G,Elizabeth,Smith,01-07-1975,Male,Divorced,Masters,Chicago,Illinois,US,25-04-2015,True
EMP044G,Jack,Roberts,19-06-1995,Female,Divorced,Bachelors,Manchester,England,UK,17-05-2020,True
EMP045G,Sneha,Bose,03-04-1993,Female,Single,Bachelors,Bangalore,Karnataka,India,19-08-2015,False
EMP046G,Jennifer,Davis,22-01-2000,Female,Single,Masters,Chicago,Illinois,US,02-12-2025,True
EMP047G,Charlie,Davies,27-01-1984,Male,Single,Bachelors,Glasgow,Scotland,UK,18-02-2026,True
EMP048G,Poppy,Roberts,09-05-2003,Male,Married,Diploma,Edinburgh,Scotland,UK,08-11-2024,True
EMP049G,Thomas,Thomas,16-07-2004,Female,Married,Bachelors,Birmingham,England,UK,20-01-2015,True
EMP050G,Emily,Jones,02-03-1981,Male,Single,Bachelors,London,England,UK,03-08-2019,True
EMP051G,Emily,Evans,03-11-1967,Female,Divorced,Bachelors,Glasgow,Scotland,UK,15-02-2019,True
EMP052G,Michael,Smith,12-12-1987,Male,Divorced,Bachelors,New York,New York,US,12-03-2019,True
EMP053G,Barbara,Brown,12-08-1991,Male,Married,Bachelors,Austin,Texas,US,08-11-2020,True
EMP054G,Barbara,Williams,06-11-1975,Female,Married,Bachelors,Austin,Texas,US,15-10-2020,True
EMP055G,George,Roberts,29-03-1981,Female,Married,Masters,Birmingham,England,UK,08-03-2019,False
EMP056G,David,Williams,13-01-1999,Female,Single,Masters,Austin,Texas,US,10-09-2016,True
EMP057G,Rakesh,Iyer,16-02-1982,Female,Single,Masters,Chennai,Tamil Nadu,India,24-04-2017,True
EMP058G,Sanjay,Kumar,07-09-1993,Female,Married,Bachelors,Bangalore,Karnataka,India,23-09-2015,True
EMP059G,Jacob,Davies,02-09-2000,Male,Single,Bachelors,London,England,UK,07-06-2026,True
EMP060G,William,Rodriguez,16-11-1974,Female,Single,Bachelors,Seattle,Washington,US,23-04-2022,True
EMP061G,James,Rodriguez,30-04-2002,Female,Married,Bachelors,Austin,Texas,US,31-12-2015,True
EMP062G,Manish,Chauhan,04-01-2001,Female,Married,Masters,Bangalore,Karnataka,India,19-11-2019,False
EMP063G,John,Smith,06-11-2001,Male,Married,Bachelors,Chicago,Illinois,US,18-07-2020,True
EMP064G,Rahul,Patel,30-04-1989,Male,Single,Bachelors,Bangalore,Karnataka,India,03-11-2025,True
EMP065G,Isla,Roberts,30-09-1977,Female,Single,High School,Glasgow,Scotland,UK,06-01-2023,True
EMP066G,Sneha,Chauhan,28-11-1969,Male,Single,Bachelors,New Delhi,Delhi,India,14-06-2026,True
EMP067G,Pooja,Kumar,07-01-1974,Female,Married,High School,Bangalore,Karnataka,India,05-10-2021,True
EMP068G,Vikram,Verma,03-01-1993,Male,Single,Diploma,Hyderabad,Telangana,India,13-05-2016,False
EMP069G,Olivia,Evans,17-12-1977,Female,Single,Bachelors,Glasgow,Scotland,UK,04-08-2016,True
EMP070G,Ravi,Chauhan,23-07-1982,Male,Single,Masters,Bangalore,Karnataka,India,28-09-2018,True
EMP071G,Rahul,Bose,22-04-1990,Female,Single,PhD,Mumbai,Maharashtra,India,26-10-2025,True
EMP072G,David,Smith,05-04-1985,Female,Single,Diploma,New York,New York,US,11-02-2019,True
EMP073G,Jacob,Roberts,08-10-1965,Female,Married,Bachelors,Glasgow,Scotland,UK,28-12-2018,True
EMP074G,Barbara,Smith,30-05-1979,Male,Married,Bachelors,Chicago,Illinois,US,24-02-2016,True
EMP075G,Jack,Taylor,13-08-2001,Male,Married,Bachelors,London,England,UK,18-04-2022,True
EMP076G,James,Johnson,03-10-1982,Female,Single,Bachelors,Chicago,Illinois,US,12-07-2021,True
EMP077G,Manish,Kumari,07-01-1997,Male,Married,Diploma,Chennai,Tamil Nadu,India,26-08-2025,True
EMP078G,Isla,Davies,19-01-1982,Female,Single,Bachelors,Manchester,England,UK,06-08-2017,True
EMP079G,Oliver,Wilson,14-06-1987,Female,Single,Bachelors,Manchester,England,UK,03-02-2022,True
EMP080G,Rakesh,Mishra,19-12-1965,Male,Single,Bachelors,Chennai,Tamil Nadu,India,07-04-2019,True
EMP081G,Harry,Williams,01-06-2000,Male,Married,Bachelors,London,England,UK,25-10-2019,True
EMP082G,Isla,Roberts,22-11-1981,Male,Divorced,Bachelors,Birmingham,England,UK,24-02-2022,True
EMP083G,Rahul,Das,07-12-1966,Male,Single,Masters,Chennai,Tamil Nadu,India,19-11-2018,True
EMP084G,Pooja,Kumari,08-11-1994,Female,Single,Bachelors,Chennai,Tamil Nadu,India,14-11-2018,True
EMP085G,James,Davis,13-02-1981,Female,Single,Masters,New York,New York,US,16-07-2021,True
EMP086G,Rakesh,Das,23-03-2000,Female,Single,Bachelors,Hyderabad,Telangana,India,01-01-2023,True
EMP087G,Manish,Patel,17-04-2002,Male,Married,Bachelors,New Delhi,Delhi,India,01-10-2024,True
EMP088G,Poppy,Roberts,17-12-2003,Female,Married,Masters,Glasgow,Scotland,UK,03-08-2024,False
EMP089G,Robert,Martinez,04-03-2004,Male,Divorced,Diploma,Seattle,Washington,US,20-04-2015,True
EMP090G,Michael,Davis,14-10-1992,Male,Married,Masters,Chicago,Illinois,US,01-03-2019,True
EMP091G,Jennifer,Smith,22-12-1987,Male,Married,Masters,Chicago,Illinois,US,01-04-2022,False
EMP092G,Jack,Clark,25-12-1970,Female,Divorced,Bachelors,Glasgow,Scotland,UK,06-01-2026,False
EMP093G,Barbara,Jones,04-01-2000,Female,Married,Masters,San Francisco,California,US,24-07-2017,False
EMP094G,Amit,Das,03-03-1999,Male,Married,Diploma,New Delhi,Delhi,India,09-03-2019,True
EMP095G,Manish,Chauhan,31-01-1978,Male,Single,Bachelors,Mumbai,Maharashtra,India,05-10-2019,True
EMP096G,Emily,Davies,09-12-1969,Female,Married,Masters,Edinburgh,Scotland,UK,06-04-2015,True
EMP097G,Kiran,Sharma,16-12-1980,Female,Single,Masters,Mumbai,Maharashtra,India,18-05-2019,False
EMP098G,Isla,Brown,05-07-1983,Male,Divorced,Bachelors,London,England,UK,07-02-2023,True
EMP099G,Jennifer,Rodriguez,11-09-2003,Male,Married,Bachelors,San Francisco,California,US,03-04-2020,True
EMP100G,Jack,Roberts,23-11-1980,Female,Married,Bachelors,Edinburgh,Scotland,UK,15-07-2018,True
EMP101G,Sneha,Mishra,23-07-1989,Male,Single,Masters,Hyderabad,Telangana,India,06-07-2018,True
EMP102G,Ravi,Das,31-10-2002,Male,Married,Bachelors,Chennai,Tamil Nadu,India,03-07-2025,True
EMP103G,Neha,Bose,19-10-1982,Female,Single,Diploma,New Delhi,Delhi,India,17-02-2026,True
EMP104G,Linda,Jones,30-10-1977,Male,Divorced,Masters,Austin,Texas,US,06-06-2017,True
EMP105G,Jennifer,Martinez,01-03-1989,Male,Married,High School,Seattle,Washington,US,28-07-2021,True
EMP106G,Priya,Bose,28-06-1973,Female,Single,Bachelors,New Delhi,Delhi,India,05-04-2026,True
EMP107G,Mary,Jones,07-07-1997,Female,Single,Bachelors,Seattle,Washington,US,08-06-2019,True
EMP108G,Jacob,Evans,23-12-1972,Male,Single,Masters,Edinburgh,Scotland,UK,14-03-2022,True
EMP109G,Jennifer,Johnson,20-01-1975,Male,Married,Masters,San Francisco,California,US,10-02-2025,True
EMP110G,Ravi,Patel,11-04-1973,Male,Single,Masters,Mumbai,Maharashtra,India,24-11-2019,True
EMP111G,Mary,Garcia,14-04-1989,Female,Married,Masters,Seattle,Washington,US,24-05-2018,True
EMP112G,Pooja,Das,08-12-1998,Male,Single,Bachelors,Chennai,Tamil Nadu,India,18-05-2026,False
EMP113G,James,Brown,31-01-2002,Female,Single,Masters,Austin,Texas,US,03-12-2024,True
EMP114G,Kavita,Chauhan,07-07-1997,Female,Single,Bachelors,Hyderabad,Telangana,India,19-05-2017,True
EMP115G,John,Rodriguez,13-11-1986,Female,Married,Masters,Austin,Texas,US,11-02-2022,True
EMP116G,Elizabeth,Williams,20-05-1967,Male,Married,Diploma,Chicago,Illinois,US,09-08-2018,True
EMP117G,Amit,Nayak,17-06-1978,Male,Single,Masters,Chennai,Tamil Nadu,India,06-06-2017,True
EMP118G,Charlie,Thomas,19-07-1997,Female,Married,Diploma,Manchester,England,UK,17-09-2021,True
EMP119G,Patricia,Martinez,22-12-1983,Male,Married,Bachelors,Chicago,Illinois,US,16-10-2016,False
EMP120G,Kiran,Kumari,20-12-2003,Female,Single,Bachelors,Hyderabad,Telangana,India,05-07-2017,True
EMP121G,Vikram,Verma,10-02-1971,Female,Single,Masters,Chennai,Tamil Nadu,India,08-06-2021,True
EMP122G,Poppy,Roberts,28-01-1990,Female,Single,Bachelors,Glasgow,Scotland,UK,15-07-2021,True
EMP123G,John,Davis,22-05-1980,Female,Single,Masters,Chicago,Illinois,US,21-12-2024,False
EMP124G,Sanjay,Kumar,04-03-1989,Male,Married,Bachelors,Chennai,Tamil Nadu,India,04-02-2019,True
EMP125G,Rakesh,Singh,11-09-1983,Female,Divorced,Diploma,Bangalore,Karnataka,India,23-04-2022,True
EMP126G,Jennifer,Miller,22-08-2001,Female,Single,Bachelors,Seattle,Washington,US,27-09-2024,True
EMP127G,Arjun,Mishra,06-09-1968,Male,Single,Bachelors,Chennai,Tamil Nadu,India,05-04-2015,True
EMP128G,Sneha,Gupta,20-06-1965,Female,Divorced,Masters,Hyderabad,Telangana,India,14-05-2026,True
EMP129G,Robert,Williams,19-12-2000,Male,Single,Masters,Chicago,Illinois,US,13-10-2022,True
EMP130G,Neha,Patel,06-02-1966,Female,Single,Masters,Hyderabad,Telangana,India,29-05-2020,False
EMP131G,Poppy,Brown,06-05-2001,Male,Single,Masters,Edinburgh,Scotland,UK,27-06-2018,True
EMP132G,Kavita,Mishra,30-07-1995,Female,Married,Bachelors,New Delhi,Delhi,India,19-05-2020,True
EMP133G,Jack,Roberts,26-05-1992,Male,Single,Bachelors,Birmingham,England,UK,25-05-2016,True
EMP134G,Pooja,Chauhan,04-07-1979,Male,Married,High School,Chennai,Tamil Nadu,India,25-02-2016,True
EMP135G,Manish,Chauhan,26-01-1991,Male,Single,Masters,Bangalore,Karnataka,India,29-10-2020,False
EMP136G,Linda,Johnson,19-08-2000,Female,Single,Masters,Chicago,Illinois,US,29-01-2023,True
EMP137G,Barbara,Davis,02-02-1966,Male,Married,Bachelors,Chicago,Illinois,US,07-07-2025,True
EMP138G,Manish,Kumari,26-12-1991,Male,Divorced,Bachelors,Mumbai,Maharashtra,India,15-06-2023,True
EMP139G,Arjun,Gupta,18-02-1970,Female,Single,Bachelors,New Delhi,Delhi,India,15-09-2022,True
EMP140G,Sanjay,Das,18-03-1990,Female,Single,Masters,Mumbai,Maharashtra,India,15-10-2018,True
EMP141G,Kavita,Nayak,19-03-1990,Male,Married,Masters,Mumbai,Maharashtra,India,24-12-2021,True
EMP142G,Charlie,Roberts,16-12-1985,Male,Married,Bachelors,Birmingham,England,UK,26-10-2024,True
EMP143G,Sanjay,Chauhan,07-08-1975,Female,Single,Masters,New Delhi,Delhi,India,30-05-2019,True
EMP144G,Emily,Wilson,11-04-1984,Male,Married,Masters,Birmingham,England,UK,28-10-2020,True
EMP145G,Oliver,Evans,18-06-1972,Female,Married,Bachelors,Birmingham,England,UK,15-01-2019,True
EMP146G,William,Jones,27-06-1994,Male,Married,High School,New York,New York,US,01-02-2026,True
EMP147G,Sneha,Verma,01-09-1967,Female,Married,Bachelors,Hyderabad,Telangana,India,07-05-2015,True
EMP148G,Michael,Jones,19-11-1988,Female,Married,Bachelors,Austin,Texas,US,08-01-2022,True
EMP149G,Oliver,Jones,02-07-1982,Female,Single,Masters,Manchester,England,UK,02-05-2015,True
EMP150G,David,Garcia,26-12-2001,Male,Single,Masters,Seattle,Washington,US,24-05-2024,True
EMP151G,Kiran,Mishra,10-02-1986,Male,Single,Bachelors,Bangalore,Karnataka,India,13-06-2021,True
EMP152G,Elizabeth,Miller,23-04-1992,Male,Single,Bachelors,Seattle,Washington,US,17-09-2025,True
EMP153G,Poppy,Brown,08-10-1974,Female,Married,Masters,Manchester,England,UK,11-11-2025,True
EMP154G,John,Williams,22-04-1970,Female,Married,Bachelors,Austin,Texas,US,30-11-2018,True
EMP155G,David,Smith,04-11-1979,Female,Single,High School,Chicago,Illinois,US,10-07-2026,True
EMP156G,James,Martinez,21-05-1998,Female,Married,Masters,Seattle,Washington,US,09-11-2023,True
EMP157G,James,Miller,02-01-1971,Male,Married,Diploma,New York,New York,US,01-03-2025,False
EMP158G,Manish,Gupta,06-12-1975,Male,Single,Bachelors,Hyderabad,Telangana,India,09-02-2025,True
EMP159G,Rahul,Kumar,30-10-1978,Male,Divorced,Diploma,Bangalore,Karnataka,India,09-11-2016,True
EMP160G,Olivia,Thomas,29-06-1978,Male,Married,Diploma,Birmingham,England,UK,04-02-2015,True
EMP161G,Mary,Johnson,04-04-1967,Female,Married,PhD,Seattle,Washington,US,23-06-2025,True
EMP162G,James,Garcia,12-05-1990,Female,Single,Bachelors,New York,New York,US,26-10-2015,True
EMP163G,George,Roberts,12-10-1983,Male,Married,Bachelors,Manchester,England,UK,12-12-2019,True
EMP164G,Thomas,Roberts,28-08-2001,Male,Married,Bachelors,London,England,UK,23-06-2022,True
EMP165G,John,Johnson,13-04-2001,Female,Single,Bachelors,Austin,Texas,US,05-02-2016,True
EMP166G,Isla,Clark,26-04-1975,Female,Single,Masters,Manchester,England,UK,02-12-2016,True
EMP167G,Thomas,Clark,02-01-1978,Male,Married,PhD,Edinburgh,Scotland,UK,13-05-2015,True
EMP168G,Elizabeth,Brown,31-07-2004,Female,Married,Bachelors,Seattle,Washington,US,06-10-2024,True
EMP169G,Amit,Sharma,26-04-1969,Male,Married,Bachelors,New Delhi,Delhi,India,20-09-2017,False
EMP170G,William,Johnson,01-10-1995,Female,Married,Bachelors,San Francisco,California,US,20-06-2020,True
EMP171G,Barbara,Williams,04-07-1977,Male,Married,Bachelors,Austin,Texas,US,08-12-2025,True
EMP172G,Amelia,Taylor,22-08-2002,Male,Married,High School,London,England,UK,25-02-2015,True
EMP173G,Thomas,Thomas,02-07-1992,Male,Single,Masters,Edinburgh,Scotland,UK,03-08-2017,True
EMP174G,Poppy,Taylor,09-11-1981,Male,Married,Bachelors,London,England,UK,30-06-2026,True
EMP175G,Mary,Rodriguez,25-10-1997,Female,Divorced,Diploma,Austin,Texas,US,20-07-2016,True
EMP176G,Ravi,Bose,05-04-1975,Female,Single,Bachelors,New Delhi,Delhi,India,28-05-2022,True
EMP177G,Ravi,Sharma,11-12-1999,Male,Single,Masters,Mumbai,Maharashtra,India,18-03-2020,True
EMP178G,Patricia,Jones,03-09-1969,Male,Married,Bachelors,Chicago,Illinois,US,16-08-2024,True
EMP179G,Neha,Reddy,13-05-2004,Male,Single,Bachelors,Hyderabad,Telangana,India,14-02-2015,True
EMP180G,Amit,Iyer,01-05-1998,Female,Married,Bachelors,Bangalore,Karnataka,India,11-06-2021,False
EMP181G,Mary,Davis,17-01-1972,Male,Divorced,Bachelors,San Francisco,California,US,13-03-2026,True
EMP182G,Jennifer,Garcia,31-03-1968,Female,Married,Bachelors,Chicago,Illinois,US,18-10-2020,True
EMP183G,Harry,Davies,03-10-1987,Male,Married,Bachelors,London,England,UK,22-01-2016,False
EMP184G,Robert,Garcia,11-08-1990,Female,Married,Masters,Chicago,Illinois,US,30-06-2019,True
EMP185G,Elizabeth,Jones,27-02-2003,Female,Single,Bachelors,New York,New York,US,13-02-2024,True
EMP186G,David,Martinez,03-02-1974,Female,Married,Masters,San Francisco,California,US,17-02-2016,True
EMP187G,Jacob,Davies,03-06-1995,Male,Married,High School,Birmingham,England,UK,05-12-2015,True
EMP188G,Isla,Clark,28-08-2004,Female,Married,PhD,Birmingham,England,UK,04-09-2015,True
EMP189G,Isla,Thomas,30-04-1992,Female,Single,Diploma,Glasgow,Scotland,UK,11-01-2020,True
EMP190G,Harry,Taylor,05-03-1991,Female,Divorced,Bachelors,Edinburgh,Scotland,UK,23-10-2018,True
EMP191G,William,Garcia,11-02-2001,Male,Married,Bachelors,Seattle,Washington,US,18-03-2019,True
EMP192G,Olivia,Jones,11-10-1988,Male,Divorced,High School,Birmingham,England,UK,29-05-2021,True
EMP193G,Amelia,Davies,29-12-1986,Male,Married,Bachelors,Birmingham,England,UK,26-01-2023,False
EMP194G,Jacob,Roberts,05-04-1988,Female,Married,Masters,London,England,UK,16-04-2018,True
EMP195G,William,Martinez,28-09-1994,Male,Single,Diploma,Chicago,Illinois,US,26-09-2025,True
EMP196G,George,Evans,09-07-1996,Male,Married,High School,Birmingham,England,UK,23-02-2020,True
EMP197G,Jennifer,Jones,09-09-1971,Male,Single,Bachelors,San Francisco,California,US,16-08-2019,True
EMP198G,Charlie,Jones,19-07-1996,Female,Single,Bachelors,Edinburgh,Scotland,UK,05-08-2026,True
EMP199G,Patricia,Smith,26-07-1968,Female,Single,Bachelors,San Francisco,California,US,11-07-2021,True
EMP200G,Poppy,Jones,02-06-1988,Male,Married,Bachelors,Glasgow,Scotland,UK,27-09-2017,True
EMP201G,Kiran,Chauhan,06-11-1975,Female,Single,Bachelors,Bangalore,Karnataka,India,19-10-2024,True
EMP202G,David,Davis,14-12-1987,Female,Divorced,Masters,Chicago,Illinois,US,11-11-2016,True
EMP203G,Emily,Williams,15-01-1976,Female,Single,Masters,London,England,UK,16-08-2017,True
EMP204G,Arjun,Patel,02-02-1981,Male,Single,Bachelors,New Delhi,Delhi,India,01-01-2020,True
EMP205G,Thomas,Evans,17-09-1965,Male,Married,Masters,Manchester,England,UK,23-01-2019,True
EMP206G,John,Smith,23-09-1992,Female,Married,High School,Seattle,Washington,US,10-03-2018,True
EMP207G,Amit,Singh,11-04-1972,Male,Divorced,Bachelors,Mumbai,Maharashtra,India,30-11-2016,True
EMP208G,Barbara,Jones,17-09-2001,Female,Married,Bachelors,San Francisco,California,US,29-01-2026,True
EMP209G,Anjali,Nayak,28-09-1982,Male,Divorced,Bachelors,Hyderabad,Telangana,India,29-12-2021,True
EMP210G,Elizabeth,Miller,16-12-1995,Female,Single,Bachelors,San Francisco,California,US,02-02-2020,True
EMP211G,Thomas,Jones,23-07-1968,Male,Single,Diploma,Glasgow,Scotland,UK,20-03-2016,True
EMP212G,Oliver,Thomas,23-07-2003,Female,Married,Masters,London,England,UK,26-09-2016,True
EMP213G,Barbara,Johnson,05-05-1994,Female,Single,Bachelors,Austin,Texas,US,22-06-2018,True
EMP214G,David,Martinez,16-08-1995,Male,Single,Masters,Austin,Texas,US,17-10-2016,True
EMP215G,William,Miller,03-05-1995,Male,Single,Masters,New York,New York,US,08-01-2025,False
EMP216G,Olivia,Davies,27-03-1990,Female,Married,Diploma,Glasgow,Scotland,UK,20-09-2024,True
EMP217G,Olivia,Wilson,18-07-1977,Male,Married,Bachelors,Glasgow,Scotland,UK,19-03-2016,True
EMP218G,John,Rodriguez,11-09-1968,Male,Single,Masters,San Francisco,California,US,16-07-2026,True
EMP219G,Poppy,Taylor,17-01-1970,Male,Married,Masters,Edinburgh,Scotland,UK,04-11-2024,False
EMP220G,Olivia,Wilson,14-12-1980,Male,Single,Bachelors,London,England,UK,23-11-2017,True
EMP221G,Manish,Reddy,27-09-1983,Male,Married,Bachelors,Mumbai,Maharashtra,India,31-12-2021,False
EMP222G,Pooja,Kumar,21-11-1985,Male,Single,Masters,Hyderabad,Telangana,India,10-11-2019,True
EMP223G,Kavita,Gupta,27-04-1981,Female,Single,Masters,Hyderabad,Telangana,India,30-08-2021,True
EMP224G,Anjali,Nayak,12-04-1976,Male,Single,Bachelors,Bangalore,Karnataka,India,01-10-2021,True
EMP225G,Kavita,Reddy,17-10-2003,Male,Married,Masters,New Delhi,Delhi,India,21-08-2018,True
EMP226G,Priya,Mishra,22-03-1978,Male,Married,Bachelors,Bangalore,Karnataka,India,13-03-2015,True
EMP227G,Jack,Roberts,13-07-1971,Female,Married,Diploma,Manchester,England,UK,17-10-2016,True
EMP228G,Robert,Jones,20-06-1986,Female,Married,Masters,New York,New York,US,09-07-2017,True
EMP229G,Harry,Taylor,05-06-1982,Female,Divorced,Masters,Glasgow,Scotland,UK,18-03-2024,True
EMP230G,Amelia,Evans,08-03-1988,Male,Single,PhD,London,England,UK,16-05-2026,False
EMP231G,Ravi,Kumar,14-01-1966,Female,Married,PhD,Hyderabad,Telangana,India,23-08-2021,True
EMP232G,Arjun,Mishra,13-10-1974,Female,Married,Masters,Chennai,Tamil Nadu,India,16-04-2020,True
EMP233G,Oliver,Clark,27-02-1998,Male,Divorced,Bachelors,Birmingham,England,UK,03-05-2019,True
EMP234G,Amelia,Jones,16-03-1972,Female,Divorced,Bachelors,Edinburgh,Scotland,UK,26-10-2021,True
EMP235G,Kavita,Nayak,22-10-1993,Female,Married,Masters,Hyderabad,Telangana,India,30-10-2023,True
EMP236G,Olivia,Roberts,06-03-1979,Male,Single,Masters,Glasgow,Scotland,UK,07-12-2023,True
EMP237G,Sanjay,Das,14-01-2004,Female,Single,Masters,Mumbai,Maharashtra,India,11-06-2024,True
EMP238G,Amelia,Evans,14-01-1993,Male,Married,Bachelors,Birmingham,England,UK,08-03-2024,True
EMP239G,Sanjay,Gupta,14-08-1993,Male,Single,Bachelors,Hyderabad,Telangana,India,11-11-2021,True
EMP240G,George,Davies,12-06-1980,Male,Married,Masters,London,England,UK,17-03-2015,True
EMP241G,Harry,Roberts,27-07-1966,Male,Single,Masters,London,England,UK,03-11-2021,True
EMP242G,Jack,Evans,20-10-1996,Female,Single,Bachelors,Birmingham,England,UK,03-01-2026,True
EMP243G,Harry,Davies,07-06-2003,Female,Single,Bachelors,Edinburgh,Scotland,UK,19-01-2018,False
EMP244G,Amit,Patel,12-03-1984,Female,Married,Bachelors,Mumbai,Maharashtra,India,04-12-2016,False
EMP245G,Linda,Miller,19-09-1984,Female,Single,Masters,New York,New York,US,26-01-2016,True
EMP246G,Isla,Clark,20-02-1982,Female,Married,Diploma,Birmingham,England,UK,29-04-2017,False
EMP247G,Anjali,Patel,25-01-1990,Female,Single,Masters,Bangalore,Karnataka,India,05-01-2019,False
EMP248G,George,Roberts,15-05-1985,Male,Married,PhD,Edinburgh,Scotland,UK,22-06-2025,False
EMP249G,Rahul,Chauhan,22-03-1974,Female,Married,Bachelors,New Delhi,Delhi,India,14-03-2018,True
EMP250G,Emily,Evans,09-07-1974,Female,Single,Bachelors,Birmingham,England,UK,16-12-2024,True
EMP251G,Kiran,Singh,01-11-1981,Female,Married,Bachelors,New Delhi,Delhi,India,23-01-2019,True
EMP252G,Vikram,Chauhan,22-09-1965,Male,Married,High School,New Delhi,Delhi,India,24-11-2021,True
EMP253G,Olivia,Jones,21-10-1987,Female,Married,Masters,Birmingham,England,UK,22-12-2025,False
EMP254G,Pooja,Kumar,07-04-1988,Female,Married,Bachelors,Bangalore,Karnataka,India,27-04-2020,True
EMP255G,Jennifer,Brown,02-09-1984,Female,Married,Diploma,Seattle,Washington,US,05-01-2022,True
EMP256G,Olivia,Thomas,26-06-1994,Female,Single,Bachelors,Birmingham,England,UK,06-11-2023,True
EMP257G,Robert,Brown,13-09-1983,Female,Single,Masters,Austin,Texas,US,13-09-2022,True
EMP258G,David,Miller,01-06-1966,Female,Married,Bachelors,New York,New York,US,13-12-2020,True
EMP259G,John,Davis,04-01-1974,Male,Married,Bachelors,Austin,Texas,US,27-11-2016,True
EMP260G,Oliver,Taylor,13-05-1985,Female,Single,PhD,Glasgow,Scotland,UK,09-01-2026,True
EMP261G,Olivia,Jones,01-09-1995,Female,Single,Bachelors,London,England,UK,02-07-2024,True
EMP262G,Charlie,Davies,01-07-1985,Male,Married,Masters,Manchester,England,UK,04-08-2023,True
EMP263G,Anjali,Gupta,07-04-1979,Male,Single,Bachelors,Bangalore,Karnataka,India,17-05-2019,True
EMP264G,Jacob,Roberts,27-11-1985,Male,Single,Masters,London,England,UK,09-03-2015,True
EMP265G,Ravi,Patel,07-07-2004,Female,Divorced,Diploma,New Delhi,Delhi,India,03-04-2025,True
EMP266G,David,Smith,20-01-1995,Female,Single,Bachelors,Chicago,Illinois,US,26-09-2016,True
EMP267G,Robert,Davis,25-06-1979,Female,Married,Masters,Chicago,Illinois,US,20-03-2021,True
EMP268G,John,Smith,05-07-1974,Female,Single,Masters,Chicago,Illinois,US,13-05-2021,False
EMP269G,Sanjay,Bose,26-07-2000,Female,Single,Masters,Hyderabad,Telangana,India,15-09-2017,True
EMP270G,John,Williams,21-10-1987,Female,Single,Bachelors,Austin,Texas,US,09-09-2017,True
EMP271G,Poppy,Clark,03-01-1976,Male,Single,Masters,London,England,UK,23-03-2015,True
EMP272G,Ravi,Bose,24-12-1989,Male,Single,Masters,Mumbai,Maharashtra,India,23-03-2020,True
EMP273G,Oliver,Wilson,23-08-2001,Female,Single,Masters,London,England,UK,26-08-2025,False
EMP274G,James,Brown,24-04-1999,Male,Married,Bachelors,Austin,Texas,US,26-03-2016,False
EMP275G,Michael,Martinez,22-01-1987,Male,Single,Masters,Austin,Texas,US,26-07-2025,True
EMP276G,Rahul,Verma,24-01-1969,Male,Married,High School,New Delhi,Delhi,India,25-05-2026,True
EMP277G,Jack,Roberts,05-11-1983,Male,Single,Masters,Edinburgh,Scotland,UK,24-01-2018,True
EMP278G,Vikram,Das,20-09-1971,Male,Single,Masters,New Delhi,Delhi,India,07-05-2022,True
EMP279G,Rahul,Gupta,30-05-1978,Male,Single,Bachelors,New Delhi,Delhi,India,27-11-2021,True
EMP280G,Linda,Johnson,08-08-1967,Female,Divorced,Bachelors,Chicago,Illinois,US,21-05-2017,True
EMP281G,James,Miller,04-08-1978,Male,Single,High School,Austin,Texas,US,28-02-2016,True
EMP282G,Mary,Jones,21-07-2000,Male,Single,Diploma,San Francisco,California,US,05-07-2015,True
EMP283G,Sanjay,Verma,16-11-2004,Male,Married,Bachelors,Chennai,Tamil Nadu,India,08-05-2018,True
EMP284G,David,Rodriguez,30-07-2003,Female,Married,Masters,Austin,Texas,US,28-11-2018,True
EMP285G,Olivia,Jones,16-05-1983,Female,Married,Diploma,Manchester,England,UK,13-11-2020,True
EMP286G,Mary,Garcia,15-07-1966,Male,Divorced,Bachelors,New York,New York,US,25-03-2024,True
EMP287G,Mary,Johnson,13-06-1994,Female,Single,Bachelors,Austin,Texas,US,28-05-2025,True
EMP288G,Patricia,Davis,02-08-1980,Male,Married,Bachelors,Austin,Texas,US,04-05-2021,True
EMP289G,John,Johnson,10-08-1965,Male,Single,Masters,Seattle,Washington,US,10-11-2019,True
EMP290G,Isla,Jones,16-07-1985,Male,Single,Masters,Edinburgh,Scotland,UK,17-11-2017,True
EMP291G,Rakesh,Sharma,27-02-1996,Male,Married,Masters,New Delhi,Delhi,India,26-03-2025,True
EMP292G,Neha,Singh,06-08-1983,Male,Single,High School,Hyderabad,Telangana,India,02-02-2019,True
EMP293G,Emily,Evans,21-06-1970,Male,Single,Bachelors,Edinburgh,Scotland,UK,11-02-2015,True
EMP294G,Amelia,Brown,25-06-1971,Male,Married,PhD,Glasgow,Scotland,UK,25-06-2017,True
EMP295G,George,Taylor,27-11-1984,Female,Single,Masters,Birmingham,England,UK,06-01-2017,True
EMP296G,Elizabeth,Williams,29-12-1970,Female,Married,Bachelors,Seattle,Washington,US,02-10-2023,True
EMP297G,Harry,Clark,26-06-2001,Male,Single,Bachelors,Edinburgh,Scotland,UK,19-11-2019,True
EMP298G,Manish,Reddy,25-08-2003,Male,Married,Masters,Bangalore,Karnataka,India,18-08-2017,True
EMP299G,Ravi,Das,26-08-1994,Female,Divorced,Bachelors,New Delhi,Delhi,India,19-12-2021,True
EMP300G,Pooja,Nayak,25-10-2004,Female,Single,Masters,Mumbai,Maharashtra,India,12-03-2022,True
EMP301G,Robert,Brown,17-03-1994,Male,Married,Bachelors,Seattle,Washington,US,25-11-2018,True
EMP302G,Rakesh,Gupta,11-09-1985,Male,Single,Masters,Chennai,Tamil Nadu,India,07-03-2016,True
EMP303G,Vikram,Bose,06-01-1988,Female,Single,Masters,Bangalore,Karnataka,India,29-03-2017,True
EMP304G,Manish,Reddy,28-11-1977,Male,Married,Bachelors,Bangalore,Karnataka,India,07-07-2024,True
EMP305G,Neha,Verma,24-09-1966,Male,Married,PhD,New Delhi,Delhi,India,11-03-2024,True
EMP306G,Amelia,Taylor,05-10-1983,Male,Single,Bachelors,Manchester,England,UK,13-02-2015,True
EMP307G,Poppy,Williams,23-06-1999,Male,Single,Bachelors,Edinburgh,Scotland,UK,10-02-2020,True
EMP308G,Michael,Jones,26-04-1985,Male,Married,Masters,San Francisco,California,US,25-06-2025,True
EMP309G,Jennifer,Garcia,13-01-1979,Male,Single,Bachelors,San Francisco,California,US,19-03-2015,True
EMP310G,Oliver,Jones,05-04-1993,Female,Married,Masters,London,England,UK,23-08-2018,True
EMP311G,Priya,Das,29-11-2004,Male,Married,Bachelors,Bangalore,Karnataka,India,26-04-2023,True
EMP312G,James,Miller,25-11-2003,Male,Single,Masters,Chicago,Illinois,US,30-01-2020,True
EMP313G,David,Garcia,09-09-1986,Female,Single,Masters,San Francisco,California,US,03-04-2015,True
EMP314G,Robert,Martinez,14-01-1994,Female,Single,Bachelors,Austin,Texas,US,11-02-2018,True
EMP315G,Vikram,Kumari,15-08-1979,Female,Single,Masters,Mumbai,Maharashtra,India,11-11-2023,True
EMP316G,John,Martinez,22-06-1993,Female,Married,PhD,Austin,Texas,US,13-05-2024,True
EMP317G,Patricia,Smith,07-01-1988,Male,Married,Bachelors,Austin,Texas,US,15-01-2022,True
EMP318G,Patricia,Williams,26-10-1980,Male,Married,Diploma,Austin,Texas,US,17-06-2019,False
EMP319G,Robert,Rodriguez,09-02-1966,Female,Married,Bachelors,New York,New York,US,14-03-2018,True
EMP320G,Barbara,Martinez,08-06-1999,Female,Married,PhD,Seattle,Washington,US,13-04-2018,True
EMP321G,Kavita,Gupta,28-11-1984,Female,Single,Masters,Bangalore,Karnataka,India,03-03-2024,True
EMP322G,Barbara,Miller,09-01-1994,Male,Married,Masters,Seattle,Washington,US,18-12-2019,True
EMP323G,Priya,Gupta,15-12-1994,Male,Single,High School,Chennai,Tamil Nadu,India,30-05-2024,True
EMP324G,Linda,Rodriguez,26-12-1987,Female,Single,Masters,Seattle,Washington,US,08-02-2022,True
EMP325G,Linda,Jones,24-04-1986,Male,Single,Masters,Seattle,Washington,US,31-01-2016,False
EMP326G,Olivia,Clark,14-06-1987,Female,Single,Masters,London,England,UK,04-05-2018,True
EMP327G,Elizabeth,Davis,31-01-1973,Female,Single,Bachelors,Austin,Texas,US,06-01-2015,True
EMP328G,Neha,Nayak,13-06-1999,Female,Married,Bachelors,Hyderabad,Telangana,India,19-06-2023,True
EMP329G,Mary,Martinez,06-03-1989,Female,Married,Bachelors,Chicago,Illinois,US,12-05-2026,True
EMP330G,Elizabeth,Rodriguez,14-01-1981,Female,Divorced,Bachelors,Chicago,Illinois,US,19-06-2018,False
EMP331G,Mary,Davis,09-03-2001,Male,Single,Bachelors,Chicago,Illinois,US,25-01-2024,True
EMP332G,Jennifer,Garcia,18-01-1977,Male,Divorced,Bachelors,New York,New York,US,30-08-2024,True
EMP333G,Amelia,Brown,26-02-1976,Male,Single,Bachelors,Manchester,England,UK,25-04-2020,False
EMP334G,Jennifer,Jones,28-05-1987,Male,Married,Bachelors,Seattle,Washington,US,08-03-2020,True
EMP335G,Sneha,Das,23-07-2004,Female,Single,Masters,Chennai,Tamil Nadu,India,16-06-2025,True
EMP336G,David,Garcia,06-11-1969,Male,Married,Masters,San Francisco,California,US,09-01-2016,True
EMP337G,Jack,Davies,30-04-1978,Female,Married,Bachelors,Edinburgh,Scotland,UK,02-03-2023,False
EMP338G,David,Smith,07-06-1994,Female,Single,Bachelors,New York,New York,US,25-10-2015,False
EMP339G,William,Miller,06-01-1992,Male,Single,High School,New York,New York,US,10-08-2024,False
EMP340G,Jacob,Roberts,27-05-1988,Female,Single,Masters,Edinburgh,Scotland,UK,07-12-2020,True
EMP341G,Rakesh,Kumari,01-05-1993,Male,Married,High School,Mumbai,Maharashtra,India,26-06-2016,False
EMP342G,William,Williams,18-11-1993,Female,Married,Masters,New York,New York,US,22-11-2024,True
EMP343G,Linda,Jones,23-07-2004,Male,Divorced,Diploma,San Francisco,California,US,20-09-2022,True
EMP344G,Harry,Wilson,24-01-1992,Male,Married,Masters,London,England,UK,25-02-2019,True
EMP345G,Isla,Jones,04-05-1983,Female,Single,Bachelors,Glasgow,Scotland,UK,19-03-2016,True
EMP346G,Robert,Garcia,25-11-1993,Female,Married,Diploma,New York,New York,US,30-09-2015,True
EMP347G,Priya,Das,18-07-1995,Male,Single,Bachelors,Bangalore,Karnataka,India,02-12-2017,False
EMP348G,Michael,Johnson,10-06-2001,Female,Single,Diploma,Seattle,Washington,US,15-07-2025,True
EMP349G,Michael,Williams,23-05-1994,Female,Married,Diploma,New York,New York,US,21-04-2022,True
EMP350G,Charlie,Clark,28-08-1972,Female,Married,Masters,Manchester,England,UK,12-03-2017,True
EMP351G,David,Johnson,03-06-1985,Male,Single,Masters,Austin,Texas,US,30-08-2015,True
EMP352G,Neha,Sharma,23-08-1972,Female,Married,Bachelors,Bangalore,Karnataka,India,29-06-2022,True
EMP353G,Emily,Brown,13-05-1969,Female,Single,Bachelors,Glasgow,Scotland,UK,21-05-2022,True
EMP354G,Thomas,Evans,27-02-1971,Female,Single,High School,Glasgow,Scotland,UK,19-10-2018,True
EMP355G,John,Smith,01-03-1965,Male,Married,Bachelors,Chicago,Illinois,US,08-04-2022,False
EMP356G,Poppy,Williams,24-12-1990,Female,Single,High School,Glasgow,Scotland,UK,02-08-2017,False
EMP357G,Ravi,Iyer,21-04-1989,Male,Single,PhD,Hyderabad,Telangana,India,25-01-2018,True
EMP358G,Amelia,Brown,22-06-1989,Female,Single,Bachelors,Birmingham,England,UK,05-10-2015,True
EMP359G,Robert,Martinez,20-07-1973,Male,Single,Bachelors,Seattle,Washington,US,10-04-2015,True
EMP360G,James,Martinez,08-10-1986,Female,Divorced,PhD,New York,New York,US,01-10-2015,False
EMP361G,Vikram,Kumar,19-11-1981,Male,Married,Bachelors,Chennai,Tamil Nadu,India,26-07-2018,False
EMP362G,Amit,Mishra,01-02-1972,Male,Single,Bachelors,New Delhi,Delhi,India,07-03-2020,True
EMP363G,Barbara,Brown,17-02-1976,Female,Single,Bachelors,Austin,Texas,US,24-04-2026,True
EMP364G,Emily,Davies,06-11-1986,Female,Married,Bachelors,Glasgow,Scotland,UK,16-05-2017,True
EMP365G,Olivia,Roberts,29-04-1969,Male,Single,Bachelors,Glasgow,Scotland,UK,26-03-2023,True
EMP366G,Arjun,Iyer,19-01-1965,Male,Single,Masters,Hyderabad,Telangana,India,02-06-2015,True
EMP367G,Isla,Evans,04-01-1993,Female,Married,Bachelors,London,England,UK,16-11-2018,True
EMP368G,Emily,Brown,20-11-1993,Female,Married,Masters,Edinburgh,Scotland,UK,08-12-2015,True
EMP369G,Anjali,Gupta,27-12-1997,Male,Married,Bachelors,Mumbai,Maharashtra,India,21-01-2024,False
EMP370G,Arjun,Bose,04-04-1995,Male,Married,Bachelors,Mumbai,Maharashtra,India,13-07-2026,True
EMP371G,Vikram,Bose,21-06-1989,Female,Married,Bachelors,Hyderabad,Telangana,India,02-05-2026,True
EMP372G,Neha,Sharma,25-09-1996,Male,Married,Bachelors,Bangalore,Karnataka,India,30-11-2017,True
EMP373G,Robert,Brown,12-12-1986,Female,Divorced,Bachelors,Austin,Texas,US,17-08-2023,True
EMP374G,John,Smith,01-02-1990,Male,Married,PhD,Austin,Texas,US,27-08-2018,True
EMP375G,Jennifer,Smith,03-04-1994,Female,Divorced,Bachelors,San Francisco,California,US,24-03-2020,False
EMP376G,Barbara,Williams,24-11-1968,Male,Married,Bachelors,Chicago,Illinois,US,31-07-2025,True
EMP377G,Emily,Thomas,19-03-1994,Male,Single,Bachelors,London,England,UK,15-03-2018,True
EMP378G,Pooja,Nayak,17-07-2003,Male,Single,Bachelors,Bangalore,Karnataka,India,13-04-2021,True
EMP379G,Charlie,Jones,04-02-1983,Female,Single,Masters,Edinburgh,Scotland,UK,17-08-2024,False
EMP380G,Kiran,Kumar,11-06-1992,Male,Married,Masters,Mumbai,Maharashtra,India,21-12-2025,True
EMP381G,Priya,Gupta,20-02-2004,Male,Single,Diploma,Chennai,Tamil Nadu,India,15-08-2017,True
EMP382G,Kiran,Das,04-01-1988,Female,Single,Masters,Bangalore,Karnataka,India,22-02-2018,True
EMP383G,Michael,Garcia,01-06-1975,Female,Single,Bachelors,Austin,Texas,US,20-02-2023,True
EMP384G,Kavita,Patel,25-11-1976,Female,Married,Masters,Mumbai,Maharashtra,India,30-05-2016,True
EMP385G,Oliver,Davies,08-05-1994,Male,Divorced,Masters,Edinburgh,Scotland,UK,01-11-2019,True
EMP386G,Oliver,Brown,20-06-1996,Female,Married,High School,Manchester,England,UK,24-01-2015,True
EMP387G,Linda,Martinez,24-06-1969,Female,Single,Diploma,Chicago,Illinois,US,08-06-2019,True
EMP388G,Kavita,Bose,18-12-1983,Female,Married,Masters,Hyderabad,Telangana,India,29-06-2019,True
EMP389G,Charlie,Evans,28-12-2002,Female,Married,Diploma,Manchester,England,UK,19-09-2016,True
EMP390G,John,Johnson,11-01-1981,Female,Single,Bachelors,Austin,Texas,US,10-09-2018,True
EMP391G,Anjali,Reddy,17-09-1987,Male,Single,Masters,Chennai,Tamil Nadu,India,29-08-2020,True
EMP392G,George,Williams,05-08-1968,Male,Single,Bachelors,Edinburgh,Scotland,UK,19-01-2026,True
EMP393G,Patricia,Johnson,05-07-1996,Male,Married,Masters,New York,New York,US,07-06-2026,True
EMP394G,Rakesh,Mishra,12-01-1987,Female,Single,PhD,Chennai,Tamil Nadu,India,30-04-2018,True
EMP395G,William,Jones,11-05-1979,Male,Divorced,Masters,Chicago,Illinois,US,10-06-2022,True
EMP396G,George,Thomas,14-05-2004,Male,Single,Masters,Manchester,England,UK,19-02-2021,False
EMP397G,James,Martinez,15-02-1975,Female,Married,Masters,San Francisco,California,US,23-01-2015,False
EMP398G,Poppy,Thomas,18-12-1977,Male,Married,Diploma,London,England,UK,14-09-2025,True
EMP399G,John,Garcia,14-06-1992,Female,Single,Masters,Seattle,Washington,US,24-05-2019,True
EMP400G,Oliver,Roberts,31-03-1984,Male,Single,Bachelors,Glasgow,Scotland,UK,06-02-2026,False
EMP401G,Jack,Thomas,24-01-1967,Male,Married,Masters,Birmingham,England,UK,17-05-2017,True
EMP402G,Vikram,Mishra,08-04-1998,Male,Single,Diploma,New Delhi,Delhi,India,27-11-2022,True
EMP403G,John,Brown,19-08-1986,Male,Single,Bachelors,Chicago,Illinois,US,18-12-2021,True
EMP404G,Oliver,Thomas,01-10-1986,Female,Married,Diploma,Birmingham,England,UK,04-11-2019,True
EMP405G,Charlie,Wilson,06-06-2003,Male,Single,Bachelors,Edinburgh,Scotland,UK,24-10-2016,True
EMP406G,Manish,Reddy,04-07-1995,Female,Married,Diploma,Chennai,Tamil Nadu,India,22-09-2020,True
EMP407G,Olivia,Evans,11-04-1973,Male,Single,Bachelors,Birmingham,England,UK,18-05-2018,True
EMP408G,Jack,Clark,29-12-1977,Male,Single,High School,Birmingham,England,UK,20-12-2020,False
EMP409G,James,Rodriguez,06-02-1990,Male,Divorced,Bachelors,Chicago,Illinois,US,31-10-2017,False
EMP410G,Amit,Reddy,15-01-1990,Male,Married,Bachelors,Chennai,Tamil Nadu,India,07-07-2025,True
EMP411G,Sanjay,Singh,12-10-2002,Male,Married,Bachelors,Hyderabad,Telangana,India,02-07-2016,True
EMP412G,Sanjay,Das,07-03-1989,Female,Married,High School,Hyderabad,Telangana,India,25-05-2020,True
EMP413G,Mary,Rodriguez,10-02-1988,Male,Divorced,Bachelors,Austin,Texas,US,03-03-2024,True
EMP414G,Ravi,Patel,19-01-1996,Male,Single,Bachelors,Hyderabad,Telangana,India,04-09-2025,True
EMP415G,Robert,Johnson,27-09-2001,Female,Single,Bachelors,Austin,Texas,US,18-11-2025,True
EMP416G,Jack,Brown,21-11-1968,Female,Married,Bachelors,London,England,UK,29-05-2015,False
EMP417G,Harry,Jones,17-05-1971,Female,Married,Bachelors,Glasgow,Scotland,UK,16-03-2024,True
EMP418G,Rahul,Mishra,26-03-1983,Male,Single,Bachelors,Mumbai,Maharashtra,India,25-04-2016,True
EMP419G,Arjun,Gupta,16-02-1992,Female,Married,Bachelors,New Delhi,Delhi,India,24-05-2016,True
EMP420G,John,Miller,18-11-1983,Male,Married,Diploma,San Francisco,California,US,18-09-2018,False
EMP421G,Isla,Brown,14-02-1974,Female,Divorced,Diploma,Glasgow,Scotland,UK,29-09-2024,True
EMP422G,Arjun,Chauhan,23-09-1998,Female,Single,Bachelors,Bangalore,Karnataka,India,29-11-2024,True
EMP423G,Sanjay,Mishra,05-08-1991,Male,Single,Masters,Mumbai,Maharashtra,India,28-01-2026,True
EMP424G,Robert,Rodriguez,29-09-1993,Male,Single,Bachelors,Seattle,Washington,US,29-03-2021,False
EMP425G,Neha,Reddy,31-05-1977,Male,Married,Masters,Mumbai,Maharashtra,India,14-06-2017,True
EMP426G,Amit,Gupta,10-05-1968,Female,Married,Masters,Chennai,Tamil Nadu,India,26-03-2015,True
EMP427G,Emily,Wilson,24-07-1986,Male,Married,Bachelors,Manchester,England,UK,08-06-2015,False
EMP428G,Emily,Clark,12-05-1999,Male,Divorced,PhD,Birmingham,England,UK,09-05-2023,True
EMP429G,Rakesh,Nayak,25-09-1969,Female,Single,Bachelors,Chennai,Tamil Nadu,India,28-07-2016,True
EMP430G,John,Brown,21-11-1992,Female,Married,Masters,Austin,Texas,US,27-08-2024,True
EMP431G,Oliver,Brown,09-02-1967,Male,Single,Diploma,Manchester,England,UK,06-06-2015,True
EMP432G,Jennifer,Smith,24-03-1981,Female,Married,Masters,Seattle,Washington,US,03-10-2015,True
EMP433G,Rakesh,Chauhan,09-10-1972,Male,Married,PhD,Chennai,Tamil Nadu,India,23-03-2020,True
EMP434G,Amelia,Thomas,11-09-1999,Female,Single,Bachelors,Edinburgh,Scotland,UK,20-09-2020,True
EMP435G,Amit,Singh,08-10-1967,Female,Single,Bachelors,Mumbai,Maharashtra,India,23-12-2024,True
EMP436G,William,Smith,29-07-1990,Male,Single,Diploma,New York,New York,US,25-06-2016,True
EMP437G,Jennifer,Miller,29-11-1970,Male,Divorced,Masters,Chicago,Illinois,US,02-12-2020,True
EMP438G,Jacob,Williams,12-11-2002,Female,Married,Bachelors,Edinburgh,Scotland,UK,12-04-2025,True
EMP439G,William,Miller,17-11-1988,Male,Married,Diploma,Chicago,Illinois,US,29-11-2020,True
EMP440G,Jennifer,Martinez,05-09-1988,Male,Married,Masters,New York,New York,US,17-04-2015,True
EMP441G,James,Williams,31-08-1999,Male,Divorced,Bachelors,Austin,Texas,US,15-04-2020,False
EMP442G,Rahul,Sharma,31-08-1988,Male,Married,Masters,Chennai,Tamil Nadu,India,08-08-2016,True
EMP443G,Thomas,Clark,14-12-1974,Male,Divorced,High School,Edinburgh,Scotland,UK,22-05-2024,True
EMP444G,Priya,Gupta,26-08-2002,Male,Single,Diploma,New Delhi,Delhi,India,09-09-2017,True
EMP445G,Barbara,Rodriguez,28-01-1972,Female,Married,Bachelors,Chicago,Illinois,US,27-06-2015,True
EMP446G,Kavita,Mishra,25-10-2001,Female,Married,High School,Bangalore,Karnataka,India,03-12-2018,True
EMP447G,Harry,Jones,28-09-1992,Female,Single,Masters,Manchester,England,UK,20-12-2017,True
EMP448G,Patricia,Martinez,08-05-1967,Male,Married,Bachelors,Seattle,Washington,US,26-12-2025,True
EMP449G,Elizabeth,Smith,15-06-1983,Female,Divorced,PhD,Seattle,Washington,US,04-05-2024,True
EMP450G,Rahul,Nayak,11-03-1979,Female,Single,Bachelors,New Delhi,Delhi,India,19-12-2018,True
EMP451G,Emily,Evans,05-02-1982,Male,Married,Masters,Birmingham,England,UK,15-11-2019,True
EMP452G,Pooja,Kumari,14-07-1993,Female,Married,Bachelors,Chennai,Tamil Nadu,India,05-05-2025,False
EMP453G,Manish,Patel,21-07-1983,Female,Single,Bachelors,Bangalore,Karnataka,India,07-04-2018,True
EMP454G,Poppy,Jones,20-06-1996,Female,Single,Masters,Edinburgh,Scotland,UK,20-07-2017,True
EMP455G,Amelia,Davies,16-05-2004,Female,Married,Bachelors,London,England,UK,03-11-2018,True
EMP456G,Olivia,Clark,09-12-1986,Male,Married,Bachelors,Birmingham,England,UK,11-07-2018,True
EMP457G,Oliver,Brown,14-07-1965,Male,Single,Bachelors,Glasgow,Scotland,UK,25-04-2016,True
EMP458G,Ravi,Nayak,25-05-1989,Female,Married,Bachelors,Chennai,Tamil Nadu,India,09-07-2017,True
EMP459G,Mary,Davis,25-02-2004,Female,Single,Bachelors,Seattle,Washington,US,17-07-2024,True
EMP460G,Ravi,Patel,26-01-1991,Male,Single,Bachelors,New Delhi,Delhi,India,25-12-2019,True
EMP461G,Kiran,Iyer,24-10-1967,Female,Divorced,Masters,Mumbai,Maharashtra,India,21-06-2019,True
EMP462G,Robert,Jones,31-07-1982,Female,Single,Bachelors,Seattle,Washington,US,23-10-2019,False
EMP463G,Jacob,Roberts,17-06-1998,Female,Single,PhD,Birmingham,England,UK,14-02-2019,True
EMP464G,Rahul,Singh,31-05-1976,Male,Single,Bachelors,Mumbai,Maharashtra,India,31-07-2015,True
EMP465G,Jack,Evans,29-09-1999,Female,Married,Diploma,London,England,UK,28-04-2023,True
EMP466G,Arjun,Chauhan,15-01-1970,Female,Single,Bachelors,Mumbai,Maharashtra,India,12-08-2020,True
EMP467G,Jack,Clark,18-07-1994,Female,Married,Diploma,Glasgow,Scotland,UK,23-04-2022,True
EMP468G,Isla,Wilson,24-06-1997,Male,Single,Masters,Glasgow,Scotland,UK,25-03-2017,True
EMP469G,Rakesh,Singh,11-10-1985,Male,Married,Bachelors,Bangalore,Karnataka,India,31-03-2020,True
EMP470G,Jack,Williams,08-05-1979,Female,Married,Bachelors,Glasgow,Scotland,UK,08-11-2021,True
EMP471G,Harry,Taylor,05-07-2003,Male,Married,Masters,Glasgow,Scotland,UK,12-12-2024,True
EMP472G,Rakesh,Kumari,09-09-1993,Female,Divorced,Bachelors,Chennai,Tamil Nadu,India,31-08-2021,False
EMP473G,Emily,Clark,19-11-1973,Female,Married,Masters,Edinburgh,Scotland,UK,11-04-2024,True
EMP474G,William,Rodriguez,22-06-1997,Female,Married,High School,New York,New York,US,08-12-2023,True
EMP475G,Sanjay,Das,23-09-1973,Male,Single,Masters,New Delhi,Delhi,India,08-07-2022,False
EMP476G,Manish,Iyer,14-07-1975,Male,Married,Bachelors,Chennai,Tamil Nadu,India,06-11-2025,True
EMP477G,Olivia,Williams,05-03-1984,Female,Single,Bachelors,London,England,UK,09-07-2020,True
EMP478G,Charlie,Wilson,23-02-1996,Male,Single,High School,Edinburgh,Scotland,UK,19-08-2017,False
EMP479G,Rakesh,Kumari,22-09-2002,Female,Single,PhD,Hyderabad,Telangana,India,22-07-2022,True
EMP480G,Amelia,Jones,12-09-1998,Male,Married,Bachelors,Glasgow,Scotland,UK,28-04-2022,False
EMP481G,David,Johnson,14-11-1985,Male,Single,Bachelors,Austin,Texas,US,24-09-2025,True
EMP482G,Anjali,Das,28-09-1967,Male,Married,Bachelors,Mumbai,Maharashtra,India,31-12-2017,True
EMP483G,James,Miller,05-10-1980,Female,Married,Masters,San Francisco,California,US,04-08-2025,True
EMP484G,Barbara,Smith,12-10-1998,Female,Single,Masters,Chicago,Illinois,US,09-04-2022,True
EMP485G,Oliver,Clark,19-12-2004,Female,Single,Masters,London,England,UK,11-06-2023,True
EMP486G,Vikram,Nayak,01-04-1995,Female,Married,Bachelors,Bangalore,Karnataka,India,02-08-2015,True
EMP487G,Arjun,Chauhan,31-07-1998,Male,Single,Bachelors,Bangalore,Karnataka,India,04-01-2022,True
EMP488G,Patricia,Rodriguez,08-07-1994,Male,Single,Bachelors,Chicago,Illinois,US,23-02-2024,True
EMP489G,Neha,Chauhan,16-03-1991,Female,Single,Masters,Mumbai,Maharashtra,India,25-04-2018,True
EMP490G,Oliver,Brown,20-12-1965,Male,Married,Diploma,Manchester,England,UK,27-02-2015,True
EMP491G,John,Garcia,22-05-1971,Male,Single,Bachelors,Seattle,Washington,US,02-06-2018,True
EMP492G,Kiran,Das,11-05-1996,Male,Single,Bachelors,Bangalore,Karnataka,India,18-04-2021,True
EMP493G,Sanjay,Nayak,11-05-1967,Female,Married,Masters,Chennai,Tamil Nadu,India,16-02-2025,True
EMP494G,Ravi,Sharma,12-09-1990,Male,Single,Diploma,New Delhi,Delhi,India,15-06-2023,False
EMP495G,Vikram,Chauhan,20-03-1966,Male,Single,Masters,Hyderabad,Telangana,India,23-11-2023,True
EMP496G,David,Garcia,17-12-1989,Male,Single,PhD,Chicago,Illinois,US,16-08-2023,True
EMP497G,Patricia,Smith,02-02-2001,Male,Single,Masters,Austin,Texas,US,08-01-2017,True
EMP498G,Ravi,Patel,07-04-1970,Male,Single,Bachelors,New Delhi,Delhi,India,09-07-2021,True
EMP499G,Sneha,Mishra,02-07-1993,Female,Married,Bachelors,Hyderabad,Telangana,India,09-11-2023,True
EMP500G,Mary,Brown,13-01-1981,Male,Married,Bachelors,Chicago,Illinois,US,14-03-2018,True
EMP501G,Jack,Taylor,20-03-1985,Female,Divorced,Masters,London,England,UK,18-12-2020,True
EMP502G,Charlie,Williams,25-06-1987,Male,Married,Diploma,London,England,UK,05-02-2024,True
EMP503G,Priya,Singh,30-10-1983,Male,Married,Bachelors,Chennai,Tamil Nadu,India,24-12-2016,True
EMP504G,Amit,Patel,24-11-2004,Male,Married,Bachelors,Bangalore,Karnataka,India,05-07-2019,False
EMP505G,Barbara,Brown,29-04-1968,Male,Divorced,Masters,San Francisco,California,US,07-05-2026,True
EMP506G,Elizabeth,Jones,27-02-1998,Male,Married,Bachelors,Chicago,Illinois,US,26-11-2017,True
EMP507G,Emily,Jones,10-02-1984,Male,Single,Bachelors,Birmingham,England,UK,11-04-2025,True
EMP508G,Linda,Smith,27-07-1993,Female,Married,Bachelors,Chicago,Illinois,US,05-08-2017,True
EMP509G,Manish,Verma,16-04-2004,Female,Married,Diploma,Bangalore,Karnataka,India,01-07-2025,True
EMP510G,Kiran,Kumari,15-11-1986,Male,Single,Diploma,Chennai,Tamil Nadu,India,09-06-2021,True
EMP511G,Anjali,Bose,14-01-1988,Male,Married,Bachelors,Mumbai,Maharashtra,India,20-09-2019,True
EMP512G,Elizabeth,Johnson,10-01-1997,Female,Single,Diploma,Austin,Texas,US,17-06-2020,False
EMP513G,Poppy,Jones,11-03-1972,Male,Married,PhD,London,England,UK,25-03-2026,True
EMP514G,Amelia,Taylor,30-07-1988,Female,Single,Masters,Birmingham,England,UK,24-12-2025,False
EMP515G,Neha,Chauhan,10-09-1997,Female,Divorced,Bachelors,Hyderabad,Telangana,India,05-07-2021,True
EMP516G,Olivia,Roberts,03-08-1967,Male,Married,Bachelors,London,England,UK,28-12-2025,True
EMP517G,Thomas,Roberts,26-05-1973,Male,Single,Bachelors,Birmingham,England,UK,02-05-2025,True
EMP518G,Amelia,Clark,06-08-1976,Female,Married,Bachelors,Birmingham,England,UK,11-06-2023,False
EMP519G,Jack,Roberts,30-11-1994,Male,Married,PhD,Glasgow,Scotland,UK,12-10-2023,True
EMP520G,Charlie,Evans,31-03-1966,Female,Single,Diploma,Birmingham,England,UK,29-08-2015,True
EMP521G,Thomas,Brown,18-07-2004,Female,Single,Bachelors,London,England,UK,10-03-2024,False
EMP522G,Jacob,Jones,09-07-1974,Male,Single,Diploma,Manchester,England,UK,18-09-2024,True
EMP523G,Pooja,Reddy,18-05-1970,Female,Single,Bachelors,Chennai,Tamil Nadu,India,26-05-2026,True
EMP524G,Rahul,Bose,01-04-1966,Male,Married,Bachelors,Chennai,Tamil Nadu,India,26-02-2024,False
EMP525G,Olivia,Jones,07-11-1978,Female,Single,Bachelors,Edinburgh,Scotland,UK,27-12-2016,False
EMP526G,Harry,Jones,09-07-1992,Female,Married,Bachelors,Edinburgh,Scotland,UK,08-11-2025,True
EMP527G,Sanjay,Gupta,21-08-1996,Female,Married,Diploma,Chennai,Tamil Nadu,India,21-08-2023,True
EMP528G,Olivia,Evans,22-11-1998,Female,Single,Bachelors,Edinburgh,Scotland,UK,13-09-2015,True
EMP529G,Sneha,Iyer,16-11-1991,Female,Single,Bachelors,New Delhi,Delhi,India,21-01-2021,True
EMP530G,Kiran,Singh,03-05-1996,Male,Divorced,Bachelors,Chennai,Tamil Nadu,India,13-01-2023,True
EMP531G,Robert,Johnson,06-05-1978,Male,Married,Diploma,Austin,Texas,US,17-08-2024,True
EMP532G,Oliver,Williams,13-07-1971,Male,Married,Bachelors,Glasgow,Scotland,UK,23-10-2021,False
EMP533G,Rahul,Patel,01-09-1972,Female,Married,Bachelors,New Delhi,Delhi,India,21-09-2018,True
EMP534G,Olivia,Roberts,12-05-1982,Female,Single,Bachelors,London,England,UK,06-05-2023,True
EMP535G,Kiran,Gupta,29-09-1999,Male,Married,PhD,Chennai,Tamil Nadu,India,13-08-2024,False
EMP536G,William,Martinez,21-01-1990,Male,Single,Masters,Seattle,Washington,US,02-12-2024,False
EMP537G,Vikram,Bose,06-06-1974,Female,Married,Masters,Chennai,Tamil Nadu,India,06-05-2026,True
EMP538G,Patricia,Johnson,28-03-1974,Male,Single,Bachelors,San Francisco,California,US,17-12-2022,True
EMP539G,Isla,Taylor,11-03-1970,Male,Married,High School,London,England,UK,25-05-2025,True
EMP540G,George,Wilson,10-06-1978,Female,Single,Bachelors,Edinburgh,Scotland,UK,06-06-2017,True
EMP541G,Jacob,Jones,09-10-1995,Male,Single,Bachelors,London,England,UK,09-08-2022,True
EMP542G,Elizabeth,Smith,21-03-1984,Male,Married,Bachelors,New York,New York,US,18-11-2015,True
EMP543G,Arjun,Singh,02-12-1972,Female,Single,Masters,Chennai,Tamil Nadu,India,20-06-2019,True
EMP544G,Poppy,Williams,04-01-1983,Female,Married,Bachelors,Edinburgh,Scotland,UK,25-04-2023,True
EMP545G,Oliver,Wilson,03-10-1981,Male,Single,Bachelors,Glasgow,Scotland,UK,05-06-2015,True
EMP546G,Amit,Sharma,08-12-2003,Female,Single,Bachelors,Hyderabad,Telangana,India,28-10-2023,True
EMP547G,David,Davis,03-05-1968,Female,Single,Bachelors,New York,New York,US,31-05-2024,True
EMP548G,Pooja,Iyer,21-06-2002,Female,Single,Diploma,Mumbai,Maharashtra,India,11-09-2017,False
EMP549G,Rahul,Nayak,25-12-1973,Female,Married,Diploma,Mumbai,Maharashtra,India,06-01-2020,True
EMP550G,James,Williams,26-09-1972,Female,Single,Bachelors,Chicago,Illinois,US,31-05-2022,False
EMP551G,Thomas,Davies,19-09-1980,Female,Married,Masters,Manchester,England,UK,09-07-2017,True
EMP552G,Patricia,Jones,10-11-1987,Female,Married,PhD,Seattle,Washington,US,14-03-2018,False
EMP553G,Kavita,Mishra,24-09-1969,Male,Divorced,Bachelors,Bangalore,Karnataka,India,31-10-2018,True
EMP554G,Priya,Verma,16-07-1982,Female,Divorced,Masters,Chennai,Tamil Nadu,India,14-02-2022,True
EMP555G,Arjun,Gupta,20-09-2000,Male,Single,Bachelors,Mumbai,Maharashtra,India,20-08-2019,True
EMP556G,Pooja,Kumar,22-09-1977,Male,Single,Bachelors,Bangalore,Karnataka,India,01-03-2017,True
EMP557G,David,Rodriguez,03-06-1968,Female,Single,Bachelors,New York,New York,US,17-03-2024,True
EMP558G,Rakesh,Mishra,28-10-2004,Female,Married,Bachelors,Mumbai,Maharashtra,India,01-04-2018,True
EMP559G,Pooja,Gupta,29-02-1996,Male,Married,Bachelors,Hyderabad,Telangana,India,20-07-2026,True
EMP560G,Oliver,Williams,17-11-1997,Female,Married,Bachelors,Manchester,England,UK,14-01-2016,True
EMP561G,Pooja,Kumar,05-02-1986,Male,Married,Bachelors,New Delhi,Delhi,India,18-05-2017,True
EMP562G,Amit,Chauhan,10-05-1972,Female,Single,High School,New Delhi,Delhi,India,09-02-2015,True
EMP563G,Robert,Davis,03-08-1965,Female,Single,Bachelors,Chicago,Illinois,US,01-06-2021,True
EMP564G,William,Johnson,15-07-1996,Female,Single,Bachelors,Seattle,Washington,US,26-04-2023,True
EMP565G,Poppy,Thomas,30-07-1977,Male,Single,Bachelors,Manchester,England,UK,10-03-2023,False
EMP566G,George,Evans,18-11-1982,Male,Married,Bachelors,Birmingham,England,UK,20-10-2018,True
EMP567G,Jacob,Roberts,10-05-1984,Male,Single,Masters,Manchester,England,UK,26-02-2021,True
EMP568G,David,Smith,30-03-1994,Female,Divorced,Bachelors,New York,New York,US,07-08-2020,True
EMP569G,David,Davis,20-12-1987,Female,Married,Bachelors,Seattle,Washington,US,23-11-2023,True
EMP570G,John,Smith,20-10-1971,Male,Married,Masters,Seattle,Washington,US,29-11-2019,True
EMP571G,Rahul,Chauhan,09-11-1975,Male,Married,Bachelors,Bangalore,Karnataka,India,22-06-2017,True
EMP572G,Jacob,Clark,17-05-1977,Male,Married,Masters,Edinburgh,Scotland,UK,06-05-2024,True
EMP573G,George,Williams,17-03-1979,Female,Married,Bachelors,Manchester,England,UK,28-04-2015,True
EMP574G,Vikram,Chauhan,05-09-1976,Female,Single,Diploma,New Delhi,Delhi,India,08-10-2020,True
EMP575G,Amit,Singh,08-09-1966,Male,Single,Masters,Hyderabad,Telangana,India,02-01-2016,True
EMP576G,George,Evans,16-09-1978,Female,Divorced,Bachelors,London,England,UK,20-04-2017,True
EMP577G,Patricia,Rodriguez,23-10-1978,Female,Married,Bachelors,Seattle,Washington,US,28-02-2018,False
EMP578G,Elizabeth,Smith,28-01-1977,Male,Married,Diploma,Austin,Texas,US,02-12-2019,True
EMP579G,Thomas,Williams,18-05-1990,Male,Single,Bachelors,Edinburgh,Scotland,UK,09-11-2015,True
EMP580G,Oliver,Jones,17-10-1977,Male,Married,Masters,Birmingham,England,UK,05-05-2024,True
EMP581G,Emily,Clark,18-07-1975,Female,Single,Bachelors,London,England,UK,03-04-2020,False
EMP582G,Emily,Taylor,25-05-1992,Female,Single,Bachelors,Manchester,England,UK,29-03-2017,True
EMP583G,Mary,Rodriguez,21-03-1966,Female,Single,Bachelors,New York,New York,US,17-09-2020,False
EMP584G,Rakesh,Iyer,27-05-1987,Male,Married,Bachelors,Chennai,Tamil Nadu,India,10-10-2019,True
EMP585G,Olivia,Thomas,20-04-1986,Male,Married,Bachelors,London,England,UK,10-04-2022,True
EMP586G,Vikram,Gupta,18-07-1987,Female,Single,Masters,New Delhi,Delhi,India,03-08-2016,True
EMP587G,Emily,Wilson,20-09-1994,Female,Married,Bachelors,Manchester,England,UK,23-03-2026,True
EMP588G,William,Davis,05-07-1970,Male,Married,Masters,Seattle,Washington,US,17-03-2022,False
EMP589G,Elizabeth,Johnson,21-08-1978,Male,Married,Masters,New York,New York,US,26-08-2019,True
EMP590G,Poppy,Wilson,03-08-1990,Male,Single,Bachelors,Glasgow,Scotland,UK,02-01-2025,True
EMP591G,Arjun,Chauhan,28-10-2003,Female,Single,High School,Mumbai,Maharashtra,India,07-04-2015,True
EMP592G,Isla,Jones,11-07-1969,Male,Single,Bachelors,Manchester,England,UK,03-11-2021,True
EMP593G,Isla,Jones,22-06-1992,Male,Married,Masters,London,England,UK,11-04-2015,True
EMP594G,Michael,Smith,30-10-1973,Male,Single,Masters,Seattle,Washington,US,07-03-2020,True
EMP595G,Pooja,Bose,16-06-1975,Male,Married,Bachelors,Bangalore,Karnataka,India,31-01-2021,True
EMP596G,Linda,Williams,04-12-1996,Female,Divorced,Masters,Chicago,Illinois,US,07-12-2017,False
EMP597G,Isla,Brown,18-01-1982,Male,Married,Bachelors,Birmingham,England,UK,23-03-2022,False
EMP598G,Barbara,Miller,15-10-1997,Female,Married,Masters,Chicago,Illinois,US,16-11-2025,True
EMP599G,Manish,Gupta,28-09-1991,Male,Single,Masters,New Delhi,Delhi,India,22-03-2025,True
EMP600G,Priya,Singh,27-05-1975,Male,Single,Masters,Chennai,Tamil Nadu,India,05-05-2020,False
EMP601G,Emily,Williams,04-12-1975,Male,Single,Bachelors,London,England,UK,20-07-2022,True
EMP602G,Thomas,Wilson,08-04-1996,Male,Married,PhD,Glasgow,Scotland,UK,14-11-2020,True
EMP603G,Jennifer,Johnson,23-11-1971,Male,Single,Bachelors,Austin,Texas,US,11-11-2019,True
EMP604G,Jack,Davies,29-07-1978,Male,Married,Diploma,Glasgow,Scotland,UK,24-01-2016,True
EMP605G,Isla,Clark,31-12-1982,Female,Married,Bachelors,London,England,UK,05-05-2026,True
EMP606G,Isla,Taylor,01-06-1999,Female,Married,Bachelors,Glasgow,Scotland,UK,23-10-2016,True
EMP607G,Robert,Garcia,23-03-1966,Male,Divorced,Bachelors,Seattle,Washington,US,01-08-2024,True
EMP608G,Priya,Nayak,19-09-1969,Male,Married,Bachelors,Mumbai,Maharashtra,India,12-06-2024,True
EMP609G,Rakesh,Reddy,27-03-1997,Male,Single,Masters,New Delhi,Delhi,India,26-07-2023,True
EMP610G,Emily,Evans,01-04-1969,Female,Single,Masters,Manchester,England,UK,21-08-2020,True
EMP611G,Patricia,Miller,02-02-1969,Male,Divorced,Bachelors,San Francisco,California,US,24-04-2022,True
EMP612G,Amit,Gupta,28-08-1972,Female,Married,Bachelors,Mumbai,Maharashtra,India,10-03-2022,True
EMP613G,Robert,Davis,06-06-1979,Male,Married,Bachelors,Chicago,Illinois,US,12-06-2025,True
EMP614G,Michael,Martinez,16-06-1971,Female,Single,PhD,New York,New York,US,13-05-2018,True
EMP615G,Neha,Nayak,30-06-1975,Male,Single,Bachelors,New Delhi,Delhi,India,30-11-2025,True
EMP616G,Poppy,Thomas,16-03-1965,Male,Divorced,Masters,Edinburgh,Scotland,UK,04-06-2020,True
EMP617G,Elizabeth,Miller,22-06-2001,Male,Married,Bachelors,New York,New York,US,01-04-2025,True
EMP618G,Amelia,Taylor,06-08-1996,Male,Single,Bachelors,Edinburgh,Scotland,UK,27-01-2021,True
EMP619G,William,Brown,05-04-2000,Female,Single,Masters,Austin,Texas,US,04-10-2015,True
EMP620G,Kavita,Patel,26-08-1989,Female,Divorced,Masters,Hyderabad,Telangana,India,03-09-2019,True
EMP621G,Sneha,Kumar,19-11-1994,Female,Single,Bachelors,Bangalore,Karnataka,India,25-04-2022,True
EMP622G,Rakesh,Chauhan,14-09-2003,Male,Single,Bachelors,Bangalore,Karnataka,India,10-04-2015,True
EMP623G,Jacob,Roberts,04-04-1978,Female,Divorced,Masters,Birmingham,England,UK,14-05-2016,True
EMP624G,Anjali,Kumari,02-04-1991,Female,Single,Bachelors,New Delhi,Delhi,India,25-11-2021,True
EMP625G,Anjali,Sharma,06-11-2003,Male,Married,Bachelors,Chennai,Tamil Nadu,India,21-12-2016,True
EMP626G,Oliver,Thomas,12-04-1992,Male,Single,Diploma,Birmingham,England,UK,13-09-2022,True
EMP627G,Kavita,Singh,06-06-1985,Male,Married,Bachelors,New Delhi,Delhi,India,12-02-2022,True
EMP628G,Amit,Kumar,25-06-1996,Female,Married,Bachelors,Bangalore,Karnataka,India,29-06-2025,False
EMP629G,Thomas,Clark,18-05-1986,Male,Single,Masters,Edinburgh,Scotland,UK,28-05-2018,True
EMP630G,George,Taylor,19-03-2004,Male,Single,Bachelors,Glasgow,Scotland,UK,04-06-2022,True
EMP631G,Sneha,Chauhan,12-10-2001,Female,Married,PhD,Mumbai,Maharashtra,India,30-01-2016,False
EMP632G,Harry,Wilson,17-08-1978,Male,Single,Diploma,Edinburgh,Scotland,UK,05-10-2024,False
EMP633G,Arjun,Sharma,10-03-1987,Male,Single,Masters,Hyderabad,Telangana,India,31-08-2016,True
EMP634G,Robert,Rodriguez,16-12-1977,Female,Single,Masters,Austin,Texas,US,23-07-2015,True
EMP635G,Neha,Iyer,20-05-1977,Male,Single,Bachelors,Chennai,Tamil Nadu,India,22-03-2026,True
EMP636G,Kavita,Kumari,07-02-2001,Male,Married,Masters,New Delhi,Delhi,India,07-06-2021,False
EMP637G,David,Garcia,14-05-1982,Female,Single,Bachelors,Seattle,Washington,US,19-06-2021,True
EMP638G,David,Martinez,13-04-1999,Female,Single,Bachelors,Austin,Texas,US,02-05-2020,True
EMP639G,Sneha,Chauhan,14-02-1995,Female,Married,Masters,Chennai,Tamil Nadu,India,04-11-2023,True
EMP640G,Michael,Jones,25-12-1979,Female,Married,High School,Seattle,Washington,US,15-12-2023,True
EMP641G,Oliver,Thomas,01-09-1975,Male,Married,Diploma,Edinburgh,Scotland,UK,10-04-2021,True
EMP642G,Neha,Iyer,23-05-1978,Male,Married,Bachelors,Bangalore,Karnataka,India,23-06-2022,False
EMP643G,John,Miller,14-05-2004,Female,Single,Bachelors,Austin,Texas,US,03-03-2022,True
EMP644G,William,Davis,16-01-1972,Female,Single,Bachelors,Austin,Texas,US,28-09-2017,True
EMP645G,David,Rodriguez,26-02-1979,Female,Single,Masters,Seattle,Washington,US,08-06-2023,True
EMP646G,Poppy,Taylor,13-11-1985,Female,Married,Masters,Birmingham,England,UK,23-11-2024,True
EMP647G,Manish,Iyer,17-12-1971,Female,Married,Masters,Chennai,Tamil Nadu,India,26-12-2015,False
EMP648G,Priya,Verma,04-01-1992,Female,Divorced,Bachelors,Chennai,Tamil Nadu,India,29-04-2020,True
EMP649G,John,Williams,15-06-2002,Female,Married,Bachelors,Seattle,Washington,US,25-04-2023,True
EMP650G,John,Martinez,01-03-1983,Male,Single,Masters,Seattle,Washington,US,16-01-2018,True
EMP651G,Sanjay,Mishra,21-09-1987,Female,Single,Bachelors,Hyderabad,Telangana,India,04-10-2025,False
EMP652G,William,Garcia,24-09-1991,Female,Single,Bachelors,Chicago,Illinois,US,05-09-2015,True
EMP653G,Harry,Clark,29-09-2002,Female,Married,Bachelors,London,England,UK,11-09-2020,True
EMP654G,Ravi,Das,07-11-1973,Male,Married,Masters,Chennai,Tamil Nadu,India,04-02-2023,True
EMP655G,Kavita,Mishra,09-09-1998,Female,Single,Masters,Mumbai,Maharashtra,India,18-08-2020,True
EMP656G,Neha,Iyer,29-12-1996,Female,Married,Masters,Bangalore,Karnataka,India,22-08-2023,True
EMP657G,William,Garcia,31-10-1972,Male,Single,Bachelors,New York,New York,US,01-07-2015,True
EMP658G,Manish,Verma,24-12-2001,Female,Single,Bachelors,Mumbai,Maharashtra,India,18-03-2026,False
EMP659G,Oliver,Williams,25-03-1981,Female,Married,Bachelors,London,England,UK,21-04-2017,True
EMP660G,Olivia,Jones,27-05-1966,Male,Single,Bachelors,Manchester,England,UK,10-01-2022,False
EMP661G,Jennifer,Williams,27-09-1970,Female,Divorced,Diploma,Chicago,Illinois,US,26-12-2025,True
EMP662G,Harry,Thomas,26-03-1985,Male,Married,Masters,Glasgow,Scotland,UK,07-02-2024,True
EMP663G,Anjali,Kumari,22-05-2002,Female,Single,Masters,Mumbai,Maharashtra,India,11-02-2016,False
EMP664G,Rakesh,Kumari,30-12-1999,Male,Single,Bachelors,Bangalore,Karnataka,India,07-07-2017,True
EMP665G,Robert,Martinez,04-05-1982,Male,Single,Masters,Austin,Texas,US,05-05-2026,True
EMP666G,Thomas,Taylor,21-04-1984,Male,Married,Masters,Edinburgh,Scotland,UK,24-09-2023,True
EMP667G,Emily,Williams,24-04-1996,Male,Single,Bachelors,Glasgow,Scotland,UK,17-04-2026,True
EMP668G,William,Garcia,22-09-1984,Female,Single,Bachelors,New York,New York,US,25-08-2024,True
EMP669G,Jennifer,Williams,08-01-1989,Male,Married,Diploma,Austin,Texas,US,06-10-2022,True
EMP670G,John,Johnson,14-07-1973,Male,Married,Masters,Austin,Texas,US,30-12-2018,True
EMP671G,Robert,Jones,17-04-1999,Male,Single,Bachelors,New York,New York,US,13-11-2025,False
EMP672G,Rakesh,Iyer,08-09-1965,Female,Married,Bachelors,New Delhi,Delhi,India,29-08-2015,True
EMP673G,Olivia,Taylor,25-05-1988,Female,Single,Bachelors,Manchester,England,UK,23-06-2025,True
EMP674G,Harry,Clark,25-02-1966,Male,Single,Masters,Birmingham,England,UK,28-08-2019,False
EMP675G,Isla,Clark,18-01-1972,Male,Married,Bachelors,Edinburgh,Scotland,UK,08-04-2023,True
EMP676G,Barbara,Rodriguez,11-04-1990,Male,Married,Masters,New York,New York,US,03-10-2018,True
EMP677G,Vikram,Verma,15-09-1968,Female,Married,Masters,Mumbai,Maharashtra,India,15-03-2026,True
EMP678G,Poppy,Jones,12-01-1995,Male,Single,High School,Edinburgh,Scotland,UK,09-03-2021,True
EMP679G,Anjali,Kumari,23-09-2003,Female,Single,Bachelors,Chennai,Tamil Nadu,India,15-11-2019,True
EMP680G,George,Brown,11-04-1970,Female,Single,Bachelors,Birmingham,England,UK,09-02-2021,True
EMP681G,Jack,Brown,20-11-1973,Male,Single,Bachelors,London,England,UK,21-09-2022,True
EMP682G,David,Martinez,26-07-1985,Male,Divorced,Bachelors,Austin,Texas,US,26-10-2021,True
EMP683G,Linda,Miller,29-12-1974,Male,Divorced,Bachelors,San Francisco,California,US,11-10-2017,True
EMP684G,Harry,Brown,04-07-1981,Female,Divorced,Bachelors,Edinburgh,Scotland,UK,16-11-2019,True
EMP685G,Harry,Clark,28-08-2004,Male,Married,Bachelors,Glasgow,Scotland,UK,18-06-2015,True
EMP686G,Patricia,Johnson,30-05-1969,Female,Married,Bachelors,Chicago,Illinois,US,25-11-2017,False
EMP687G,Barbara,Williams,18-02-1967,Male,Single,Bachelors,Seattle,Washington,US,28-05-2026,True
EMP688G,Sneha,Mishra,13-11-1981,Female,Single,PhD,New Delhi,Delhi,India,02-10-2024,True
EMP689G,Anjali,Sharma,18-07-1990,Female,Single,Bachelors,Chennai,Tamil Nadu,India,06-06-2019,True
EMP690G,Charlie,Brown,03-06-1989,Female,Single,Bachelors,London,England,UK,12-10-2016,True
EMP691G,Isla,Williams,25-08-1987,Female,Single,Bachelors,Manchester,England,UK,11-02-2016,True
EMP692G,Amelia,Jones,05-12-1974,Male,Married,Bachelors,London,England,UK,13-12-2019,True
EMP693G,Ravi,Singh,25-07-1972,Female,Married,High School,Mumbai,Maharashtra,India,01-02-2020,False
EMP694G,Anjali,Iyer,15-07-2000,Female,Married,Bachelors,Chennai,Tamil Nadu,India,19-07-2025,True
EMP695G,Poppy,Taylor,22-10-1997,Male,Single,Masters,London,England,UK,06-11-2019,True
EMP696G,Amit,Kumar,22-01-1996,Male,Single,Bachelors,Chennai,Tamil Nadu,India,30-08-2020,True
EMP697G,Kavita,Chauhan,28-06-1999,Male,Single,Masters,Mumbai,Maharashtra,India,28-12-2025,True
EMP698G,Patricia,Smith,20-05-2000,Female,Married,Diploma,New York,New York,US,03-07-2016,True
EMP699G,Amit,Kumar,10-07-1972,Male,Married,Masters,New Delhi,Delhi,India,19-03-2022,True
EMP700G,Jennifer,Garcia,26-07-2000,Female,Single,Bachelors,Seattle,Washington,US,24-02-2017,True
EMP701G,William,Garcia,18-06-1979,Female,Single,Bachelors,Seattle,Washington,US,26-07-2017,True
EMP702G,Rakesh,Bose,04-01-1973,Female,Divorced,Diploma,Chennai,Tamil Nadu,India,05-05-2015,True
EMP703G,Vikram,Nayak,04-11-1983,Male,Divorced,Diploma,Chennai,Tamil Nadu,India,24-06-2016,True
EMP704G,Kiran,Kumar,24-05-1974,Male,Single,Bachelors,Mumbai,Maharashtra,India,05-04-2021,False
EMP705G,James,Garcia,22-07-1994,Male,Single,Bachelors,Austin,Texas,US,26-10-2015,True
EMP706G,Olivia,Thomas,06-05-1971,Male,Single,Bachelors,Glasgow,Scotland,UK,23-06-2026,True
EMP707G,Amit,Bose,10-03-1978,Male,Married,Bachelors,New Delhi,Delhi,India,30-10-2016,True
EMP708G,Thomas,Wilson,30-11-1996,Male,Divorced,Bachelors,Edinburgh,Scotland,UK,23-08-2021,True
EMP709G,Michael,Williams,01-12-1979,Female,Single,Masters,New York,New York,US,09-06-2025,True
EMP710G,Sanjay,Bose,12-03-1999,Female,Married,Masters,Hyderabad,Telangana,India,27-05-2018,True
EMP711G,Elizabeth,Miller,10-01-1997,Male,Single,Masters,New York,New York,US,03-12-2021,True
EMP712G,Amelia,Williams,11-11-1999,Female,Single,Masters,London,England,UK,04-08-2022,True
EMP713G,Isla,Taylor,13-01-1970,Female,Divorced,Bachelors,Birmingham,England,UK,10-05-2016,True
EMP714G,George,Wilson,13-04-1989,Male,Married,Bachelors,Edinburgh,Scotland,UK,24-01-2020,True
EMP715G,Linda,Brown,18-03-1990,Female,Divorced,Masters,Austin,Texas,US,12-02-2022,True
EMP716G,David,Jones,16-09-1997,Female,Single,Diploma,Chicago,Illinois,US,10-06-2023,True
EMP717G,Elizabeth,Miller,04-03-1971,Male,Single,Bachelors,New York,New York,US,28-05-2018,True
EMP718G,Olivia,Williams,22-09-1971,Male,Single,Bachelors,Manchester,England,UK,22-04-2022,True
EMP719G,Emily,Wilson,05-03-1990,Female,Single,Bachelors,Glasgow,Scotland,UK,01-03-2026,True
EMP720G,Jack,Clark,24-12-1975,Female,Single,Bachelors,Birmingham,England,UK,01-01-2023,False
EMP721G,Oliver,Taylor,11-05-1985,Male,Married,Bachelors,Glasgow,Scotland,UK,25-04-2015,True
EMP722G,Robert,Rodriguez,27-08-2002,Female,Single,Bachelors,Seattle,Washington,US,03-03-2022,True
EMP723G,Oliver,Thomas,04-11-1965,Female,Married,Masters,Edinburgh,Scotland,UK,14-09-2024,False
EMP724G,Elizabeth,Miller,16-09-1986,Male,Single,Bachelors,Austin,Texas,US,09-03-2023,True
EMP725G,Barbara,Miller,29-04-1990,Female,Married,Bachelors,Austin,Texas,US,20-06-2024,False
EMP726G,Isla,Jones,22-10-2002,Female,Married,Diploma,London,England,UK,29-11-2023,True
EMP727G,Barbara,Johnson,04-03-1965,Female,Single,High School,San Francisco,California,US,18-11-2025,True
EMP728G,Poppy,Taylor,28-03-1990,Male,Single,PhD,Glasgow,Scotland,UK,08-02-2025,True
EMP729G,George,Jones,12-11-1968,Female,Single,Bachelors,Manchester,England,UK,29-09-2017,False
EMP730G,Linda,Brown,09-02-1978,Male,Single,Masters,Seattle,Washington,US,15-03-2020,True
EMP731G,Priya,Kumar,08-09-1987,Female,Single,Diploma,Hyderabad,Telangana,India,20-10-2019,True
EMP732G,Michael,Rodriguez,24-09-1991,Female,Divorced,Masters,Chicago,Illinois,US,21-01-2019,True
EMP733G,Isla,Evans,04-12-2001,Male,Married,Bachelors,Manchester,England,UK,26-10-2021,True
EMP734G,Thomas,Evans,09-03-1978,Female,Married,Masters,Glasgow,Scotland,UK,24-06-2023,True
EMP735G,Sneha,Iyer,19-06-1967,Female,Married,Bachelors,Bangalore,Karnataka,India,10-03-2023,True
EMP736G,Anjali,Das,18-12-1988,Female,Married,Bachelors,New Delhi,Delhi,India,26-03-2015,True
EMP737G,Charlie,Jones,08-09-1970,Female,Married,Bachelors,Birmingham,England,UK,31-01-2025,True
EMP738G,Amelia,Clark,06-01-1977,Female,Married,Masters,Glasgow,Scotland,UK,29-06-2019,True
EMP739G,Anjali,Chauhan,12-05-1990,Female,Married,Bachelors,New Delhi,Delhi,India,11-02-2026,True
EMP740G,Priya,Gupta,03-05-1985,Male,Married,Bachelors,Hyderabad,Telangana,India,10-08-2020,True
EMP741G,Amelia,Jones,14-11-1983,Male,Single,Bachelors,Birmingham,England,UK,25-02-2018,True
EMP742G,Anjali,Verma,26-02-1999,Female,Married,High School,Mumbai,Maharashtra,India,19-02-2025,True
EMP743G,Linda,Smith,14-12-1993,Female,Married,Bachelors,Seattle,Washington,US,03-10-2015,True
EMP744G,Amit,Chauhan,15-11-2004,Male,Married,Diploma,Bangalore,Karnataka,India,19-02-2023,True
EMP745G,Sneha,Kumari,18-03-1984,Male,Married,Bachelors,Mumbai,Maharashtra,India,25-12-2020,True
EMP746G,Jennifer,Jones,23-05-1999,Female,Single,Bachelors,San Francisco,California,US,29-09-2019,True
EMP747G,Ravi,Reddy,05-07-1996,Female,Married,Bachelors,Hyderabad,Telangana,India,13-07-2018,True
EMP748G,Isla,Jones,19-03-1971,Female,Single,Masters,Glasgow,Scotland,UK,03-01-2021,True
EMP749G,Charlie,Jones,13-09-1986,Male,Single,Bachelors,Glasgow,Scotland,UK,21-11-2016,False
EMP750G,Anjali,Sharma,19-09-1987,Female,Single,Masters,New Delhi,Delhi,India,26-05-2021,True
EMP751G,Michael,Jones,03-01-1991,Female,Single,Masters,Chicago,Illinois,US,18-06-2022,True
EMP752G,Charlie,Jones,07-11-1965,Male,Married,Masters,Edinburgh,Scotland,UK,13-10-2025,True
EMP753G,Isla,Roberts,27-05-1966,Female,Married,Bachelors,Birmingham,England,UK,23-01-2026,True
EMP754G,Barbara,Johnson,22-09-1970,Male,Single,Bachelors,Chicago,Illinois,US,07-06-2025,True
EMP755G,Neha,Nayak,13-09-1966,Male,Single,Diploma,Bangalore,Karnataka,India,29-07-2016,False
EMP756G,Elizabeth,Jones,27-05-1976,Female,Married,Bachelors,New York,New York,US,01-09-2020,True
EMP757G,Patricia,Miller,05-02-1992,Female,Married,PhD,Austin,Texas,US,07-05-2021,True
EMP758G,Oliver,Clark,09-08-1988,Male,Married,Bachelors,Birmingham,England,UK,20-10-2023,True
EMP759G,Jacob,Brown,08-05-1993,Male,Married,Masters,Edinburgh,Scotland,UK,24-10-2017,True
EMP760G,Sanjay,Kumar,28-09-1995,Male,Single,Masters,New Delhi,Delhi,India,01-10-2015,True
EMP761G,William,Johnson,05-03-1999,Male,Single,PhD,Seattle,Washington,US,13-03-2016,True
EMP762G,Emily,Brown,23-08-1994,Female,Married,PhD,Manchester,England,UK,24-09-2020,True
EMP763G,Charlie,Wilson,24-05-1999,Male,Single,Masters,Manchester,England,UK,10-12-2021,False
EMP764G,Anjali,Das,11-05-1992,Male,Married,Bachelors,New Delhi,Delhi,India,26-05-2024,True
EMP765G,George,Williams,01-03-1989,Male,Married,Masters,Birmingham,England,UK,14-08-2020,True
EMP766G,Patricia,Smith,12-07-1971,Male,Married,PhD,Seattle,Washington,US,25-09-2018,True
EMP767G,Rahul,Mishra,24-06-1970,Female,Married,PhD,New Delhi,Delhi,India,24-05-2019,True
EMP768G,Jack,Williams,01-03-1969,Female,Single,Bachelors,Manchester,England,UK,15-01-2025,True
EMP769G,Isla,Thomas,04-04-1970,Female,Married,PhD,Manchester,England,UK,17-07-2015,False
EMP770G,James,Brown,18-06-1984,Male,Single,Bachelors,Chicago,Illinois,US,26-03-2021,True
EMP771G,Jack,Taylor,04-08-1998,Female,Married,Bachelors,Glasgow,Scotland,UK,14-09-2019,True
EMP772G,Amit,Patel,05-06-1974,Female,Married,Bachelors,Mumbai,Maharashtra,India,24-10-2024,True
EMP773G,Emily,Jones,29-04-1973,Male,Divorced,Bachelors,London,England,UK,12-01-2026,True
EMP774G,Linda,Brown,22-09-1995,Female,Married,Bachelors,San Francisco,California,US,22-11-2023,True
EMP775G,Rakesh,Sharma,02-03-1994,Female,Divorced,Masters,Hyderabad,Telangana,India,09-02-2017,True
EMP776G,Rahul,Reddy,02-06-1973,Male,Single,Masters,Hyderabad,Telangana,India,23-06-2021,True
EMP777G,John,Miller,22-01-1981,Male,Married,Masters,San Francisco,California,US,02-05-2026,False
EMP778G,Harry,Roberts,06-04-1971,Female,Married,Bachelors,Manchester,England,UK,27-04-2023,False
EMP779G,Emily,Evans,14-01-1989,Female,Married,Diploma,Glasgow,Scotland,UK,09-09-2025,True
EMP780G,Arjun,Iyer,25-06-1981,Female,Single,Masters,Chennai,Tamil Nadu,India,14-04-2023,False
EMP781G,Jennifer,Brown,04-08-1972,Male,Single,Masters,Austin,Texas,US,10-10-2018,True
EMP782G,Kiran,Iyer,06-06-1998,Female,Single,Masters,Mumbai,Maharashtra,India,07-04-2023,True
EMP783G,Jack,Davies,15-05-1972,Male,Single,Diploma,London,England,UK,10-04-2018,True
EMP784G,Michael,Garcia,20-02-1982,Male,Married,Bachelors,Austin,Texas,US,20-02-2024,True
EMP785G,Poppy,Wilson,11-11-1997,Female,Married,High School,Birmingham,England,UK,25-09-2025,True
EMP786G,Elizabeth,Jones,11-11-2004,Female,Single,Bachelors,Seattle,Washington,US,10-11-2018,True
EMP787G,Rahul,Singh,19-08-1996,Female,Married,Bachelors,Chennai,Tamil Nadu,India,14-08-2015,False
EMP788G,Patricia,Rodriguez,18-02-2004,Male,Married,Masters,San Francisco,California,US,08-08-2019,True
EMP789G,Isla,Taylor,12-04-1991,Male,Single,Bachelors,Birmingham,England,UK,08-11-2019,True
EMP790G,Jack,Wilson,18-03-1972,Male,Married,Bachelors,Manchester,England,UK,31-05-2023,True
EMP791G,Priya,Das,06-10-1977,Female,Divorced,Bachelors,Chennai,Tamil Nadu,India,28-05-2018,True
EMP792G,William,Rodriguez,13-03-1993,Female,Married,Masters,San Francisco,California,US,27-05-2020,True
EMP793G,Emily,Thomas,28-04-1969,Female,Married,PhD,Birmingham,England,UK,29-05-2023,True
EMP794G,Emily,Roberts,06-01-1976,Male,Married,Masters,London,England,UK,29-11-2016,True
EMP795G,Jacob,Thomas,30-04-2004,Female,Married,Bachelors,London,England,UK,20-05-2021,True
EMP796G,Rakesh,Iyer,02-05-1991,Male,Single,Bachelors,Hyderabad,Telangana,India,06-04-2023,True
EMP797G,Thomas,Williams,28-07-1996,Male,Married,PhD,Birmingham,England,UK,30-05-2024,False
EMP798G,Rahul,Iyer,25-08-1973,Female,Married,Bachelors,Bangalore,Karnataka,India,07-09-2022,True
EMP799G,Rakesh,Singh,04-08-2000,Female,Single,Masters,Hyderabad,Telangana,India,29-12-2022,False
EMP800G,Amit,Gupta,03-12-1969,Male,Married,Masters,Hyderabad,Telangana,India,10-05-2019,True
EMP801G,Kavita,Chauhan,05-07-1975,Female,Married,Bachelors,Hyderabad,Telangana,India,17-05-2016,True
EMP802G,Olivia,Evans,11-01-1977,Female,Married,Masters,Glasgow,Scotland,UK,19-04-2016,True
EMP803G,Kiran,Sharma,01-05-2002,Male,Single,Bachelors,Mumbai,Maharashtra,India,23-04-2020,False
EMP804G,Emily,Evans,29-08-1980,Male,Married,Bachelors,Edinburgh,Scotland,UK,15-08-2016,True
EMP805G,Jacob,Roberts,15-07-2003,Male,Single,Bachelors,Manchester,England,UK,05-11-2020,True
EMP806G,Oliver,Taylor,07-11-1966,Female,Single,Bachelors,Birmingham,England,UK,21-12-2019,True
EMP807G,David,Jones,08-11-1994,Female,Married,Bachelors,Austin,Texas,US,16-11-2018,True
EMP808G,Priya,Gupta,30-03-1999,Male,Married,Bachelors,Chennai,Tamil Nadu,India,30-12-2016,True
EMP809G,Vikram,Sharma,17-03-1999,Male,Married,Bachelors,Hyderabad,Telangana,India,25-09-2016,True
EMP810G,Emily,Williams,06-12-1981,Female,Single,Bachelors,Manchester,England,UK,19-09-2024,True
EMP811G,Neha,Patel,22-07-1981,Male,Single,Bachelors,New Delhi,Delhi,India,04-01-2017,True
EMP812G,Rahul,Kumari,04-06-2000,Male,Single,Masters,New Delhi,Delhi,India,01-06-2017,True
EMP813G,Harry,Davies,17-03-1981,Female,Married,Bachelors,Glasgow,Scotland,UK,09-07-2016,True
EMP814G,Oliver,Thomas,29-11-2001,Male,Married,Masters,Manchester,England,UK,18-07-2022,True
EMP815G,Jacob,Clark,22-10-2003,Female,Married,Bachelors,London,England,UK,11-12-2015,True
EMP816G,Jennifer,Smith,05-09-1980,Female,Married,PhD,San Francisco,California,US,11-06-2019,True
EMP817G,Michael,Williams,23-10-1989,Male,Single,Bachelors,Chicago,Illinois,US,17-11-2024,True
EMP818G,Thomas,Wilson,17-05-1984,Male,Married,Masters,Edinburgh,Scotland,UK,07-08-2019,True
EMP819G,Manish,Patel,11-01-1986,Male,Married,Bachelors,Mumbai,Maharashtra,India,13-04-2023,True
EMP820G,James,Williams,31-08-1991,Male,Single,Masters,New York,New York,US,02-09-2018,True
EMP821G,Priya,Verma,24-05-1971,Male,Divorced,Diploma,Bangalore,Karnataka,India,30-05-2019,True
EMP822G,Sanjay,Sharma,14-12-2000,Female,Divorced,Bachelors,Mumbai,Maharashtra,India,03-08-2022,False
EMP823G,Manish,Mishra,20-03-1980,Male,Single,Masters,Chennai,Tamil Nadu,India,13-01-2021,True
EMP824G,David,Rodriguez,17-09-1988,Male,Single,Bachelors,Seattle,Washington,US,02-04-2016,True
EMP825G,Rakesh,Patel,29-06-1996,Male,Married,Bachelors,Bangalore,Karnataka,India,14-11-2021,False
EMP826G,Harry,Taylor,07-09-1974,Male,Single,High School,Birmingham,England,UK,04-10-2018,True
EMP827G,Olivia,Taylor,09-06-1967,Male,Married,Bachelors,Edinburgh,Scotland,UK,16-11-2023,False
EMP828G,George,Taylor,02-03-1973,Male,Married,Masters,Manchester,England,UK,27-11-2025,True
EMP829G,Amit,Reddy,27-02-1975,Female,Married,Diploma,Mumbai,Maharashtra,India,07-07-2026,False
EMP830G,Isla,Brown,21-10-1984,Male,Married,Bachelors,Edinburgh,Scotland,UK,29-12-2019,True
EMP831G,Pooja,Sharma,29-08-1984,Male,Single,Masters,Hyderabad,Telangana,India,26-06-2024,True
EMP832G,Jennifer,Smith,25-08-1969,Female,Divorced,PhD,Seattle,Washington,US,15-05-2015,True
EMP833G,Ravi,Singh,04-09-1988,Female,Single,Bachelors,New Delhi,Delhi,India,15-07-2018,False
EMP834G,Pooja,Sharma,11-08-1996,Female,Married,PhD,New Delhi,Delhi,India,26-08-2026,True
EMP835G,Vikram,Nayak,03-10-1994,Male,Divorced,Bachelors,New Delhi,Delhi,India,09-05-2024,True
EMP836G,Isla,Roberts,29-01-1991,Male,Married,Bachelors,Edinburgh,Scotland,UK,18-07-2025,True
EMP837G,Kavita,Iyer,07-08-1986,Male,Single,Bachelors,Bangalore,Karnataka,India,28-02-2025,True
EMP838G,John,Rodriguez,18-05-1994,Male,Married,Bachelors,Austin,Texas,US,08-02-2024,True
EMP839G,Kiran,Kumari,28-10-1966,Male,Divorced,Bachelors,Bangalore,Karnataka,India,08-09-2024,False
EMP840G,Linda,Martinez,01-02-2004,Male,Married,Bachelors,Seattle,Washington,US,01-08-2019,False
EMP841G,Emily,Evans,19-05-1994,Male,Single,Bachelors,Glasgow,Scotland,UK,14-08-2022,True
EMP842G,Patricia,Brown,12-08-1969,Female,Single,Bachelors,Seattle,Washington,US,23-06-2018,True
EMP843G,Poppy,Taylor,23-01-1970,Male,Married,Bachelors,London,England,UK,02-04-2026,True
EMP844G,Elizabeth,Miller,19-11-1985,Male,Single,Bachelors,Austin,Texas,US,04-12-2018,True
EMP845G,George,Roberts,09-04-1998,Male,Married,Bachelors,Manchester,England,UK,04-03-2023,True
EMP846G,Oliver,Taylor,16-05-1974,Male,Single,Bachelors,Manchester,England,UK,10-01-2018,True
EMP847G,Rakesh,Bose,07-01-1974,Male,Married,Bachelors,Chennai,Tamil Nadu,India,13-06-2018,True
EMP848G,Pooja,Nayak,07-10-1966,Male,Married,Diploma,Chennai,Tamil Nadu,India,12-12-2015,True
EMP849G,Patricia,Martinez,20-01-1992,Female,Married,Diploma,San Francisco,California,US,14-10-2017,True
EMP850G,Sanjay,Das,07-05-1989,Female,Married,Diploma,Bangalore,Karnataka,India,15-02-2016,True
EMP851G,Thomas,Williams,07-11-1996,Female,Married,Bachelors,Birmingham,England,UK,28-10-2017,True
EMP852G,Charlie,Davies,28-09-1973,Female,Married,Bachelors,Birmingham,England,UK,13-06-2024,True
EMP853G,Rahul,Reddy,15-08-1981,Female,Single,Bachelors,New Delhi,Delhi,India,19-11-2021,True
EMP854G,Patricia,Brown,21-01-1994,Female,Single,Diploma,San Francisco,California,US,24-03-2016,True
EMP855G,Anjali,Kumar,26-02-1966,Female,Single,Masters,Mumbai,Maharashtra,India,13-10-2019,True
EMP856G,Manish,Das,22-09-1986,Female,Married,Diploma,Hyderabad,Telangana,India,25-12-2015,True
EMP857G,David,Johnson,19-02-1975,Female,Single,Diploma,Chicago,Illinois,US,03-04-2018,True
EMP858G,Linda,Davis,24-12-1968,Female,Single,Bachelors,Seattle,Washington,US,21-12-2017,True
EMP859G,William,Davis,25-01-1987,Female,Single,Bachelors,New York,New York,US,02-11-2023,True
EMP860G,Vikram,Nayak,19-08-1992,Female,Single,Bachelors,Hyderabad,Telangana,India,16-12-2015,False
EMP861G,James,Brown,21-07-2000,Female,Divorced,Masters,San Francisco,California,US,01-10-2024,True
EMP862G,Charlie,Jones,21-03-1979,Female,Single,Diploma,Manchester,England,UK,09-03-2024,True
EMP863G,Anjali,Iyer,04-09-1990,Male,Single,Bachelors,Hyderabad,Telangana,India,18-02-2022,True
EMP864G,Ravi,Patel,15-09-1984,Male,Single,High School,Hyderabad,Telangana,India,27-07-2023,False
EMP865G,Jennifer,Jones,28-02-1991,Male,Married,PhD,Austin,Texas,US,25-03-2024,False
EMP866G,Elizabeth,Smith,09-02-1995,Female,Married,Diploma,Seattle,Washington,US,20-08-2024,True
EMP867G,Isla,Taylor,23-06-1991,Female,Married,Bachelors,Birmingham,England,UK,25-11-2023,False
EMP868G,Sanjay,Sharma,03-01-1986,Female,Married,Masters,New Delhi,Delhi,India,09-06-2024,True
EMP869G,Ravi,Sharma,23-09-1967,Male,Single,Masters,Hyderabad,Telangana,India,28-07-2023,True
EMP870G,Ravi,Sharma,26-09-2003,Female,Single,Diploma,Chennai,Tamil Nadu,India,12-08-2018,True
EMP871G,John,Jones,25-03-1975,Female,Single,Diploma,Austin,Texas,US,01-01-2015,True
EMP872G,John,Jones,19-09-1983,Male,Single,Bachelors,San Francisco,California,US,13-01-2020,False
EMP873G,Harry,Brown,18-10-1977,Female,Single,Masters,London,England,UK,09-12-2023,True
EMP874G,Jennifer,Miller,14-03-2004,Female,Married,PhD,Austin,Texas,US,02-04-2018,True
EMP875G,Barbara,Smith,29-11-1991,Female,Married,Bachelors,New York,New York,US,03-02-2015,False
EMP876G,Mary,Garcia,24-09-1981,Male,Married,Masters,Seattle,Washington,US,06-08-2026,True
EMP877G,Anjali,Reddy,20-11-1993,Male,Single,Bachelors,Bangalore,Karnataka,India,03-09-2018,False
EMP878G,Amelia,Jones,16-02-1989,Female,Single,Bachelors,Edinburgh,Scotland,UK,06-12-2024,True
EMP879G,Isla,Davies,02-02-2004,Male,Single,PhD,Manchester,England,UK,22-03-2024,True
EMP880G,Olivia,Roberts,26-07-1993,Female,Married,Masters,Manchester,England,UK,22-05-2016,True
EMP881G,John,Martinez,28-04-1975,Male,Married,Masters,New York,New York,US,26-05-2025,True
EMP882G,Charlie,Roberts,07-06-1992,Female,Married,Masters,Birmingham,England,UK,13-10-2017,True
EMP883G,Jacob,Brown,01-03-1988,Female,Single,Bachelors,Edinburgh,Scotland,UK,09-04-2022,True
EMP884G,Pooja,Das,22-07-1984,Male,Married,Bachelors,Hyderabad,Telangana,India,19-12-2018,True
EMP885G,George,Jones,24-12-1984,Female,Divorced,PhD,Glasgow,Scotland,UK,01-03-2022,True
EMP886G,Priya,Verma,22-09-1989,Male,Married,Masters,Mumbai,Maharashtra,India,06-10-2025,False
EMP887G,Jacob,Roberts,14-12-1967,Female,Single,PhD,Manchester,England,UK,29-06-2022,True
EMP888G,Rakesh,Patel,15-02-1978,Female,Married,Bachelors,Mumbai,Maharashtra,India,09-02-2025,True
EMP889G,William,Brown,22-12-1982,Female,Single,Bachelors,Austin,Texas,US,30-11-2016,True
EMP890G,Poppy,Evans,03-02-2004,Female,Married,Masters,Edinburgh,Scotland,UK,11-03-2021,True
EMP891G,Robert,Miller,24-02-1971,Male,Married,Bachelors,Seattle,Washington,US,16-04-2015,False
EMP892G,Isla,Davies,25-12-1992,Male,Single,Bachelors,Manchester,England,UK,10-01-2020,False
EMP893G,Amelia,Taylor,11-05-1967,Male,Married,High School,London,England,UK,20-09-2015,True
EMP894G,Elizabeth,Jones,11-10-1994,Male,Single,Diploma,Chicago,Illinois,US,31-07-2016,True
EMP895G,David,Williams,06-08-1977,Male,Married,Masters,Seattle,Washington,US,20-01-2016,True
EMP896G,Oliver,Brown,11-04-2001,Male,Divorced,Bachelors,Glasgow,Scotland,UK,20-03-2015,True
EMP897G,Rahul,Kumari,04-07-1993,Female,Married,Masters,New Delhi,Delhi,India,28-06-2016,True
EMP898G,Robert,Davis,24-09-1970,Female,Single,Diploma,New York,New York,US,23-09-2019,True
EMP899G,Rakesh,Nayak,17-07-1990,Male,Married,Diploma,Mumbai,Maharashtra,India,11-02-2023,True
EMP900G,Patricia,Smith,04-08-1976,Male,Single,Masters,Austin,Texas,US,25-12-2024,False
EMP901G,Mary,Williams,15-05-1973,Female,Married,Bachelors,Austin,Texas,US,16-07-2019,True
EMP902G,James,Martinez,21-11-1995,Female,Single,Masters,New York,New York,US,21-07-2024,True
EMP903G,Michael,Rodriguez,27-09-2001,Female,Single,Bachelors,Seattle,Washington,US,23-05-2023,True
EMP904G,Vikram,Bose,10-05-1989,Female,Married,Diploma,Hyderabad,Telangana,India,08-12-2015,False
EMP905G,James,Rodriguez,14-01-1986,Male,Single,Bachelors,San Francisco,California,US,27-09-2015,True
EMP906G,Amit,Sharma,18-05-1983,Male,Married,Bachelors,Chennai,Tamil Nadu,India,04-06-2023,True
EMP907G,Pooja,Kumar,28-05-1972,Female,Married,PhD,New Delhi,Delhi,India,31-05-2024,False
EMP908G,Linda,Smith,16-02-1991,Female,Married,Bachelors,Chicago,Illinois,US,25-04-2021,True
EMP909G,Olivia,Williams,23-11-1970,Male,Single,Bachelors,London,England,UK,29-06-2022,True
EMP910G,John,Brown,24-03-1994,Female,Married,Masters,San Francisco,California,US,02-08-2026,True
EMP911G,Priya,Gupta,07-09-1969,Male,Single,Masters,Hyderabad,Telangana,India,24-11-2018,True
EMP912G,Isla,Clark,02-02-1997,Female,Married,Bachelors,Glasgow,Scotland,UK,01-02-2018,True
EMP913G,Neha,Mishra,12-04-1984,Female,Single,Bachelors,New Delhi,Delhi,India,14-08-2021,True
EMP914G,Mary,Jones,17-12-1986,Male,Single,High School,San Francisco,California,US,14-01-2017,True
EMP915G,Ravi,Verma,25-01-1997,Male,Single,Bachelors,Hyderabad,Telangana,India,07-04-2018,True
EMP916G,Manish,Reddy,09-01-1994,Male,Single,Bachelors,New Delhi,Delhi,India,03-10-2021,True
EMP917G,Isla,Brown,11-08-1978,Female,Single,Diploma,London,England,UK,07-09-2019,True
EMP918G,James,Martinez,30-04-1981,Male,Married,Bachelors,Austin,Texas,US,17-09-2016,True
EMP919G,Anjali,Mishra,24-08-1972,Female,Married,Masters,New Delhi,Delhi,India,25-08-2015,True
EMP920G,Charlie,Davies,09-12-1995,Male,Married,Bachelors,Birmingham,England,UK,09-12-2016,True
EMP921G,Sneha,Kumari,03-09-1974,Male,Married,Diploma,New Delhi,Delhi,India,14-10-2016,True
EMP922G,Linda,Johnson,28-03-1967,Female,Married,Masters,New York,New York,US,24-09-2023,True
EMP923G,David,Johnson,15-12-1989,Female,Divorced,Bachelors,San Francisco,California,US,21-01-2019,False
EMP924G,William,Brown,17-12-2004,Female,Married,Diploma,Austin,Texas,US,09-07-2023,True
EMP925G,Vikram,Sharma,01-08-1980,Male,Single,Bachelors,Bangalore,Karnataka,India,07-11-2015,False
EMP926G,Amit,Bose,13-09-1983,Female,Single,Bachelors,New Delhi,Delhi,India,29-12-2019,True
EMP927G,Mary,Miller,03-11-1989,Male,Single,Masters,Seattle,Washington,US,20-12-2020,True
EMP928G,Sanjay,Reddy,25-12-1973,Female,Single,Bachelors,Mumbai,Maharashtra,India,22-04-2025,True
EMP929G,Michael,Martinez,24-11-1971,Male,Married,Masters,Chicago,Illinois,US,08-10-2020,True
EMP930G,Kiran,Reddy,06-01-1970,Female,Married,Masters,New Delhi,Delhi,India,16-06-2024,True
EMP931G,Emily,Roberts,10-05-1978,Male,Married,Bachelors,Birmingham,England,UK,13-08-2016,True
EMP932G,William,Miller,22-03-1995,Female,Married,Masters,New York,New York,US,25-01-2019,True
EMP933G,James,Brown,25-10-1996,Male,Single,Masters,New York,New York,US,21-04-2026,True
EMP934G,Barbara,Jones,12-06-2002,Male,Single,Masters,San Francisco,California,US,31-10-2016,True
EMP935G,Neha,Verma,24-07-2000,Male,Single,Masters,Chennai,Tamil Nadu,India,17-06-2021,True
EMP936G,David,Jones,14-07-1973,Female,Married,Bachelors,Seattle,Washington,US,19-04-2018,False
EMP937G,Oliver,Davies,13-03-1976,Male,Single,Bachelors,Edinburgh,Scotland,UK,12-12-2024,True
EMP938G,Poppy,Roberts,27-05-1996,Female,Married,Masters,Edinburgh,Scotland,UK,15-02-2019,False
EMP939G,Emily,Evans,09-01-1981,Female,Single,Bachelors,Glasgow,Scotland,UK,25-07-2026,True
EMP940G,Patricia,Smith,28-02-1985,Male,Single,Masters,San Francisco,California,US,03-08-2024,True
EMP941G,Kiran,Reddy,29-07-1984,Female,Single,Bachelors,Mumbai,Maharashtra,India,28-04-2023,True
EMP942G,Vikram,Gupta,27-11-1999,Female,Single,Bachelors,Hyderabad,Telangana,India,10-08-2016,True
EMP943G,Patricia,Brown,22-03-1997,Female,Married,PhD,Chicago,Illinois,US,21-10-2018,True
EMP944G,William,Davis,08-11-1975,Female,Single,Masters,San Francisco,California,US,24-01-2021,True
EMP945G,Sneha,Kumar,21-04-1980,Male,Married,Bachelors,New Delhi,Delhi,India,03-07-2018,False
EMP946G,Charlie,Wilson,29-04-1967,Male,Married,Masters,Birmingham,England,UK,20-06-2018,True
EMP947G,Olivia,Wilson,07-06-1993,Female,Married,Bachelors,Edinburgh,Scotland,UK,17-10-2017,False
EMP948G,Sneha,Chauhan,26-02-1990,Male,Married,Masters,Hyderabad,Telangana,India,02-07-2025,True
EMP949G,Priya,Kumar,28-02-1968,Male,Divorced,Bachelors,Bangalore,Karnataka,India,12-05-2020,True
EMP950G,Linda,Martinez,23-03-1993,Male,Single,Masters,Seattle,Washington,US,19-05-2023,True
EMP951G,Ravi,Bose,02-04-2004,Female,Married,Bachelors,Mumbai,Maharashtra,India,02-06-2021,True
EMP952G,Linda,Davis,13-02-1990,Male,Married,Bachelors,Austin,Texas,US,26-12-2015,True
EMP953G,Charlie,Williams,08-10-1985,Male,Married,Bachelors,London,England,UK,18-08-2024,True
EMP954G,Elizabeth,Jones,19-10-1985,Male,Married,Bachelors,Chicago,Illinois,US,27-03-2016,True
EMP955G,David,Williams,11-12-1978,Female,Single,Bachelors,Chicago,Illinois,US,02-01-2015,True
EMP956G,Elizabeth,Martinez,23-09-1966,Male,Married,PhD,New York,New York,US,14-04-2025,True
EMP957G,Rahul,Kumari,24-01-1988,Female,Single,Diploma,Hyderabad,Telangana,India,19-11-2022,True
EMP958G,Barbara,Johnson,10-01-1999,Female,Divorced,Bachelors,New York,New York,US,27-11-2019,True
EMP959G,Poppy,Davies,17-09-1995,Male,Married,Bachelors,London,England,UK,04-09-2023,True
EMP960G,Michael,Williams,30-04-1982,Male,Married,Bachelors,Austin,Texas,US,03-02-2025,True
EMP961G,Kiran,Kumar,10-10-1986,Female,Single,Masters,Hyderabad,Telangana,India,01-04-2016,True
EMP962G,Poppy,Davies,27-01-1983,Female,Married,PhD,Edinburgh,Scotland,UK,23-07-2025,True
EMP963G,Patricia,Rodriguez,10-06-1983,Female,Married,Diploma,San Francisco,California,US,03-10-2023,True
EMP964G,Rahul,Nayak,17-03-2002,Male,Single,Masters,Hyderabad,Telangana,India,15-10-2019,True
EMP965G,Patricia,Miller,03-07-1974,Female,Single,Masters,New York,New York,US,10-05-2017,True
EMP966G,Amelia,Roberts,10-11-1991,Male,Married,Bachelors,Glasgow,Scotland,UK,06-05-2019,False
EMP967G,Anjali,Das,20-12-1977,Male,Divorced,Diploma,New Delhi,Delhi,India,20-03-2018,True
EMP968G,Charlie,Wilson,28-07-1975,Male,Divorced,Masters,Edinburgh,Scotland,UK,19-06-2016,True
EMP969G,Charlie,Clark,27-04-2000,Female,Single,Bachelors,Edinburgh,Scotland,UK,20-10-2025,True
EMP970G,Barbara,Brown,22-08-1983,Male,Divorced,Diploma,Chicago,Illinois,US,19-07-2022,True
EMP971G,Charlie,Roberts,13-05-1968,Male,Married,Masters,Glasgow,Scotland,UK,13-04-2019,True
EMP972G,Amelia,Williams,03-06-1974,Male,Divorced,PhD,Birmingham,England,UK,23-09-2016,True
EMP973G,Linda,Williams,24-11-2003,Female,Married,Masters,New York,New York,US,20-05-2017,True
EMP974G,William,Brown,03-05-2001,Male,Single,Masters,Seattle,Washington,US,03-07-2021,True
EMP975G,David,Martinez,27-03-1967,Male,Single,PhD,San Francisco,California,US,24-06-2026,True
EMP976G,Kiran,Kumari,18-08-1968,Male,Married,Bachelors,Mumbai,Maharashtra,India,14-01-2020,True
EMP977G,Isla,Davies,06-07-1983,Female,Married,Masters,Birmingham,England,UK,17-11-2018,True
EMP978G,John,Rodriguez,01-05-1989,Male,Single,High School,San Francisco,California,US,14-12-2025,True
EMP979G,Michael,Davis,25-04-1990,Female,Married,Masters,New York,New York,US,27-07-2019,True
EMP980G,Arjun,Sharma,25-12-1975,Female,Single,Masters,Hyderabad,Telangana,India,27-12-2022,True
EMP981G,George,Wilson,04-05-1969,Male,Married,Masters,Edinburgh,Scotland,UK,24-03-2021,True
EMP982G,Sanjay,Bose,08-05-1991,Female,Married,Diploma,Hyderabad,Telangana,India,08-11-2017,True
EMP983G,Barbara,Garcia,16-11-2003,Female,Married,Bachelors,Chicago,Illinois,US,27-02-2018,True
EMP984G,Kiran,Nayak,29-12-1965,Female,Married,Masters,New Delhi,Delhi,India,19-03-2018,True
EMP985G,Emily,Thomas,18-01-1980,Female,Married,Masters,Manchester,England,UK,06-02-2020,True
EMP986G,Ravi,Singh,03-11-1990,Female,Single,Masters,Bangalore,Karnataka,India,08-04-2026,False
EMP987G,Linda,Smith,19-02-2001,Female,Single,Masters,New York,New York,US,21-09-2018,True
EMP988G,Isla,Brown,18-08-1977,Male,Single,Masters,Edinburgh,Scotland,UK,15-09-2017,True
EMP989G,Amit,Das,24-06-1990,Female,Married,Bachelors,Bangalore,Karnataka,India,31-01-2016,True
EMP990G,Michael,Martinez,24-12-1991,Male,Single,Bachelors,New York,New York,US,03-02-2015,False
EMP991G,Rahul,Nayak,25-10-1970,Male,Married,Bachelors,New Delhi,Delhi,India,20-10-2022,False
EMP992G,Arjun,Reddy,20-04-1979,Female,Married,Bachelors,Bangalore,Karnataka,India,21-08-2026,True
EMP993G,Olivia,Brown,18-06-1988,Female,Single,Diploma,London,England,UK,02-03-2020,True
EMP994G,Manish,Reddy,03-04-1969,Female,Single,Bachelors,Hyderabad,Telangana,India,21-01-2023,False
EMP995G,Sanjay,Iyer,18-10-1983,Female,Single,Diploma,Bangalore,Karnataka,India,05-02-2022,True
EMP996G,Charlie,Jones,14-06-1966,Male,Married,Masters,Edinburgh,Scotland,UK,15-03-2017,False
EMP997G,James,Johnson,07-12-1976,Female,Single,Bachelors,San Francisco,California,US,25-06-2025,True
EMP998G,Mary,Martinez,23-10-1997,Male,Married,Bachelors,San Francisco,California,US,18-09-2021,True
EMP999G,Oliver,Thomas,13-01-1965,Female,Married,Masters,Edinburgh,Scotland,UK,10-11-2017,False
EMP001H,Kavita,Singh,21-02-1971,Male,Married,Masters,Hyderabad,Telangana,India,17-04-2018,True
EMP002H,Harry,Roberts,19-03-1998,Female,Married,Bachelors,London,England,UK,25-01-2016,True
EMP003H,Robert,Jones,21-05-1973,Male,Single,Bachelors,New York,New York,US,01-07-2021,True
EMP004H,Charlie,Taylor,31-03-1993,Female,Single,Bachelors,London,England,UK,01-11-2018,True
EMP005H,Pooja,Verma,12-05-1968,Male,Married,Bachelors,New Delhi,Delhi,India,16-02-2020,True
EMP006H,Rahul,Mishra,19-02-1982,Male,Married,PhD,Mumbai,Maharashtra,India,27-04-2018,False
EMP007H,Poppy,Jones,08-09-1987,Female,Single,Bachelors,London,England,UK,10-04-2025,True
EMP008H,Pooja,Reddy,11-02-1975,Male,Single,Diploma,Mumbai,Maharashtra,India,08-10-2024,False
EMP009H,Amit,Mishra,26-06-1975,Female,Divorced,PhD,Hyderabad,Telangana,India,10-04-2020,True
EMP010H,Jacob,Roberts,22-06-1983,Female,Single,Bachelors,Manchester,England,UK,31-08-2026,True
EMP011H,Amit,Patel,03-07-1975,Male,Single,Bachelors,Chennai,Tamil Nadu,India,06-05-2026,True
EMP012H,Vikram,Iyer,23-11-1968,Female,Married,Bachelors,New Delhi,Delhi,India,19-09-2019,True
EMP013H,Amelia,Thomas,20-09-1987,Female,Single,Diploma,Glasgow,Scotland,UK,08-03-2026,True
EMP014H,David,Rodriguez,03-08-1982,Male,Single,Bachelors,Austin,Texas,US,06-11-2025,True
EMP015H,Mary,Smith,10-04-1977,Female,Married,Bachelors,New York,New York,US,21-10-2022,False
EMP016H,Sneha,Singh,03-10-1989,Male,Married,Bachelors,Bangalore,Karnataka,India,24-07-2015,True
EMP017H,Patricia,Williams,29-05-1985,Male,Married,PhD,Seattle,Washington,US,16-08-2017,True
EMP018H,Jennifer,Miller,04-01-2002,Female,Single,PhD,New York,New York,US,12-08-2020,True
EMP019H,Barbara,Johnson,26-02-1992,Female,Married,Bachelors,Chicago,Illinois,US,05-02-2021,True
EMP020H,Olivia,Jones,30-06-1989,Male,Single,Masters,Birmingham,England,UK,07-07-2017,True
EMP021H,Vikram,Das,29-08-1996,Male,Married,Masters,Chennai,Tamil Nadu,India,23-07-2024,True
EMP022H,Emily,Williams,03-04-1987,Male,Married,Bachelors,Birmingham,England,UK,18-12-2017,True
EMP023H,Poppy,Clark,30-09-1998,Male,Married,Bachelors,London,England,UK,05-12-2018,True
EMP024H,Patricia,Williams,27-03-2001,Male,Divorced,Masters,Chicago,Illinois,US,18-06-2025,True
EMP025H,Mary,Rodriguez,01-08-1995,Female,Married,High School,New York,New York,US,16-03-2018,True
EMP026H,Manish,Chauhan,10-06-1968,Male,Single,Masters,Chennai,Tamil Nadu,India,22-12-2022,True
EMP027H,Emily,Davies,08-11-1972,Male,Married,Diploma,Birmingham,England,UK,26-10-2022,True
EMP028H,Charlie,Jones,08-05-1968,Female,Single,High School,London,England,UK,08-10-2020,True
EMP029H,Ravi,Kumar,09-02-1981,Female,Married,Bachelors,Bangalore,Karnataka,India,16-02-2018,True
EMP030H,Isla,Williams,17-09-1992,Female,Single,Bachelors,Edinburgh,Scotland,UK,05-12-2020,True
EMP031H,John,Brown,30-08-1977,Female,Divorced,Bachelors,New York,New York,US,02-07-2016,False
EMP032H,Mary,Davis,28-09-1987,Male,Single,Bachelors,San Francisco,California,US,04-01-2018,True
EMP033H,Michael,Garcia,07-04-1983,Male,Married,Bachelors,Seattle,Washington,US,07-09-2024,True
EMP034H,Harry,Evans,27-06-1990,Male,Divorced,Bachelors,Glasgow,Scotland,UK,15-06-2019,True
EMP035H,William,Smith,06-09-1986,Male,Married,Diploma,Seattle,Washington,US,04-03-2021,True
EMP036H,Emily,Wilson,20-11-1990,Male,Single,Bachelors,Manchester,England,UK,25-04-2018,False
EMP037H,Jack,Wilson,10-06-1998,Female,Single,Masters,London,England,UK,26-07-2019,False
EMP038H,Emily,Williams,31-03-1970,Male,Married,Bachelors,Birmingham,England,UK,28-12-2016,True
EMP039H,Jacob,Thomas,29-09-2003,Male,Married,Bachelors,London,England,UK,04-10-2020,False
EMP040H,Jacob,Clark,11-01-2000,Female,Married,Bachelors,Glasgow,Scotland,UK,24-04-2026,True
EMP041H,Emily,Wilson,14-09-1990,Female,Single,Bachelors,Edinburgh,Scotland,UK,21-10-2017,True
EMP042H,Oliver,Jones,22-02-1971,Male,Divorced,Bachelors,London,England,UK,31-01-2018,True
EMP043H,Ravi,Chauhan,10-11-1986,Female,Single,Masters,New Delhi,Delhi,India,18-07-2023,True
EMP044H,Michael,Johnson,18-12-1982,Female,Single,Masters,San Francisco,California,US,29-08-2020,True
EMP045H,Thomas,Wilson,12-10-1978,Female,Married,Diploma,Birmingham,England,UK,25-12-2015,True
EMP046H,Neha,Chauhan,23-05-1992,Male,Married,Bachelors,Hyderabad,Telangana,India,30-06-2023,True
EMP047H,Barbara,Brown,20-04-1969,Male,Single,Bachelors,Seattle,Washington,US,16-06-2018,True
EMP048H,James,Jones,21-03-1975,Female,Married,Bachelors,Chicago,Illinois,US,03-03-2021,True
EMP049H,Anjali,Iyer,28-03-1979,Male,Married,PhD,Mumbai,Maharashtra,India,01-10-2017,True
EMP050H,Vikram,Das,26-07-1984,Female,Single,Masters,Chennai,Tamil Nadu,India,14-06-2022,True
EMP051H,Neha,Mishra,26-05-1979,Male,Single,Bachelors,Chennai,Tamil Nadu,India,03-06-2020,True
EMP052H,Jacob,Evans,05-11-1995,Male,Divorced,Bachelors,Edinburgh,Scotland,UK,29-09-2018,True
EMP053H,John,Williams,15-06-1969,Male,Divorced,Masters,Seattle,Washington,US,19-04-2021,True
EMP054H,Jacob,Wilson,06-02-1979,Male,Married,Bachelors,London,England,UK,25-10-2022,True
EMP055H,Isla,Roberts,31-08-1982,Female,Married,Masters,Glasgow,Scotland,UK,30-01-2018,True
EMP056H,Mary,Rodriguez,05-08-1980,Male,Married,High School,Austin,Texas,US,15-04-2026,True
EMP057H,Isla,Clark,08-07-1989,Male,Married,Diploma,London,England,UK,15-08-2019,True
EMP058H,Olivia,Williams,07-09-1987,Male,Married,Masters,Birmingham,England,UK,26-06-2015,True
EMP059H,Emily,Wilson,01-01-1982,Female,Married,Masters,Birmingham,England,UK,27-07-2019,True
EMP060H,Jennifer,Johnson,12-01-1966,Male,Married,Masters,Seattle,Washington,US,21-12-2017,True
EMP061H,Anjali,Iyer,07-10-1970,Male,Single,Bachelors,Bangalore,Karnataka,India,26-03-2023,True
EMP062H,Elizabeth,Martinez,22-04-2002,Female,Single,Bachelors,Austin,Texas,US,20-04-2016,False
EMP063H,David,Martinez,07-07-1965,Female,Married,Bachelors,Seattle,Washington,US,19-05-2025,True
EMP064H,Harry,Thomas,30-04-1975,Male,Divorced,Bachelors,Edinburgh,Scotland,UK,07-09-2017,True
EMP065H,Ravi,Chauhan,04-10-1987,Male,Married,Bachelors,Mumbai,Maharashtra,India,25-05-2016,True
EMP066H,Barbara,Brown,28-01-1984,Female,Single,Masters,Austin,Texas,US,22-05-2015,False
EMP067H,Elizabeth,Johnson,16-05-1975,Male,Married,Masters,San Francisco,California,US,06-08-2015,True
EMP068H,Harry,Brown,09-07-1974,Male,Married,Masters,Birmingham,England,UK,25-03-2024,True
EMP069H,Olivia,Roberts,29-12-1971,Male,Married,Bachelors,Birmingham,England,UK,29-10-2022,True
EMP070H,Amit,Patel,24-07-1998,Male,Married,Diploma,Hyderabad,Telangana,India,02-07-2025,True
EMP071H,Linda,Davis,28-11-1966,Male,Married,Masters,New York,New York,US,17-04-2016,True
EMP072H,Harry,Taylor,24-10-2001,Female,Single,Masters,Glasgow,Scotland,UK,24-12-2024,True
EMP073H,John,Martinez,08-04-1993,Male,Single,Bachelors,San Francisco,California,US,22-12-2025,True
EMP074H,Rakesh,Kumari,21-04-1966,Female,Married,Diploma,Chennai,Tamil Nadu,India,14-08-2022,True
EMP075H,Vikram,Verma,14-06-1988,Male,Married,Bachelors,Chennai,Tamil Nadu,India,14-12-2018,True
EMP076H,John,Jones,24-02-1984,Male,Divorced,Masters,Austin,Texas,US,25-07-2019,False
EMP077H,David,Garcia,26-05-1968,Male,Single,Masters,Chicago,Illinois,US,20-12-2016,False
EMP078H,Mary,Davis,04-12-1981,Male,Married,High School,New York,New York,US,07-06-2021,False
EMP079H,Emily,Brown,21-02-1994,Female,Married,Bachelors,London,England,UK,23-06-2018,True
EMP080H,Amelia,Taylor,18-07-1979,Male,Married,Bachelors,Glasgow,Scotland,UK,04-05-2019,True
EMP081H,Amelia,Roberts,12-11-1977,Male,Divorced,Masters,London,England,UK,06-01-2019,True
EMP082H,Elizabeth,Brown,24-06-1965,Male,Married,Diploma,Seattle,Washington,US,16-07-2017,True
EMP083H,Patricia,Davis,29-04-2000,Male,Single,Bachelors,Seattle,Washington,US,03-09-2017,True
EMP084H,Vikram,Singh,08-07-1998,Female,Divorced,Bachelors,New Delhi,Delhi,India,10-01-2023,True
EMP085H,Patricia,Garcia,12-04-1979,Male,Married,Masters,Chicago,Illinois,US,07-05-2016,True
EMP086H,Linda,Jones,07-01-1968,Male,Married,Masters,New York,New York,US,17-09-2020,True
EMP087H,Elizabeth,Smith,17-04-1988,Female,Single,Bachelors,Seattle,Washington,US,08-11-2015,True
EMP088H,Amelia,Wilson,11-11-1975,Male,Single,PhD,Birmingham,England,UK,19-07-2015,True
EMP089H,Kiran,Mishra,20-02-1978,Male,Married,Diploma,Mumbai,Maharashtra,India,04-08-2023,True
EMP090H,Jennifer,Johnson,01-07-2004,Male,Married,Diploma,Chicago,Illinois,US,01-09-2021,True
EMP091H,Kiran,Sharma,27-08-1989,Male,Single,Masters,Chennai,Tamil Nadu,India,02-04-2015,True
EMP092H,Manish,Chauhan,23-11-2003,Female,Married,Masters,Chennai,Tamil Nadu,India,14-08-2026,True
EMP093H,David,Brown,24-08-1996,Male,Single,Masters,Chicago,Illinois,US,11-07-2018,True
EMP094H,Michael,Davis,23-08-1970,Female,Single,Diploma,Chicago,Illinois,US,19-03-2026,True
EMP095H,Manish,Das,25-11-1985,Female,Single,Bachelors,Chennai,Tamil Nadu,India,02-09-2019,False
EMP096H,Elizabeth,Rodriguez,04-10-2002,Male,Married,Diploma,Austin,Texas,US,02-07-2023,True
EMP097H,John,Brown,24-10-2004,Female,Single,Masters,New York,New York,US,19-02-2020,True
EMP098H,Sanjay,Verma,15-02-1983,Female,Single,Bachelors,Hyderabad,Telangana,India,11-10-2017,True
EMP099H,Patricia,Miller,17-08-1966,Male,Single,Bachelors,Seattle,Washington,US,27-09-2017,True
EMP100H,Jennifer,Brown,27-06-2003,Female,Single,Bachelors,Seattle,Washington,US,16-12-2017,True
EMP101H,Pooja,Das,11-09-1990,Male,Single,Diploma,Hyderabad,Telangana,India,24-07-2020,False
EMP102H,Amit,Nayak,17-02-1976,Male,Single,Masters,Mumbai,Maharashtra,India,02-11-2022,True
EMP103H,Robert,Miller,25-01-1996,Female,Married,Bachelors,Seattle,Washington,US,14-12-2022,True
EMP104H,Jennifer,Garcia,22-03-1980,Female,Married,Bachelors,San Francisco,California,US,17-03-2015,False
EMP105H,Manish,Gupta,26-07-1966,Female,Married,Masters,Hyderabad,Telangana,India,01-07-2026,False
EMP106H,George,Jones,09-02-1992,Male,Single,Masters,Glasgow,Scotland,UK,24-04-2022,True
EMP107H,Kiran,Kumar,31-08-1970,Female,Single,Bachelors,New Delhi,Delhi,India,23-02-2021,False
EMP108H,Anjali,Verma,21-10-1982,Male,Single,Bachelors,Chennai,Tamil Nadu,India,17-07-2021,True
EMP109H,Manish,Bose,28-12-1999,Female,Married,High School,Bangalore,Karnataka,India,09-06-2025,True
EMP110H,Arjun,Patel,08-05-1982,Male,Married,Bachelors,New Delhi,Delhi,India,11-07-2016,True
EMP111H,William,Davis,08-05-1999,Female,Married,Diploma,Seattle,Washington,US,04-11-2024,True
EMP112H,William,Williams,05-04-1981,Male,Married,Masters,Austin,Texas,US,31-01-2018,False
EMP113H,John,Jones,15-07-1994,Female,Single,High School,San Francisco,California,US,30-03-2016,True
EMP114H,Neha,Iyer,20-11-1995,Male,Single,Bachelors,Hyderabad,Telangana,India,23-01-2017,True
EMP115H,Jack,Evans,19-11-1978,Male,Single,Masters,Edinburgh,Scotland,UK,07-07-2022,True
EMP116H,Linda,Smith,10-04-1969,Male,Married,Masters,Seattle,Washington,US,21-02-2020,True
EMP117H,Anjali,Gupta,26-06-1975,Male,Single,Diploma,Mumbai,Maharashtra,India,09-06-2015,True
EMP118H,Patricia,Garcia,21-05-2003,Male,Single,Diploma,Chicago,Illinois,US,08-02-2021,True
EMP119H,John,Smith,26-05-1994,Female,Single,Diploma,Chicago,Illinois,US,20-09-2021,True
EMP120H,John,Williams,21-06-1996,Male,Married,Masters,Seattle,Washington,US,31-12-2024,True
EMP121H,Charlie,Roberts,21-08-1988,Female,Married,Bachelors,Edinburgh,Scotland,UK,18-09-2020,True
EMP122H,Mary,Martinez,10-07-1996,Female,Married,Bachelors,Chicago,Illinois,US,25-08-2016,False
EMP123H,George,Taylor,15-09-1990,Female,Married,Masters,Glasgow,Scotland,UK,10-03-2026,True
EMP124H,Vikram,Iyer,29-08-1984,Female,Divorced,Masters,Mumbai,Maharashtra,India,17-10-2016,True
EMP125H,Kiran,Chauhan,07-10-1997,Male,Single,Diploma,Mumbai,Maharashtra,India,01-07-2017,True
EMP126H,Ravi,Das,28-06-2003,Female,Single,Masters,Bangalore,Karnataka,India,17-09-2019,True
EMP127H,Michael,Garcia,28-07-1982,Female,Single,Masters,Austin,Texas,US,16-05-2016,True
EMP128H,James,Davis,22-04-1972,Male,Single,Masters,San Francisco,California,US,08-07-2026,True
EMP129H,Thomas,Jones,12-05-1996,Male,Married,Bachelors,London,England,UK,13-08-2025,True
EMP130H,Amelia,Roberts,12-03-1990,Male,Married,PhD,Manchester,England,UK,16-04-2015,True
EMP131H,George,Brown,31-10-1966,Male,Single,Bachelors,Birmingham,England,UK,07-09-2020,True
EMP132H,James,Williams,31-07-1991,Male,Married,High School,Austin,Texas,US,14-05-2020,True
EMP133H,Harry,Williams,24-04-1981,Male,Married,Bachelors,London,England,UK,05-03-2023,False
EMP134H,Manish,Patel,19-12-1979,Male,Single,Bachelors,New Delhi,Delhi,India,04-01-2023,True
EMP135H,Pooja,Iyer,18-05-1978,Male,Single,Masters,Hyderabad,Telangana,India,01-05-2020,True
EMP136H,Priya,Patel,15-04-2001,Male,Single,Diploma,Bangalore,Karnataka,India,20-09-2022,True
EMP137H,Elizabeth,Brown,29-08-1988,Male,Married,Masters,Seattle,Washington,US,21-04-2016,True
EMP138H,James,Miller,06-07-1998,Male,Married,Bachelors,San Francisco,California,US,09-03-2017,False
EMP139H,Barbara,Jones,17-12-1997,Female,Single,Bachelors,Seattle,Washington,US,04-03-2016,True
EMP140H,Arjun,Das,14-03-1976,Male,Single,Masters,Bangalore,Karnataka,India,05-02-2021,True
EMP141H,William,Williams,31-01-1965,Female,Married,Masters,Austin,Texas,US,09-05-2019,False
EMP142H,Priya,Patel,16-09-1971,Female,Single,Masters,Chennai,Tamil Nadu,India,14-09-2023,True
EMP143H,Sanjay,Gupta,10-11-1977,Female,Single,Masters,Bangalore,Karnataka,India,27-09-2024,True
EMP144H,Linda,Martinez,15-07-1996,Male,Single,Bachelors,Seattle,Washington,US,16-03-2024,True
EMP145H,Michael,Smith,05-10-1982,Male,Single,Diploma,Seattle,Washington,US,19-06-2015,True
EMP146H,George,Clark,17-02-1987,Female,Single,Bachelors,Glasgow,Scotland,UK,22-03-2016,True
EMP147H,Jack,Evans,23-01-1995,Male,Divorced,Bachelors,London,England,UK,14-04-2015,True
EMP148H,Michael,Martinez,29-12-1975,Female,Single,Bachelors,Chicago,Illinois,US,18-06-2023,True
EMP149H,William,Rodriguez,06-11-1981,Female,Divorced,Bachelors,Chicago,Illinois,US,11-05-2026,True
EMP150H,David,Smith,26-12-1965,Male,Single,Masters,San Francisco,California,US,17-02-2017,True
EMP151H,George,Wilson,31-07-1967,Male,Single,Bachelors,Edinburgh,Scotland,UK,20-03-2015,True
EMP152H,Harry,Roberts,23-11-2001,Female,Married,Diploma,Edinburgh,Scotland,UK,30-05-2019,True
EMP153H,Barbara,Davis,27-12-2000,Male,Married,Masters,New York,New York,US,03-02-2017,True
EMP154H,Manish,Kumar,26-02-1975,Female,Single,Masters,New Delhi,Delhi,India,03-10-2022,True
EMP155H,Kiran,Nayak,14-12-1979,Female,Married,High School,Mumbai,Maharashtra,India,17-04-2016,True
EMP156H,Elizabeth,Martinez,28-10-2003,Female,Married,Diploma,Austin,Texas,US,24-07-2018,True
EMP157H,Jack,Williams,27-02-1988,Female,Married,Bachelors,Edinburgh,Scotland,UK,18-04-2024,True
EMP158H,Jacob,Thomas,08-05-1985,Male,Single,Masters,Edinburgh,Scotland,UK,14-01-2018,True
EMP159H,John,Miller,09-10-2003,Female,Married,Bachelors,Chicago,Illinois,US,17-03-2019,True
EMP160H,Amelia,Davies,20-02-1971,Female,Married,Bachelors,Birmingham,England,UK,13-06-2022,True
EMP161H,David,Davis,01-11-1986,Male,Single,Masters,New York,New York,US,10-01-2022,True
EMP162H,William,Jones,14-01-1975,Female,Married,Masters,Austin,Texas,US,01-08-2021,True
EMP163H,Rahul,Patel,10-01-1973,Male,Married,Bachelors,Hyderabad,Telangana,India,31-03-2016,True
EMP164H,Arjun,Singh,10-03-1975,Male,Married,Masters,Mumbai,Maharashtra,India,26-12-2024,True
EMP165H,Sanjay,Nayak,12-05-1970,Male,Single,Bachelors,Mumbai,Maharashtra,India,11-06-2026,True
EMP166H,Mary,Brown,06-12-1998,Male,Married,Bachelors,Chicago,Illinois,US,23-12-2025,True
EMP167H,Priya,Verma,17-06-1969,Male,Married,High School,Mumbai,Maharashtra,India,26-10-2015,True
EMP168H,George,Roberts,22-10-1993,Male,Divorced,PhD,London,England,UK,08-08-2025,True
EMP169H,George,Thomas,05-06-2004,Female,Single,Bachelors,Birmingham,England,UK,27-11-2017,False
EMP170H,Rakesh,Kumari,26-12-1994,Male,Single,High School,Mumbai,Maharashtra,India,31-10-2017,True
EMP171H,George,Davies,01-06-1973,Female,Married,Bachelors,Manchester,England,UK,27-11-2023,True
EMP172H,Jack,Evans,15-07-1975,Female,Married,Bachelors,Birmingham,England,UK,13-01-2025,True
EMP173H,Isla,Davies,16-04-1974,Female,Married,Bachelors,Manchester,England,UK,18-04-2021,False
EMP174H,Vikram,Nayak,17-01-1980,Male,Single,Masters,Mumbai,Maharashtra,India,06-03-2018,True
EMP175H,Oliver,Williams,17-01-1986,Female,Single,Masters,Birmingham,England,UK,13-04-2023,False
EMP176H,Linda,Jones,19-06-1993,Male,Single,Bachelors,Austin,Texas,US,09-10-2015,True
EMP177H,Elizabeth,Martinez,13-06-1973,Male,Married,Masters,San Francisco,California,US,16-01-2021,True
EMP178H,William,Brown,28-04-1988,Female,Married,Masters,Chicago,Illinois,US,17-07-2024,True
EMP179H,Anjali,Gupta,08-12-1974,Male,Single,Bachelors,Hyderabad,Telangana,India,23-02-2016,True
EMP180H,Vikram,Mishra,15-05-1972,Female,Single,Masters,Hyderabad,Telangana,India,16-01-2021,True
EMP181H,Michael,Miller,12-03-1972,Female,Married,Masters,New York,New York,US,01-09-2020,True
EMP182H,Olivia,Wilson,23-07-1999,Female,Single,Masters,Manchester,England,UK,06-02-2015,True
EMP183H,Oliver,Thomas,08-12-1969,Male,Married,Bachelors,Edinburgh,Scotland,UK,20-12-2024,True
EMP184H,Ravi,Kumar,22-07-1988,Male,Married,Bachelors,Chennai,Tamil Nadu,India,14-07-2022,False
EMP185H,Thomas,Wilson,11-11-1977,Male,Single,Masters,London,England,UK,04-08-2019,True
EMP186H,George,Wilson,16-12-1987,Male,Divorced,Bachelors,Manchester,England,UK,24-01-2023,True
EMP187H,Emily,Wilson,06-12-1988,Female,Married,Bachelors,Glasgow,Scotland,UK,13-09-2025,True
EMP188H,Mary,Johnson,24-07-1975,Female,Single,Bachelors,New York,New York,US,07-12-2022,True
EMP189H,Amit,Mishra,04-06-1966,Female,Single,Masters,Chennai,Tamil Nadu,India,04-05-2019,True
EMP190H,Michael,Garcia,20-06-1966,Male,Married,High School,Seattle,Washington,US,24-02-2025,True
EMP191H,Sanjay,Bose,01-08-1994,Female,Married,PhD,New Delhi,Delhi,India,21-06-2019,True
EMP192H,Poppy,Williams,20-08-1980,Female,Married,Bachelors,Manchester,England,UK,09-11-2018,True
EMP193H,David,Williams,29-09-1984,Male,Single,PhD,Seattle,Washington,US,15-05-2021,True
EMP194H,David,Martinez,11-10-1982,Male,Married,Bachelors,New York,New York,US,18-08-2017,True
EMP195H,Thomas,Roberts,02-05-1995,Male,Single,Masters,Manchester,England,UK,17-03-2026,True
EMP196H,Manish,Nayak,24-09-1988,Male,Married,Bachelors,New Delhi,Delhi,India,04-12-2018,True
EMP197H,Pooja,Reddy,07-12-1982,Male,Married,PhD,Hyderabad,Telangana,India,18-07-2015,True
EMP198H,Rakesh,Iyer,15-05-1967,Female,Single,Diploma,Bangalore,Karnataka,India,25-10-2020,False
EMP199H,Michael,Davis,03-03-1982,Male,Married,Masters,San Francisco,California,US,09-02-2016,True
EMP200H,Sneha,Gupta,20-07-2001,Female,Single,Bachelors,New Delhi,Delhi,India,15-11-2015,False
EMP201H,Poppy,Davies,03-04-1992,Male,Single,Bachelors,Birmingham,England,UK,21-06-2019,False
EMP202H,Olivia,Evans,15-10-1970,Female,Single,Bachelors,Birmingham,England,UK,26-05-2026,False
EMP203H,Olivia,Williams,11-04-1990,Female,Married,Masters,Manchester,England,UK,08-05-2024,True
EMP204H,Patricia,Garcia,19-07-1985,Female,Married,Masters,San Francisco,California,US,23-10-2017,True
EMP205H,Michael,Miller,26-10-1997,Male,Married,Bachelors,Chicago,Illinois,US,19-02-2024,True
EMP206H,Robert,Martinez,06-05-1978,Male,Single,Bachelors,Austin,Texas,US,27-02-2025,True
EMP207H,William,Rodriguez,05-03-1979,Female,Married,Masters,Chicago,Illinois,US,31-08-2016,True
EMP208H,James,Miller,24-07-1992,Female,Single,PhD,Seattle,Washington,US,17-04-2025,True
EMP209H,William,Smith,15-01-1966,Male,Married,Bachelors,San Francisco,California,US,27-08-2026,True
EMP210H,Jack,Wilson,17-07-1980,Male,Single,Bachelors,Glasgow,Scotland,UK,13-11-2025,True
EMP211H,Emily,Roberts,28-11-1983,Female,Married,Bachelors,London,England,UK,13-05-2024,True
EMP212H,Neha,Kumar,28-05-1973,Male,Married,Masters,Bangalore,Karnataka,India,22-06-2025,False
EMP213H,Emily,Jones,02-07-1982,Male,Single,Masters,Glasgow,Scotland,UK,22-01-2020,True
EMP214H,Amelia,Taylor,07-10-2002,Female,Single,Masters,London,England,UK,12-11-2019,True
EMP215H,John,Garcia,21-01-1987,Female,Married,Bachelors,New York,New York,US,20-08-2026,True
EMP216H,Poppy,Evans,09-08-1974,Female,Divorced,Masters,London,England,UK,14-10-2016,False
EMP217H,Vikram,Chauhan,30-06-1992,Female,Single,Masters,New Delhi,Delhi,India,26-09-2025,False
EMP218H,Isla,Thomas,22-10-1966,Female,Married,PhD,Edinburgh,Scotland,UK,31-01-2016,True
EMP219H,Mary,Smith,14-06-1968,Male,Married,Bachelors,New York,New York,US,13-03-2017,False
EMP220H,Vikram,Patel,04-05-1977,Male,Married,Bachelors,Mumbai,Maharashtra,India,18-12-2017,True
EMP221H,Jacob,Jones,26-02-1981,Male,Divorced,Bachelors,Edinburgh,Scotland,UK,02-06-2022,True
EMP222H,Poppy,Davies,22-05-1989,Male,Divorced,Bachelors,London,England,UK,15-07-2019,True
EMP223H,Rakesh,Nayak,16-10-1979,Female,Married,Masters,Bangalore,Karnataka,India,20-10-2022,False
EMP224H,Emily,Thomas,15-04-1982,Female,Divorced,Diploma,Glasgow,Scotland,UK,12-12-2015,True
EMP225H,Oliver,Wilson,10-02-1976,Male,Divorced,High School,London,England,UK,09-11-2019,True
EMP226H,Pooja,Nayak,17-05-1973,Female,Married,Masters,Mumbai,Maharashtra,India,23-09-2017,True
EMP227H,David,Johnson,24-11-2001,Female,Married,Bachelors,New York,New York,US,04-10-2016,True
EMP228H,Manish,Patel,02-07-1985,Female,Married,Bachelors,Hyderabad,Telangana,India,29-09-2025,True
EMP229H,Vikram,Chauhan,15-12-1973,Male,Married,Diploma,Bangalore,Karnataka,India,25-12-2020,True
EMP230H,Jennifer,Davis,23-12-1973,Female,Married,Masters,Austin,Texas,US,25-05-2016,True
EMP231H,David,Davis,20-06-1983,Male,Married,Diploma,New York,New York,US,13-09-2016,False
EMP232H,Harry,Roberts,18-10-1984,Female,Married,Diploma,Manchester,England,UK,15-03-2020,True
EMP233H,Charlie,Thomas,23-07-1979,Male,Single,Masters,Birmingham,England,UK,21-11-2020,True
EMP234H,Thomas,Taylor,02-04-1999,Male,Married,Bachelors,Birmingham,England,UK,22-07-2020,True
EMP235H,Vikram,Verma,17-08-1997,Female,Divorced,Bachelors,New Delhi,Delhi,India,27-04-2022,True
EMP236H,John,Johnson,12-11-1996,Female,Married,Bachelors,New York,New York,US,13-11-2020,False
EMP237H,Thomas,Davies,07-03-1992,Male,Single,Bachelors,Glasgow,Scotland,UK,01-04-2020,True
EMP238H,Olivia,Thomas,13-01-1973,Male,Married,Bachelors,Manchester,England,UK,16-01-2023,True
EMP239H,Sneha,Das,21-04-1995,Female,Single,Bachelors,Bangalore,Karnataka,India,04-12-2015,True
EMP240H,Robert,Johnson,19-04-2004,Male,Married,Bachelors,San Francisco,California,US,10-01-2021,True
EMP241H,Isla,Thomas,06-02-1990,Female,Divorced,Masters,Manchester,England,UK,17-07-2023,True
EMP242H,Sneha,Nayak,04-10-1979,Female,Single,Bachelors,Hyderabad,Telangana,India,28-02-2025,True
EMP243H,Isla,Thomas,21-04-1995,Male,Single,High School,London,England,UK,04-03-2025,True
EMP244H,Poppy,Roberts,21-12-1990,Female,Single,Bachelors,London,England,UK,24-05-2015,True
EMP245H,Jack,Williams,25-04-1971,Female,Married,Masters,Birmingham,England,UK,21-02-2026,True
EMP246H,Mary,Miller,31-12-1978,Male,Married,High School,New York,New York,US,23-07-2023,True
EMP247H,Mary,Brown,24-10-1970,Male,Divorced,Bachelors,Seattle,Washington,US,14-08-2021,True
EMP248H,Patricia,Jones,28-01-1999,Female,Single,Masters,Chicago,Illinois,US,17-06-2018,True
EMP249H,Olivia,Jones,19-09-1997,Male,Married,Masters,Glasgow,Scotland,UK,08-08-2026,True
EMP250H,Sanjay,Mishra,13-10-1987,Female,Married,High School,New Delhi,Delhi,India,18-07-2023,True
EMP251H,Mary,Smith,24-02-1984,Male,Single,Masters,Chicago,Illinois,US,18-10-2017,True
EMP252H,Sanjay,Chauhan,29-10-1981,Female,Divorced,Masters,Bangalore,Karnataka,India,27-04-2018,True
EMP253H,Rakesh,Kumar,18-12-1993,Male,Married,Bachelors,Chennai,Tamil Nadu,India,22-01-2015,True
EMP254H,Mary,Garcia,20-11-1967,Male,Single,Bachelors,Seattle,Washington,US,23-04-2017,True
EMP255H,Kiran,Reddy,26-12-1978,Female,Single,Bachelors,Bangalore,Karnataka,India,17-03-2019,True
EMP256H,Sneha,Das,04-08-2004,Male,Married,Diploma,New Delhi,Delhi,India,28-01-2019,True
EMP257H,Barbara,Miller,04-06-1994,Male,Married,Masters,Chicago,Illinois,US,06-04-2016,True
EMP258H,Pooja,Nayak,06-09-1968,Female,Single,Bachelors,Hyderabad,Telangana,India,14-11-2015,True
EMP259H,Linda,Miller,17-11-1998,Male,Married,Bachelors,Chicago,Illinois,US,14-09-2024,True
EMP260H,Olivia,Jones,05-08-1981,Female,Single,Bachelors,Glasgow,Scotland,UK,14-02-2021,True
EMP261H,Elizabeth,Miller,24-08-1992,Female,Married,Bachelors,San Francisco,California,US,29-12-2017,False
EMP262H,Emily,Williams,22-02-1965,Female,Married,Bachelors,Glasgow,Scotland,UK,20-09-2016,True
EMP263H,David,Rodriguez,26-12-1981,Male,Single,Masters,San Francisco,California,US,31-10-2022,True
EMP264H,Manish,Kumar,29-07-1968,Female,Married,Bachelors,Mumbai,Maharashtra,India,23-07-2017,True
EMP265H,James,Johnson,29-07-1970,Female,Single,Masters,Seattle,Washington,US,24-01-2023,True
EMP266H,James,Johnson,27-03-1965,Female,Single,Bachelors,Austin,Texas,US,10-03-2015,True
EMP267H,Jennifer,Garcia,26-03-1996,Male,Single,Masters,Austin,Texas,US,05-07-2023,True
EMP268H,Linda,Smith,27-02-1990,Female,Single,Diploma,Seattle,Washington,US,27-02-2016,True
EMP269H,David,Brown,01-08-1991,Female,Single,Bachelors,Seattle,Washington,US,08-09-2015,True
EMP270H,Poppy,Davies,19-02-1987,Female,Married,Bachelors,Birmingham,England,UK,22-12-2019,True
EMP271H,Olivia,Wilson,25-10-1968,Male,Married,Bachelors,London,England,UK,23-02-2023,False
EMP272H,Charlie,Clark,14-05-1967,Male,Married,Masters,Edinburgh,Scotland,UK,21-05-2017,True
EMP273H,Priya,Kumar,31-07-1971,Male,Married,Bachelors,Bangalore,Karnataka,India,24-05-2023,True
EMP274H,William,Johnson,01-01-1973,Male,Married,Bachelors,Chicago,Illinois,US,25-12-2022,True
EMP275H,John,Johnson,05-05-2000,Female,Married,Masters,Chicago,Illinois,US,04-04-2015,True
EMP276H,Linda,Rodriguez,12-01-2002,Female,Single,Bachelors,Chicago,Illinois,US,31-05-2016,True
EMP277H,Amit,Bose,03-07-1976,Female,Single,Masters,Hyderabad,Telangana,India,23-06-2024,True
EMP278H,Charlie,Clark,19-10-1967,Female,Single,Masters,Glasgow,Scotland,UK,06-11-2022,False
EMP279H,Mary,Miller,15-04-1985,Male,Married,Masters,Seattle,Washington,US,08-12-2018,False
EMP280H,George,Davies,28-03-1981,Female,Single,Masters,London,England,UK,08-03-2019,True
EMP281H,Elizabeth,Smith,13-02-2003,Male,Married,Masters,Chicago,Illinois,US,13-06-2019,True
EMP282H,Isla,Brown,14-11-1985,Female,Married,Masters,Birmingham,England,UK,24-01-2022,False
EMP283H,Jacob,Wilson,12-08-1989,Male,Single,Masters,Manchester,England,UK,23-05-2019,True
EMP284H,Kavita,Nayak,11-01-2004,Male,Married,Masters,Chennai,Tamil Nadu,India,05-06-2022,False
EMP285H,Barbara,Williams,31-03-1965,Male,Single,Bachelors,Chicago,Illinois,US,12-12-2023,True
EMP286H,Jacob,Davies,16-01-1966,Male,Married,Masters,Glasgow,Scotland,UK,22-05-2016,False
EMP287H,Emily,Clark,30-11-1967,Female,Divorced,Bachelors,London,England,UK,28-08-2019,True
EMP288H,Robert,Garcia,23-07-1984,Female,Divorced,Masters,Austin,Texas,US,30-07-2023,False
EMP289H,Oliver,Brown,08-11-1965,Male,Single,Bachelors,Manchester,England,UK,13-09-2021,False
EMP290H,Poppy,Wilson,07-11-1972,Male,Married,Bachelors,Glasgow,Scotland,UK,04-12-2022,True
EMP291H,Poppy,Brown,18-09-1972,Female,Married,Masters,Edinburgh,Scotland,UK,06-05-2022,True
EMP292H,Barbara,Davis,05-05-1975,Female,Married,Bachelors,New York,New York,US,23-03-2025,True
EMP293H,Isla,Williams,16-02-1992,Male,Married,Masters,Edinburgh,Scotland,UK,11-10-2017,False
EMP294H,Robert,Rodriguez,22-10-1979,Female,Single,High School,Chicago,Illinois,US,29-06-2025,True
EMP295H,Elizabeth,Smith,14-04-1975,Male,Married,Bachelors,Seattle,Washington,US,20-11-2022,True
EMP296H,Priya,Patel,16-10-2001,Female,Married,Masters,Bangalore,Karnataka,India,24-03-2018,False
EMP297H,Priya,Verma,24-01-1981,Female,Single,Masters,New Delhi,Delhi,India,31-10-2025,True
EMP298H,Oliver,Evans,12-12-1975,Female,Single,Bachelors,Manchester,England,UK,25-04-2020,False
EMP299H,John,Williams,01-03-1976,Male,Single,Masters,New York,New York,US,19-06-2021,False
EMP300H,Amelia,Davies,16-05-1979,Female,Married,Bachelors,Manchester,England,UK,26-02-2019,True
EMP301H,Jack,Roberts,02-03-1995,Female,Married,Bachelors,Birmingham,England,UK,28-12-2016,True
EMP302H,James,Williams,22-02-1999,Female,Single,Masters,Austin,Texas,US,17-02-2016,True
EMP303H,Barbara,Jones,19-09-1969,Female,Married,Bachelors,Seattle,Washington,US,07-01-2020,False
EMP304H,William,Jones,08-01-1990,Male,Married,Masters,Austin,Texas,US,14-11-2022,True
EMP305H,Oliver,Thomas,20-06-1981,Female,Single,Bachelors,Birmingham,England,UK,15-03-2019,True
EMP306H,Jack,Clark,04-02-1969,Female,Single,Masters,Manchester,England,UK,12-12-2025,True
EMP307H,Amelia,Williams,15-04-1975,Female,Single,Masters,Birmingham,England,UK,17-12-2021,True
EMP308H,Kavita,Das,05-04-1986,Male,Married,Masters,Bangalore,Karnataka,India,19-07-2020,True
EMP309H,Isla,Wilson,17-09-1978,Male,Single,Bachelors,Manchester,England,UK,02-01-2016,True
EMP310H,Kavita,Verma,18-08-1970,Female,Married,Bachelors,Hyderabad,Telangana,India,29-01-2021,True
EMP311H,Vikram,Reddy,18-12-1989,Female,Married,Bachelors,Bangalore,Karnataka,India,02-03-2018,True
EMP312H,John,Brown,28-03-1972,Female,Married,Bachelors,New York,New York,US,02-12-2022,True
EMP313H,Mary,Smith,19-05-1981,Female,Married,Bachelors,Seattle,Washington,US,08-02-2021,True
EMP314H,Ravi,Das,14-12-1976,Male,Married,Bachelors,Mumbai,Maharashtra,India,24-02-2018,True
EMP315H,Anjali,Das,19-06-1975,Male,Married,Diploma,Hyderabad,Telangana,India,30-08-2019,True
EMP316H,Neha,Das,12-05-1974,Male,Single,Bachelors,Chennai,Tamil Nadu,India,06-01-2017,True
EMP317H,Harry,Taylor,22-12-1999,Male,Married,PhD,Glasgow,Scotland,UK,15-12-2019,True
EMP318H,Amelia,Wilson,25-09-2003,Male,Single,Masters,London,England,UK,26-07-2025,False
EMP319H,Priya,Kumari,25-01-1988,Male,Married,Diploma,Mumbai,Maharashtra,India,07-07-2025,False
EMP320H,Vikram,Nayak,09-07-1991,Female,Single,Bachelors,Mumbai,Maharashtra,India,03-07-2026,True
EMP321H,Patricia,Miller,07-03-1970,Female,Single,Masters,Austin,Texas,US,27-03-2026,True
EMP322H,Ravi,Reddy,13-07-1997,Male,Married,Bachelors,Mumbai,Maharashtra,India,30-09-2023,True
EMP323H,Manish,Patel,19-08-1992,Male,Single,Bachelors,New Delhi,Delhi,India,30-05-2019,True
EMP324H,Amelia,Wilson,09-09-2003,Female,Married,Bachelors,Birmingham,England,UK,12-02-2017,False
EMP325H,Jennifer,Rodriguez,03-12-1997,Female,Single,Masters,New York,New York,US,26-02-2020,True
EMP326H,Harry,Thomas,11-03-1996,Female,Married,PhD,Birmingham,England,UK,24-06-2024,True
EMP327H,Linda,Miller,28-07-1974,Male,Single,Bachelors,New York,New York,US,25-04-2026,True
EMP328H,Kiran,Gupta,24-12-1988,Male,Married,Masters,Bangalore,Karnataka,India,06-06-2026,True
EMP329H,Elizabeth,Martinez,21-02-1970,Female,Married,Bachelors,Chicago,Illinois,US,31-01-2017,True
EMP330H,Harry,Brown,24-08-1981,Female,Divorced,Bachelors,Birmingham,England,UK,19-10-2024,True
EMP331H,Oliver,Evans,28-07-1981,Male,Single,Bachelors,Birmingham,England,UK,17-09-2021,True
EMP332H,Oliver,Clark,30-08-1988,Male,Married,Bachelors,London,England,UK,16-07-2026,True
EMP333H,George,Jones,06-05-1979,Female,Married,PhD,Glasgow,Scotland,UK,27-10-2018,False
EMP334H,Jacob,Jones,14-02-2002,Male,Single,Bachelors,Glasgow,Scotland,UK,28-07-2020,False
EMP335H,Oliver,Roberts,19-01-1983,Female,Married,Bachelors,Manchester,England,UK,21-01-2019,True
EMP336H,Emily,Wilson,22-11-1999,Female,Married,Bachelors,Manchester,England,UK,25-11-2017,True
EMP337H,Amit,Kumari,30-05-1996,Female,Single,Bachelors,New Delhi,Delhi,India,14-02-2024,True
EMP338H,George,Taylor,21-05-1998,Male,Single,Masters,Edinburgh,Scotland,UK,09-07-2019,True
EMP339H,Emily,Wilson,20-05-1973,Female,Married,Masters,Glasgow,Scotland,UK,30-10-2025,True
EMP340H,Ravi,Bose,14-05-1981,Female,Married,Masters,New Delhi,Delhi,India,09-03-2016,False
EMP341H,Isla,Davies,24-09-1982,Female,Single,Bachelors,London,England,UK,05-04-2022,True
EMP342H,Amelia,Davies,22-01-1997,Male,Single,Masters,Manchester,England,UK,21-07-2022,True
EMP343H,Amit,Nayak,12-08-1967,Male,Married,Bachelors,New Delhi,Delhi,India,22-11-2019,True
EMP344H,Sneha,Sharma,21-06-2002,Male,Married,Bachelors,Chennai,Tamil Nadu,India,04-10-2017,True
EMP345H,Isla,Evans,01-03-1977,Male,Single,Masters,Glasgow,Scotland,UK,20-12-2018,True
EMP346H,Robert,Davis,07-01-2004,Male,Married,Bachelors,Seattle,Washington,US,07-07-2016,True
EMP347H,Jack,Brown,29-08-1975,Male,Single,Masters,Glasgow,Scotland,UK,14-02-2015,True
EMP348H,Poppy,Roberts,30-12-1967,Female,Married,PhD,Glasgow,Scotland,UK,19-02-2015,False
EMP349H,William,Rodriguez,28-10-1997,Female,Married,Masters,San Francisco,California,US,27-07-2017,False
EMP350H,Mary,Miller,18-09-1975,Male,Divorced,Bachelors,Chicago,Illinois,US,09-07-2020,True
EMP351H,Elizabeth,Williams,27-11-1985,Female,Single,Bachelors,New York,New York,US,05-12-2016,True
EMP352H,Arjun,Iyer,05-06-1985,Female,Married,Masters,Hyderabad,Telangana,India,22-10-2019,True
EMP353H,Olivia,Thomas,22-02-1990,Male,Married,Bachelors,Glasgow,Scotland,UK,27-12-2015,False
EMP354H,Sneha,Patel,21-01-2002,Female,Married,Bachelors,Hyderabad,Telangana,India,06-10-2025,False
EMP355H,Manish,Nayak,20-06-1992,Male,Single,Bachelors,Bangalore,Karnataka,India,06-08-2018,True
EMP356H,James,Williams,31-08-1986,Female,Married,Bachelors,Austin,Texas,US,03-04-2018,False
EMP357H,Kiran,Gupta,09-10-1990,Male,Married,Bachelors,Hyderabad,Telangana,India,25-01-2026,True
EMP358H,Thomas,Jones,17-12-1988,Female,Divorced,Diploma,London,England,UK,26-04-2022,True
EMP359H,Harry,Wilson,29-03-1988,Male,Single,Diploma,Birmingham,England,UK,22-01-2022,True
EMP360H,Jennifer,Martinez,23-04-1967,Female,Married,PhD,Austin,Texas,US,02-06-2017,True
EMP361H,George,Thomas,03-11-1970,Male,Single,Bachelors,Edinburgh,Scotland,UK,03-06-2024,True
EMP362H,Sneha,Chauhan,13-01-1972,Female,Married,Bachelors,Chennai,Tamil Nadu,India,04-01-2025,True
EMP363H,Rahul,Patel,16-08-1989,Male,Single,Bachelors,Hyderabad,Telangana,India,03-05-2023,True
EMP364H,Barbara,Garcia,10-10-1972,Male,Married,Masters,New York,New York,US,12-12-2017,True
EMP365H,Elizabeth,Davis,11-05-1995,Male,Single,Bachelors,Chicago,Illinois,US,05-11-2025,True
EMP366H,William,Martinez,19-05-2002,Female,Married,High School,Austin,Texas,US,21-09-2020,True
EMP367H,Pooja,Singh,30-05-1968,Male,Single,Masters,Chennai,Tamil Nadu,India,01-01-2020,True
EMP368H,Rakesh,Iyer,20-10-1989,Female,Married,Bachelors,Mumbai,Maharashtra,India,05-03-2020,True
EMP369H,Neha,Verma,08-06-1991,Female,Single,High School,Chennai,Tamil Nadu,India,04-05-2022,True
EMP370H,Emily,Roberts,06-06-1992,Male,Divorced,Bachelors,London,England,UK,06-11-2021,True
EMP371H,Barbara,Rodriguez,24-02-1993,Female,Single,Masters,Chicago,Illinois,US,04-07-2018,True
EMP372H,Manish,Patel,01-02-1977,Male,Married,Masters,Bangalore,Karnataka,India,17-09-2020,True
EMP373H,Emily,Wilson,01-09-1982,Female,Married,Bachelors,Glasgow,Scotland,UK,24-11-2024,True
EMP374H,James,Brown,04-12-1965,Female,Divorced,Bachelors,Austin,Texas,US,25-11-2020,False
EMP375H,Poppy,Thomas,19-12-1992,Male,Single,Bachelors,Birmingham,England,UK,30-01-2026,True
EMP376H,Isla,Roberts,31-03-1993,Male,Single,Bachelors,Manchester,England,UK,25-11-2016,True
EMP377H,Amit,Kumar,01-12-2004,Male,Married,Bachelors,Mumbai,Maharashtra,India,21-04-2016,True
EMP378H,David,Brown,31-03-1968,Female,Married,Masters,Seattle,Washington,US,26-03-2020,False
EMP379H,Thomas,Jones,05-07-1989,Female,Single,Masters,Birmingham,England,UK,17-09-2020,True
EMP380H,John,Davis,16-04-1975,Male,Single,Bachelors,New York,New York,US,05-06-2016,True
EMP381H,Kiran,Sharma,06-02-1973,Male,Single,Bachelors,Chennai,Tamil Nadu,India,28-03-2023,False
EMP382H,Jacob,Clark,26-07-1966,Male,Married,Bachelors,Glasgow,Scotland,UK,07-12-2015,True
EMP383H,Robert,Brown,26-11-1983,Male,Married,Bachelors,Chicago,Illinois,US,01-07-2017,True
EMP384H,Emily,Evans,15-05-1977,Female,Single,Bachelors,London,England,UK,05-01-2018,True
EMP385H,Jack,Roberts,05-01-1996,Female,Single,Masters,Birmingham,England,UK,02-03-2024,True
EMP386H,Charlie,Evans,10-01-1992,Male,Married,Diploma,London,England,UK,05-03-2025,True
EMP387H,Rahul,Gupta,27-01-1990,Male,Married,High School,Mumbai,Maharashtra,India,26-08-2015,True
EMP388H,Rahul,Kumari,26-02-1987,Male,Married,Bachelors,Hyderabad,Telangana,India,25-11-2015,False
EMP389H,Michael,Brown,25-08-1966,Male,Married,Bachelors,Austin,Texas,US,06-05-2020,True
EMP390H,Arjun,Singh,17-03-1977,Male,Married,Diploma,Mumbai,Maharashtra,India,25-02-2016,True
EMP391H,Charlie,Williams,27-08-2002,Male,Married,Bachelors,Edinburgh,Scotland,UK,20-08-2016,True
EMP392H,Priya,Patel,21-02-1967,Male,Single,Masters,New Delhi,Delhi,India,01-06-2018,True
EMP393H,Kiran,Verma,25-06-1965,Male,Married,Diploma,Hyderabad,Telangana,India,16-11-2018,True
EMP394H,Robert,Williams,30-12-1973,Male,Married,Bachelors,Austin,Texas,US,25-04-2021,True
EMP395H,James,Davis,08-11-1965,Female,Single,Masters,Chicago,Illinois,US,10-08-2026,True
EMP396H,Jacob,Jones,13-04-1996,Male,Single,Diploma,Glasgow,Scotland,UK,03-03-2026,False
EMP397H,Barbara,Davis,30-05-1970,Female,Single,High School,Seattle,Washington,US,20-10-2025,True
EMP398H,William,Brown,10-03-1986,Female,Single,Bachelors,Seattle,Washington,US,05-07-2023,False
EMP399H,Emily,Thomas,23-12-1989,Male,Married,Bachelors,Manchester,England,UK,20-12-2022,True
EMP400H,Rahul,Chauhan,11-08-2001,Female,Single,Bachelors,Bangalore,Karnataka,India,05-07-2023,True
EMP401H,Harry,Williams,02-03-1994,Male,Married,Masters,Manchester,England,UK,05-05-2022,False
EMP402H,Anjali,Reddy,12-05-1982,Female,Single,Bachelors,Chennai,Tamil Nadu,India,04-07-2023,True
EMP403H,Anjali,Verma,15-05-1991,Female,Married,Masters,Mumbai,Maharashtra,India,19-10-2020,True
EMP404H,Linda,Johnson,07-04-1981,Female,Single,PhD,Chicago,Illinois,US,06-05-2023,True
EMP405H,Anjali,Iyer,26-05-1998,Female,Single,Bachelors,Mumbai,Maharashtra,India,29-10-2016,True
EMP406H,Thomas,Evans,19-02-1967,Female,Married,Bachelors,Edinburgh,Scotland,UK,04-08-2024,True
EMP407H,Mary,Jones,25-12-1981,Male,Married,Bachelors,Seattle,Washington,US,16-03-2025,True
EMP408H,James,Garcia,21-07-1985,Male,Married,Bachelors,San Francisco,California,US,15-01-2025,True
EMP409H,Charlie,Brown,24-01-2002,Female,Married,Bachelors,London,England,UK,28-01-2017,False
EMP410H,David,Smith,05-04-1971,Male,Single,Bachelors,San Francisco,California,US,21-11-2023,True
EMP411H,Rakesh,Mishra,05-08-1991,Female,Single,Bachelors,Chennai,Tamil Nadu,India,12-11-2022,True
EMP412H,Elizabeth,Smith,04-08-1981,Female,Married,Diploma,Austin,Texas,US,21-06-2023,True
EMP413H,Rahul,Chauhan,19-08-1970,Male,Divorced,PhD,Mumbai,Maharashtra,India,07-02-2016,True
EMP414H,Robert,Brown,31-10-1985,Female,Single,Masters,Seattle,Washington,US,24-09-2015,True
EMP415H,Priya,Bose,18-11-1975,Male,Married,Bachelors,Hyderabad,Telangana,India,11-12-2022,True
EMP416H,Isla,Evans,25-09-1982,Female,Single,Masters,Birmingham,England,UK,30-07-2026,True
EMP417H,Kavita,Bose,20-02-1974,Male,Married,Bachelors,New Delhi,Delhi,India,17-11-2015,True
EMP418H,Oliver,Jones,24-11-1990,Female,Married,Bachelors,Glasgow,Scotland,UK,06-04-2022,True
EMP419H,Linda,Jones,04-06-2002,Female,Married,Bachelors,San Francisco,California,US,08-08-2019,False
EMP420H,Ravi,Nayak,26-09-2002,Male,Married,Masters,Hyderabad,Telangana,India,24-02-2016,True
EMP421H,Patricia,Jones,03-03-1994,Male,Married,Masters,Seattle,Washington,US,18-05-2024,True
EMP422H,Isla,Davies,28-07-1967,Female,Single,Masters,Glasgow,Scotland,UK,23-11-2024,True
EMP423H,Michael,Garcia,23-12-1982,Female,Married,Masters,New York,New York,US,21-02-2020,True
EMP424H,Kavita,Das,26-01-2000,Female,Married,Bachelors,Hyderabad,Telangana,India,31-12-2016,True
EMP425H,Emily,Taylor,23-07-1997,Female,Married,Bachelors,Manchester,England,UK,28-12-2015,True
EMP426H,John,Garcia,15-07-1990,Male,Single,PhD,Austin,Texas,US,02-01-2020,True
EMP427H,Neha,Bose,02-01-1998,Female,Single,Masters,Hyderabad,Telangana,India,01-03-2017,True
EMP428H,Kiran,Mishra,25-11-1969,Female,Divorced,Bachelors,New Delhi,Delhi,India,17-09-2024,True
EMP429H,Patricia,Davis,06-02-1972,Male,Married,Masters,Chicago,Illinois,US,21-04-2017,False
EMP430H,Patricia,Garcia,02-07-1970,Female,Married,Bachelors,Seattle,Washington,US,13-11-2017,False
EMP431H,Harry,Jones,10-08-1997,Male,Divorced,Bachelors,Edinburgh,Scotland,UK,12-11-2015,True
EMP432H,Pooja,Sharma,02-07-1982,Male,Single,Diploma,New Delhi,Delhi,India,09-03-2023,True
EMP433H,Emily,Davies,10-07-1992,Female,Married,Bachelors,Birmingham,England,UK,29-09-2023,True
EMP434H,Elizabeth,Davis,28-06-1989,Female,Single,Masters,New York,New York,US,28-01-2019,True
EMP435H,Jack,Roberts,09-04-1975,Female,Married,Bachelors,London,England,UK,11-09-2025,True
EMP436H,William,Martinez,06-02-1983,Female,Divorced,Diploma,Seattle,Washington,US,08-08-2019,True
EMP437H,Isla,Evans,08-02-1967,Male,Married,Bachelors,Manchester,England,UK,25-01-2024,True
EMP438H,Charlie,Clark,15-09-1977,Female,Married,Bachelors,Glasgow,Scotland,UK,02-11-2024,True
EMP439H,Olivia,Brown,12-12-2003,Female,Single,Masters,Manchester,England,UK,17-05-2025,False
EMP440H,Charlie,Brown,10-10-1992,Female,Single,Bachelors,Birmingham,England,UK,24-01-2015,True
EMP441H,Linda,Martinez,23-09-1988,Male,Single,Diploma,San Francisco,California,US,22-02-2015,True
EMP442H,Emily,Evans,04-08-1981,Female,Married,Masters,Glasgow,Scotland,UK,28-11-2019,True
EMP443H,Barbara,Garcia,13-09-1967,Male,Single,High School,New York,New York,US,08-12-2017,False
EMP444H,Sanjay,Gupta,06-04-1994,Male,Single,Bachelors,Mumbai,Maharashtra,India,23-02-2025,True
EMP445H,Pooja,Das,25-12-2000,Female,Married,Masters,Bangalore,Karnataka,India,03-01-2025,True
EMP446H,Robert,Miller,11-05-1987,Female,Single,Bachelors,San Francisco,California,US,06-02-2024,True
EMP447H,Kavita,Das,06-08-1978,Female,Single,Masters,Chennai,Tamil Nadu,India,07-02-2020,True
EMP448H,Isla,Roberts,14-07-1991,Female,Married,Diploma,London,England,UK,21-12-2021,False
EMP449H,Barbara,Miller,25-09-1968,Female,Single,High School,San Francisco,California,US,11-07-2022,True
EMP450H,Sanjay,Sharma,19-12-1996,Female,Single,Bachelors,Mumbai,Maharashtra,India,08-01-2018,True
EMP451H,Arjun,Reddy,27-10-1975,Male,Married,Diploma,Mumbai,Maharashtra,India,26-02-2026,True
EMP452H,Sanjay,Chauhan,04-07-2001,Female,Single,Bachelors,Mumbai,Maharashtra,India,06-12-2017,True
EMP453H,Jacob,Wilson,27-12-1998,Male,Married,Masters,Edinburgh,Scotland,UK,12-03-2023,True
EMP454H,William,Johnson,18-07-1991,Female,Married,Bachelors,Austin,Texas,US,29-05-2018,True
EMP455H,Sanjay,Verma,27-03-1970,Female,Married,Masters,Chennai,Tamil Nadu,India,02-07-2016,True
EMP456H,Isla,Thomas,15-12-1994,Female,Divorced,Bachelors,London,England,UK,09-09-2021,False
EMP457H,Harry,Taylor,07-06-1983,Female,Married,Masters,Edinburgh,Scotland,UK,02-08-2017,True
EMP458H,Harry,Jones,15-05-1980,Female,Single,Bachelors,Manchester,England,UK,08-01-2021,True
EMP459H,Poppy,Williams,03-10-1994,Female,Married,Masters,Birmingham,England,UK,29-02-2016,True
EMP460H,Patricia,Williams,08-09-1966,Female,Married,Bachelors,Seattle,Washington,US,18-03-2019,False
EMP461H,Mary,Jones,28-03-2003,Female,Single,Bachelors,Chicago,Illinois,US,22-03-2019,True
EMP462H,Sneha,Kumari,19-08-1980,Female,Divorced,Bachelors,Hyderabad,Telangana,India,25-05-2023,True
EMP463H,Harry,Evans,09-12-1966,Female,Married,Bachelors,Glasgow,Scotland,UK,14-05-2024,True
EMP464H,Oliver,Taylor,23-04-1985,Male,Single,Masters,Edinburgh,Scotland,UK,10-03-2021,True
EMP465H,Mary,Garcia,15-11-1986,Female,Married,Masters,Austin,Texas,US,27-12-2015,False
EMP466H,Mary,Williams,20-02-1972,Female,Married,Masters,San Francisco,California,US,24-03-2026,True
EMP467H,Rahul,Bose,04-09-1984,Female,Single,Masters,Hyderabad,Telangana,India,07-09-2018,True
EMP468H,Rahul,Reddy,03-01-1985,Male,Married,Bachelors,Bangalore,Karnataka,India,18-10-2023,False
EMP469H,Harry,Brown,15-06-1976,Male,Married,Masters,London,England,UK,10-11-2021,True
EMP470H,Sneha,Gupta,15-04-2004,Female,Single,High School,Mumbai,Maharashtra,India,29-03-2016,True
EMP471H,Amelia,Roberts,26-03-1999,Male,Divorced,Bachelors,Edinburgh,Scotland,UK,28-12-2020,True
EMP472H,Amit,Chauhan,17-04-1982,Male,Married,Masters,Bangalore,Karnataka,India,25-05-2016,True
EMP473H,Elizabeth,Johnson,12-04-1974,Male,Single,Bachelors,New York,New York,US,06-08-2023,True
EMP474H,Harry,Williams,23-10-1981,Male,Married,Diploma,Birmingham,England,UK,16-03-2019,True
EMP475H,Manish,Kumari,23-10-1982,Female,Divorced,Masters,Chennai,Tamil Nadu,India,10-01-2022,True
EMP476H,Jack,Taylor,18-03-1978,Male,Married,Bachelors,London,England,UK,17-01-2015,True
EMP477H,Ravi,Chauhan,20-12-1978,Male,Single,High School,New Delhi,Delhi,India,09-08-2018,True
EMP478H,Vikram,Nayak,02-05-1989,Male,Divorced,Bachelors,Bangalore,Karnataka,India,17-02-2022,False
EMP479H,Barbara,Garcia,30-05-1984,Female,Married,Masters,Chicago,Illinois,US,10-05-2021,True
EMP480H,Poppy,Roberts,08-08-1970,Female,Married,Bachelors,Glasgow,Scotland,UK,03-08-2022,True
EMP481H,Michael,Smith,02-11-1977,Female,Married,Bachelors,Chicago,Illinois,US,11-04-2023,True
EMP482H,Rakesh,Chauhan,19-05-1983,Male,Married,Bachelors,New Delhi,Delhi,India,04-06-2023,True
EMP483H,Jacob,Jones,04-02-1984,Female,Single,Bachelors,London,England,UK,21-12-2016,True
EMP484H,Thomas,Clark,12-07-1975,Female,Married,Bachelors,Birmingham,England,UK,27-07-2023,True
EMP485H,Sanjay,Singh,19-07-1994,Male,Divorced,Bachelors,Hyderabad,Telangana,India,06-04-2022,False
EMP486H,Emily,Roberts,24-09-1998,Female,Married,Bachelors,Manchester,England,UK,26-06-2023,True
EMP487H,Charlie,Roberts,25-09-1972,Male,Single,Diploma,Glasgow,Scotland,UK,02-03-2017,False
EMP488H,Rahul,Reddy,16-09-1976,Female,Married,High School,Bangalore,Karnataka,India,03-06-2020,True
EMP489H,John,Johnson,29-10-1982,Female,Married,Masters,New York,New York,US,08-12-2018,False
EMP490H,Michael,Johnson,11-02-1991,Male,Married,Masters,New York,New York,US,15-04-2019,True
EMP491H,Pooja,Bose,11-09-1986,Female,Married,Bachelors,New Delhi,Delhi,India,01-03-2023,True
EMP492H,Neha,Mishra,06-03-1972,Female,Married,Masters,Hyderabad,Telangana,India,13-07-2017,True
EMP493H,Amit,Kumari,16-01-1968,Male,Married,Masters,Chennai,Tamil Nadu,India,16-10-2015,True
EMP494H,Vikram,Singh,11-06-1996,Female,Single,Diploma,Hyderabad,Telangana,India,27-02-2015,True
EMP495H,Emily,Roberts,01-10-1969,Male,Married,Bachelors,Glasgow,Scotland,UK,01-12-2020,True
EMP496H,Pooja,Kumari,17-11-1972,Female,Single,Bachelors,Chennai,Tamil Nadu,India,14-08-2025,True
EMP497H,Amelia,Taylor,20-11-2002,Female,Single,Masters,Manchester,England,UK,21-08-2018,True
EMP498H,Rahul,Kumar,15-10-1997,Male,Single,Bachelors,Mumbai,Maharashtra,India,13-05-2024,True
EMP499H,Emily,Davies,08-08-1965,Male,Single,Masters,Edinburgh,Scotland,UK,16-10-2020,True
EMP500H,George,Evans,25-09-1987,Female,Married,Masters,Glasgow,Scotland,UK,08-12-2021,True
EMP501H,Elizabeth,Davis,10-05-1969,Male,Married,Masters,Austin,Texas,US,16-02-2020,True
EMP502H,Michael,Johnson,11-01-1977,Male,Married,Bachelors,Seattle,Washington,US,07-06-2016,True
EMP503H,Isla,Wilson,19-10-1996,Male,Single,Masters,Glasgow,Scotland,UK,16-09-2022,True
EMP504H,Neha,Kumar,15-07-1981,Female,Married,Masters,Chennai,Tamil Nadu,India,22-05-2021,True
EMP505H,Linda,Miller,10-12-2000,Female,Married,Bachelors,Austin,Texas,US,19-08-2022,True
EMP506H,Kiran,Chauhan,14-08-1995,Female,Divorced,Bachelors,Chennai,Tamil Nadu,India,06-10-2025,True
EMP507H,Barbara,Williams,21-03-1968,Female,Single,PhD,San Francisco,California,US,22-08-2021,True
EMP508H,Priya,Nayak,05-03-1973,Male,Married,Diploma,Chennai,Tamil Nadu,India,18-09-2024,True
EMP509H,Isla,Brown,27-06-1982,Male,Married,Bachelors,Birmingham,England,UK,16-07-2019,True
EMP510H,Thomas,Davies,06-11-2000,Male,Married,Diploma,Manchester,England,UK,02-04-2018,True
EMP511H,Vikram,Reddy,02-01-1985,Male,Single,Diploma,Mumbai,Maharashtra,India,21-10-2022,True
EMP512H,Kiran,Das,31-10-1983,Male,Married,Bachelors,Bangalore,Karnataka,India,28-04-2015,True
EMP513H,Sneha,Chauhan,02-12-1980,Male,Married,Diploma,Hyderabad,Telangana,India,19-03-2021,True
EMP514H,Kavita,Iyer,09-01-1983,Male,Single,Bachelors,Chennai,Tamil Nadu,India,07-06-2017,True
EMP515H,Pooja,Sharma,21-08-2002,Female,Married,High School,New Delhi,Delhi,India,12-12-2018,True
EMP516H,Robert,Rodriguez,19-08-1971,Male,Single,Bachelors,Chicago,Illinois,US,18-05-2017,True
EMP517H,Rahul,Bose,14-07-1973,Male,Single,Bachelors,Chennai,Tamil Nadu,India,08-09-2023,True
EMP518H,Olivia,Taylor,12-08-1966,Male,Single,Bachelors,Birmingham,England,UK,19-12-2015,True
EMP519H,Emily,Clark,07-02-1970,Male,Single,Bachelors,Manchester,England,UK,28-10-2017,True
EMP520H,Priya,Gupta,12-11-1981,Female,Married,Bachelors,New Delhi,Delhi,India,14-03-2023,True
EMP521H,Harry,Evans,09-12-1984,Female,Married,Bachelors,Manchester,England,UK,21-12-2020,True
EMP522H,Manish,Mishra,17-09-1979,Male,Married,Masters,Chennai,Tamil Nadu,India,13-06-2024,False
EMP523H,Arjun,Das,12-05-1989,Female,Single,PhD,Hyderabad,Telangana,India,25-08-2018,True
EMP524H,Jack,Taylor,24-02-1988,Female,Married,PhD,Edinburgh,Scotland,UK,08-12-2017,True
EMP525H,Kavita,Kumari,05-06-2002,Female,Married,Bachelors,Chennai,Tamil Nadu,India,01-11-2018,True
EMP526H,Anjali,Iyer,05-01-1980,Female,Married,Bachelors,Hyderabad,Telangana,India,08-10-2020,True
EMP527H,Jennifer,Martinez,09-04-1992,Female,Married,Masters,San Francisco,California,US,16-09-2020,True
EMP528H,George,Evans,01-04-1985,Female,Married,Bachelors,Birmingham,England,UK,08-07-2026,True
EMP529H,Linda,Brown,09-11-1967,Male,Divorced,Bachelors,Chicago,Illinois,US,04-11-2018,True
EMP530H,Isla,Wilson,09-02-1965,Female,Married,Bachelors,London,England,UK,28-03-2026,True
EMP531H,James,Rodriguez,03-08-1984,Female,Married,Bachelors,Chicago,Illinois,US,26-05-2021,True
EMP532H,Charlie,Evans,13-02-1997,Male,Married,Bachelors,Birmingham,England,UK,12-01-2023,False
EMP533H,Amelia,Wilson,11-08-1980,Male,Single,Bachelors,Birmingham,England,UK,31-03-2016,True
EMP534H,Priya,Verma,13-12-1966,Female,Married,Masters,Mumbai,Maharashtra,India,31-07-2015,True
EMP535H,Pooja,Mishra,13-08-1975,Female,Married,Diploma,New Delhi,Delhi,India,28-07-2025,True
EMP536H,Isla,Brown,01-07-1998,Male,Single,Diploma,Edinburgh,Scotland,UK,21-07-2021,True
EMP537H,Arjun,Verma,25-04-1987,Female,Single,Bachelors,Bangalore,Karnataka,India,24-11-2016,True
EMP538H,Priya,Patel,28-06-1993,Female,Single,Bachelors,Bangalore,Karnataka,India,14-04-2015,True
EMP539H,Robert,Martinez,29-03-1985,Female,Single,Bachelors,Seattle,Washington,US,07-03-2023,True
EMP540H,Pooja,Patel,20-03-1979,Male,Single,Bachelors,New Delhi,Delhi,India,23-10-2017,True
EMP541H,Rakesh,Reddy,30-12-1984,Female,Single,PhD,Hyderabad,Telangana,India,27-02-2015,True
EMP542H,Charlie,Wilson,27-10-1973,Male,Married,Bachelors,Glasgow,Scotland,UK,22-10-2023,True
EMP543H,Jennifer,Smith,03-05-1972,Male,Married,Bachelors,San Francisco,California,US,08-11-2024,False
EMP544H,Linda,Jones,30-12-1981,Male,Married,Bachelors,Austin,Texas,US,10-07-2021,True
EMP545H,Isla,Davies,27-05-1969,Female,Married,High School,Manchester,England,UK,26-08-2016,True
EMP546H,Isla,Jones,16-11-1993,Male,Single,Bachelors,Edinburgh,Scotland,UK,03-01-2016,True
EMP547H,Ravi,Iyer,03-08-1983,Male,Married,Bachelors,Hyderabad,Telangana,India,10-02-2020,True
EMP548H,Poppy,Clark,24-10-2001,Male,Married,Bachelors,Glasgow,Scotland,UK,29-07-2018,False
EMP549H,Vikram,Mishra,02-08-1976,Male,Divorced,Masters,Chennai,Tamil Nadu,India,03-09-2016,True
EMP550H,Kavita,Kumari,23-06-1974,Female,Single,Masters,Bangalore,Karnataka,India,27-09-2022,True
EMP551H,John,Johnson,14-11-1988,Male,Single,Masters,New York,New York,US,13-04-2023,True
EMP552H,Amit,Iyer,20-02-1968,Female,Single,Diploma,New Delhi,Delhi,India,23-02-2025,True
EMP553H,Patricia,Rodriguez,28-11-1999,Male,Single,Bachelors,New York,New York,US,16-12-2022,False
EMP554H,Amelia,Evans,25-07-1982,Female,Single,Bachelors,Glasgow,Scotland,UK,29-10-2021,True
EMP555H,Jack,Taylor,21-03-1990,Female,Single,Bachelors,Manchester,England,UK,02-06-2017,True
EMP556H,Jennifer,Brown,28-05-2000,Female,Single,Masters,New York,New York,US,06-02-2015,False
EMP557H,Pooja,Nayak,27-05-1965,Male,Single,Bachelors,Chennai,Tamil Nadu,India,09-11-2016,False
EMP558H,Robert,Davis,21-08-1995,Male,Married,Masters,San Francisco,California,US,20-10-2015,True
EMP559H,Robert,Johnson,24-12-2004,Male,Divorced,Masters,New York,New York,US,07-12-2015,True
EMP560H,Poppy,Davies,16-05-2002,Female,Married,Bachelors,Edinburgh,Scotland,UK,18-10-2024,True
EMP561H,Charlie,Davies,16-10-1967,Male,Married,Bachelors,Manchester,England,UK,31-01-2017,True
EMP562H,Ravi,Sharma,28-06-1968,Male,Divorced,Masters,Mumbai,Maharashtra,India,18-09-2017,True
EMP563H,Jacob,Davies,18-02-1984,Female,Single,Bachelors,Edinburgh,Scotland,UK,11-01-2018,True
EMP564H,Manish,Kumari,02-04-1982,Male,Single,Bachelors,Hyderabad,Telangana,India,09-11-2017,True
EMP565H,Barbara,Johnson,08-03-1968,Female,Divorced,Masters,Austin,Texas,US,08-08-2021,True
EMP566H,Priya,Kumari,24-01-1968,Female,Divorced,Bachelors,Chennai,Tamil Nadu,India,17-07-2026,True
EMP567H,Kiran,Das,31-05-1995,Female,Single,Masters,Hyderabad,Telangana,India,19-08-2020,True
EMP568H,Kavita,Singh,03-10-1974,Male,Single,Bachelors,Bangalore,Karnataka,India,21-08-2025,True
EMP569H,Rahul,Kumari,23-06-1983,Female,Married,Masters,Chennai,Tamil Nadu,India,08-04-2026,True
EMP570H,Amelia,Roberts,08-11-1978,Male,Single,Bachelors,Edinburgh,Scotland,UK,30-04-2016,True
EMP571H,Vikram,Iyer,17-02-1976,Male,Married,Bachelors,Bangalore,Karnataka,India,18-02-2021,True
EMP572H,Pooja,Chauhan,12-09-1993,Male,Single,Masters,Hyderabad,Telangana,India,08-01-2024,True
EMP573H,David,Jones,31-10-1967,Female,Married,Bachelors,Seattle,Washington,US,06-07-2019,True
EMP574H,Anjali,Reddy,12-10-1999,Female,Married,PhD,Hyderabad,Telangana,India,22-05-2025,True
EMP575H,Rahul,Chauhan,10-01-1977,Female,Divorced,Masters,New Delhi,Delhi,India,24-06-2019,True
EMP576H,John,Johnson,01-12-1968,Female,Married,PhD,Chicago,Illinois,US,07-07-2016,True
EMP577H,Sneha,Patel,16-07-1969,Female,Married,Masters,Mumbai,Maharashtra,India,24-07-2023,True
EMP578H,Amelia,Williams,29-12-1977,Female,Married,High School,Glasgow,Scotland,UK,12-11-2024,True
EMP579H,Elizabeth,Williams,01-09-1992,Female,Married,Masters,Chicago,Illinois,US,17-02-2016,True
EMP580H,Arjun,Bose,07-10-1975,Female,Single,Diploma,Mumbai,Maharashtra,India,29-11-2023,True
EMP581H,Barbara,Martinez,20-03-1969,Female,Married,High School,Chicago,Illinois,US,05-03-2026,True
EMP582H,David,Smith,08-06-1971,Female,Single,PhD,New York,New York,US,27-11-2018,True
EMP583H,George,Jones,10-11-1974,Female,Single,Masters,London,England,UK,08-03-2023,True
EMP584H,Thomas,Davies,02-07-1975,Female,Single,Bachelors,Edinburgh,Scotland,UK,02-01-2019,True
EMP585H,Michael,Davis,04-10-1997,Female,Married,Masters,Seattle,Washington,US,02-06-2016,True
EMP586H,Jennifer,Williams,20-12-1999,Male,Married,PhD,Seattle,Washington,US,01-03-2022,False
EMP587H,Thomas,Wilson,12-04-1981,Female,Married,Bachelors,Edinburgh,Scotland,UK,23-06-2018,False
EMP588H,John,Martinez,09-07-1996,Female,Single,Bachelors,Seattle,Washington,US,18-05-2018,True
EMP589H,Patricia,Martinez,07-08-1987,Female,Married,Bachelors,Seattle,Washington,US,24-10-2015,True
EMP590H,George,Brown,17-11-1994,Male,Married,Bachelors,Birmingham,England,UK,03-07-2020,True
EMP591H,James,Miller,16-04-1967,Male,Divorced,Bachelors,New York,New York,US,15-02-2016,True
EMP592H,Neha,Sharma,17-08-1978,Male,Divorced,PhD,Bangalore,Karnataka,India,04-03-2016,True
EMP593H,Pooja,Singh,31-01-2000,Female,Married,Masters,New Delhi,Delhi,India,11-06-2019,True
EMP594H,Robert,Garcia,10-09-1972,Male,Married,Bachelors,Seattle,Washington,US,25-11-2022,False
EMP595H,Manish,Sharma,31-07-1992,Female,Single,Bachelors,Chennai,Tamil Nadu,India,12-04-2021,True
EMP596H,Isla,Roberts,31-05-2004,Female,Single,Bachelors,Edinburgh,Scotland,UK,25-05-2020,True
EMP597H,Jennifer,Rodriguez,27-05-1984,Female,Married,Bachelors,New York,New York,US,03-11-2018,True
EMP598H,Vikram,Nayak,25-05-1978,Female,Single,Bachelors,New Delhi,Delhi,India,19-08-2022,True
EMP599H,Oliver,Roberts,05-05-1994,Female,Married,Masters,Edinburgh,Scotland,UK,13-11-2015,True
EMP600H,Charlie,Davies,11-10-1990,Male,Married,Bachelors,Edinburgh,Scotland,UK,17-04-2022,True
EMP601H,Vikram,Patel,13-12-1979,Female,Divorced,Masters,Hyderabad,Telangana,India,08-11-2024,True
EMP602H,Poppy,Clark,20-04-2000,Female,Single,Masters,Manchester,England,UK,15-05-2017,True
EMP603H,Kavita,Kumari,11-05-1974,Female,Married,Diploma,New Delhi,Delhi,India,10-07-2024,True
EMP604H,Michael,Garcia,21-08-1978,Female,Divorced,Bachelors,Chicago,Illinois,US,06-08-2026,True
EMP605H,Sanjay,Chauhan,12-05-1968,Male,Divorced,Bachelors,Mumbai,Maharashtra,India,23-06-2019,True
EMP606H,Elizabeth,Garcia,15-01-1992,Female,Married,Bachelors,Austin,Texas,US,03-05-2018,True
EMP607H,David,Garcia,22-10-1977,Male,Divorced,Diploma,San Francisco,California,US,15-05-2016,True
EMP608H,Jennifer,Davis,31-05-1985,Female,Married,High School,Austin,Texas,US,23-12-2019,True
EMP609H,William,Smith,15-05-1994,Female,Single,High School,Seattle,Washington,US,02-02-2017,False
EMP610H,Harry,Williams,14-09-1972,Male,Single,Bachelors,Glasgow,Scotland,UK,12-07-2022,True
EMP611H,Isla,Evans,23-06-1990,Male,Divorced,Bachelors,Birmingham,England,UK,23-04-2024,True
EMP612H,Isla,Evans,02-04-2004,Male,Single,Bachelors,Edinburgh,Scotland,UK,12-01-2022,True
EMP613H,Jack,Evans,04-02-1982,Female,Married,Bachelors,Manchester,England,UK,16-06-2023,True
EMP614H,David,Rodriguez,20-07-1992,Female,Divorced,Bachelors,Austin,Texas,US,15-06-2025,True
EMP615H,Thomas,Clark,14-05-1971,Male,Married,Bachelors,London,England,UK,03-12-2023,True
EMP616H,Arjun,Sharma,15-05-1991,Female,Single,Diploma,Hyderabad,Telangana,India,24-08-2015,True
EMP617H,Sneha,Reddy,05-10-1991,Male,Single,Bachelors,Chennai,Tamil Nadu,India,02-11-2025,True
EMP618H,Priya,Verma,20-02-1977,Female,Married,Masters,New Delhi,Delhi,India,10-11-2024,True
EMP619H,George,Evans,12-01-1976,Female,Single,Diploma,Glasgow,Scotland,UK,15-03-2017,True
EMP620H,James,Williams,31-07-1972,Male,Single,Masters,New York,New York,US,10-12-2019,False
EMP621H,Patricia,Jones,13-07-1986,Female,Single,Bachelors,New York,New York,US,26-08-2018,True
EMP622H,Manish,Verma,25-02-1990,Female,Single,Bachelors,Chennai,Tamil Nadu,India,06-03-2015,True
EMP623H,Jennifer,Rodriguez,26-01-2003,Female,Married,Bachelors,Chicago,Illinois,US,24-08-2024,False
EMP624H,Emily,Clark,10-05-1998,Male,Married,Bachelors,Manchester,England,UK,05-12-2015,True
EMP625H,Amelia,Roberts,20-08-2001,Female,Married,Masters,London,England,UK,15-10-2019,True
EMP626H,Elizabeth,Miller,09-01-1978,Male,Single,Bachelors,New York,New York,US,16-05-2024,True
EMP627H,Charlie,Wilson,19-08-1969,Female,Married,Bachelors,Manchester,England,UK,01-01-2019,False
EMP628H,Kavita,Singh,22-05-2003,Male,Married,Bachelors,Hyderabad,Telangana,India,14-05-2020,True
EMP629H,James,Johnson,04-12-1968,Male,Single,Bachelors,San Francisco,California,US,22-10-2025,True
EMP630H,Vikram,Patel,08-06-1981,Male,Single,Bachelors,Hyderabad,Telangana,India,20-01-2019,True
EMP631H,Manish,Gupta,10-02-1967,Female,Single,Bachelors,Mumbai,Maharashtra,India,19-08-2021,True
EMP632H,James,Garcia,22-08-2003,Male,Married,Diploma,San Francisco,California,US,16-06-2022,True
EMP633H,Emily,Williams,13-06-1977,Female,Married,Bachelors,Manchester,England,UK,10-01-2025,True
EMP634H,Jacob,Davies,05-02-1973,Female,Divorced,Masters,Edinburgh,Scotland,UK,28-08-2018,True
EMP635H,Barbara,Williams,26-03-2002,Male,Married,Masters,Chicago,Illinois,US,05-06-2017,True
EMP636H,Jennifer,Martinez,03-07-1998,Male,Single,Bachelors,New York,New York,US,16-04-2015,True
EMP637H,Rahul,Das,17-12-1990,Female,Divorced,High School,Hyderabad,Telangana,India,09-04-2024,True
EMP638H,Barbara,Jones,12-12-1965,Male,Married,Bachelors,Seattle,Washington,US,25-03-2022,True
EMP639H,Sneha,Reddy,11-09-1978,Female,Married,Masters,Bangalore,Karnataka,India,15-05-2021,True
EMP640H,Ravi,Kumari,14-02-1966,Male,Married,Bachelors,Chennai,Tamil Nadu,India,18-05-2025,True
EMP641H,George,Brown,18-06-1990,Male,Married,Bachelors,Manchester,England,UK,12-09-2025,True
EMP642H,Neha,Kumar,05-06-2004,Female,Married,Masters,Bangalore,Karnataka,India,10-07-2024,True
EMP643H,Michael,Rodriguez,26-05-1978,Male,Single,Bachelors,San Francisco,California,US,08-01-2015,True
EMP644H,Patricia,Garcia,17-05-1982,Female,Married,Masters,Seattle,Washington,US,17-06-2023,False
EMP645H,Patricia,Rodriguez,23-08-1966,Female,Married,Bachelors,San Francisco,California,US,03-03-2026,True
EMP646H,Michael,Smith,12-09-1970,Female,Married,Diploma,San Francisco,California,US,31-03-2023,True
EMP647H,Priya,Nayak,19-07-2002,Female,Married,Diploma,New Delhi,Delhi,India,18-09-2020,False
EMP648H,Jennifer,Martinez,27-06-1968,Female,Single,Masters,Chicago,Illinois,US,30-12-2017,True
EMP649H,Emily,Wilson,12-11-1983,Female,Married,Bachelors,Manchester,England,UK,27-05-2017,True
EMP650H,Anjali,Verma,23-08-1977,Female,Single,Bachelors,New Delhi,Delhi,India,03-04-2019,True
EMP651H,James,Jones,23-02-1994,Male,Single,Diploma,Chicago,Illinois,US,13-06-2025,True
EMP652H,Elizabeth,Garcia,03-09-1980,Male,Married,PhD,Seattle,Washington,US,25-05-2019,False
EMP653H,Barbara,Johnson,22-07-1976,Female,Married,Bachelors,Chicago,Illinois,US,17-10-2020,True
EMP654H,Sneha,Kumar,15-01-1979,Male,Married,Bachelors,Chennai,Tamil Nadu,India,10-08-2023,True
EMP655H,Kiran,Iyer,01-05-1992,Female,Married,Bachelors,Bangalore,Karnataka,India,06-04-2020,True
EMP656H,Rakesh,Patel,13-04-2002,Male,Divorced,Diploma,Hyderabad,Telangana,India,07-03-2018,False
EMP657H,David,Miller,28-07-1966,Female,Single,Masters,Austin,Texas,US,26-06-2025,True
EMP658H,Barbara,Martinez,09-11-2000,Male,Married,Bachelors,Austin,Texas,US,22-05-2016,True
EMP659H,Emily,Evans,12-02-1985,Female,Married,Bachelors,Manchester,England,UK,03-03-2021,True
EMP660H,Arjun,Kumari,02-02-1968,Male,Single,Bachelors,Hyderabad,Telangana,India,25-07-2017,True
EMP661H,Manish,Bose,07-01-2001,Female,Married,Masters,New Delhi,Delhi,India,06-04-2019,True
EMP662H,Linda,Brown,07-08-2000,Male,Single,Bachelors,New York,New York,US,23-10-2019,True
EMP663H,Thomas,Brown,17-08-1989,Female,Single,Masters,Birmingham,England,UK,10-08-2025,True
EMP664H,James,Williams,16-05-1995,Female,Single,Bachelors,Austin,Texas,US,02-08-2017,True
EMP665H,Thomas,Williams,13-02-1973,Male,Divorced,Masters,Glasgow,Scotland,UK,01-03-2025,False
EMP666H,Michael,Garcia,26-03-1987,Female,Married,Bachelors,Austin,Texas,US,01-02-2022,True
EMP667H,Vikram,Kumar,27-04-1977,Female,Single,Bachelors,New Delhi,Delhi,India,12-08-2026,True
EMP668H,Oliver,Davies,14-01-1990,Male,Single,Bachelors,London,England,UK,14-07-2016,True
EMP669H,Sneha,Bose,22-06-1978,Female,Single,Masters,New Delhi,Delhi,India,29-10-2018,True
EMP670H,Manish,Kumar,02-08-1978,Female,Married,Bachelors,Mumbai,Maharashtra,India,26-09-2015,True
EMP671H,Rakesh,Sharma,03-11-1999,Male,Married,Bachelors,Mumbai,Maharashtra,India,28-10-2023,True
EMP672H,Thomas,Clark,03-09-1981,Male,Single,Masters,Manchester,England,UK,16-08-2018,False
EMP673H,Oliver,Williams,26-05-1966,Female,Single,Masters,Glasgow,Scotland,UK,08-08-2024,False
EMP674H,Poppy,Davies,09-06-1977,Female,Married,Masters,London,England,UK,18-06-2024,False
EMP675H,Jennifer,Martinez,18-01-1997,Male,Married,Diploma,San Francisco,California,US,08-08-2018,True
EMP676H,Priya,Reddy,08-02-1975,Female,Married,Bachelors,Hyderabad,Telangana,India,21-08-2017,True
EMP677H,Thomas,Brown,20-03-2002,Male,Single,Masters,Glasgow,Scotland,UK,10-03-2019,True
EMP678H,Kiran,Bose,19-01-1974,Female,Single,Bachelors,Hyderabad,Telangana,India,19-04-2015,True
EMP679H,Emily,Williams,14-11-2004,Female,Single,Diploma,London,England,UK,22-07-2020,False
EMP680H,Jacob,Thomas,16-05-1971,Male,Married,Bachelors,Glasgow,Scotland,UK,04-07-2020,True
EMP681H,Barbara,Jones,28-05-1986,Female,Married,Bachelors,Austin,Texas,US,15-06-2025,False
EMP682H,Sneha,Kumar,24-09-1977,Male,Married,Bachelors,New Delhi,Delhi,India,08-07-2022,True
EMP683H,Michael,Rodriguez,28-07-1986,Male,Single,Masters,New York,New York,US,17-09-2024,True
EMP684H,Barbara,Garcia,07-11-1969,Male,Married,PhD,San Francisco,California,US,08-02-2020,False
EMP685H,Robert,Williams,14-12-1990,Male,Divorced,Bachelors,Seattle,Washington,US,24-03-2020,True
EMP686H,Jacob,Taylor,28-07-1999,Female,Married,Masters,London,England,UK,30-04-2023,True
EMP687H,Olivia,Clark,27-08-1967,Male,Single,Masters,Glasgow,Scotland,UK,18-11-2023,True
EMP688H,Michael,Williams,19-01-1985,Male,Married,Bachelors,Seattle,Washington,US,13-11-2016,True
EMP689H,Kavita,Bose,14-01-1970,Female,Married,Diploma,Hyderabad,Telangana,India,03-08-2021,True
EMP690H,Patricia,Johnson,06-11-1965,Female,Single,Masters,Austin,Texas,US,10-09-2015,True
EMP691H,Sneha,Das,07-03-1999,Male,Single,Diploma,Chennai,Tamil Nadu,India,13-06-2026,True
EMP692H,Harry,Williams,03-12-1994,Male,Single,Bachelors,Manchester,England,UK,04-04-2018,True
EMP693H,Robert,Williams,21-04-1990,Female,Single,Diploma,Austin,Texas,US,17-07-2016,False
EMP694H,Kavita,Chauhan,19-10-1982,Female,Single,Bachelors,Bangalore,Karnataka,India,23-10-2024,True
EMP695H,Jacob,Davies,15-08-2003,Female,Married,Masters,Birmingham,England,UK,10-08-2021,True
EMP696H,Priya,Sharma,30-04-1975,Female,Married,Bachelors,Hyderabad,Telangana,India,31-12-2022,True
EMP697H,Elizabeth,Williams,13-12-1978,Female,Married,Bachelors,Seattle,Washington,US,23-03-2022,True
EMP698H,Patricia,Johnson,22-01-1965,Male,Single,Bachelors,Seattle,Washington,US,26-05-2019,True
EMP699H,Priya,Gupta,30-03-1974,Male,Single,Bachelors,Mumbai,Maharashtra,India,07-11-2021,False
EMP700H,Barbara,Smith,14-01-1990,Male,Married,Bachelors,New York,New York,US,28-04-2016,True
EMP701H,Neha,Verma,12-07-1990,Female,Divorced,Masters,Chennai,Tamil Nadu,India,16-01-2024,True
EMP702H,Thomas,Roberts,26-05-1999,Male,Single,Bachelors,Glasgow,Scotland,UK,27-04-2026,True
EMP703H,Manish,Iyer,12-04-1968,Female,Single,Bachelors,Bangalore,Karnataka,India,05-04-2018,True
EMP704H,Jacob,Clark,15-10-1996,Male,Married,Masters,Manchester,England,UK,03-12-2020,True
EMP705H,Robert,Smith,16-10-1972,Male,Single,Masters,San Francisco,California,US,04-02-2021,True
EMP706H,Emily,Wilson,29-06-1984,Male,Married,Masters,Manchester,England,UK,30-10-2018,True
EMP707H,Neha,Sharma,03-12-1975,Female,Single,PhD,New Delhi,Delhi,India,21-04-2019,True
EMP708H,Amelia,Jones,30-09-1982,Male,Single,PhD,Edinburgh,Scotland,UK,17-12-2024,True
EMP709H,Rahul,Kumari,09-10-1975,Female,Single,PhD,Hyderabad,Telangana,India,23-11-2020,True
EMP710H,Jacob,Jones,19-03-1979,Female,Married,Masters,Edinburgh,Scotland,UK,11-03-2021,True
EMP711H,Arjun,Das,29-10-1970,Male,Married,Masters,Mumbai,Maharashtra,India,01-01-2024,True
EMP712H,Barbara,Williams,06-04-1975,Male,Single,Bachelors,Chicago,Illinois,US,13-05-2022,True
EMP713H,Michael,Rodriguez,23-01-1978,Female,Married,Masters,Austin,Texas,US,01-02-2020,True
EMP714H,Oliver,Taylor,30-05-1981,Male,Married,Bachelors,Glasgow,Scotland,UK,27-12-2021,True
EMP715H,Anjali,Mishra,30-11-1997,Male,Divorced,Bachelors,Chennai,Tamil Nadu,India,09-02-2021,True
EMP716H,Jacob,Thomas,14-04-1973,Male,Divorced,Bachelors,Manchester,England,UK,02-06-2015,False
EMP717H,Robert,Williams,04-09-1986,Male,Single,Diploma,San Francisco,California,US,15-01-2017,True
EMP718H,Michael,Martinez,12-05-1981,Male,Married,Diploma,Chicago,Illinois,US,23-02-2016,True
EMP719H,Elizabeth,Davis,15-06-1997,Male,Single,Bachelors,Seattle,Washington,US,27-03-2023,True
EMP720H,Patricia,Smith,03-09-1990,Female,Married,Bachelors,Seattle,Washington,US,15-02-2020,True
EMP721H,David,Rodriguez,09-03-1997,Male,Married,Bachelors,Chicago,Illinois,US,10-01-2024,True
EMP722H,John,Rodriguez,06-12-1989,Female,Married,Bachelors,Seattle,Washington,US,10-09-2020,True
EMP723H,Rahul,Kumari,02-07-1965,Male,Married,Diploma,Chennai,Tamil Nadu,India,14-11-2022,True
EMP724H,Charlie,Williams,24-11-1979,Female,Married,Bachelors,Edinburgh,Scotland,UK,03-11-2016,True
EMP725H,David,Martinez,01-06-1996,Male,Single,Bachelors,New York,New York,US,20-05-2018,True
EMP726H,Robert,Rodriguez,22-06-1999,Male,Single,Masters,New York,New York,US,15-07-2025,False
EMP727H,William,Williams,11-09-1988,Male,Single,Bachelors,New York,New York,US,25-09-2022,False
EMP728H,Charlie,Evans,02-12-1998,Male,Married,Bachelors,London,England,UK,13-06-2016,True
EMP729H,Linda,Williams,02-09-1998,Female,Single,Bachelors,New York,New York,US,09-01-2025,True
EMP730H,Elizabeth,Smith,31-10-1991,Female,Single,Masters,San Francisco,California,US,27-07-2023,True
EMP731H,Emily,Davies,09-02-1992,Female,Married,Bachelors,London,England,UK,15-06-2017,True
EMP732H,Barbara,Smith,03-04-1985,Male,Married,Bachelors,Seattle,Washington,US,11-08-2015,True
EMP733H,Harry,Davies,20-08-1984,Female,Married,Bachelors,Glasgow,Scotland,UK,01-04-2025,True
EMP734H,Amelia,Roberts,05-04-1968,Male,Single,High School,Birmingham,England,UK,14-09-2019,True
EMP735H,Jacob,Davies,10-01-2001,Female,Single,Diploma,Manchester,England,UK,04-07-2017,True
EMP736H,Rakesh,Mishra,05-03-1968,Female,Married,PhD,New Delhi,Delhi,India,22-12-2015,True
EMP737H,Oliver,Davies,25-11-1968,Male,Married,Diploma,Birmingham,England,UK,11-05-2020,True
EMP738H,Jack,Davies,01-06-1986,Male,Married,PhD,Glasgow,Scotland,UK,21-10-2015,True
EMP739H,Kiran,Singh,30-08-1999,Male,Married,Bachelors,Hyderabad,Telangana,India,31-05-2015,True
EMP740H,Emily,Brown,23-10-1995,Male,Single,High School,London,England,UK,24-02-2021,True
EMP741H,Oliver,Thomas,21-09-1980,Female,Single,Bachelors,Glasgow,Scotland,UK,07-06-2026,True
EMP742H,Elizabeth,Garcia,18-04-1967,Male,Single,Bachelors,Chicago,Illinois,US,01-05-2022,True
EMP743H,Amit,Kumar,18-01-1996,Male,Married,Bachelors,Mumbai,Maharashtra,India,28-10-2018,False
EMP744H,Michael,Brown,27-07-1984,Male,Single,Diploma,Seattle,Washington,US,19-11-2020,True
EMP745H,Amelia,Jones,25-09-1974,Female,Single,Bachelors,London,England,UK,10-10-2024,True
EMP746H,Emily,Wilson,30-03-1986,Female,Married,Bachelors,Edinburgh,Scotland,UK,25-04-2024,True
EMP747H,George,Taylor,10-08-1974,Female,Single,Masters,London,England,UK,26-09-2018,True
EMP748H,Olivia,Thomas,14-10-1983,Female,Married,Bachelors,London,England,UK,03-08-2015,True
EMP749H,Thomas,Evans,18-02-2002,Female,Single,Bachelors,Glasgow,Scotland,UK,27-12-2023,False
EMP750H,Isla,Wilson,04-12-1991,Male,Married,Bachelors,Edinburgh,Scotland,UK,29-01-2023,True
EMP751H,Oliver,Jones,15-12-1996,Female,Single,Masters,Manchester,England,UK,24-11-2023,True
EMP752H,Mary,Johnson,23-11-1984,Female,Married,Diploma,Seattle,Washington,US,24-03-2025,False
EMP753H,Vikram,Reddy,01-07-1999,Male,Single,Bachelors,Chennai,Tamil Nadu,India,14-01-2020,False
EMP754H,Michael,Davis,11-04-2003,Female,Single,Bachelors,San Francisco,California,US,24-08-2015,True
EMP755H,Harry,Brown,18-08-1970,Female,Married,Masters,Edinburgh,Scotland,UK,11-12-2025,True
EMP756H,Sanjay,Patel,20-01-1976,Male,Married,Bachelors,New Delhi,Delhi,India,26-04-2024,False
EMP757H,Kiran,Iyer,01-11-1997,Male,Married,Masters,New Delhi,Delhi,India,22-05-2023,True
EMP758H,Ravi,Das,25-09-1979,Male,Single,Bachelors,Chennai,Tamil Nadu,India,18-04-2024,True
EMP759H,Isla,Davies,25-08-1967,Male,Single,Masters,Manchester,England,UK,06-09-2015,True
EMP760H,Robert,Miller,10-05-1989,Male,Married,Bachelors,Chicago,Illinois,US,23-01-2019,False
EMP761H,Barbara,Brown,30-05-1987,Male,Married,Bachelors,New York,New York,US,29-06-2017,True
EMP762H,Poppy,Wilson,21-09-1968,Male,Married,Diploma,Birmingham,England,UK,11-09-2018,False
EMP763H,James,Williams,30-05-1982,Male,Single,Bachelors,Chicago,Illinois,US,24-05-2016,True
EMP764H,Linda,Rodriguez,20-04-1977,Female,Single,Bachelors,Seattle,Washington,US,26-09-2020,True
EMP765H,Harry,Davies,21-07-1987,Female,Single,Bachelors,London,England,UK,18-01-2017,True
EMP766H,George,Thomas,08-06-1971,Male,Single,Bachelors,Manchester,England,UK,10-09-2025,True
EMP767H,Rahul,Das,03-07-1971,Female,Married,Masters,Hyderabad,Telangana,India,27-04-2023,True
EMP768H,James,Miller,08-04-1995,Female,Single,Bachelors,San Francisco,California,US,21-08-2023,False
EMP769H,Mary,Jones,09-02-1965,Female,Married,High School,San Francisco,California,US,30-03-2024,True
EMP770H,Amit,Das,25-07-1986,Female,Divorced,Diploma,Bangalore,Karnataka,India,18-11-2015,True
EMP771H,Charlie,Taylor,14-01-1966,Female,Divorced,Masters,Glasgow,Scotland,UK,26-02-2016,True
EMP772H,Vikram,Bose,16-04-1989,Female,Divorced,Masters,New Delhi,Delhi,India,11-04-2017,True
EMP773H,Elizabeth,Smith,12-09-1969,Female,Married,High School,Seattle,Washington,US,28-01-2017,False
EMP774H,Linda,Martinez,30-06-1968,Male,Married,Masters,New York,New York,US,18-01-2019,True
EMP775H,Harry,Clark,10-02-1968,Male,Married,High School,Birmingham,England,UK,20-08-2026,True
EMP776H,Anjali,Kumari,12-05-1972,Female,Married,Bachelors,Hyderabad,Telangana,India,19-08-2017,True
EMP777H,Patricia,Martinez,22-05-2003,Male,Single,Bachelors,New York,New York,US,15-08-2016,True
EMP778H,Arjun,Singh,23-06-1998,Female,Single,Masters,New Delhi,Delhi,India,02-01-2019,False
EMP779H,Manish,Kumar,31-08-1979,Female,Single,Bachelors,Chennai,Tamil Nadu,India,04-11-2021,True
EMP780H,Ravi,Reddy,21-04-1968,Female,Single,Diploma,Hyderabad,Telangana,India,09-12-2022,True
EMP781H,Barbara,Rodriguez,05-01-1970,Female,Single,Bachelors,Seattle,Washington,US,24-08-2016,True
EMP782H,Sanjay,Mishra,11-05-2003,Male,Single,Bachelors,Mumbai,Maharashtra,India,21-01-2026,True
EMP783H,Jennifer,Williams,29-10-1978,Male,Single,Bachelors,Chicago,Illinois,US,22-07-2020,True
EMP784H,Vikram,Singh,25-03-1984,Female,Married,Masters,New Delhi,Delhi,India,18-08-2024,True
EMP785H,David,Garcia,14-03-1976,Male,Married,Bachelors,New York,New York,US,10-04-2025,True
EMP786H,Harry,Brown,16-04-1969,Female,Single,Bachelors,Birmingham,England,UK,05-10-2020,True
EMP787H,George,Roberts,27-06-2002,Male,Single,Bachelors,Birmingham,England,UK,26-09-2023,True
EMP788H,Emily,Taylor,30-09-1993,Male,Married,Bachelors,Birmingham,England,UK,17-03-2019,True
EMP789H,Elizabeth,Jones,26-12-1987,Female,Single,Masters,San Francisco,California,US,13-05-2021,True
EMP790H,Neha,Das,27-01-1971,Female,Single,Masters,Chennai,Tamil Nadu,India,21-06-2015,False
EMP791H,Ravi,Kumari,24-07-1977,Female,Divorced,Bachelors,Chennai,Tamil Nadu,India,19-07-2017,True
EMP792H,Patricia,Garcia,22-09-1986,Female,Married,Bachelors,Seattle,Washington,US,22-01-2026,True
EMP793H,James,Martinez,21-11-1976,Female,Married,Masters,Austin,Texas,US,24-03-2018,True
EMP794H,Jacob,Wilson,29-04-1998,Male,Single,Bachelors,Glasgow,Scotland,UK,27-11-2024,True
EMP795H,Harry,Clark,30-08-2000,Male,Single,Bachelors,London,England,UK,05-02-2016,True
EMP796H,Amelia,Clark,17-04-2004,Male,Married,Bachelors,Birmingham,England,UK,24-11-2016,True
EMP797H,Rahul,Kumari,27-03-1992,Male,Divorced,Bachelors,Chennai,Tamil Nadu,India,27-04-2024,True
EMP798H,Neha,Kumari,09-10-1966,Male,Married,Masters,Hyderabad,Telangana,India,26-06-2019,True
EMP799H,Oliver,Clark,28-11-1967,Female,Married,Bachelors,Edinburgh,Scotland,UK,03-08-2022,True
EMP800H,Kiran,Chauhan,09-01-1991,Female,Married,Diploma,Hyderabad,Telangana,India,30-10-2022,True
EMP801H,Emily,Brown,28-01-1975,Male,Single,Diploma,Edinburgh,Scotland,UK,13-09-2024,True
EMP802H,Poppy,Evans,14-08-2003,Male,Married,Masters,Glasgow,Scotland,UK,19-03-2021,True
EMP803H,Jack,Jones,07-09-1986,Male,Divorced,Masters,London,England,UK,22-09-2025,False
EMP804H,Priya,Kumar,20-04-1977,Female,Single,Masters,Hyderabad,Telangana,India,07-06-2020,False
EMP805H,Rakesh,Kumar,02-10-1999,Male,Married,Bachelors,Chennai,Tamil Nadu,India,04-01-2023,True
EMP806H,Patricia,Smith,03-09-1966,Female,Married,Bachelors,San Francisco,California,US,08-08-2024,True
EMP807H,Neha,Sharma,20-03-1968,Female,Divorced,Bachelors,Chennai,Tamil Nadu,India,23-10-2015,True
EMP808H,Emily,Roberts,23-02-1988,Male,Single,Diploma,Edinburgh,Scotland,UK,26-09-2020,True
EMP809H,Isla,Brown,18-11-1974,Male,Married,Masters,London,England,UK,30-11-2024,True
EMP810H,Manish,Patel,07-10-2002,Female,Single,Bachelors,Hyderabad,Telangana,India,03-06-2024,True
EMP811H,Harry,Williams,07-06-1992,Male,Married,Masters,Manchester,England,UK,25-04-2019,True
EMP812H,James,Garcia,26-01-1974,Female,Married,Masters,Chicago,Illinois,US,29-08-2024,True
EMP813H,Anjali,Sharma,16-06-2004,Male,Single,Bachelors,Bangalore,Karnataka,India,16-01-2018,True
EMP814H,Barbara,Smith,28-10-1985,Female,Single,Bachelors,San Francisco,California,US,09-03-2021,False
EMP815H,Jack,Davies,01-03-1983,Female,Married,Masters,Birmingham,England,UK,14-10-2023,True
EMP816H,Jack,Roberts,18-11-1998,Female,Married,Bachelors,Glasgow,Scotland,UK,22-10-2022,False
EMP817H,Michael,Jones,27-12-1985,Female,Married,Masters,New York,New York,US,26-02-2015,True
EMP818H,Oliver,Wilson,26-06-1967,Male,Divorced,Bachelors,Manchester,England,UK,05-01-2021,True
EMP819H,Arjun,Sharma,11-09-1988,Female,Single,Bachelors,Hyderabad,Telangana,India,02-02-2021,True
EMP820H,Michael,Garcia,10-08-1970,Male,Single,Masters,Chicago,Illinois,US,07-08-2026,True
EMP821H,Patricia,Miller,19-04-1992,Female,Single,High School,Seattle,Washington,US,01-01-2023,True
EMP822H,Jacob,Clark,15-01-1976,Male,Married,PhD,Birmingham,England,UK,17-02-2026,True
EMP823H,Charlie,Wilson,12-01-1991,Female,Married,Diploma,Edinburgh,Scotland,UK,03-12-2018,True
EMP824H,Thomas,Williams,02-09-2003,Female,Single,Bachelors,Edinburgh,Scotland,UK,14-05-2020,True
EMP825H,Sanjay,Iyer,25-07-1989,Male,Single,Bachelors,Hyderabad,Telangana,India,01-03-2024,True
EMP826H,Charlie,Roberts,29-11-1968,Male,Married,Masters,Manchester,England,UK,17-10-2024,True
EMP827H,Sanjay,Singh,26-11-1999,Male,Divorced,Masters,Mumbai,Maharashtra,India,02-12-2022,True
EMP828H,Rahul,Chauhan,18-11-1997,Female,Single,Bachelors,Mumbai,Maharashtra,India,12-05-2021,True
EMP829H,Isla,Roberts,26-12-1978,Female,Single,Bachelors,Manchester,England,UK,28-05-2026,True
EMP830H,Oliver,Brown,24-09-1991,Female,Single,Diploma,Birmingham,England,UK,30-09-2018,False
EMP831H,John,Davis,23-06-2003,Male,Divorced,PhD,San Francisco,California,US,02-08-2019,True
EMP832H,Rahul,Gupta,05-06-1977,Male,Married,Bachelors,Chennai,Tamil Nadu,India,08-02-2020,True
EMP833H,Arjun,Das,25-06-1976,Male,Married,Masters,Hyderabad,Telangana,India,24-12-2022,True
EMP834H,Pooja,Kumar,03-07-1983,Female,Single,Masters,New Delhi,Delhi,India,05-02-2023,True
EMP835H,Sanjay,Kumar,05-04-1985,Female,Married,Bachelors,New Delhi,Delhi,India,27-02-2017,True
EMP836H,Jacob,Williams,25-07-1992,Female,Single,Bachelors,London,England,UK,08-06-2023,True
EMP837H,Robert,Williams,04-05-1996,Male,Married,Bachelors,New York,New York,US,19-05-2015,True
EMP838H,Sanjay,Verma,06-02-1972,Male,Married,Masters,Bangalore,Karnataka,India,14-12-2016,True
EMP839H,Arjun,Gupta,12-02-1975,Female,Married,Bachelors,Hyderabad,Telangana,India,13-12-2025,True
EMP840H,Robert,Brown,19-10-1984,Female,Single,Masters,San Francisco,California,US,08-08-2015,False
EMP841H,Neha,Verma,28-04-1986,Female,Married,Bachelors,Mumbai,Maharashtra,India,26-01-2024,True
EMP842H,Charlie,Jones,11-12-2000,Female,Single,High School,Manchester,England,UK,27-01-2021,False
EMP843H,Linda,Smith,26-06-1973,Male,Married,Masters,Austin,Texas,US,26-05-2019,True
EMP844H,Anjali,Sharma,24-04-1973,Male,Married,Bachelors,New Delhi,Delhi,India,24-06-2023,True
EMP845H,Priya,Nayak,27-08-1965,Male,Married,Masters,Mumbai,Maharashtra,India,11-10-2019,True
EMP846H,Emily,Jones,10-09-1972,Male,Single,Bachelors,Glasgow,Scotland,UK,10-08-2018,True
EMP847H,Harry,Williams,13-04-1989,Male,Married,Bachelors,Edinburgh,Scotland,UK,29-11-2024,True
EMP848H,Linda,Martinez,06-12-1992,Male,Married,Bachelors,Seattle,Washington,US,24-04-2020,True
EMP849H,John,Johnson,28-05-1991,Male,Married,Masters,Austin,Texas,US,16-01-2022,True
EMP850H,Anjali,Sharma,01-06-2002,Female,Married,PhD,Chennai,Tamil Nadu,India,08-11-2020,True
EMP851H,Rahul,Das,24-05-2004,Male,Married,Bachelors,New Delhi,Delhi,India,13-07-2026,True
EMP852H,Thomas,Taylor,15-04-2004,Male,Married,Masters,Glasgow,Scotland,UK,28-06-2018,True
EMP853H,James,Davis,21-09-2004,Female,Married,Masters,San Francisco,California,US,07-08-2019,True
EMP854H,David,Davis,24-05-1994,Female,Single,Masters,San Francisco,California,US,07-10-2025,True
EMP855H,Charlie,Wilson,17-04-1966,Male,Single,Bachelors,London,England,UK,23-06-2020,True
EMP856H,Robert,Smith,28-09-1996,Female,Married,Bachelors,Seattle,Washington,US,09-08-2020,True
EMP857H,Kavita,Patel,31-12-1995,Male,Single,Bachelors,Mumbai,Maharashtra,India,20-02-2024,True
EMP858H,Anjali,Sharma,06-03-1968,Female,Married,Diploma,Bangalore,Karnataka,India,08-02-2020,True
EMP859H,Manish,Kumari,21-03-1978,Male,Married,Bachelors,Hyderabad,Telangana,India,26-07-2019,True
EMP860H,Linda,Martinez,31-08-1978,Male,Married,Bachelors,San Francisco,California,US,04-04-2016,True
EMP861H,Jacob,Wilson,09-02-1983,Female,Single,Bachelors,Glasgow,Scotland,UK,04-01-2021,False
EMP862H,William,Johnson,08-04-1979,Male,Married,Masters,San Francisco,California,US,28-10-2016,False
EMP863H,Michael,Williams,28-07-1971,Male,Single,Masters,Chicago,Illinois,US,02-08-2016,True
EMP864H,David,Martinez,06-08-1988,Female,Single,Bachelors,Chicago,Illinois,US,23-02-2016,True
EMP865H,Amit,Bose,14-03-1993,Female,Married,Diploma,New Delhi,Delhi,India,17-01-2026,True
EMP866H,Mary,Garcia,16-03-1978,Female,Single,Bachelors,Seattle,Washington,US,02-12-2017,True
EMP867H,Kiran,Reddy,02-04-2000,Male,Single,Bachelors,Chennai,Tamil Nadu,India,29-10-2021,True
EMP868H,Elizabeth,Smith,09-01-1999,Female,Married,PhD,Austin,Texas,US,18-01-2022,False
EMP869H,Rahul,Reddy,08-11-1971,Male,Married,Bachelors,Mumbai,Maharashtra,India,17-02-2021,True
EMP870H,Michael,Williams,04-04-1983,Female,Single,Bachelors,Chicago,Illinois,US,03-09-2015,True
EMP871H,Isla,Williams,29-08-1966,Female,Single,Bachelors,Manchester,England,UK,16-05-2025,True
EMP872H,John,Davis,29-11-1986,Male,Married,Bachelors,San Francisco,California,US,05-06-2016,True
EMP873H,Robert,Brown,20-10-1986,Male,Married,Diploma,Austin,Texas,US,17-11-2021,True
EMP874H,Isla,Roberts,12-05-1973,Male,Single,Bachelors,London,England,UK,15-04-2025,True
EMP875H,Sneha,Das,04-06-1978,Female,Married,Bachelors,New Delhi,Delhi,India,17-02-2020,True
EMP876H,Arjun,Iyer,10-09-1998,Male,Divorced,Bachelors,Hyderabad,Telangana,India,28-01-2018,True
EMP877H,Thomas,Williams,29-09-1997,Male,Single,Masters,Edinburgh,Scotland,UK,07-07-2026,False
EMP878H,James,Rodriguez,04-07-1968,Female,Single,Masters,New York,New York,US,06-01-2016,True
EMP879H,Robert,Jones,29-07-1975,Female,Married,Masters,Seattle,Washington,US,21-07-2023,True
EMP880H,Vikram,Nayak,23-03-2001,Female,Married,Bachelors,New Delhi,Delhi,India,24-07-2021,False
EMP881H,Amit,Gupta,20-11-1981,Female,Single,Bachelors,Bangalore,Karnataka,India,23-10-2020,True
EMP882H,Olivia,Brown,24-03-1979,Male,Single,Masters,Manchester,England,UK,06-06-2018,True
EMP883H,Oliver,Evans,15-09-1973,Female,Divorced,Bachelors,Edinburgh,Scotland,UK,23-08-2022,True
EMP884H,Mary,Miller,18-02-1978,Male,Married,Diploma,San Francisco,California,US,21-08-2019,True
EMP885H,Amit,Iyer,04-01-1992,Male,Married,Bachelors,New Delhi,Delhi,India,01-06-2024,False
EMP886H,Isla,Brown,23-07-2000,Male,Single,Bachelors,London,England,UK,26-04-2022,True
EMP887H,Mary,Garcia,03-02-1991,Female,Married,Bachelors,San Francisco,California,US,09-10-2022,True
EMP888H,Mary,Miller,01-11-1965,Male,Divorced,Masters,Austin,Texas,US,02-03-2021,True
EMP889H,Sanjay,Gupta,17-11-1997,Female,Married,Bachelors,Bangalore,Karnataka,India,10-04-2023,True
EMP890H,Jacob,Roberts,07-06-1983,Female,Divorced,Masters,Glasgow,Scotland,UK,11-10-2021,False
EMP891H,Linda,Smith,17-07-1976,Male,Single,Diploma,San Francisco,California,US,04-09-2017,True
EMP892H,Patricia,Brown,17-06-1996,Male,Single,Masters,Austin,Texas,US,22-01-2016,False
EMP893H,Emily,Davies,04-01-1988,Male,Divorced,Bachelors,Edinburgh,Scotland,UK,13-11-2018,True
EMP894H,Oliver,Thomas,10-03-1998,Female,Single,Bachelors,London,England,UK,19-02-2022,True
EMP895H,Barbara,Johnson,09-06-1992,Female,Divorced,Bachelors,San Francisco,California,US,12-06-2025,True
EMP896H,Isla,Brown,17-07-1967,Male,Married,Bachelors,Edinburgh,Scotland,UK,01-03-2023,True
EMP897H,Linda,Williams,05-08-1991,Female,Married,Bachelors,Chicago,Illinois,US,04-06-2016,True
EMP898H,George,Williams,29-04-1974,Male,Single,Bachelors,Edinburgh,Scotland,UK,08-01-2020,True
EMP899H,Neha,Verma,26-07-1984,Male,Single,Bachelors,Chennai,Tamil Nadu,India,22-02-2015,True
EMP900H,Sanjay,Nayak,29-09-1965,Female,Married,Diploma,Bangalore,Karnataka,India,12-04-2015,True
EMP901H,Michael,Brown,12-07-1996,Male,Single,PhD,San Francisco,California,US,05-07-2019,False
EMP902H,Jacob,Taylor,16-05-2002,Male,Single,Masters,Glasgow,Scotland,UK,27-01-2022,True
EMP903H,Linda,Garcia,22-11-1978,Male,Single,Bachelors,New York,New York,US,21-02-2025,True
EMP904H,Olivia,Brown,09-12-1979,Male,Single,Bachelors,Glasgow,Scotland,UK,22-01-2023,True
EMP905H,Manish,Sharma,31-08-1982,Female,Single,High School,New Delhi,Delhi,India,26-08-2015,True
EMP906H,Rakesh,Singh,24-08-2000,Female,Single,Diploma,Mumbai,Maharashtra,India,20-02-2022,True
EMP907H,William,Martinez,15-08-1992,Male,Married,Masters,San Francisco,California,US,11-08-2023,False
EMP908H,Robert,Brown,24-04-1973,Female,Single,Bachelors,Seattle,Washington,US,08-07-2018,True
EMP909H,Priya,Mishra,31-10-1978,Male,Single,PhD,New Delhi,Delhi,India,21-10-2018,True
EMP910H,Emily,Evans,07-03-1968,Male,Single,Bachelors,Glasgow,Scotland,UK,22-06-2026,True
EMP911H,Patricia,Martinez,23-09-1988,Female,Married,Bachelors,Seattle,Washington,US,13-10-2025,True
EMP912H,Priya,Iyer,02-02-2002,Male,Single,Bachelors,Chennai,Tamil Nadu,India,21-05-2023,True
EMP913H,William,Smith,19-05-1994,Female,Single,Diploma,New York,New York,US,07-02-2020,True
EMP914H,Charlie,Thomas,01-07-1988,Male,Single,PhD,Edinburgh,Scotland,UK,08-07-2020,True
EMP915H,Isla,Brown,07-07-1994,Female,Single,Masters,Manchester,England,UK,03-10-2021,True
EMP916H,Sneha,Iyer,14-08-1980,Female,Married,Bachelors,Mumbai,Maharashtra,India,03-09-2022,True
EMP917H,William,Garcia,04-10-1993,Male,Married,Bachelors,San Francisco,California,US,10-03-2018,True
EMP918H,Kiran,Reddy,31-01-1992,Female,Single,Bachelors,Chennai,Tamil Nadu,India,06-01-2021,True
EMP919H,Charlie,Jones,26-01-1994,Male,Divorced,Masters,Birmingham,England,UK,05-08-2019,True
EMP920H,Priya,Iyer,30-09-1967,Male,Married,Bachelors,Chennai,Tamil Nadu,India,13-11-2019,True
EMP921H,Manish,Das,18-11-1967,Female,Married,Bachelors,Mumbai,Maharashtra,India,23-04-2026,True
EMP922H,Charlie,Thomas,29-08-1995,Male,Married,Bachelors,Manchester,England,UK,03-01-2020,True
EMP923H,Kavita,Bose,12-04-1995,Female,Single,Bachelors,Hyderabad,Telangana,India,04-04-2018,True
EMP924H,George,Davies,11-07-2000,Male,Married,PhD,London,England,UK,22-08-2015,True
EMP925H,Barbara,Johnson,03-10-2004,Female,Married,Bachelors,Chicago,Illinois,US,10-09-2015,True
EMP926H,Amelia,Brown,15-12-1966,Female,Married,Diploma,Manchester,England,UK,13-01-2017,True
EMP927H,Jack,Wilson,28-10-1994,Female,Married,Bachelors,Edinburgh,Scotland,UK,04-07-2017,True
EMP928H,Ravi,Sharma,31-03-1978,Male,Married,Bachelors,Bangalore,Karnataka,India,24-01-2021,True
EMP929H,Poppy,Jones,26-10-2003,Female,Divorced,PhD,London,England,UK,14-05-2021,True
EMP930H,Harry,Brown,09-05-1989,Male,Single,Bachelors,Birmingham,England,UK,18-01-2017,True
EMP931H,Poppy,Williams,08-08-1988,Male,Single,Bachelors,Manchester,England,UK,04-11-2022,True
EMP932H,Barbara,Jones,21-11-1969,Female,Single,Masters,Seattle,Washington,US,17-06-2018,True
EMP933H,Oliver,Taylor,16-07-1975,Male,Single,Bachelors,Birmingham,England,UK,25-03-2017,True
EMP934H,Mary,Davis,09-06-1994,Male,Married,Masters,Chicago,Illinois,US,12-03-2020,False
EMP935H,Amelia,Clark,11-05-1965,Female,Married,Masters,Birmingham,England,UK,29-09-2023,False
EMP936H,Isla,Brown,19-04-1985,Female,Single,Bachelors,Edinburgh,Scotland,UK,23-10-2023,True
EMP937H,Elizabeth,Martinez,31-07-1970,Female,Married,Masters,New York,New York,US,09-02-2023,True
EMP938H,Patricia,Miller,05-02-1967,Male,Married,Bachelors,Austin,Texas,US,29-04-2022,True
EMP939H,Amelia,Jones,18-11-2004,Male,Married,Bachelors,Birmingham,England,UK,22-08-2026,True
EMP940H,Manish,Reddy,17-10-1978,Male,Single,Bachelors,Chennai,Tamil Nadu,India,27-02-2016,True
EMP941H,Priya,Kumari,08-11-1974,Male,Single,Bachelors,Bangalore,Karnataka,India,09-04-2018,True
EMP942H,Vikram,Bose,26-06-1971,Female,Single,Bachelors,New Delhi,Delhi,India,24-01-2015,False
EMP943H,Thomas,Clark,18-10-1966,Female,Single,Bachelors,Manchester,England,UK,15-04-2021,True
EMP944H,Amit,Kumar,29-11-2004,Male,Divorced,Masters,Bangalore,Karnataka,India,21-05-2015,False
EMP945H,Amit,Chauhan,22-09-1996,Female,Single,Bachelors,New Delhi,Delhi,India,16-10-2016,True
EMP946H,Kavita,Patel,30-11-1985,Female,Married,Bachelors,Chennai,Tamil Nadu,India,31-01-2018,True
EMP947H,Charlie,Jones,07-12-1970,Female,Divorced,Masters,Edinburgh,Scotland,UK,04-04-2023,False
EMP948H,Olivia,Williams,09-01-1982,Female,Divorced,Masters,Birmingham,England,UK,13-08-2026,True
EMP949H,Oliver,Jones,30-07-2002,Female,Married,Diploma,Glasgow,Scotland,UK,25-06-2018,False
EMP950H,Rakesh,Mishra,12-06-1977,Female,Married,Bachelors,Bangalore,Karnataka,India,18-05-2022,True
EMP951H,Olivia,Roberts,11-11-1992,Male,Single,Masters,Birmingham,England,UK,21-03-2025,True
EMP952H,Poppy,Williams,13-01-1985,Female,Married,Bachelors,Edinburgh,Scotland,UK,04-02-2015,True
EMP953H,Jack,Taylor,06-01-1992,Male,Married,Bachelors,London,England,UK,09-05-2017,False
EMP954H,David,Garcia,13-12-1985,Female,Divorced,Bachelors,New York,New York,US,12-09-2024,True
EMP955H,Oliver,Thomas,14-01-1974,Male,Married,Masters,Glasgow,Scotland,UK,22-01-2024,True
EMP956H,John,Williams,24-12-1970,Male,Married,Masters,New York,New York,US,11-08-2022,True
EMP957H,William,Davis,08-03-1998,Male,Single,Bachelors,Chicago,Illinois,US,19-07-2016,True
EMP958H,Amelia,Thomas,28-12-1973,Female,Married,Bachelors,London,England,UK,22-05-2017,True
EMP959H,Rakesh,Sharma,24-06-1984,Male,Married,Bachelors,Chennai,Tamil Nadu,India,20-10-2019,True
EMP960H,Patricia,Johnson,22-07-2003,Female,Single,Bachelors,San Francisco,California,US,14-01-2025,True
EMP961H,Charlie,Jones,21-11-1979,Male,Married,Masters,Manchester,England,UK,12-08-2022,False
EMP962H,Patricia,Smith,12-04-1986,Female,Single,PhD,New York,New York,US,04-04-2024,False
EMP963H,Anjali,Das,23-12-1967,Male,Married,Bachelors,Mumbai,Maharashtra,India,20-11-2018,True
EMP964H,Robert,Davis,20-05-1994,Female,Married,Masters,San Francisco,California,US,05-10-2024,False
EMP965H,Sanjay,Kumari,24-08-2000,Male,Single,Bachelors,Hyderabad,Telangana,India,05-06-2015,True
EMP966H,Anjali,Singh,08-05-1973,Male,Single,Bachelors,Mumbai,Maharashtra,India,16-03-2021,True
EMP967H,Sneha,Iyer,27-09-2000,Male,Single,Bachelors,Chennai,Tamil Nadu,India,13-07-2017,True
EMP968H,David,Johnson,25-11-1977,Male,Single,Bachelors,San Francisco,California,US,05-10-2023,True
EMP969H,Mary,Jones,26-05-1972,Female,Married,Bachelors,Austin,Texas,US,30-01-2020,True
EMP970H,Amit,Kumar,05-03-1977,Female,Single,Bachelors,Hyderabad,Telangana,India,17-06-2025,True
EMP971H,Priya,Sharma,13-01-1972,Female,Divorced,Bachelors,Mumbai,Maharashtra,India,16-12-2022,True
EMP972H,Sneha,Chauhan,30-07-1965,Male,Married,High School,Chennai,Tamil Nadu,India,30-10-2023,True
EMP973H,Vikram,Kumar,27-12-2000,Male,Single,Bachelors,Hyderabad,Telangana,India,21-01-2018,True
EMP974H,Vikram,Kumar,11-05-1965,Female,Married,Masters,New Delhi,Delhi,India,10-11-2023,False
EMP975H,Mary,Jones,16-03-1981,Female,Married,Masters,San Francisco,California,US,09-01-2024,True
EMP976H,David,Davis,19-04-1998,Female,Divorced,Masters,Austin,Texas,US,04-03-2021,False
EMP977H,Neha,Nayak,08-09-1991,Female,Single,Bachelors,Mumbai,Maharashtra,India,24-02-2024,True
EMP978H,Amit,Verma,01-06-1971,Female,Married,Bachelors,Mumbai,Maharashtra,India,31-05-2021,True
EMP979H,Kavita,Iyer,01-08-1976,Female,Married,High School,Chennai,Tamil Nadu,India,13-02-2021,True
EMP980H,Vikram,Das,12-04-1966,Male,Married,High School,Hyderabad,Telangana,India,29-04-2025,True
EMP981H,Sanjay,Mishra,07-11-1972,Male,Single,Masters,Chennai,Tamil Nadu,India,11-11-2024,True
EMP982H,Anjali,Patel,13-07-1980,Male,Single,Bachelors,Hyderabad,Telangana,India,21-03-2016,True
EMP983H,Rahul,Singh,05-11-1970,Male,Married,Masters,New Delhi,Delhi,India,30-08-2017,True
EMP984H,Mary,Brown,12-04-1982,Male,Single,Bachelors,San Francisco,California,US,15-05-2016,True
EMP985H,Rahul,Mishra,02-03-1997,Female,Married,PhD,Mumbai,Maharashtra,India,02-11-2023,True
EMP986H,Vikram,Kumar,14-08-1977,Female,Married,High School,Chennai,Tamil Nadu,India,04-10-2016,True
EMP987H,Mary,Garcia,09-09-2002,Male,Single,Bachelors,Seattle,Washington,US,04-06-2017,True
EMP988H,Michael,Johnson,06-10-2004,Female,Divorced,Bachelors,San Francisco,California,US,15-04-2024,True
EMP989H,Elizabeth,Davis,24-07-1991,Male,Married,Bachelors,San Francisco,California,US,20-07-2024,True
EMP990H,Olivia,Brown,12-10-1974,Male,Single,Masters,Glasgow,Scotland,UK,19-07-2016,True
EMP991H,Charlie,Evans,30-03-2001,Female,Married,Bachelors,Glasgow,Scotland,UK,04-09-2018,True
EMP992H,Rahul,Kumari,19-10-1993,Female,Single,Bachelors,Chennai,Tamil Nadu,India,05-05-2020,True
EMP993H,Michael,Jones,07-12-1970,Female,Married,High School,Seattle,Washington,US,20-10-2025,True
EMP994H,Linda,Martinez,27-04-1974,Female,Married,Bachelors,Chicago,Illinois,US,19-03-2020,True
EMP995H,Barbara,Miller,19-12-1974,Male,Divorced,Masters,Austin,Texas,US,25-10-2017,True
EMP996H,Kiran,Kumari,27-07-1992,Female,Divorced,Bachelors,New Delhi,Delhi,India,18-02-2015,True
EMP997H,Jack,Evans,01-12-1998,Female,Single,High School,London,England,UK,18-01-2023,True
EMP998H,Charlie,Williams,18-06-2002,Male,Single,Bachelors,London,England,UK,01-06-2024,True
EMP999H,Anjali,Gupta,26-03-1990,Female,Single,Diploma,New Delhi,Delhi,India,09-08-2021,True
EMP001I,John,Miller,06-08-1989,Female,Single,PhD,San Francisco,California,US,01-06-2026,True
EMP002I,Sanjay,Mishra,09-04-1970,Male,Married,High School,Chennai,Tamil Nadu,India,13-12-2025,True
EMP003I,Ravi,Kumar,25-11-1986,Male,Single,Bachelors,Mumbai,Maharashtra,India,13-08-2017,True
EMP004I,Jennifer,Jones,06-11-2003,Male,Married,Masters,Chicago,Illinois,US,08-05-2026,True
EMP005I,Manish,Verma,09-10-1976,Male,Married,Bachelors,Hyderabad,Telangana,India,04-02-2021,True
EMP006I,Robert,Johnson,24-01-2000,Female,Married,Masters,New York,New York,US,24-09-2017,False
EMP007I,Priya,Kumari,27-02-1971,Male,Married,Masters,Bangalore,Karnataka,India,14-09-2024,True
EMP008I,Priya,Nayak,29-11-2004,Male,Married,Bachelors,Bangalore,Karnataka,India,17-04-2026,True
EMP009I,Sanjay,Mishra,12-02-1973,Female,Married,Bachelors,Hyderabad,Telangana,India,05-04-2020,True
EMP010I,Jack,Taylor,21-02-1999,Female,Single,Diploma,Edinburgh,Scotland,UK,10-10-2022,True
EMP011I,Isla,Evans,22-09-1969,Female,Single,Bachelors,Birmingham,England,UK,12-01-2020,True
EMP012I,Arjun,Verma,05-06-1985,Male,Married,Masters,New Delhi,Delhi,India,29-01-2017,True
EMP013I,Thomas,Taylor,16-10-1997,Female,Single,Bachelors,Manchester,England,UK,11-07-2026,True
EMP014I,Sneha,Bose,13-01-1968,Female,Married,Masters,Bangalore,Karnataka,India,11-03-2016,True
EMP015I,Robert,Garcia,27-01-1986,Female,Married,Bachelors,San Francisco,California,US,20-03-2025,False
EMP016I,Manish,Sharma,28-07-1993,Female,Married,Diploma,New Delhi,Delhi,India,14-10-2017,True
EMP017I,William,Miller,26-09-1975,Male,Married,Diploma,Austin,Texas,US,14-03-2018,True
EMP018I,Harry,Jones,07-04-1994,Female,Single,Bachelors,Birmingham,England,UK,23-10-2018,True
EMP019I,John,Johnson,09-07-1997,Female,Single,Bachelors,San Francisco,California,US,23-01-2021,False
EMP020I,Oliver,Clark,27-02-1968,Female,Married,Bachelors,Glasgow,Scotland,UK,26-05-2023,False
EMP021I,Manish,Reddy,02-08-1984,Male,Married,Bachelors,Bangalore,Karnataka,India,17-10-2017,True
EMP022I,Jennifer,Johnson,07-06-1966,Female,Divorced,Diploma,Chicago,Illinois,US,15-10-2020,True
EMP023I,Barbara,Brown,05-11-1976,Female,Married,Bachelors,Austin,Texas,US,08-09-2018,True
EMP024I,Arjun,Patel,29-11-1989,Female,Single,High School,New Delhi,Delhi,India,23-11-2017,True
EMP025I,Charlie,Evans,23-06-1976,Female,Divorced,Bachelors,London,England,UK,22-04-2019,True
EMP026I,Charlie,Evans,05-02-1999,Female,Single,Bachelors,Edinburgh,Scotland,UK,26-08-2023,True
EMP027I,Sanjay,Nayak,14-01-1983,Female,Married,Diploma,Bangalore,Karnataka,India,28-08-2023,False
EMP028I,Barbara,Miller,07-03-1970,Male,Married,Masters,San Francisco,California,US,14-06-2020,True
EMP029I,Thomas,Davies,31-05-2004,Female,Married,High School,Manchester,England,UK,23-04-2024,True
EMP030I,Kavita,Verma,17-04-1982,Female,Married,Bachelors,Mumbai,Maharashtra,India,19-04-2019,True
EMP031I,Arjun,Bose,22-03-1986,Male,Married,Bachelors,New Delhi,Delhi,India,06-05-2026,True
EMP032I,Amelia,Roberts,17-07-1986,Male,Single,Bachelors,Birmingham,England,UK,03-09-2019,True
EMP033I,Manish,Kumar,08-02-1976,Female,Married,Bachelors,Mumbai,Maharashtra,India,06-02-2018,True
EMP034I,James,Jones,01-09-2001,Female,Married,Masters,San Francisco,California,US,23-10-2015,True
EMP035I,Oliver,Jones,04-03-1977,Female,Married,Masters,Glasgow,Scotland,UK,21-04-2022,True
EMP036I,Sanjay,Iyer,30-04-1997,Female,Married,Masters,Hyderabad,Telangana,India,18-05-2025,True
EMP037I,Amelia,Jones,09-04-1980,Female,Married,Bachelors,Manchester,England,UK,06-03-2015,True
EMP038I,David,Williams,05-05-1968,Female,Single,High School,Austin,Texas,US,01-10-2024,True
EMP039I,Arjun,Chauhan,26-06-1995,Male,Single,Bachelors,Chennai,Tamil Nadu,India,25-01-2017,True
EMP040I,Emily,Jones,15-06-1975,Male,Single,Bachelors,Edinburgh,Scotland,UK,03-10-2025,True
EMP041I,David,Williams,09-08-1998,Female,Single,Bachelors,San Francisco,California,US,09-02-2017,True
EMP042I,Neha,Chauhan,22-06-1977,Male,Married,Bachelors,Mumbai,Maharashtra,India,30-04-2016,True
EMP043I,Jack,Taylor,24-10-1968,Male,Divorced,Diploma,Edinburgh,Scotland,UK,18-04-2020,False
EMP044I,Linda,Rodriguez,08-12-1971,Male,Married,Masters,Austin,Texas,US,28-12-2022,True
EMP045I,Rahul,Nayak,19-03-1992,Male,Single,High School,New Delhi,Delhi,India,29-07-2025,True
EMP046I,William,Jones,16-09-1999,Female,Single,Masters,Seattle,Washington,US,16-04-2018,True
EMP047I,Sneha,Patel,27-03-1998,Male,Single,Masters,Mumbai,Maharashtra,India,21-04-2018,True
EMP048I,Patricia,Brown,04-07-1977,Female,Divorced,Masters,New York,New York,US,29-08-2016,True
EMP049I,Poppy,Roberts,25-11-1984,Male,Single,Diploma,Birmingham,England,UK,05-06-2025,True
EMP050I,Ravi,Kumar,13-09-1989,Female,Married,Bachelors,Chennai,Tamil Nadu,India,23-11-2020,True
EMP051I,George,Roberts,19-04-1966,Male,Divorced,Bachelors,London,England,UK,31-01-2016,True
EMP052I,John,Martinez,04-05-1973,Male,Single,Masters,Chicago,Illinois,US,20-08-2016,True
EMP053I,Priya,Nayak,05-10-1996,Male,Single,Masters,Bangalore,Karnataka,India,01-05-2025,True
EMP054I,Anjali,Das,22-09-1996,Male,Married,Bachelors,Bangalore,Karnataka,India,01-01-2021,True
EMP055I,Rakesh,Chauhan,10-06-1971,Female,Single,Bachelors,Bangalore,Karnataka,India,10-03-2019,True
EMP056I,Harry,Davies,22-01-1972,Male,Married,Masters,Manchester,England,UK,01-11-2024,True
EMP057I,Priya,Kumar,23-06-1975,Female,Single,Masters,Hyderabad,Telangana,India,29-05-2026,True
EMP058I,Manish,Kumar,09-11-1997,Male,Single,Bachelors,Chennai,Tamil Nadu,India,13-03-2016,True
EMP059I,Michael,Garcia,21-06-1986,Male,Divorced,Diploma,Seattle,Washington,US,03-06-2020,True
EMP060I,Thomas,Davies,14-04-1986,Female,Married,Bachelors,Birmingham,England,UK,24-05-2017,False
EMP061I,Emily,Roberts,26-07-1993,Male,Married,Bachelors,Manchester,England,UK,20-07-2024,True
EMP062I,Patricia,Smith,06-09-1999,Female,Married,Bachelors,New York,New York,US,08-09-2024,True
EMP063I,Jennifer,Brown,04-11-1999,Female,Married,Diploma,Austin,Texas,US,11-06-2026,True
EMP064I,Pooja,Gupta,06-12-1990,Male,Single,Bachelors,New Delhi,Delhi,India,23-07-2023,True
EMP065I,Linda,Smith,15-11-1974,Female,Single,Bachelors,Seattle,Washington,US,01-02-2026,True
EMP066I,Charlie,Clark,07-06-1971,Female,Married,Masters,Birmingham,England,UK,19-02-2023,True
EMP067I,Oliver,Jones,08-05-2000,Male,Married,Masters,Birmingham,England,UK,03-05-2020,False
EMP068I,Thomas,Roberts,20-07-1980,Female,Single,Bachelors,Manchester,England,UK,04-08-2025,True
EMP069I,Anjali,Patel,24-01-1982,Male,Married,Bachelors,Chennai,Tamil Nadu,India,20-08-2015,True
EMP070I,Poppy,Williams,25-11-1989,Male,Single,Masters,Birmingham,England,UK,31-01-2020,True
EMP071I,Oliver,Davies,19-11-1990,Female,Married,Bachelors,Edinburgh,Scotland,UK,30-12-2015,False
EMP072I,Rakesh,Verma,18-02-1988,Male,Married,Masters,Hyderabad,Telangana,India,16-12-2025,True
EMP073I,Manish,Patel,03-10-1995,Female,Single,Bachelors,Chennai,Tamil Nadu,India,14-08-2016,True
EMP074I,James,Brown,22-11-1975,Female,Single,Bachelors,Seattle,Washington,US,26-01-2023,True
EMP075I,Ravi,Singh,02-07-1986,Male,Married,Bachelors,Hyderabad,Telangana,India,10-04-2022,True
EMP076I,Amelia,Evans,27-09-1987,Female,Single,Bachelors,Birmingham,England,UK,04-10-2020,True
EMP077I,Ravi,Singh,24-02-1994,Female,Single,Bachelors,Hyderabad,Telangana,India,21-11-2021,True
EMP078I,David,Smith,14-05-1971,Male,Single,Bachelors,New York,New York,US,10-09-2021,True
EMP079I,Thomas,Brown,27-04-1967,Male,Single,Diploma,Edinburgh,Scotland,UK,18-08-2023,True
EMP080I,Barbara,Miller,28-11-1990,Female,Divorced,Masters,Chicago,Illinois,US,10-02-2018,True
EMP081I,Sneha,Nayak,27-03-1976,Male,Single,Masters,Chennai,Tamil Nadu,India,14-01-2024,True
EMP082I,Linda,Williams,02-07-2004,Female,Married,Bachelors,Austin,Texas,US,26-11-2019,True
EMP083I,David,Davis,04-01-2004,Female,Single,Bachelors,Chicago,Illinois,US,02-12-2016,True
EMP084I,Rakesh,Das,02-05-1977,Male,Married,Bachelors,Bangalore,Karnataka,India,26-08-2026,True
EMP085I,Michael,Martinez,16-08-1982,Female,Single,Bachelors,Chicago,Illinois,US,01-05-2026,True
EMP086I,Rahul,Mishra,02-05-2004,Male,Married,Masters,Chennai,Tamil Nadu,India,03-05-2021,True
EMP087I,Kavita,Mishra,11-07-1978,Female,Married,Masters,Hyderabad,Telangana,India,13-04-2018,True
EMP088I,Kiran,Gupta,18-09-1988,Male,Married,Bachelors,Chennai,Tamil Nadu,India,08-09-2019,False
EMP089I,Olivia,Williams,07-07-1976,Female,Married,PhD,Manchester,England,UK,19-03-2015,True
EMP090I,Mary,Martinez,17-07-1978,Male,Married,Bachelors,San Francisco,California,US,12-05-2018,True
EMP091I,Jacob,Brown,08-10-1970,Male,Married,Bachelors,Manchester,England,UK,08-05-2025,True
EMP092I,William,Johnson,17-08-1977,Male,Single,Diploma,Austin,Texas,US,16-05-2016,True
EMP093I,Poppy,Clark,31-10-1995,Female,Married,Diploma,London,England,UK,21-04-2015,True
EMP094I,Patricia,Rodriguez,05-04-2002,Female,Divorced,Bachelors,New York,New York,US,11-09-2015,True
EMP095I,Michael,Smith,21-05-1975,Male,Single,Bachelors,Chicago,Illinois,US,31-12-2018,True
EMP096I,Ravi,Singh,06-11-2002,Female,Single,Diploma,Chennai,Tamil Nadu,India,22-05-2020,True
EMP097I,Neha,Chauhan,10-06-1975,Male,Single,Bachelors,Hyderabad,Telangana,India,15-11-2025,True
EMP098I,Arjun,Singh,04-09-1983,Male,Divorced,Bachelors,Chennai,Tamil Nadu,India,28-09-2017,False
EMP099I,Linda,Miller,03-10-1989,Female,Married,Bachelors,Chicago,Illinois,US,19-05-2017,True
EMP100I,Patricia,Davis,14-06-1965,Female,Single,Bachelors,Chicago,Illinois,US,02-10-2015,True
EMP101I,Charlie,Evans,02-12-1991,Male,Single,Masters,Manchester,England,UK,23-01-2024,True
EMP102I,Harry,Taylor,13-07-2004,Female,Married,Bachelors,Birmingham,England,UK,17-12-2016,True
EMP103I,Neha,Sharma,05-02-1973,Female,Married,PhD,Hyderabad,Telangana,India,16-11-2016,True
EMP104I,Mary,Williams,22-11-1990,Female,Married,Diploma,Austin,Texas,US,22-08-2018,True
EMP105I,Neha,Chauhan,04-01-1966,Male,Single,Bachelors,Mumbai,Maharashtra,India,26-09-2020,True
EMP106I,Oliver,Williams,27-06-2003,Female,Single,Bachelors,Glasgow,Scotland,UK,29-10-2020,True
EMP107I,Charlie,Thomas,19-01-1973,Female,Divorced,Diploma,Birmingham,England,UK,23-03-2019,False
EMP108I,Harry,Evans,08-03-1996,Female,Married,Bachelors,Manchester,England,UK,20-10-2016,True
EMP109I,Rakesh,Singh,29-06-1977,Male,Married,Masters,Hyderabad,Telangana,India,08-02-2021,True
EMP110I,Vikram,Mishra,26-03-1966,Female,Single,High School,Chennai,Tamil Nadu,India,25-11-2016,False
EMP111I,Ravi,Kumari,22-03-1979,Female,Single,Bachelors,New Delhi,Delhi,India,27-01-2017,True
EMP112I,Patricia,Brown,29-04-1974,Male,Married,Bachelors,New York,New York,US,04-09-2018,True
EMP113I,Emily,Thomas,12-01-1966,Female,Single,Bachelors,Birmingham,England,UK,13-12-2021,False
EMP114I,George,Jones,06-08-1980,Female,Married,Bachelors,Birmingham,England,UK,23-04-2026,True
EMP115I,Vikram,Verma,01-05-1974,Male,Married,Bachelors,Chennai,Tamil Nadu,India,23-06-2019,True
EMP116I,Amelia,Wilson,31-03-1974,Female,Married,Bachelors,Edinburgh,Scotland,UK,02-12-2023,True
EMP117I,Olivia,Williams,29-06-1994,Male,Married,Diploma,London,England,UK,24-08-2024,True
EMP118I,Sneha,Das,19-10-1998,Female,Divorced,Diploma,Mumbai,Maharashtra,India,11-02-2020,True
EMP119I,Jacob,Taylor,05-09-1986,Male,Married,Bachelors,Edinburgh,Scotland,UK,22-05-2016,False
EMP120I,Mary,Martinez,04-05-1982,Male,Single,Masters,New York,New York,US,19-03-2018,True
EMP121I,Rahul,Singh,23-08-2001,Male,Married,Bachelors,Chennai,Tamil Nadu,India,15-12-2019,False
EMP122I,Poppy,Williams,16-09-1984,Male,Married,Masters,Edinburgh,Scotland,UK,25-06-2018,True
EMP123I,Olivia,Brown,27-08-1986,Male,Married,Masters,Manchester,England,UK,14-05-2022,True
EMP124I,Kavita,Kumar,31-01-1993,Female,Married,Masters,Mumbai,Maharashtra,India,01-09-2016,False
EMP125I,James,Rodriguez,23-04-1999,Female,Married,PhD,San Francisco,California,US,26-06-2017,False
EMP126I,Pooja,Verma,14-06-1974,Female,Married,Bachelors,Mumbai,Maharashtra,India,22-06-2025,True
EMP127I,Priya,Chauhan,05-05-1999,Male,Married,Bachelors,New Delhi,Delhi,India,26-09-2024,True
EMP128I,Elizabeth,Johnson,20-10-1968,Male,Single,Masters,Austin,Texas,US,28-02-2019,True
EMP129I,Anjali,Kumar,01-07-1978,Male,Married,Bachelors,Chennai,Tamil Nadu,India,24-12-2018,True
EMP130I,Arjun,Nayak,16-04-1983,Male,Single,Bachelors,Hyderabad,Telangana,India,01-06-2026,True
EMP131I,Amit,Singh,05-08-1980,Male,Married,Masters,Chennai,Tamil Nadu,India,02-10-2023,True
EMP132I,Olivia,Brown,10-06-1975,Male,Married,Diploma,London,England,UK,18-09-2025,True
EMP133I,Priya,Singh,23-03-1999,Female,Married,Masters,Chennai,Tamil Nadu,India,29-08-2020,False
EMP134I,Sneha,Reddy,20-11-1975,Male,Single,PhD,Chennai,Tamil Nadu,India,02-10-2021,False
EMP135I,Oliver,Brown,24-07-1986,Female,Single,Masters,Edinburgh,Scotland,UK,08-04-2026,True
EMP136I,Thomas,Roberts,24-10-1988,Female,Married,Bachelors,Manchester,England,UK,18-02-2025,True
EMP137I,Rahul,Das,21-03-1995,Male,Single,Masters,Bangalore,Karnataka,India,02-11-2024,True
EMP138I,Vikram,Das,04-08-2002,Male,Married,PhD,Bangalore,Karnataka,India,21-04-2018,True
EMP139I,Priya,Mishra,05-05-1987,Male,Single,Bachelors,Hyderabad,Telangana,India,08-08-2021,True
EMP140I,Oliver,Wilson,06-05-1974,Male,Married,Bachelors,Glasgow,Scotland,UK,09-10-2019,True
EMP141I,Ravi,Chauhan,14-12-1998,Male,Single,Bachelors,Bangalore,Karnataka,India,13-09-2015,True
EMP142I,George,Evans,25-05-1976,Female,Married,Bachelors,Edinburgh,Scotland,UK,12-07-2017,True
EMP143I,Michael,Smith,26-05-1982,Female,Single,Bachelors,New York,New York,US,16-08-2025,True
EMP144I,Rahul,Nayak,06-02-1976,Male,Married,Masters,Hyderabad,Telangana,India,22-03-2019,True
EMP145I,Isla,Brown,17-02-1968,Male,Married,Bachelors,Birmingham,England,UK,29-07-2015,True
EMP146I,George,Thomas,08-02-1969,Female,Married,Masters,Birmingham,England,UK,03-11-2024,True
EMP147I,Manish,Reddy,05-12-2001,Female,Single,Masters,Hyderabad,Telangana,India,23-08-2017,True
EMP148I,Jack,Jones,05-06-1973,Female,Married,Bachelors,London,England,UK,06-06-2016,True
EMP149I,David,Williams,02-10-2004,Female,Married,Diploma,Seattle,Washington,US,25-07-2026,True
EMP150I,Sanjay,Iyer,04-01-1987,Male,Married,Masters,Bangalore,Karnataka,India,04-05-2021,True
EMP151I,Manish,Singh,20-07-1984,Male,Married,Masters,Hyderabad,Telangana,India,15-01-2021,True
EMP152I,David,Brown,08-10-1965,Female,Single,Bachelors,Chicago,Illinois,US,14-11-2018,True
EMP153I,Mary,Johnson,12-08-1969,Female,Married,Bachelors,San Francisco,California,US,12-06-2026,True
EMP154I,Rakesh,Mishra,30-12-1983,Female,Single,Bachelors,Bangalore,Karnataka,India,01-08-2017,True
EMP155I,Neha,Iyer,22-10-1995,Male,Single,Masters,Mumbai,Maharashtra,India,14-01-2016,True
EMP156I,Robert,Martinez,17-01-1989,Female,Married,Bachelors,Chicago,Illinois,US,21-02-2017,False
EMP157I,George,Clark,13-07-1983,Female,Single,Bachelors,London,England,UK,07-04-2025,True
EMP158I,Jacob,Thomas,27-11-1975,Female,Single,High School,London,England,UK,19-03-2023,True
EMP159I,Rahul,Das,04-10-1979,Female,Married,Bachelors,Hyderabad,Telangana,India,08-06-2019,True
EMP160I,James,Miller,05-04-1974,Female,Married,Masters,New York,New York,US,11-08-2019,False
EMP161I,Isla,Williams,02-08-1996,Male,Married,Masters,Glasgow,Scotland,UK,14-09-2020,True
EMP162I,John,Johnson,03-09-2000,Male,Single,Diploma,Austin,Texas,US,20-04-2020,True
EMP163I,Manish,Reddy,14-05-1973,Male,Married,Bachelors,Hyderabad,Telangana,India,30-05-2017,True
EMP164I,Isla,Taylor,24-10-1994,Female,Married,Bachelors,Birmingham,England,UK,03-05-2023,True
EMP165I,James,Garcia,02-09-1993,Female,Divorced,Bachelors,Chicago,Illinois,US,14-09-2022,True
EMP166I,Amit,Bose,08-06-1978,Female,Single,Bachelors,Bangalore,Karnataka,India,11-10-2025,True
EMP167I,Kavita,Chauhan,10-06-2000,Female,Married,Bachelors,Chennai,Tamil Nadu,India,07-10-2018,True
EMP168I,David,Williams,21-06-1970,Female,Married,Bachelors,Chicago,Illinois,US,08-07-2017,True
EMP169I,Harry,Brown,15-10-1980,Male,Single,Diploma,Birmingham,England,UK,28-09-2016,True
EMP170I,Poppy,Davies,12-07-2004,Female,Married,Diploma,London,England,UK,20-04-2026,True
EMP171I,David,Garcia,02-01-1982,Female,Married,High School,San Francisco,California,US,06-01-2019,True
EMP172I,Emily,Wilson,27-05-1979,Female,Married,Bachelors,Manchester,England,UK,07-05-2025,True
EMP173I,Pooja,Das,28-02-1971,Female,Married,Masters,New Delhi,Delhi,India,06-12-2015,True
EMP174I,Poppy,Thomas,03-03-1973,Male,Married,Masters,Manchester,England,UK,03-04-2026,False
EMP175I,Amelia,Wilson,02-08-1966,Male,Single,Bachelors,Glasgow,Scotland,UK,17-06-2025,True
EMP176I,John,Williams,08-03-1983,Male,Single,Bachelors,New York,New York,US,02-10-2019,True
EMP177I,Jacob,Evans,09-11-2001,Female,Married,Bachelors,Birmingham,England,UK,16-11-2022,True
EMP178I,Patricia,Smith,26-04-1993,Female,Single,High School,Seattle,Washington,US,06-10-2024,False
EMP179I,Robert,Garcia,08-07-1995,Male,Single,Bachelors,Seattle,Washington,US,24-01-2016,True
EMP180I,Isla,Jones,23-04-1970,Female,Married,Masters,Edinburgh,Scotland,UK,11-10-2022,True
EMP181I,Jennifer,Williams,05-02-1981,Female,Single,Masters,Austin,Texas,US,23-04-2021,True
EMP182I,Arjun,Singh,18-01-1993,Female,Married,Bachelors,Hyderabad,Telangana,India,12-11-2016,True
EMP183I,Vikram,Das,22-07-1976,Female,Single,Bachelors,Mumbai,Maharashtra,India,01-12-2024,True
EMP184I,Oliver,Williams,16-09-1977,Male,Married,Masters,London,England,UK,20-05-2022,False
EMP185I,Elizabeth,Miller,01-08-1968,Male,Married,Bachelors,Austin,Texas,US,11-07-2021,True
EMP186I,Poppy,Brown,27-08-1995,Male,Divorced,Bachelors,Glasgow,Scotland,UK,19-05-2025,True
EMP187I,James,Davis,19-10-2003,Male,Married,Masters,Seattle,Washington,US,03-02-2025,True
EMP188I,Barbara,Miller,15-07-1970,Male,Married,Bachelors,Seattle,Washington,US,02-04-2022,True
EMP189I,Amit,Sharma,21-10-1968,Female,Single,Bachelors,Bangalore,Karnataka,India,18-07-2017,False
EMP190I,Jacob,Williams,31-03-1974,Female,Married,Masters,Manchester,England,UK,08-04-2023,True
EMP191I,Manish,Chauhan,05-09-1992,Female,Married,Bachelors,Chennai,Tamil Nadu,India,30-03-2022,True
EMP192I,Vikram,Chauhan,05-08-1974,Female,Single,Bachelors,Bangalore,Karnataka,India,16-07-2018,True
EMP193I,Harry,Roberts,29-03-1972,Male,Single,Masters,Edinburgh,Scotland,UK,12-06-2020,True
EMP194I,James,Johnson,01-02-1996,Male,Single,PhD,Austin,Texas,US,21-04-2017,False
EMP195I,Oliver,Wilson,31-07-2000,Male,Married,Bachelors,Birmingham,England,UK,27-08-2020,True
EMP196I,Ravi,Bose,29-07-1997,Female,Married,Diploma,New Delhi,Delhi,India,14-09-2023,False
EMP197I,Kiran,Kumari,09-09-1978,Male,Married,Masters,New Delhi,Delhi,India,04-09-2020,True
EMP198I,Patricia,Garcia,20-04-1967,Female,Married,Masters,New York,New York,US,01-06-2021,True
EMP199I,Ravi,Sharma,10-12-1985,Female,Single,Bachelors,Mumbai,Maharashtra,India,28-01-2022,True
EMP200I,Priya,Sharma,01-03-1973,Female,Married,Bachelors,Bangalore,Karnataka,India,19-02-2020,True
EMP201I,Sanjay,Reddy,06-01-2000,Male,Married,Bachelors,Bangalore,Karnataka,India,16-11-2023,True
EMP202I,George,Brown,13-04-1993,Female,Married,Bachelors,London,England,UK,25-04-2018,True
EMP203I,Amelia,Wilson,27-07-1997,Male,Married,Masters,Birmingham,England,UK,27-11-2016,True
EMP204I,Amit,Gupta,08-12-1971,Female,Married,Masters,New Delhi,Delhi,India,26-11-2022,True
EMP205I,George,Evans,16-12-1971,Male,Single,Bachelors,Glasgow,Scotland,UK,09-10-2024,True
EMP206I,Robert,Rodriguez,02-08-1968,Female,Single,Diploma,Austin,Texas,US,21-05-2024,False
EMP207I,Emily,Thomas,08-12-1978,Female,Single,Bachelors,Glasgow,Scotland,UK,16-11-2021,True
EMP208I,Charlie,Evans,07-08-1968,Female,Divorced,Diploma,Manchester,England,UK,13-02-2020,True
EMP209I,Arjun,Kumar,18-05-1989,Female,Single,Diploma,Chennai,Tamil Nadu,India,13-03-2015,True
EMP210I,Jennifer,Davis,02-06-1977,Female,Single,Bachelors,Austin,Texas,US,07-06-2021,True
EMP211I,Emily,Williams,15-01-1970,Male,Single,PhD,Manchester,England,UK,14-07-2021,True
EMP212I,Mary,Jones,06-06-1998,Male,Married,Bachelors,Austin,Texas,US,05-04-2021,True
EMP213I,Neha,Mishra,06-04-1977,Male,Married,Diploma,Chennai,Tamil Nadu,India,13-11-2018,True
EMP214I,Linda,Smith,14-08-1982,Female,Divorced,Diploma,New York,New York,US,31-05-2020,True
EMP215I,Kavita,Nayak,20-01-1966,Female,Single,Bachelors,Hyderabad,Telangana,India,21-01-2025,True
EMP216I,Isla,Brown,24-08-1981,Female,Married,Masters,Glasgow,Scotland,UK,13-02-2023,True
EMP217I,John,Miller,10-07-1987,Male,Married,Bachelors,New York,New York,US,11-07-2018,True
EMP218I,Amit,Kumar,04-08-2000,Male,Single,Masters,Bangalore,Karnataka,India,01-11-2015,True
EMP219I,Patricia,Jones,06-10-1979,Male,Married,Bachelors,Seattle,Washington,US,10-12-2015,True
EMP220I,Priya,Das,14-12-1969,Female,Single,Bachelors,Mumbai,Maharashtra,India,28-09-2017,True
EMP221I,Oliver,Roberts,18-10-1999,Female,Married,Bachelors,Manchester,England,UK,23-08-2018,True
EMP222I,Ravi,Reddy,04-03-1985,Male,Married,High School,Mumbai,Maharashtra,India,18-02-2015,True
EMP223I,Robert,Rodriguez,27-10-1982,Female,Single,Bachelors,New York,New York,US,06-08-2016,True
EMP224I,Sneha,Reddy,26-10-1996,Male,Married,Bachelors,Mumbai,Maharashtra,India,12-11-2021,True
EMP225I,Mary,Brown,07-11-1989,Male,Single,Bachelors,San Francisco,California,US,27-07-2015,True
EMP226I,Anjali,Mishra,05-12-1988,Male,Divorced,Bachelors,Mumbai,Maharashtra,India,29-01-2016,True
EMP227I,Amelia,Wilson,17-07-1974,Male,Married,Masters,Birmingham,England,UK,21-07-2019,True
EMP228I,Kiran,Singh,15-03-1991,Female,Single,Masters,Chennai,Tamil Nadu,India,31-10-2025,False
EMP229I,Jacob,Clark,07-01-2002,Female,Married,Bachelors,Birmingham,England,UK,14-04-2021,False
EMP230I,Rahul,Kumar,07-03-1987,Male,Single,Bachelors,Chennai,Tamil Nadu,India,19-06-2020,True
EMP231I,David,Williams,19-03-1982,Male,Single,Masters,Seattle,Washington,US,01-06-2017,True
EMP232I,Kavita,Verma,18-11-1967,Male,Single,Masters,Bangalore,Karnataka,India,16-06-2024,True
EMP233I,Poppy,Jones,05-05-2004,Male,Married,Masters,Glasgow,Scotland,UK,05-05-2025,False
EMP234I,Charlie,Williams,28-11-1979,Female,Single,Diploma,Glasgow,Scotland,UK,17-06-2015,True
EMP235I,Harry,Wilson,25-06-1983,Female,Single,PhD,London,England,UK,05-09-2018,True
EMP236I,Charlie,Roberts,26-10-1968,Male,Single,Masters,Manchester,England,UK,09-08-2019,True
EMP237I,Anjali,Reddy,02-12-1975,Male,Married,Bachelors,New Delhi,Delhi,India,22-08-2023,True
EMP238I,Rakesh,Kumari,28-02-1994,Male,Single,Diploma,Mumbai,Maharashtra,India,10-11-2022,True
EMP239I,Olivia,Jones,02-09-1977,Female,Married,Masters,Manchester,England,UK,20-07-2017,True
EMP240I,John,Williams,05-06-1968,Female,Single,Diploma,Chicago,Illinois,US,11-04-2016,True
EMP241I,Jennifer,Miller,26-07-1985,Male,Single,Bachelors,Chicago,Illinois,US,15-03-2021,True
EMP242I,Rakesh,Patel,04-07-1987,Female,Single,Diploma,Mumbai,Maharashtra,India,03-11-2020,True
EMP243I,Poppy,Clark,19-08-1991,Female,Single,Bachelors,Glasgow,Scotland,UK,23-12-2017,True
EMP244I,Mary,Miller,10-06-1980,Male,Married,Bachelors,New York,New York,US,17-09-2015,True
EMP245I,Robert,Martinez,25-03-2004,Male,Divorced,PhD,Seattle,Washington,US,24-01-2023,True
EMP246I,Linda,Williams,29-03-1965,Male,Married,Masters,New York,New York,US,24-08-2026,False
EMP247I,Isla,Wilson,09-10-1987,Male,Single,Masters,Birmingham,England,UK,24-01-2020,True
EMP248I,Patricia,Williams,16-12-1988,Male,Divorced,Masters,Chicago,Illinois,US,28-04-2026,True
EMP249I,Anjali,Reddy,29-10-1992,Male,Married,Bachelors,Chennai,Tamil Nadu,India,17-02-2016,True
EMP250I,William,Williams,28-05-1989,Female,Married,Diploma,Seattle,Washington,US,25-04-2025,True
EMP251I,Sanjay,Patel,31-01-2000,Male,Married,Bachelors,Chennai,Tamil Nadu,India,18-05-2017,True
EMP252I,Harry,Roberts,16-06-1973,Female,Married,Masters,Manchester,England,UK,09-11-2015,True
EMP253I,Poppy,Brown,30-11-1971,Female,Married,Bachelors,Birmingham,England,UK,11-08-2020,True
EMP254I,Barbara,Johnson,19-12-1994,Female,Married,High School,Seattle,Washington,US,03-01-2018,True
EMP255I,Neha,Verma,27-09-2002,Male,Married,Masters,Chennai,Tamil Nadu,India,27-02-2016,True
EMP256I,Ravi,Sharma,27-10-1972,Male,Single,Bachelors,Chennai,Tamil Nadu,India,22-01-2026,False
EMP257I,Kiran,Nayak,19-10-1993,Female,Married,Bachelors,Mumbai,Maharashtra,India,28-03-2016,True
EMP258I,Kiran,Singh,09-08-1992,Male,Married,Masters,Hyderabad,Telangana,India,02-08-2025,False
EMP259I,Sanjay,Mishra,05-03-1991,Male,Single,Bachelors,Mumbai,Maharashtra,India,26-07-2015,True
EMP260I,Harry,Wilson,07-07-1989,Male,Married,Bachelors,Birmingham,England,UK,24-10-2015,True
EMP261I,Mary,Johnson,23-03-1992,Male,Married,PhD,San Francisco,California,US,07-06-2017,False
EMP262I,Michael,Rodriguez,05-07-2004,Male,Married,Diploma,New York,New York,US,29-05-2018,True
EMP263I,Mary,Jones,24-05-1970,Male,Single,Bachelors,New York,New York,US,19-10-2018,True
EMP264I,Patricia,Garcia,15-01-2001,Female,Married,PhD,Seattle,Washington,US,10-01-2026,True
EMP265I,Michael,Brown,05-05-1984,Male,Single,Bachelors,New York,New York,US,01-10-2016,True
EMP266I,Neha,Singh,15-02-1989,Male,Single,Bachelors,New Delhi,Delhi,India,09-10-2021,True
EMP267I,Olivia,Davies,23-07-1989,Male,Divorced,Bachelors,Edinburgh,Scotland,UK,09-01-2019,True
EMP268I,Patricia,Miller,19-09-1998,Female,Single,Masters,Seattle,Washington,US,26-07-2023,True
EMP269I,Mary,Garcia,13-07-1986,Female,Single,Bachelors,San Francisco,California,US,07-01-2022,True
EMP270I,Poppy,Williams,23-06-1968,Male,Married,Masters,Glasgow,Scotland,UK,31-10-2021,True
EMP271I,Ravi,Kumari,10-11-1986,Female,Single,Bachelors,Chennai,Tamil Nadu,India,03-10-2020,False
EMP272I,Amelia,Williams,07-12-1974,Female,Single,Diploma,Glasgow,Scotland,UK,17-09-2015,True
EMP273I,Jennifer,Davis,23-05-1987,Female,Single,Bachelors,Chicago,Illinois,US,15-09-2019,True
EMP274I,Patricia,Davis,26-05-1997,Male,Single,Bachelors,Seattle,Washington,US,29-08-2023,False
EMP275I,Pooja,Chauhan,07-06-1995,Female,Married,Diploma,Bangalore,Karnataka,India,16-12-2025,True
EMP276I,Pooja,Mishra,03-12-1989,Male,Married,Bachelors,Bangalore,Karnataka,India,05-05-2025,True
EMP277I,Linda,Jones,19-12-1992,Male,Single,Bachelors,Austin,Texas,US,22-08-2023,True
EMP278I,Amit,Bose,02-01-1981,Male,Divorced,Bachelors,Chennai,Tamil Nadu,India,05-05-2016,True
EMP279I,William,Davis,13-03-1999,Male,Single,Bachelors,New York,New York,US,03-10-2024,True
EMP280I,Oliver,Jones,29-04-1978,Male,Single,Bachelors,Manchester,England,UK,26-01-2017,True
EMP281I,Olivia,Davies,13-04-1970,Female,Married,Bachelors,Edinburgh,Scotland,UK,27-08-2015,True
EMP282I,Poppy,Roberts,03-02-1988,Male,Divorced,Bachelors,Edinburgh,Scotland,UK,09-07-2026,False
EMP283I,Barbara,Johnson,26-07-1986,Male,Married,Masters,Chicago,Illinois,US,14-05-2015,True
EMP284I,Jennifer,Johnson,06-08-2001,Female,Married,Bachelors,Chicago,Illinois,US,18-05-2021,True
EMP285I,Thomas,Jones,15-07-1967,Female,Married,Bachelors,Glasgow,Scotland,UK,03-04-2022,True
EMP286I,George,Thomas,20-06-1993,Male,Single,Bachelors,Edinburgh,Scotland,UK,14-09-2022,True
EMP287I,Olivia,Roberts,16-03-2003,Female,Married,High School,Glasgow,Scotland,UK,24-09-2019,False
EMP288I,Arjun,Kumari,01-06-1966,Male,Single,Bachelors,Hyderabad,Telangana,India,06-03-2024,True
EMP289I,Emily,Davies,04-08-1970,Female,Married,Masters,Manchester,England,UK,31-07-2020,True
EMP290I,Emily,Roberts,07-12-1973,Female,Divorced,Bachelors,Glasgow,Scotland,UK,06-06-2015,True
EMP291I,Robert,Rodriguez,06-10-1979,Female,Single,Masters,Chicago,Illinois,US,13-02-2017,True
EMP292I,Jennifer,Martinez,15-04-1995,Female,Married,Bachelors,Seattle,Washington,US,03-09-2022,True
EMP293I,Jennifer,Rodriguez,15-12-1987,Female,Married,Bachelors,San Francisco,California,US,21-08-2015,True
EMP294I,Michael,Smith,25-04-2001,Male,Divorced,Bachelors,Austin,Texas,US,22-04-2019,True
EMP295I,Rakesh,Kumar,09-02-1977,Male,Married,Bachelors,Mumbai,Maharashtra,India,24-10-2017,True
EMP296I,Poppy,Evans,27-09-1977,Female,Married,Bachelors,Glasgow,Scotland,UK,17-06-2018,False
EMP297I,Olivia,Taylor,19-01-1967,Male,Single,High School,Glasgow,Scotland,UK,14-12-2018,True
EMP298I,Sneha,Gupta,30-09-1992,Male,Married,Masters,New Delhi,Delhi,India,21-11-2023,True
EMP299I,Elizabeth,Brown,17-06-1982,Female,Single,Diploma,Chicago,Illinois,US,02-01-2024,True
EMP300I,Poppy,Brown,18-03-1986,Female,Married,Bachelors,Birmingham,England,UK,20-07-2024,True
EMP301I,William,Johnson,17-08-1972,Female,Married,Masters,San Francisco,California,US,02-02-2021,True
EMP302I,Sanjay,Bose,09-03-1966,Male,Married,Masters,Hyderabad,Telangana,India,04-11-2020,True
EMP303I,David,Smith,30-07-1992,Male,Married,Masters,San Francisco,California,US,24-02-2019,True
EMP304I,Sanjay,Mishra,07-05-2002,Male,Married,Masters,New Delhi,Delhi,India,16-07-2023,True
EMP305I,Kavita,Singh,18-06-1973,Female,Married,High School,New Delhi,Delhi,India,09-06-2022,True
EMP306I,Linda,Davis,21-03-1982,Male,Married,Bachelors,Austin,Texas,US,29-01-2023,False
EMP307I,Sneha,Sharma,22-10-2003,Male,Single,Bachelors,Mumbai,Maharashtra,India,05-01-2017,False
EMP308I,Barbara,Davis,04-09-1988,Female,Married,Diploma,Seattle,Washington,US,24-03-2016,True
EMP309I,Poppy,Jones,12-06-2000,Female,Single,Diploma,London,England,UK,23-06-2019,True
EMP310I,Mary,Rodriguez,01-04-1998,Male,Single,Bachelors,Seattle,Washington,US,16-02-2018,True
EMP311I,Emily,Brown,29-08-2001,Male,Single,Masters,Manchester,England,UK,12-09-2023,True
EMP312I,Kavita,Verma,05-06-1979,Female,Married,Bachelors,Chennai,Tamil Nadu,India,30-05-2018,True
EMP313I,Jennifer,Miller,18-09-1967,Male,Single,Bachelors,Seattle,Washington,US,27-04-2023,True
EMP314I,Emily,Thomas,06-04-2001,Female,Single,Bachelors,Glasgow,Scotland,UK,07-06-2024,True
EMP315I,Manish,Gupta,27-09-1997,Female,Single,Masters,Hyderabad,Telangana,India,24-07-2024,True
EMP316I,Poppy,Jones,01-11-1967,Male,Married,Masters,Edinburgh,Scotland,UK,22-02-2020,True
EMP317I,George,Jones,05-10-2004,Male,Married,Masters,Birmingham,England,UK,07-06-2017,True
EMP318I,Michael,Rodriguez,16-07-2004,Female,Married,Masters,Chicago,Illinois,US,17-09-2021,True
EMP319I,Arjun,Kumar,13-11-1996,Male,Married,Bachelors,New Delhi,Delhi,India,25-06-2015,True
EMP320I,Amelia,Williams,07-06-1992,Female,Married,Masters,Edinburgh,Scotland,UK,05-10-2017,True
EMP321I,Thomas,Jones,27-05-1969,Male,Single,Masters,London,England,UK,15-05-2023,True
EMP322I,Sneha,Kumari,12-09-1995,Female,Married,Masters,Bangalore,Karnataka,India,17-08-2025,True
EMP323I,Michael,Davis,31-05-1966,Female,Single,Bachelors,San Francisco,California,US,18-06-2015,True
EMP324I,Thomas,Thomas,10-11-1996,Female,Single,Masters,Edinburgh,Scotland,UK,22-12-2017,True
EMP325I,Vikram,Singh,03-11-1980,Female,Single,Bachelors,Mumbai,Maharashtra,India,04-11-2018,True
EMP326I,Jennifer,Miller,18-01-1985,Female,Married,PhD,Seattle,Washington,US,19-08-2021,True
EMP327I,Manish,Gupta,29-12-1976,Male,Married,High School,New Delhi,Delhi,India,27-06-2019,True
EMP328I,Ravi,Kumari,05-03-1994,Male,Married,Masters,Chennai,Tamil Nadu,India,22-08-2025,True
EMP329I,Patricia,Brown,06-09-1990,Female,Married,Bachelors,San Francisco,California,US,15-05-2016,True
EMP330I,Pooja,Chauhan,23-10-1976,Female,Single,Masters,New Delhi,Delhi,India,02-11-2022,True
EMP331I,David,Brown,08-10-1984,Female,Single,Masters,New York,New York,US,29-11-2018,True
EMP332I,Jennifer,Garcia,02-10-1972,Male,Married,Bachelors,Austin,Texas,US,18-06-2021,True
EMP333I,Poppy,Clark,04-10-1993,Male,Married,Masters,Birmingham,England,UK,11-10-2022,True
EMP334I,George,Williams,17-02-1983,Female,Married,Diploma,London,England,UK,28-02-2016,True
EMP335I,Vikram,Singh,10-03-1989,Male,Married,Masters,Bangalore,Karnataka,India,02-12-2024,True
EMP336I,Jennifer,Smith,13-10-1988,Female,Married,Masters,Chicago,Illinois,US,26-02-2017,True
EMP337I,James,Smith,04-03-1996,Male,Married,Masters,New York,New York,US,21-07-2024,False
EMP338I,William,Smith,28-09-1999,Female,Married,High School,Seattle,Washington,US,23-05-2026,True
EMP339I,Poppy,Wilson,22-04-1999,Female,Single,Bachelors,Birmingham,England,UK,16-06-2023,True
EMP340I,Poppy,Williams,18-03-1990,Male,Single,Masters,Birmingham,England,UK,22-07-2021,False
EMP341I,Priya,Iyer,17-07-1994,Female,Married,Bachelors,Bangalore,Karnataka,India,12-09-2015,True
EMP342I,Anjali,Reddy,28-02-1982,Female,Married,Masters,Hyderabad,Telangana,India,13-04-2022,True
EMP343I,Michael,Johnson,28-05-1990,Female,Single,Diploma,San Francisco,California,US,11-11-2016,True
EMP344I,Sneha,Singh,23-01-1997,Male,Single,Bachelors,Chennai,Tamil Nadu,India,15-09-2021,True
EMP345I,Kavita,Iyer,14-12-1980,Female,Divorced,High School,Bangalore,Karnataka,India,27-01-2017,True
EMP346I,David,Martinez,01-03-1977,Male,Married,PhD,San Francisco,California,US,18-04-2022,True
EMP347I,John,Martinez,13-04-1999,Female,Married,Masters,Austin,Texas,US,07-07-2023,True
EMP348I,Olivia,Clark,08-09-1986,Female,Married,Bachelors,Glasgow,Scotland,UK,20-04-2020,True
EMP349I,Priya,Mishra,21-04-1993,Female,Married,Masters,New Delhi,Delhi,India,18-07-2016,True
EMP350I,Arjun,Reddy,29-07-1981,Male,Divorced,Diploma,Mumbai,Maharashtra,India,02-09-2021,True
EMP351I,Michael,Miller,02-04-1973,Male,Married,Masters,New York,New York,US,06-05-2017,True
EMP352I,Patricia,Garcia,27-07-1992,Male,Divorced,High School,Seattle,Washington,US,03-06-2018,True
EMP353I,Rakesh,Bose,28-12-1970,Female,Married,Bachelors,Chennai,Tamil Nadu,India,22-02-2023,True
EMP354I,Mary,Martinez,23-10-1968,Male,Married,Bachelors,San Francisco,California,US,31-10-2016,True
EMP355I,William,Davis,12-10-1972,Female,Single,High School,Austin,Texas,US,01-01-2025,True
EMP356I,James,Brown,07-12-1969,Male,Married,Diploma,New York,New York,US,27-09-2021,True
EMP357I,Amit,Mishra,21-09-1984,Male,Married,Masters,Chennai,Tamil Nadu,India,25-01-2015,True
EMP358I,Emily,Wilson,26-09-1999,Male,Single,Masters,London,England,UK,17-11-2017,False
EMP359I,Jack,Thomas,21-04-1985,Male,Single,Bachelors,Birmingham,England,UK,27-09-2016,True
EMP360I,Neha,Patel,20-12-1981,Female,Single,Masters,Hyderabad,Telangana,India,06-02-2019,True
EMP361I,Patricia,Davis,09-03-2003,Female,Divorced,Masters,Chicago,Illinois,US,11-02-2025,False
EMP362I,Anjali,Iyer,09-11-1996,Male,Single,Bachelors,New Delhi,Delhi,India,26-06-2016,True
EMP363I,Michael,Rodriguez,02-09-1973,Female,Divorced,Masters,Seattle,Washington,US,16-07-2017,True
EMP364I,Sneha,Reddy,04-05-1988,Female,Married,Diploma,Chennai,Tamil Nadu,India,03-05-2016,True
EMP365I,Jennifer,Rodriguez,08-11-1991,Female,Married,Bachelors,Austin,Texas,US,22-10-2023,True
EMP366I,Neha,Gupta,28-05-1986,Male,Married,Diploma,Hyderabad,Telangana,India,03-11-2016,True
EMP367I,George,Brown,03-07-1974,Male,Single,Bachelors,Birmingham,England,UK,21-10-2021,True
EMP368I,Amelia,Taylor,05-08-1971,Male,Married,Diploma,Glasgow,Scotland,UK,13-12-2016,True
EMP369I,Ravi,Gupta,23-08-1991,Female,Married,Bachelors,Hyderabad,Telangana,India,22-11-2024,True
EMP370I,Anjali,Iyer,16-10-1967,Female,Married,Bachelors,Mumbai,Maharashtra,India,13-01-2015,True
EMP371I,Isla,Brown,30-10-1992,Male,Married,Bachelors,Glasgow,Scotland,UK,16-10-2017,True
EMP372I,Thomas,Williams,31-12-1992,Male,Married,Diploma,Manchester,England,UK,23-10-2015,True
EMP373I,Ravi,Nayak,14-08-1974,Male,Single,High School,Chennai,Tamil Nadu,India,31-08-2021,True
EMP374I,Olivia,Williams,07-07-1984,Male,Married,Bachelors,London,England,UK,31-01-2021,True
EMP375I,Patricia,Martinez,09-03-2003,Female,Married,Diploma,San Francisco,California,US,29-08-2022,True
EMP376I,Oliver,Wilson,17-12-1992,Male,Married,Diploma,Birmingham,England,UK,17-01-2019,True
EMP377I,Jennifer,Davis,19-11-1991,Male,Married,Bachelors,New York,New York,US,02-07-2021,True
EMP378I,Jack,Evans,30-04-2003,Male,Single,Masters,London,England,UK,24-02-2024,True
EMP379I,Mary,Garcia,29-01-1994,Female,Single,Diploma,Seattle,Washington,US,24-04-2025,False
EMP380I,Michael,Williams,29-04-1982,Female,Married,Bachelors,Chicago,Illinois,US,29-12-2022,False
EMP381I,William,Smith,22-07-1969,Male,Single,Bachelors,San Francisco,California,US,18-03-2021,True
EMP382I,Harry,Brown,10-09-1969,Male,Single,Bachelors,Edinburgh,Scotland,UK,17-05-2018,True
EMP383I,John,Johnson,14-05-1974,Female,Single,Masters,San Francisco,California,US,22-09-2022,True
EMP384I,Michael,Rodriguez,22-01-1982,Male,Single,Bachelors,Austin,Texas,US,11-11-2015,True
EMP385I,Sneha,Gupta,15-03-1978,Male,Divorced,Masters,Mumbai,Maharashtra,India,28-05-2016,True
EMP386I,Isla,Evans,23-11-1986,Female,Single,Bachelors,Glasgow,Scotland,UK,26-12-2015,True
EMP387I,Priya,Kumari,07-06-1984,Male,Married,Diploma,Hyderabad,Telangana,India,27-06-2020,True
EMP388I,Mary,Miller,03-03-1999,Female,Single,Bachelors,Austin,Texas,US,07-02-2021,True
EMP389I,Emily,Davies,01-06-1971,Female,Divorced,Bachelors,London,England,UK,27-05-2023,False
EMP390I,Rahul,Singh,22-01-1992,Male,Married,Masters,Chennai,Tamil Nadu,India,14-04-2018,True
EMP391I,Ravi,Kumari,25-09-1995,Male,Single,Bachelors,Bangalore,Karnataka,India,16-03-2021,True
EMP392I,William,Garcia,10-03-2002,Female,Single,Bachelors,Austin,Texas,US,24-09-2025,True
EMP393I,Olivia,Brown,04-02-1984,Male,Single,Bachelors,Glasgow,Scotland,UK,12-07-2021,True
EMP394I,John,Davis,16-01-2002,Male,Single,Diploma,Austin,Texas,US,02-01-2018,True
EMP395I,Harry,Thomas,12-06-1966,Male,Single,Bachelors,London,England,UK,10-12-2019,True
EMP396I,Rahul,Das,05-08-2000,Female,Divorced,Bachelors,New Delhi,Delhi,India,01-09-2021,True
EMP397I,Pooja,Nayak,21-01-1979,Female,Married,High School,Hyderabad,Telangana,India,14-06-2021,True
EMP398I,Manish,Patel,03-09-1993,Female,Single,Bachelors,Mumbai,Maharashtra,India,12-02-2017,True
EMP399I,Patricia,Miller,04-09-1974,Female,Single,Bachelors,San Francisco,California,US,13-02-2021,True
EMP400I,Ravi,Bose,01-11-2004,Female,Divorced,Bachelors,Chennai,Tamil Nadu,India,06-08-2022,True
EMP401I,Jennifer,Williams,15-04-1977,Female,Married,Masters,Seattle,Washington,US,10-09-2019,True
EMP402I,Kiran,Das,07-03-1966,Female,Married,Bachelors,New Delhi,Delhi,India,26-11-2020,True
EMP403I,Jacob,Davies,26-07-1992,Female,Married,Bachelors,Birmingham,England,UK,06-04-2025,True
EMP404I,Oliver,Thomas,29-08-1984,Male,Married,Diploma,London,England,UK,19-06-2024,True
EMP405I,David,Rodriguez,01-06-1988,Female,Married,Diploma,Chicago,Illinois,US,06-11-2023,True
EMP406I,Linda,Garcia,01-07-1999,Male,Single,Bachelors,Seattle,Washington,US,16-12-2024,True
EMP407I,Elizabeth,Smith,08-02-1973,Female,Single,Bachelors,San Francisco,California,US,29-07-2026,False
EMP408I,Rakesh,Bose,12-06-1990,Male,Single,Bachelors,New Delhi,Delhi,India,19-08-2015,True
EMP409I,Priya,Verma,23-07-1983,Male,Single,High School,Mumbai,Maharashtra,India,12-11-2022,True
EMP410I,Rakesh,Kumar,06-06-1968,Female,Married,Bachelors,New Delhi,Delhi,India,11-03-2026,False
EMP411I,Oliver,Clark,16-02-1990,Male,Married,Bachelors,Edinburgh,Scotland,UK,05-03-2019,True
EMP412I,James,Jones,04-12-1997,Female,Single,Bachelors,Chicago,Illinois,US,13-11-2017,False
EMP413I,Jack,Wilson,29-07-1984,Male,Single,Masters,Manchester,England,UK,07-12-2023,True
EMP414I,Neha,Das,16-02-1970,Male,Married,Diploma,Bangalore,Karnataka,India,13-12-2019,True
EMP415I,Barbara,Brown,27-01-2002,Female,Married,Masters,Seattle,Washington,US,28-05-2022,True
EMP416I,Olivia,Brown,25-04-1966,Male,Single,Masters,Edinburgh,Scotland,UK,05-12-2015,False
EMP417I,Kavita,Chauhan,29-09-1998,Female,Married,Bachelors,New Delhi,Delhi,India,29-10-2018,True
EMP418I,John,Rodriguez,01-02-1975,Female,Married,Masters,Austin,Texas,US,08-07-2019,False
EMP419I,Neha,Singh,20-12-1972,Male,Married,Bachelors,New Delhi,Delhi,India,03-02-2021,True
EMP420I,Rakesh,Gupta,02-09-2004,Male,Married,Diploma,Mumbai,Maharashtra,India,17-05-2025,True
EMP421I,Rahul,Chauhan,31-01-1995,Female,Married,Bachelors,Bangalore,Karnataka,India,06-11-2020,True
EMP422I,Vikram,Iyer,26-02-1978,Female,Married,PhD,Bangalore,Karnataka,India,08-05-2023,True
EMP423I,Mary,Rodriguez,29-09-1970,Female,Single,Masters,Austin,Texas,US,20-07-2021,True
EMP424I,Jacob,Evans,26-04-1994,Male,Single,Bachelors,London,England,UK,24-04-2026,True
EMP425I,Rahul,Mishra,22-02-1972,Female,Married,Diploma,Mumbai,Maharashtra,India,23-05-2017,True
EMP426I,Poppy,Clark,17-09-1976,Male,Married,Diploma,Edinburgh,Scotland,UK,20-02-2022,True
EMP427I,Jennifer,Smith,03-12-1989,Male,Single,Masters,San Francisco,California,US,13-04-2026,True
EMP428I,Robert,Smith,24-04-2000,Female,Married,Bachelors,Chicago,Illinois,US,18-06-2018,True
EMP429I,Amit,Nayak,11-03-1968,Female,Married,Masters,Bangalore,Karnataka,India,01-05-2021,True
EMP430I,Linda,Smith,08-11-1968,Female,Married,High School,Chicago,Illinois,US,08-02-2026,True
EMP431I,Pooja,Iyer,03-09-1985,Female,Single,Masters,Chennai,Tamil Nadu,India,06-08-2025,True
EMP432I,Kavita,Patel,30-11-1996,Female,Married,Bachelors,Bangalore,Karnataka,India,16-09-2024,False
EMP433I,Arjun,Mishra,22-03-1996,Male,Married,PhD,Hyderabad,Telangana,India,07-06-2021,False
EMP434I,Sanjay,Nayak,17-05-1997,Male,Married,Diploma,Bangalore,Karnataka,India,29-10-2024,True
EMP435I,Pooja,Chauhan,04-05-1990,Male,Married,Bachelors,Chennai,Tamil Nadu,India,10-11-2019,True
EMP436I,Rakesh,Nayak,05-01-1967,Male,Married,Bachelors,Mumbai,Maharashtra,India,20-12-2016,False
EMP437I,Charlie,Davies,25-09-1987,Female,Single,Bachelors,Glasgow,Scotland,UK,28-10-2025,True
EMP438I,Neha,Chauhan,04-09-1999,Female,Married,Masters,Hyderabad,Telangana,India,18-09-2020,True
EMP439I,Pooja,Kumari,02-05-2000,Female,Married,Masters,Hyderabad,Telangana,India,28-07-2025,True
EMP440I,Michael,Johnson,28-06-1995,Female,Married,Bachelors,Austin,Texas,US,26-12-2022,False
EMP441I,Charlie,Jones,26-04-1974,Male,Married,High School,Birmingham,England,UK,23-03-2019,True
EMP442I,Emily,Clark,26-12-1977,Male,Married,Diploma,Glasgow,Scotland,UK,28-01-2024,True
EMP443I,George,Taylor,25-06-1996,Male,Single,Diploma,Glasgow,Scotland,UK,15-12-2023,True
EMP444I,John,Williams,31-10-1977,Female,Married,Bachelors,Seattle,Washington,US,04-08-2017,False
EMP445I,Pooja,Reddy,17-11-1979,Male,Married,Masters,Hyderabad,Telangana,India,30-01-2019,True
EMP446I,David,Jones,09-10-1979,Female,Single,Bachelors,New York,New York,US,23-06-2025,True
EMP447I,William,Rodriguez,20-04-1977,Male,Married,Masters,New York,New York,US,26-02-2020,True
EMP448I,Amelia,Evans,02-08-1993,Male,Married,High School,Manchester,England,UK,18-03-2017,True
EMP449I,Poppy,Evans,02-10-1994,Male,Married,Bachelors,Edinburgh,Scotland,UK,16-10-2020,True
EMP450I,Manish,Bose,03-05-1990,Male,Single,Masters,Bangalore,Karnataka,India,17-10-2016,True
EMP451I,Kavita,Mishra,10-09-1978,Female,Married,Bachelors,Hyderabad,Telangana,India,28-11-2022,False
EMP452I,Barbara,Williams,17-08-1986,Female,Single,High School,New York,New York,US,25-09-2019,True
EMP453I,Sneha,Patel,23-01-2002,Female,Single,Masters,Chennai,Tamil Nadu,India,02-03-2016,True
EMP454I,Rahul,Nayak,15-08-1968,Male,Married,PhD,Mumbai,Maharashtra,India,29-07-2020,False
EMP455I,Kavita,Singh,06-02-1977,Male,Married,Bachelors,Chennai,Tamil Nadu,India,18-01-2022,False
EMP456I,George,Roberts,22-10-1970,Female,Divorced,Diploma,Glasgow,Scotland,UK,23-05-2016,True
EMP457I,Priya,Mishra,04-11-1985,Male,Single,Masters,Chennai,Tamil Nadu,India,26-09-2020,False
EMP458I,Anjali,Chauhan,06-11-2004,Male,Married,Bachelors,Chennai,Tamil Nadu,India,23-08-2016,True
EMP459I,Pooja,Verma,25-02-1999,Male,Married,Bachelors,Hyderabad,Telangana,India,30-06-2026,True
EMP460I,James,Jones,14-03-1984,Male,Married,Masters,New York,New York,US,01-10-2015,True
EMP461I,David,Garcia,21-07-1986,Female,Single,Masters,New York,New York,US,04-09-2023,True
EMP462I,Neha,Iyer,15-06-1990,Female,Single,Bachelors,Hyderabad,Telangana,India,16-10-2015,True
EMP463I,Elizabeth,Johnson,02-08-1997,Male,Married,Diploma,Austin,Texas,US,02-09-2019,True
EMP464I,Priya,Singh,27-08-1969,Male,Single,Bachelors,Chennai,Tamil Nadu,India,25-12-2025,True
EMP465I,Amelia,Taylor,11-01-1991,Female,Married,Bachelors,Glasgow,Scotland,UK,29-04-2017,False
EMP466I,Neha,Singh,29-01-1975,Male,Single,Masters,Chennai,Tamil Nadu,India,05-10-2020,True
EMP467I,Harry,Wilson,13-09-1975,Female,Divorced,Bachelors,London,England,UK,20-02-2021,True
EMP468I,Barbara,Miller,02-03-2000,Male,Single,Masters,San Francisco,California,US,14-02-2019,True
EMP469I,Isla,Evans,05-12-1974,Female,Single,Bachelors,Manchester,England,UK,26-01-2018,True
EMP470I,Pooja,Sharma,01-04-1989,Male,Single,Bachelors,Bangalore,Karnataka,India,22-04-2022,True
EMP471I,Kiran,Bose,24-08-1968,Male,Married,High School,Bangalore,Karnataka,India,01-12-2015,True
EMP472I,John,Martinez,24-01-2001,Female,Single,Masters,San Francisco,California,US,29-12-2017,False
EMP473I,Olivia,Thomas,21-12-2001,Male,Married,Diploma,Edinburgh,Scotland,UK,24-12-2018,True
EMP474I,Vikram,Chauhan,26-08-1977,Male,Single,Bachelors,Chennai,Tamil Nadu,India,24-05-2020,True
EMP475I,Poppy,Taylor,27-07-1978,Female,Married,Bachelors,London,England,UK,24-03-2022,True
EMP476I,Poppy,Thomas,29-01-1966,Female,Divorced,Bachelors,Birmingham,England,UK,30-06-2024,True
EMP477I,Ravi,Verma,24-07-1997,Male,Married,Bachelors,Bangalore,Karnataka,India,06-04-2016,True
EMP478I,William,Garcia,19-09-1965,Female,Single,Bachelors,Seattle,Washington,US,22-10-2015,True
EMP479I,David,Williams,30-05-2000,Male,Single,Bachelors,San Francisco,California,US,27-09-2018,True
EMP480I,Emily,Roberts,22-12-1980,Female,Single,Bachelors,Glasgow,Scotland,UK,27-03-2018,True
EMP481I,Vikram,Nayak,11-08-1982,Male,Single,Masters,Chennai,Tamil Nadu,India,03-04-2019,True
EMP482I,Emily,Williams,07-06-1991,Male,Married,Diploma,London,England,UK,17-05-2018,False
EMP483I,David,Smith,25-12-1977,Male,Single,Masters,San Francisco,California,US,22-11-2019,False
EMP484I,Manish,Kumar,11-07-1999,Male,Divorced,Masters,Mumbai,Maharashtra,India,30-11-2023,True
EMP485I,Olivia,Taylor,01-11-1968,Male,Single,Bachelors,Manchester,England,UK,14-01-2026,True
EMP486I,Rahul,Iyer,04-03-1966,Female,Married,Masters,Hyderabad,Telangana,India,04-08-2023,True
EMP487I,George,Wilson,04-07-1992,Male,Married,PhD,Glasgow,Scotland,UK,16-09-2021,False
EMP488I,John,Rodriguez,01-09-1993,Male,Divorced,High School,Chicago,Illinois,US,06-08-2020,True
EMP489I,Linda,Smith,26-06-1997,Female,Single,Bachelors,San Francisco,California,US,02-05-2021,True
EMP490I,William,Jones,06-09-1989,Female,Divorced,Bachelors,San Francisco,California,US,30-08-2024,True
EMP491I,Patricia,Davis,29-10-1990,Male,Single,Masters,San Francisco,California,US,20-07-2016,True
EMP492I,David,Jones,13-07-1978,Female,Married,Masters,Seattle,Washington,US,26-04-2020,False
EMP493I,Rahul,Kumar,04-10-1974,Male,Single,Masters,Chennai,Tamil Nadu,India,11-03-2020,True
EMP494I,Rakesh,Nayak,30-04-1983,Female,Married,PhD,Hyderabad,Telangana,India,08-07-2017,True
EMP495I,David,Davis,23-10-1987,Male,Single,Diploma,Chicago,Illinois,US,07-01-2019,False
EMP496I,Emily,Williams,30-01-1993,Male,Single,Bachelors,Edinburgh,Scotland,UK,03-03-2017,False
EMP497I,Isla,Williams,08-01-1984,Female,Married,Bachelors,Glasgow,Scotland,UK,27-04-2019,True
EMP498I,Oliver,Evans,29-03-1998,Female,Married,Bachelors,Birmingham,England,UK,27-09-2019,True
EMP499I,Jack,Wilson,27-11-1978,Female,Married,Diploma,Manchester,England,UK,19-01-2015,True
EMP500I,Linda,Jones,07-02-1983,Female,Single,Diploma,Chicago,Illinois,US,24-05-2022,False
EMP501I,James,Brown,29-08-1982,Female,Single,PhD,Seattle,Washington,US,11-08-2026,True
EMP502I,Pooja,Nayak,08-09-1978,Male,Divorced,Masters,Hyderabad,Telangana,India,09-12-2020,True
EMP503I,Emily,Roberts,06-12-1975,Female,Single,Masters,London,England,UK,14-10-2015,True
EMP504I,Linda,Jones,06-06-1975,Male,Single,Diploma,New York,New York,US,06-04-2017,True
EMP505I,Harry,Clark,21-01-1981,Female,Single,Bachelors,Glasgow,Scotland,UK,16-03-2018,True
EMP506I,Elizabeth,Johnson,04-09-1983,Male,Single,Diploma,Seattle,Washington,US,01-04-2023,True
EMP507I,William,Williams,19-04-1997,Male,Single,Bachelors,Seattle,Washington,US,02-11-2016,True
EMP508I,Manish,Chauhan,09-06-1984,Female,Single,Diploma,Hyderabad,Telangana,India,05-07-2022,True
EMP509I,Manish,Das,02-02-2002,Male,Married,Masters,Mumbai,Maharashtra,India,29-12-2023,True
EMP510I,Barbara,Martinez,27-09-1975,Male,Divorced,Masters,Austin,Texas,US,26-05-2015,True
EMP511I,Mary,Davis,02-11-1972,Male,Single,Masters,Seattle,Washington,US,14-06-2016,True
EMP512I,George,Clark,09-09-1971,Female,Single,Bachelors,Glasgow,Scotland,UK,24-11-2023,True
EMP513I,Olivia,Brown,17-07-1970,Male,Married,High School,Glasgow,Scotland,UK,20-07-2025,True
EMP514I,Arjun,Kumari,26-03-1973,Female,Single,Masters,Bangalore,Karnataka,India,20-08-2024,True
EMP515I,Emily,Brown,27-03-1985,Male,Married,Bachelors,Birmingham,England,UK,03-03-2026,False
EMP516I,David,Martinez,14-01-1977,Male,Married,Masters,Chicago,Illinois,US,14-12-2017,True
EMP517I,John,Jones,16-04-1986,Male,Married,Bachelors,Seattle,Washington,US,03-08-2016,True
EMP518I,Neha,Chauhan,03-10-1973,Male,Married,Bachelors,Mumbai,Maharashtra,India,21-05-2026,False
EMP519I,Anjali,Singh,23-12-1999,Female,Married,Bachelors,Bangalore,Karnataka,India,03-08-2024,True
EMP520I,Kavita,Singh,05-08-1999,Male,Married,Bachelors,Bangalore,Karnataka,India,11-05-2021,False
EMP521I,Oliver,Wilson,14-12-1980,Female,Single,Diploma,Birmingham,England,UK,30-07-2022,True
EMP522I,Rakesh,Kumar,26-12-1990,Female,Divorced,PhD,Chennai,Tamil Nadu,India,09-06-2023,True
EMP523I,James,Garcia,12-09-1967,Female,Married,Masters,Seattle,Washington,US,03-12-2015,True
EMP524I,George,Jones,24-11-1989,Female,Single,Masters,Birmingham,England,UK,25-04-2022,True
EMP525I,Sanjay,Mishra,05-07-1966,Male,Single,Bachelors,Hyderabad,Telangana,India,28-12-2018,True
EMP526I,Isla,Taylor,23-03-2002,Female,Single,Bachelors,Birmingham,England,UK,05-10-2017,True
EMP527I,Manish,Iyer,21-05-1997,Male,Single,Masters,New Delhi,Delhi,India,01-07-2022,True
EMP528I,Thomas,Roberts,07-04-1992,Female,Single,Bachelors,Birmingham,England,UK,11-07-2017,True
EMP529I,Mary,Brown,24-09-1975,Female,Divorced,Bachelors,Austin,Texas,US,12-02-2020,True
EMP530I,Amelia,Thomas,26-08-1972,Female,Married,Bachelors,Manchester,England,UK,07-03-2019,True
EMP531I,Olivia,Williams,21-10-1984,Male,Single,Bachelors,Birmingham,England,UK,01-01-2016,True
EMP532I,Emily,Roberts,19-01-1985,Female,Single,Bachelors,Glasgow,Scotland,UK,02-03-2021,True
EMP533I,Ravi,Kumari,03-11-1977,Female,Divorced,Masters,Hyderabad,Telangana,India,04-04-2022,False
EMP534I,Elizabeth,Rodriguez,21-08-2000,Male,Single,PhD,Austin,Texas,US,24-11-2022,True
EMP535I,David,Martinez,02-01-1997,Male,Married,Bachelors,Austin,Texas,US,20-05-2018,True
EMP536I,David,Brown,26-08-1969,Male,Married,Masters,Austin,Texas,US,16-03-2020,True
EMP537I,Kiran,Kumari,09-11-2001,Male,Single,Bachelors,Hyderabad,Telangana,India,07-06-2015,False
EMP538I,Michael,Garcia,28-09-1972,Male,Married,Masters,San Francisco,California,US,18-11-2022,True
EMP539I,Kiran,Kumari,18-02-2002,Male,Single,Masters,New Delhi,Delhi,India,02-04-2020,True
EMP540I,Michael,Williams,09-01-1980,Male,Single,Bachelors,San Francisco,California,US,30-11-2015,True
EMP541I,Pooja,Sharma,16-03-1981,Female,Married,Bachelors,Chennai,Tamil Nadu,India,12-05-2025,True
EMP542I,Rahul,Verma,29-12-1985,Female,Single,Bachelors,Chennai,Tamil Nadu,India,03-05-2025,True
EMP543I,Oliver,Williams,15-01-1971,Female,Divorced,Bachelors,Birmingham,England,UK,26-09-2015,True
EMP544I,Vikram,Verma,22-09-1981,Female,Single,Masters,Mumbai,Maharashtra,India,23-08-2019,True
EMP545I,Michael,Davis,07-10-1968,Male,Married,Bachelors,New York,New York,US,04-12-2016,True
EMP546I,Pooja,Gupta,27-04-1994,Male,Married,Masters,Hyderabad,Telangana,India,20-03-2018,True
EMP547I,Olivia,Evans,20-02-1995,Female,Married,High School,Birmingham,England,UK,07-12-2017,True
EMP548I,Michael,Brown,18-12-1974,Female,Single,High School,Austin,Texas,US,08-02-2015,True
EMP549I,Isla,Brown,19-09-1998,Male,Married,Masters,Birmingham,England,UK,21-02-2021,True
EMP550I,Rakesh,Sharma,29-07-1987,Female,Married,Masters,Chennai,Tamil Nadu,India,07-10-2023,False
EMP551I,Elizabeth,Williams,07-01-1998,Male,Married,Bachelors,Seattle,Washington,US,21-08-2017,True
EMP552I,Jack,Brown,03-07-2002,Male,Married,Masters,Manchester,England,UK,22-07-2017,False
EMP553I,Charlie,Evans,27-02-1977,Male,Single,High School,London,England,UK,09-05-2022,True
EMP554I,Neha,Gupta,20-11-1973,Female,Married,Masters,Bangalore,Karnataka,India,06-11-2018,True
EMP555I,Harry,Clark,30-06-1989,Male,Married,Bachelors,Manchester,England,UK,18-07-2020,True
EMP556I,Emily,Roberts,16-07-1975,Male,Divorced,Diploma,Manchester,England,UK,29-03-2016,True
EMP557I,Harry,Evans,06-06-1984,Female,Single,Bachelors,Edinburgh,Scotland,UK,24-04-2025,True
EMP558I,Sanjay,Reddy,29-04-1969,Female,Single,Bachelors,Hyderabad,Telangana,India,22-01-2026,True
EMP559I,Sneha,Iyer,04-05-1986,Male,Married,Bachelors,Bangalore,Karnataka,India,12-02-2015,False
EMP560I,James,Martinez,27-03-1987,Female,Single,High School,Chicago,Illinois,US,25-05-2024,True
EMP561I,Ravi,Das,22-11-1983,Male,Single,Bachelors,New Delhi,Delhi,India,23-02-2026,True
EMP562I,John,Williams,22-04-2002,Male,Married,Masters,San Francisco,California,US,29-10-2015,True
EMP563I,Emily,Taylor,15-02-1969,Female,Married,Diploma,London,England,UK,19-02-2016,False
EMP564I,George,Williams,04-06-1972,Male,Married,High School,Edinburgh,Scotland,UK,08-12-2023,True
EMP565I,Rahul,Bose,20-08-1986,Female,Single,Bachelors,Bangalore,Karnataka,India,24-04-2015,True
EMP566I,David,Davis,28-05-1993,Male,Married,Bachelors,Chicago,Illinois,US,04-12-2025,True
EMP567I,Harry,Clark,13-03-1982,Male,Married,Bachelors,London,England,UK,22-06-2017,False
EMP568I,Jacob,Jones,27-08-1977,Female,Married,Masters,Glasgow,Scotland,UK,10-08-2019,True
EMP569I,Michael,Martinez,09-08-1979,Female,Married,Masters,San Francisco,California,US,09-11-2020,True
EMP570I,Poppy,Brown,17-03-1994,Male,Single,Bachelors,London,England,UK,05-07-2019,True
EMP571I,Jacob,Jones,11-03-1974,Male,Single,Bachelors,London,England,UK,15-02-2020,True
EMP572I,Poppy,Jones,25-10-1996,Female,Single,Diploma,Birmingham,England,UK,24-01-2017,True
EMP573I,Manish,Das,30-06-1976,Female,Single,Bachelors,New Delhi,Delhi,India,15-09-2025,True
EMP574I,Poppy,Brown,20-04-1970,Male,Married,Bachelors,London,England,UK,25-01-2026,True
EMP575I,Rakesh,Bose,08-09-1986,Male,Divorced,Bachelors,Bangalore,Karnataka,India,30-07-2021,False
EMP576I,Oliver,Taylor,15-01-1987,Female,Married,Bachelors,Birmingham,England,UK,22-10-2015,True
EMP577I,Thomas,Roberts,18-05-1996,Male,Married,High School,London,England,UK,01-11-2024,False
EMP578I,Robert,Martinez,11-10-1983,Male,Single,Bachelors,San Francisco,California,US,09-03-2017,True
EMP579I,Amelia,Brown,09-09-1982,Female,Married,Bachelors,Glasgow,Scotland,UK,09-01-2021,True
EMP580I,Patricia,Brown,13-07-1989,Female,Single,Bachelors,New York,New York,US,19-10-2025,True
EMP581I,Pooja,Iyer,13-04-1988,Male,Married,Masters,Chennai,Tamil Nadu,India,18-05-2024,True
EMP582I,Poppy,Evans,22-07-1981,Male,Married,Diploma,Manchester,England,UK,14-04-2021,True
EMP583I,Vikram,Das,17-07-1990,Female,Married,Bachelors,Hyderabad,Telangana,India,13-06-2020,True
EMP584I,Jennifer,Johnson,10-02-1974,Male,Single,Masters,Seattle,Washington,US,24-09-2016,True
EMP585I,William,Brown,15-02-1972,Female,Married,Bachelors,Chicago,Illinois,US,07-11-2023,False
EMP586I,Charlie,Brown,04-01-1970,Male,Single,Bachelors,Manchester,England,UK,15-07-2019,False
EMP587I,Thomas,Brown,22-04-1970,Female,Divorced,PhD,Edinburgh,Scotland,UK,26-09-2016,True
EMP588I,Sanjay,Kumar,22-05-1968,Female,Single,Bachelors,Bangalore,Karnataka,India,05-05-2020,True
EMP589I,Michael,Brown,08-12-1985,Female,Single,Bachelors,Seattle,Washington,US,29-05-2022,True
EMP590I,Barbara,Rodriguez,17-08-1965,Female,Married,Bachelors,Austin,Texas,US,21-05-2017,True
EMP591I,Elizabeth,Brown,10-09-1983,Male,Divorced,Masters,San Francisco,California,US,16-03-2024,False
EMP592I,Mary,Garcia,09-03-1997,Male,Married,Bachelors,New York,New York,US,08-11-2020,False
EMP593I,David,Johnson,30-12-1979,Male,Divorced,Masters,Austin,Texas,US,31-12-2015,True
EMP594I,Olivia,Taylor,15-02-1974,Female,Married,Bachelors,Manchester,England,UK,16-03-2017,True
EMP595I,Priya,Iyer,18-11-1993,Female,Single,Masters,Bangalore,Karnataka,India,10-07-2019,True
EMP596I,Rakesh,Sharma,12-05-1991,Male,Married,Diploma,Mumbai,Maharashtra,India,07-09-2023,True
EMP597I,Kavita,Gupta,09-02-1992,Male,Married,Bachelors,Chennai,Tamil Nadu,India,20-03-2026,True
EMP598I,Jacob,Davies,29-09-1970,Male,Married,High School,Manchester,England,UK,17-11-2023,True
EMP599I,Olivia,Thomas,03-02-1984,Female,Married,Bachelors,Birmingham,England,UK,15-10-2020,True
EMP600I,Robert,Williams,24-12-1987,Male,Married,Masters,San Francisco,California,US,30-10-2024,True
EMP601I,Pooja,Das,14-09-1995,Female,Married,Masters,Hyderabad,Telangana,India,31-07-2026,True
EMP602I,Kiran,Singh,31-10-1974,Male,Married,Bachelors,New Delhi,Delhi,India,30-09-2020,False
EMP603I,George,Wilson,23-11-1969,Male,Single,Bachelors,London,England,UK,30-05-2025,False
EMP604I,Rahul,Iyer,13-11-2000,Male,Single,Masters,Hyderabad,Telangana,India,19-02-2022,False
EMP605I,Amit,Iyer,22-03-1981,Male,Single,Bachelors,Chennai,Tamil Nadu,India,26-02-2022,True
EMP606I,Kavita,Reddy,21-12-1995,Male,Married,Masters,Hyderabad,Telangana,India,19-03-2021,True
EMP607I,Jack,Thomas,13-12-1965,Male,Married,Bachelors,Glasgow,Scotland,UK,27-06-2018,False
EMP608I,Oliver,Brown,29-05-1990,Male,Divorced,Masters,Manchester,England,UK,31-08-2025,True
EMP609I,Priya,Nayak,10-11-1988,Male,Single,Masters,New Delhi,Delhi,India,07-01-2016,True
EMP610I,William,Williams,28-05-1998,Male,Married,Diploma,San Francisco,California,US,02-09-2023,True
EMP611I,Jacob,Thomas,26-01-1966,Male,Married,Bachelors,Manchester,England,UK,30-06-2021,True
EMP612I,Charlie,Evans,31-03-1985,Female,Married,Masters,Edinburgh,Scotland,UK,13-06-2023,True
EMP613I,Kiran,Mishra,06-01-1996,Male,Married,Diploma,Hyderabad,Telangana,India,31-08-2026,False
EMP614I,Olivia,Davies,21-03-1974,Male,Single,Bachelors,Birmingham,England,UK,21-10-2016,True
EMP615I,Harry,Clark,05-12-1998,Female,Divorced,Masters,London,England,UK,11-07-2025,True
EMP616I,Mary,Brown,14-01-1969,Male,Married,Masters,Seattle,Washington,US,14-01-2026,True
EMP617I,Rakesh,Verma,01-02-1987,Male,Single,PhD,New Delhi,Delhi,India,20-11-2017,True
EMP618I,Priya,Kumar,25-09-1994,Female,Single,PhD,Bangalore,Karnataka,India,29-10-2017,True
EMP619I,Sneha,Verma,14-09-1967,Male,Single,Diploma,New Delhi,Delhi,India,16-11-2024,True
EMP620I,Jennifer,Rodriguez,17-08-1976,Male,Married,Bachelors,Chicago,Illinois,US,29-04-2021,True
EMP621I,Vikram,Gupta,20-08-1977,Male,Single,Bachelors,Hyderabad,Telangana,India,25-10-2024,True
EMP622I,Neha,Iyer,05-12-2002,Female,Married,Bachelors,Bangalore,Karnataka,India,16-12-2016,True
EMP623I,Olivia,Jones,09-10-1975,Male,Married,High School,London,England,UK,09-01-2018,True
EMP624I,Thomas,Jones,10-03-1983,Female,Single,Bachelors,Birmingham,England,UK,11-02-2021,False
EMP625I,Rakesh,Iyer,04-11-1976,Male,Single,Masters,New Delhi,Delhi,India,26-04-2015,True
EMP626I,David,Garcia,24-12-1986,Female,Married,Bachelors,Chicago,Illinois,US,08-01-2019,False
EMP627I,George,Brown,12-06-1999,Female,Divorced,Bachelors,Birmingham,England,UK,31-03-2024,True
EMP628I,Ravi,Sharma,01-05-1981,Female,Married,Diploma,Bangalore,Karnataka,India,29-07-2021,True
EMP629I,Robert,Rodriguez,06-04-2004,Male,Single,Bachelors,San Francisco,California,US,23-06-2023,True
EMP630I,Kiran,Kumari,04-06-2004,Female,Married,Diploma,Bangalore,Karnataka,India,26-08-2022,True
EMP631I,Amelia,Taylor,12-08-1976,Male,Married,Masters,Edinburgh,Scotland,UK,21-05-2019,True
EMP632I,Neha,Chauhan,13-10-1965,Male,Divorced,Bachelors,Mumbai,Maharashtra,India,19-01-2019,True
EMP633I,William,Williams,13-09-1971,Male,Married,Bachelors,New York,New York,US,04-05-2021,True
EMP634I,Charlie,Thomas,07-11-1987,Female,Married,Diploma,Manchester,England,UK,11-01-2018,True
EMP635I,Pooja,Reddy,10-05-1965,Male,Married,Masters,Mumbai,Maharashtra,India,30-07-2020,True
EMP636I,Robert,Williams,07-06-1994,Female,Married,Masters,New York,New York,US,19-07-2023,True
EMP637I,Patricia,Martinez,27-07-1987,Female,Married,Bachelors,San Francisco,California,US,20-11-2018,True
EMP638I,Robert,Williams,14-02-1999,Male,Divorced,Bachelors,New York,New York,US,12-03-2023,True
EMP639I,Charlie,Jones,12-01-1996,Male,Divorced,Bachelors,Manchester,England,UK,04-06-2015,True
EMP640I,Olivia,Wilson,08-06-1996,Male,Single,Masters,Manchester,England,UK,07-02-2015,True
EMP641I,Vikram,Sharma,26-05-1977,Male,Married,Bachelors,New Delhi,Delhi,India,06-02-2026,True
EMP642I,Jack,Clark,21-09-2001,Female,Single,Masters,London,England,UK,24-06-2016,True
EMP643I,Thomas,Brown,18-02-1999,Male,Married,Bachelors,Birmingham,England,UK,18-09-2019,True
EMP644I,Jacob,Jones,06-09-1983,Male,Married,PhD,Edinburgh,Scotland,UK,04-11-2021,True
EMP645I,Amelia,Taylor,30-12-2001,Female,Married,Bachelors,Manchester,England,UK,19-04-2024,True
EMP646I,Emily,Wilson,12-07-1990,Male,Married,Masters,Edinburgh,Scotland,UK,16-09-2022,True
EMP647I,Charlie,Evans,05-04-1989,Male,Married,Masters,Edinburgh,Scotland,UK,11-04-2024,True
EMP648I,Emily,Jones,12-12-1987,Male,Married,Masters,Manchester,England,UK,11-04-2024,True
EMP649I,William,Brown,08-01-1975,Female,Single,Bachelors,Seattle,Washington,US,16-04-2021,True
EMP650I,Emily,Davies,30-06-1977,Male,Divorced,Masters,Birmingham,England,UK,18-05-2020,True
EMP651I,Kavita,Mishra,26-09-1989,Female,Single,Masters,Chennai,Tamil Nadu,India,27-06-2026,True
EMP652I,Priya,Iyer,01-11-1990,Male,Married,Bachelors,Mumbai,Maharashtra,India,28-02-2018,True
EMP653I,Jennifer,Williams,05-09-1987,Male,Married,Masters,Chicago,Illinois,US,25-04-2018,False
EMP654I,Poppy,Wilson,14-01-1993,Male,Married,Bachelors,Glasgow,Scotland,UK,19-08-2020,True
EMP655I,Harry,Taylor,12-04-1975,Male,Married,Bachelors,Manchester,England,UK,09-11-2016,True
EMP656I,Jacob,Wilson,02-03-1989,Male,Single,Bachelors,Edinburgh,Scotland,UK,10-07-2023,True
EMP657I,Arjun,Gupta,11-05-1990,Female,Single,Diploma,Bangalore,Karnataka,India,27-07-2025,True
EMP658I,Linda,Smith,20-08-1966,Female,Married,Bachelors,Chicago,Illinois,US,24-04-2022,True
EMP659I,Jennifer,Williams,11-07-1980,Female,Single,Bachelors,New York,New York,US,15-07-2018,True
EMP660I,George,Thomas,16-12-2004,Female,Married,Diploma,Birmingham,England,UK,23-06-2015,True
EMP661I,David,Garcia,05-04-1998,Female,Married,Bachelors,Chicago,Illinois,US,26-05-2016,True
EMP662I,Charlie,Wilson,05-09-1995,Female,Single,Masters,Glasgow,Scotland,UK,24-04-2025,True
EMP663I,Kavita,Sharma,08-12-1981,Male,Married,Masters,Hyderabad,Telangana,India,18-04-2026,True
EMP664I,Sneha,Singh,14-06-1966,Male,Single,Bachelors,New Delhi,Delhi,India,23-08-2017,False
EMP665I,George,Brown,09-02-1969,Female,Single,Masters,Birmingham,England,UK,01-04-2015,True
EMP666I,James,Williams,09-03-1990,Male,Married,Bachelors,Chicago,Illinois,US,16-11-2023,True
EMP667I,Oliver,Davies,07-11-2003,Male,Single,Masters,Manchester,England,UK,15-04-2025,True
EMP668I,George,Williams,21-12-1971,Female,Married,Bachelors,Glasgow,Scotland,UK,25-08-2016,True
EMP669I,Jennifer,Davis,06-08-1987,Male,Married,Bachelors,Austin,Texas,US,29-04-2025,True
EMP670I,Robert,Jones,09-09-1984,Female,Single,Masters,New York,New York,US,10-01-2017,True
EMP671I,Michael,Davis,23-01-1966,Male,Divorced,Bachelors,Chicago,Illinois,US,07-02-2018,True
EMP672I,Jacob,Davies,07-08-1980,Male,Married,Masters,Birmingham,England,UK,24-05-2016,True
EMP673I,Rakesh,Kumar,27-11-1965,Male,Married,Masters,Mumbai,Maharashtra,India,15-02-2020,True
EMP674I,Amelia,Williams,09-11-1993,Female,Single,Masters,Edinburgh,Scotland,UK,18-11-2025,True
EMP675I,Linda,Williams,24-02-1982,Male,Single,Diploma,San Francisco,California,US,05-06-2026,True
EMP676I,Emily,Clark,30-08-1979,Male,Married,Bachelors,Manchester,England,UK,13-08-2015,True
EMP677I,Rakesh,Singh,20-05-2000,Female,Married,PhD,New Delhi,Delhi,India,16-01-2022,False
EMP678I,Arjun,Bose,17-08-1994,Male,Single,Masters,Mumbai,Maharashtra,India,09-03-2021,True
EMP679I,Anjali,Das,12-12-1998,Male,Married,Masters,New Delhi,Delhi,India,20-08-2015,True
EMP680I,James,Jones,19-04-1976,Male,Married,Bachelors,Seattle,Washington,US,03-04-2024,True
EMP681I,Charlie,Thomas,13-08-1992,Female,Single,Bachelors,Birmingham,England,UK,02-05-2020,True
EMP682I,Anjali,Mishra,08-02-1980,Female,Married,Bachelors,New Delhi,Delhi,India,14-07-2016,True
EMP683I,Oliver,Wilson,24-03-2004,Female,Married,Masters,Manchester,England,UK,24-05-2026,True
EMP684I,John,Johnson,22-12-1989,Female,Married,Masters,San Francisco,California,US,23-11-2020,True
EMP685I,Oliver,Williams,15-08-1968,Male,Divorced,Bachelors,Glasgow,Scotland,UK,20-02-2023,False
EMP686I,Amit,Chauhan,02-07-1983,Male,Married,Bachelors,Bangalore,Karnataka,India,07-01-2016,True
EMP687I,Priya,Kumar,28-08-2000,Female,Single,Masters,Hyderabad,Telangana,India,07-12-2021,True
EMP688I,Pooja,Singh,14-02-1984,Female,Married,Bachelors,Chennai,Tamil Nadu,India,23-08-2015,True
EMP689I,Arjun,Iyer,28-09-1978,Male,Married,Bachelors,Mumbai,Maharashtra,India,24-12-2025,True
EMP690I,Amelia,Taylor,03-04-2001,Female,Single,High School,Birmingham,England,UK,04-03-2017,False
EMP691I,William,Williams,20-02-1972,Female,Married,Diploma,New York,New York,US,20-06-2017,False
EMP692I,Elizabeth,Johnson,17-02-1989,Male,Married,Masters,Austin,Texas,US,01-07-2019,True
EMP693I,Linda,Smith,03-02-1975,Female,Married,Masters,New York,New York,US,20-08-2016,True
EMP694I,Neha,Bose,08-08-1989,Female,Single,Masters,Bangalore,Karnataka,India,16-11-2025,True
EMP695I,Michael,Williams,09-06-1997,Male,Married,Bachelors,Chicago,Illinois,US,03-04-2018,True
EMP696I,Priya,Sharma,23-06-1971,Male,Single,Diploma,New Delhi,Delhi,India,20-06-2024,True
EMP697I,Charlie,Roberts,18-02-1980,Female,Married,Bachelors,Manchester,England,UK,12-07-2021,True
EMP698I,Arjun,Gupta,02-10-1991,Female,Married,Bachelors,Hyderabad,Telangana,India,09-05-2021,True
EMP699I,Vikram,Chauhan,27-11-1969,Male,Married,Bachelors,Chennai,Tamil Nadu,India,27-10-2024,True
EMP700I,Thomas,Williams,31-07-1966,Male,Divorced,Bachelors,Manchester,England,UK,12-08-2024,False
EMP701I,Mary,Brown,14-12-1985,Male,Married,Bachelors,New York,New York,US,02-11-2023,True
EMP702I,Emily,Brown,23-07-1971,Male,Married,Masters,Edinburgh,Scotland,UK,19-02-2017,True
EMP703I,James,Davis,24-04-1995,Female,Married,Bachelors,New York,New York,US,30-07-2019,False
EMP704I,Linda,Williams,22-05-1989,Female,Single,Bachelors,Seattle,Washington,US,14-03-2023,True
EMP705I,Robert,Garcia,17-07-1996,Male,Married,Bachelors,San Francisco,California,US,01-03-2023,False
EMP706I,Jennifer,Johnson,30-07-1994,Female,Single,Bachelors,Austin,Texas,US,24-03-2015,True
EMP707I,Oliver,Thomas,11-11-2000,Male,Married,Bachelors,Birmingham,England,UK,01-01-2020,True
EMP708I,John,Brown,21-05-1997,Male,Married,Bachelors,New York,New York,US,06-06-2018,True
EMP709I,Sanjay,Das,22-10-1990,Male,Married,Masters,New Delhi,Delhi,India,12-02-2024,True
EMP710I,Charlie,Taylor,24-07-2000,Male,Divorced,Bachelors,Birmingham,England,UK,29-08-2017,False
EMP711I,Charlie,Taylor,08-05-1994,Male,Married,Bachelors,Glasgow,Scotland,UK,09-10-2018,True
EMP712I,Barbara,Smith,06-02-1970,Female,Married,Bachelors,Seattle,Washington,US,20-03-2021,True
EMP713I,David,Williams,14-05-1968,Male,Married,Diploma,Chicago,Illinois,US,24-11-2025,True
EMP714I,Amit,Mishra,13-07-1988,Female,Divorced,Masters,Hyderabad,Telangana,India,19-09-2024,True
EMP715I,Elizabeth,Jones,12-11-1967,Male,Single,Bachelors,San Francisco,California,US,31-08-2016,True
EMP716I,Arjun,Gupta,10-11-1999,Female,Single,Masters,Mumbai,Maharashtra,India,25-11-2019,True
EMP717I,Olivia,Taylor,23-04-1988,Male,Married,High School,London,England,UK,15-05-2022,True
EMP718I,Thomas,Brown,06-04-1997,Male,Married,Masters,Glasgow,Scotland,UK,01-08-2021,True
EMP719I,Harry,Brown,03-10-2002,Female,Single,High School,Manchester,England,UK,19-06-2019,True
EMP720I,Priya,Mishra,08-03-1974,Female,Married,Bachelors,Bangalore,Karnataka,India,10-03-2024,False
EMP721I,Sanjay,Singh,22-11-1999,Female,Single,Bachelors,New Delhi,Delhi,India,21-10-2023,True
EMP722I,Neha,Iyer,05-07-1984,Female,Married,Diploma,Hyderabad,Telangana,India,03-01-2026,True
EMP723I,Priya,Nayak,06-06-1973,Male,Single,Diploma,Chennai,Tamil Nadu,India,08-03-2015,True
EMP724I,Sanjay,Chauhan,30-05-1989,Male,Married,High School,Bangalore,Karnataka,India,29-07-2023,True
EMP725I,Isla,Taylor,17-08-1998,Male,Married,Bachelors,Edinburgh,Scotland,UK,19-04-2025,True
EMP726I,Priya,Iyer,01-02-1983,Female,Single,High School,Chennai,Tamil Nadu,India,29-05-2025,False
EMP727I,Michael,Davis,19-02-1965,Male,Single,Masters,Austin,Texas,US,24-04-2023,True
EMP728I,Kiran,Nayak,19-02-2002,Female,Married,Bachelors,New Delhi,Delhi,India,11-11-2020,True
EMP729I,Kiran,Reddy,12-12-1972,Female,Married,Bachelors,Bangalore,Karnataka,India,18-08-2020,True
EMP730I,Linda,Martinez,03-03-1974,Female,Single,Bachelors,New York,New York,US,03-04-2017,True
EMP731I,Neha,Singh,21-11-1965,Female,Married,PhD,Mumbai,Maharashtra,India,04-01-2015,False
EMP732I,Arjun,Das,30-07-1995,Male,Single,Bachelors,Hyderabad,Telangana,India,31-05-2016,True
EMP733I,Arjun,Reddy,26-06-1992,Female,Married,PhD,Chennai,Tamil Nadu,India,22-07-2024,False
EMP734I,Priya,Mishra,23-04-1991,Male,Single,Bachelors,New Delhi,Delhi,India,27-09-2018,True
EMP735I,Oliver,Wilson,19-06-2000,Male,Married,Bachelors,London,England,UK,04-07-2021,True
EMP736I,Amit,Bose,24-11-1988,Female,Married,Bachelors,Chennai,Tamil Nadu,India,20-05-2025,False
EMP737I,Vikram,Das,04-03-1966,Female,Married,Bachelors,Bangalore,Karnataka,India,05-09-2015,True
EMP738I,Oliver,Wilson,22-09-1995,Female,Married,Bachelors,Birmingham,England,UK,12-04-2024,True
EMP739I,Amelia,Evans,10-06-1981,Male,Divorced,Bachelors,Manchester,England,UK,30-12-2021,True
EMP740I,Amit,Iyer,06-07-1976,Male,Married,Bachelors,Hyderabad,Telangana,India,07-01-2016,True
EMP741I,Oliver,Evans,21-02-1983,Male,Married,Bachelors,Manchester,England,UK,12-10-2021,True
EMP742I,Ravi,Singh,03-08-1966,Female,Divorced,Bachelors,Chennai,Tamil Nadu,India,19-06-2017,True
EMP743I,Rakesh,Sharma,04-10-1987,Male,Married,Bachelors,Bangalore,Karnataka,India,25-07-2024,True
EMP744I,Jacob,Roberts,19-10-2000,Female,Married,Masters,Glasgow,Scotland,UK,18-10-2020,False
EMP745I,Amelia,Brown,07-07-2000,Female,Married,Bachelors,London,England,UK,12-09-2016,False
EMP746I,Elizabeth,Garcia,28-02-1968,Male,Single,Masters,Seattle,Washington,US,14-11-2024,True
EMP747I,Rahul,Patel,26-05-1996,Male,Married,Bachelors,Mumbai,Maharashtra,India,10-03-2016,True
EMP748I,Olivia,Roberts,14-08-1980,Female,Single,Bachelors,Edinburgh,Scotland,UK,21-06-2026,True
EMP749I,Amelia,Clark,27-09-1983,Male,Married,Masters,Manchester,England,UK,25-05-2019,True
EMP750I,Vikram,Gupta,10-02-2001,Male,Single,Masters,Bangalore,Karnataka,India,29-07-2015,True
EMP751I,George,Wilson,24-12-1968,Male,Married,Masters,Manchester,England,UK,30-01-2020,True
EMP752I,Olivia,Thomas,17-09-1983,Male,Married,Bachelors,London,England,UK,02-12-2022,True
EMP753I,Sanjay,Nayak,31-07-1979,Male,Married,Masters,Bangalore,Karnataka,India,23-06-2019,False
EMP754I,Olivia,Williams,09-09-1974,Male,Married,Masters,Birmingham,England,UK,06-07-2020,True
EMP755I,Ravi,Chauhan,16-02-1975,Male,Single,Bachelors,Hyderabad,Telangana,India,18-01-2017,False
EMP756I,Elizabeth,Garcia,10-09-1965,Male,Married,Masters,Seattle,Washington,US,22-02-2022,True
EMP757I,Harry,Wilson,21-03-1980,Female,Married,Masters,Birmingham,England,UK,18-12-2018,True
EMP758I,Patricia,Davis,10-11-1967,Female,Single,Bachelors,Seattle,Washington,US,21-11-2017,True
EMP759I,Poppy,Roberts,23-11-1989,Female,Married,Bachelors,Manchester,England,UK,10-04-2015,True
EMP760I,Barbara,Garcia,08-04-1983,Female,Married,Masters,Chicago,Illinois,US,18-10-2015,True
EMP761I,Jennifer,Johnson,20-12-1990,Male,Married,Masters,Austin,Texas,US,28-12-2022,True
EMP762I,Rahul,Chauhan,29-01-1978,Female,Married,Masters,New Delhi,Delhi,India,16-05-2025,True
EMP763I,Harry,Thomas,28-08-1995,Male,Married,Masters,Edinburgh,Scotland,UK,11-03-2019,True
EMP764I,Jennifer,Johnson,25-07-1971,Male,Single,Bachelors,Chicago,Illinois,US,21-12-2022,False
EMP765I,Emily,Taylor,30-07-1991,Female,Divorced,High School,Birmingham,England,UK,20-12-2018,True
EMP766I,Mary,Davis,11-05-1966,Male,Married,Masters,Chicago,Illinois,US,26-05-2017,True
EMP767I,Harry,Wilson,07-10-2000,Male,Single,Masters,Glasgow,Scotland,UK,07-10-2022,True
EMP768I,Linda,Williams,26-06-1988,Female,Married,Masters,San Francisco,California,US,23-01-2017,True
EMP769I,Olivia,Evans,11-03-1990,Female,Married,Bachelors,Glasgow,Scotland,UK,05-12-2022,True
EMP770I,Amelia,Wilson,22-01-1999,Female,Married,Masters,Manchester,England,UK,07-03-2022,True
EMP771I,Jack,Evans,10-02-1995,Male,Single,Bachelors,Manchester,England,UK,11-06-2025,True
EMP772I,Amelia,Roberts,27-04-1982,Male,Single,Bachelors,Manchester,England,UK,02-10-2020,True
EMP773I,Harry,Thomas,25-03-2004,Female,Married,Masters,Glasgow,Scotland,UK,11-10-2018,True
EMP774I,William,Miller,02-02-1968,Female,Married,Bachelors,San Francisco,California,US,22-05-2022,False
EMP775I,Patricia,Davis,04-11-1969,Male,Single,Masters,Austin,Texas,US,02-08-2018,True
EMP776I,Rakesh,Iyer,23-07-1968,Male,Single,Bachelors,Mumbai,Maharashtra,India,29-04-2015,True
EMP777I,Linda,Davis,23-08-1994,Male,Divorced,Bachelors,Chicago,Illinois,US,20-08-2016,True
EMP778I,Isla,Jones,31-05-1983,Male,Single,Diploma,Manchester,England,UK,05-06-2023,True
EMP779I,John,Williams,08-08-1992,Female,Single,Diploma,Seattle,Washington,US,21-06-2022,False
EMP780I,George,Evans,29-10-2003,Male,Married,Masters,Glasgow,Scotland,UK,19-08-2023,True
EMP781I,Thomas,Jones,12-06-2002,Male,Married,Masters,Manchester,England,UK,05-11-2015,True
EMP782I,Anjali,Verma,29-04-1974,Female,Married,Bachelors,Bangalore,Karnataka,India,25-05-2017,True
EMP783I,Patricia,Davis,14-12-1987,Female,Married,Masters,Austin,Texas,US,25-10-2017,True
EMP784I,David,Johnson,05-07-1998,Female,Single,Masters,New York,New York,US,01-11-2023,True
EMP785I,Sneha,Das,06-02-1973,Female,Divorced,Bachelors,New Delhi,Delhi,India,24-09-2025,False
EMP786I,David,Brown,28-05-2004,Female,Married,Masters,New York,New York,US,13-08-2016,True
EMP787I,Sneha,Gupta,26-09-1990,Male,Single,PhD,Chennai,Tamil Nadu,India,30-03-2023,True
EMP788I,Jacob,Clark,18-12-2004,Male,Single,Masters,Manchester,England,UK,27-04-2019,True
EMP789I,Jennifer,Jones,13-03-1967,Male,Married,Bachelors,Chicago,Illinois,US,15-11-2025,True
EMP790I,George,Taylor,14-05-1987,Male,Divorced,Masters,London,England,UK,11-04-2015,True
EMP791I,Isla,Roberts,01-08-1986,Male,Divorced,Bachelors,Edinburgh,Scotland,UK,19-11-2018,True
EMP792I,Michael,Johnson,27-04-1986,Male,Divorced,PhD,New York,New York,US,17-05-2024,True
EMP793I,Mary,Rodriguez,25-11-2000,Male,Married,Bachelors,Chicago,Illinois,US,08-03-2018,True
EMP794I,Robert,Garcia,12-03-1987,Male,Single,Bachelors,Seattle,Washington,US,28-11-2016,True
EMP795I,William,Rodriguez,10-12-1974,Female,Married,Bachelors,Austin,Texas,US,09-06-2026,False
EMP796I,Neha,Bose,18-07-2001,Female,Divorced,Bachelors,Hyderabad,Telangana,India,03-04-2017,True
EMP797I,Patricia,Miller,11-07-1996,Male,Single,Bachelors,Seattle,Washington,US,01-10-2020,True
EMP798I,James,Williams,10-10-1967,Male,Single,Bachelors,Chicago,Illinois,US,14-07-2019,True
EMP799I,Rahul,Bose,16-06-1966,Male,Married,Bachelors,Mumbai,Maharashtra,India,14-11-2018,True
EMP800I,Poppy,Davies,22-07-1968,Male,Single,Masters,Glasgow,Scotland,UK,05-05-2020,True
EMP801I,Priya,Singh,10-03-1988,Female,Married,Masters,Mumbai,Maharashtra,India,05-08-2022,True
EMP802I,Linda,Jones,22-12-1992,Male,Married,Masters,Seattle,Washington,US,26-06-2017,True
EMP803I,Priya,Sharma,11-07-2004,Male,Married,Bachelors,Hyderabad,Telangana,India,10-06-2024,True
EMP804I,John,Johnson,19-07-1997,Female,Single,Masters,Seattle,Washington,US,19-08-2023,True
EMP805I,Harry,Evans,12-03-1986,Female,Single,Bachelors,Edinburgh,Scotland,UK,22-11-2023,False
EMP806I,Poppy,Clark,13-01-1974,Female,Married,Bachelors,Edinburgh,Scotland,UK,30-07-2020,True
EMP807I,Thomas,Evans,08-03-1969,Female,Married,Bachelors,Manchester,England,UK,30-04-2019,False
EMP808I,Pooja,Mishra,04-07-1983,Female,Divorced,Diploma,New Delhi,Delhi,India,05-11-2016,True
EMP809I,Michael,Williams,04-05-1991,Male,Married,Bachelors,San Francisco,California,US,23-08-2022,True
EMP810I,John,Brown,13-07-1971,Female,Married,Bachelors,New York,New York,US,31-08-2019,True
EMP811I,Neha,Bose,18-06-1999,Male,Divorced,Masters,New Delhi,Delhi,India,22-10-2022,True
EMP812I,Emily,Davies,23-12-1976,Male,Married,Bachelors,London,England,UK,04-01-2018,True
EMP813I,Charlie,Taylor,29-08-1974,Female,Married,PhD,Glasgow,Scotland,UK,04-10-2020,True
EMP814I,Patricia,Rodriguez,12-08-1992,Female,Single,Bachelors,Seattle,Washington,US,19-12-2022,False
EMP815I,Mary,Rodriguez,03-08-1972,Male,Married,Masters,Seattle,Washington,US,27-10-2017,True
EMP816I,Emily,Thomas,13-04-1988,Male,Single,Diploma,Edinburgh,Scotland,UK,01-04-2020,True
EMP817I,Jennifer,Johnson,01-06-1982,Female,Married,Bachelors,Chicago,Illinois,US,26-09-2017,True
EMP818I,William,Smith,09-04-1994,Male,Married,Bachelors,Seattle,Washington,US,18-07-2015,True
EMP819I,Barbara,Johnson,22-11-1983,Male,Divorced,Masters,Austin,Texas,US,17-02-2019,False
EMP820I,Oliver,Williams,01-04-1972,Male,Married,Diploma,London,England,UK,30-08-2018,True
EMP821I,William,Jones,12-08-1968,Female,Married,PhD,Chicago,Illinois,US,11-08-2026,False
EMP822I,Kiran,Patel,21-07-1999,Male,Single,Masters,Mumbai,Maharashtra,India,07-06-2022,True
EMP823I,Kavita,Kumar,07-04-2003,Female,Married,Bachelors,Bangalore,Karnataka,India,03-02-2016,True
EMP824I,Patricia,Miller,03-10-1981,Male,Single,Bachelors,Austin,Texas,US,23-01-2016,True
EMP825I,Manish,Kumar,19-06-1991,Female,Married,Diploma,Mumbai,Maharashtra,India,23-09-2019,True
EMP826I,Anjali,Nayak,19-03-1981,Female,Single,High School,Chennai,Tamil Nadu,India,11-06-2018,True
EMP827I,Sneha,Kumari,27-04-1997,Female,Married,Diploma,Hyderabad,Telangana,India,10-12-2016,True
EMP828I,Kavita,Gupta,19-12-1997,Female,Divorced,Masters,New Delhi,Delhi,India,29-06-2019,True
EMP829I,Linda,Rodriguez,27-04-1976,Male,Single,Masters,New York,New York,US,21-03-2026,True
EMP830I,Jack,Taylor,11-03-1973,Male,Single,Masters,London,England,UK,25-11-2023,True
EMP831I,Robert,Garcia,27-07-1981,Female,Single,Bachelors,Austin,Texas,US,02-11-2016,True
EMP832I,Mary,Rodriguez,24-11-1980,Female,Single,Masters,San Francisco,California,US,28-11-2021,False
EMP833I,Linda,Johnson,02-09-1997,Female,Married,Bachelors,New York,New York,US,16-09-2024,False
EMP834I,Thomas,Taylor,17-09-1995,Male,Married,Masters,Glasgow,Scotland,UK,16-11-2025,True
EMP835I,Poppy,Brown,04-07-1986,Female,Divorced,Bachelors,Edinburgh,Scotland,UK,12-09-2024,True
EMP836I,Michael,Williams,21-09-1995,Female,Married,Bachelors,San Francisco,California,US,16-01-2021,True
EMP837I,Thomas,Davies,24-01-1985,Female,Married,High School,Manchester,England,UK,04-09-2016,True
EMP838I,Jack,Clark,20-09-1983,Female,Married,Bachelors,London,England,UK,02-10-2017,True
EMP839I,Vikram,Bose,27-07-1995,Male,Single,Masters,Bangalore,Karnataka,India,04-07-2016,True
EMP840I,Barbara,Smith,26-07-1988,Male,Married,Bachelors,Seattle,Washington,US,05-04-2017,True
EMP841I,George,Brown,21-03-1987,Male,Married,High School,Manchester,England,UK,08-06-2021,False
EMP842I,Barbara,Brown,04-06-1979,Female,Divorced,Bachelors,Chicago,Illinois,US,14-04-2025,True
EMP843I,Robert,Smith,10-10-1991,Female,Married,Masters,New York,New York,US,25-06-2015,False
EMP844I,Anjali,Sharma,29-05-1979,Female,Single,Bachelors,Chennai,Tamil Nadu,India,31-08-2017,True
EMP845I,Oliver,Thomas,26-10-1979,Female,Single,Diploma,Birmingham,England,UK,06-07-2016,True
EMP846I,Poppy,Roberts,22-12-1972,Female,Married,PhD,Birmingham,England,UK,17-08-2021,True
EMP847I,Vikram,Das,01-06-1982,Male,Single,Bachelors,Hyderabad,Telangana,India,23-04-2016,True
EMP848I,William,Williams,19-07-1991,Male,Married,Bachelors,New York,New York,US,09-02-2018,True
EMP849I,David,Davis,02-09-1973,Male,Single,Bachelors,Austin,Texas,US,22-04-2015,True
EMP850I,John,Johnson,13-04-1991,Male,Single,Bachelors,Austin,Texas,US,08-06-2023,True
EMP851I,Priya,Gupta,19-06-2000,Male,Single,Diploma,Bangalore,Karnataka,India,14-04-2026,True
EMP852I,Ravi,Iyer,23-11-1969,Female,Married,Bachelors,New Delhi,Delhi,India,24-08-2024,True
EMP853I,Barbara,Smith,05-09-1984,Female,Single,High School,Chicago,Illinois,US,03-04-2019,True
EMP854I,Manish,Kumari,01-06-1999,Female,Married,Bachelors,Mumbai,Maharashtra,India,22-07-2015,False
EMP855I,Thomas,Evans,14-06-1978,Female,Married,Bachelors,Edinburgh,Scotland,UK,25-06-2022,True
EMP856I,Ravi,Kumari,16-03-2003,Female,Single,Masters,New Delhi,Delhi,India,04-11-2016,True
EMP857I,Amelia,Clark,21-09-1980,Male,Married,Bachelors,London,England,UK,04-06-2025,False
EMP858I,Emily,Davies,20-07-1998,Male,Married,Bachelors,London,England,UK,14-04-2017,True
EMP859I,John,Williams,28-09-1975,Male,Married,High School,Austin,Texas,US,27-11-2017,True
EMP860I,Kavita,Iyer,14-06-1979,Female,Married,Bachelors,Hyderabad,Telangana,India,16-12-2018,True
EMP861I,Priya,Chauhan,25-11-1967,Male,Married,Bachelors,Hyderabad,Telangana,India,13-01-2020,True
EMP862I,Thomas,Clark,23-06-1969,Female,Married,Bachelors,Glasgow,Scotland,UK,04-09-2024,True
EMP863I,Linda,Martinez,05-01-1968,Male,Single,Masters,Austin,Texas,US,02-09-2016,True
EMP864I,William,Davis,05-08-1974,Female,Married,Bachelors,Seattle,Washington,US,17-07-2015,True
EMP865I,William,Johnson,31-01-1969,Female,Single,Bachelors,New York,New York,US,13-03-2019,True
EMP866I,William,Miller,10-04-1967,Male,Single,PhD,New York,New York,US,05-04-2018,True
EMP867I,Patricia,Jones,25-10-1993,Female,Married,Bachelors,Chicago,Illinois,US,06-01-2017,True
EMP868I,Sneha,Nayak,17-12-1991,Female,Divorced,Masters,Chennai,Tamil Nadu,India,08-07-2025,True
EMP869I,Vikram,Patel,09-09-1998,Male,Single,High School,Bangalore,Karnataka,India,05-10-2024,True
EMP870I,Poppy,Williams,28-08-1998,Male,Divorced,Diploma,London,England,UK,27-03-2017,True
EMP871I,Elizabeth,Jones,01-12-1983,Female,Single,Masters,Austin,Texas,US,06-02-2026,True
EMP872I,Rahul,Das,22-04-1993,Female,Married,Bachelors,Hyderabad,Telangana,India,18-11-2022,True
EMP873I,Priya,Bose,15-03-1997,Male,Married,Bachelors,New Delhi,Delhi,India,03-03-2021,True
EMP874I,Manish,Das,05-02-2000,Male,Single,Bachelors,Bangalore,Karnataka,India,10-05-2020,True
EMP875I,Neha,Iyer,05-08-2000,Male,Single,Bachelors,New Delhi,Delhi,India,05-12-2015,True
EMP876I,Rahul,Bose,17-03-1996,Female,Divorced,High School,Hyderabad,Telangana,India,18-04-2024,True
EMP877I,David,Garcia,10-06-1971,Male,Single,Diploma,New York,New York,US,08-02-2026,True
EMP878I,Olivia,Thomas,05-11-1989,Female,Married,Masters,Manchester,England,UK,24-01-2019,True
EMP879I,Rakesh,Iyer,30-04-2000,Female,Married,Diploma,New Delhi,Delhi,India,11-04-2016,True
EMP880I,Linda,Miller,10-10-1991,Female,Divorced,Bachelors,San Francisco,California,US,04-10-2021,True
EMP881I,Pooja,Das,24-10-1972,Male,Single,Bachelors,Hyderabad,Telangana,India,21-03-2023,True
EMP882I,Amit,Reddy,25-07-1983,Female,Married,Masters,Mumbai,Maharashtra,India,25-05-2025,True
EMP883I,Emily,Williams,07-09-1965,Female,Married,Masters,Birmingham,England,UK,13-09-2017,True
EMP884I,George,Taylor,17-05-1975,Male,Single,Bachelors,London,England,UK,11-07-2020,True
EMP885I,Emily,Evans,15-11-1997,Female,Single,Masters,Edinburgh,Scotland,UK,05-03-2021,True
EMP886I,Thomas,Davies,29-11-1985,Male,Single,Bachelors,Glasgow,Scotland,UK,16-03-2019,True
EMP887I,Sneha,Das,17-11-1970,Male,Divorced,Bachelors,New Delhi,Delhi,India,23-10-2015,True
EMP888I,George,Davies,21-08-1996,Male,Married,Bachelors,London,England,UK,17-02-2024,True
EMP889I,Kiran,Das,16-01-1991,Male,Single,Bachelors,New Delhi,Delhi,India,29-08-2015,False
EMP890I,Jennifer,Miller,02-07-1994,Male,Married,PhD,Chicago,Illinois,US,05-12-2022,True
EMP891I,Harry,Thomas,20-02-1991,Female,Single,Masters,Edinburgh,Scotland,UK,15-11-2019,False
EMP892I,Vikram,Gupta,14-04-2003,Male,Divorced,Bachelors,Chennai,Tamil Nadu,India,01-02-2025,True
EMP893I,Linda,Brown,15-07-1994,Male,Single,Bachelors,Chicago,Illinois,US,18-06-2022,True
EMP894I,Manish,Bose,22-03-1997,Male,Single,High School,Mumbai,Maharashtra,India,19-03-2026,True
EMP895I,Emily,Davies,26-02-2002,Female,Married,PhD,Birmingham,England,UK,26-07-2023,True
EMP896I,Michael,Davis,19-06-1997,Male,Married,Masters,San Francisco,California,US,19-03-2022,True
EMP897I,Patricia,Davis,09-07-2002,Female,Divorced,Bachelors,Austin,Texas,US,23-03-2025,True
EMP898I,Emily,Williams,19-06-1966,Male,Married,Bachelors,Birmingham,England,UK,13-03-2019,True
EMP899I,Arjun,Iyer,19-10-1996,Female,Single,Masters,Bangalore,Karnataka,India,21-08-2025,False
EMP900I,George,Brown,27-06-1984,Female,Divorced,PhD,Birmingham,England,UK,12-02-2026,True
EMP901I,James,Davis,24-05-1965,Female,Married,Masters,New York,New York,US,04-11-2019,True
EMP902I,Jack,Wilson,26-05-2002,Female,Single,Masters,Edinburgh,Scotland,UK,06-06-2016,True
EMP903I,Robert,Johnson,05-02-1982,Female,Divorced,Bachelors,Seattle,Washington,US,15-03-2019,False
EMP904I,Sneha,Bose,25-04-2000,Male,Married,Bachelors,Bangalore,Karnataka,India,08-04-2024,True
EMP905I,George,Taylor,20-05-1988,Female,Single,Masters,Edinburgh,Scotland,UK,27-08-2015,True
EMP906I,Anjali,Bose,17-03-1985,Male,Married,Masters,Bangalore,Karnataka,India,20-05-2018,True
EMP907I,David,Davis,23-01-1967,Male,Single,Bachelors,New York,New York,US,27-04-2021,True
EMP908I,Elizabeth,Brown,09-07-1998,Female,Married,Diploma,Austin,Texas,US,10-07-2020,True
EMP909I,Thomas,Taylor,12-06-1989,Male,Married,Bachelors,London,England,UK,17-08-2019,True
EMP910I,Elizabeth,Johnson,27-10-1998,Male,Married,Masters,Seattle,Washington,US,19-06-2024,True
EMP911I,Kiran,Iyer,30-06-1992,Male,Single,Bachelors,Bangalore,Karnataka,India,10-05-2016,True
EMP912I,John,Brown,25-08-1975,Female,Single,Bachelors,New York,New York,US,02-12-2023,True
EMP913I,William,Jones,06-09-2004,Female,Married,Diploma,Seattle,Washington,US,20-11-2023,True
EMP914I,James,Miller,08-05-1999,Male,Single,Masters,Chicago,Illinois,US,10-02-2022,True
EMP915I,Arjun,Bose,18-07-1970,Male,Married,Masters,Chennai,Tamil Nadu,India,14-01-2017,True
EMP916I,Manish,Nayak,13-10-1988,Female,Married,Bachelors,Bangalore,Karnataka,India,01-05-2022,True
EMP917I,Pooja,Iyer,22-03-1975,Female,Single,Masters,Mumbai,Maharashtra,India,25-02-2016,True
EMP918I,Sneha,Bose,17-06-1993,Male,Single,Bachelors,Hyderabad,Telangana,India,17-05-2015,True
EMP919I,John,Rodriguez,19-10-1975,Female,Married,High School,San Francisco,California,US,29-06-2016,True
EMP920I,Manish,Reddy,10-01-2004,Female,Married,Bachelors,New Delhi,Delhi,India,21-01-2024,True
EMP921I,Jacob,Thomas,18-12-1999,Male,Single,Bachelors,Glasgow,Scotland,UK,29-01-2024,True
EMP922I,Oliver,Clark,19-02-1998,Male,Married,High School,London,England,UK,23-07-2026,True
EMP923I,Emily,Brown,08-11-1981,Female,Single,Bachelors,Edinburgh,Scotland,UK,16-02-2022,True
EMP924I,Amelia,Jones,05-01-1989,Male,Married,Bachelors,Glasgow,Scotland,UK,27-06-2021,True
EMP925I,Charlie,Taylor,19-08-1971,Female,Divorced,Bachelors,Edinburgh,Scotland,UK,24-05-2023,True
EMP926I,Robert,Smith,10-11-1969,Male,Single,Diploma,San Francisco,California,US,11-08-2017,False
EMP927I,Sneha,Nayak,03-06-1984,Female,Married,Masters,Mumbai,Maharashtra,India,26-04-2015,True
EMP928I,Robert,Miller,27-01-1998,Female,Single,PhD,Seattle,Washington,US,15-11-2021,True
EMP929I,Linda,Miller,04-03-1985,Female,Single,Bachelors,Chicago,Illinois,US,13-09-2025,True
EMP930I,Anjali,Singh,26-03-1973,Male,Married,Bachelors,Mumbai,Maharashtra,India,01-05-2026,False
EMP931I,Sanjay,Kumar,04-08-1991,Female,Single,Masters,Hyderabad,Telangana,India,28-02-2022,True
EMP932I,Amelia,Roberts,07-08-1969,Male,Single,Bachelors,Edinburgh,Scotland,UK,20-12-2023,True
EMP933I,Priya,Verma,19-06-1984,Male,Single,Masters,Mumbai,Maharashtra,India,26-05-2015,True
EMP934I,William,Rodriguez,04-04-1965,Female,Single,Bachelors,San Francisco,California,US,08-11-2015,True
EMP935I,Manish,Kumar,18-06-1967,Female,Married,Masters,Hyderabad,Telangana,India,29-05-2015,True
EMP936I,Olivia,Davies,07-08-2003,Female,Married,Masters,Edinburgh,Scotland,UK,24-05-2018,True
EMP937I,Mary,Davis,27-05-1981,Male,Single,Bachelors,Austin,Texas,US,06-03-2023,True
EMP938I,Robert,Johnson,19-10-1976,Female,Married,Bachelors,Austin,Texas,US,21-05-2018,True
EMP939I,Isla,Wilson,04-06-2002,Female,Married,Bachelors,Manchester,England,UK,04-11-2020,True
EMP940I,Jack,Roberts,30-01-1965,Male,Single,Bachelors,Glasgow,Scotland,UK,05-05-2025,True
EMP941I,Robert,Williams,15-05-1991,Female,Married,Bachelors,Austin,Texas,US,02-10-2022,True
EMP942I,Jack,Brown,25-03-1992,Male,Single,Bachelors,Glasgow,Scotland,UK,26-06-2017,True
EMP943I,Kiran,Singh,28-01-1987,Male,Single,Bachelors,Hyderabad,Telangana,India,01-01-2017,False
EMP944I,Jennifer,Jones,21-08-1985,Male,Married,Bachelors,New York,New York,US,09-02-2021,True
EMP945I,Patricia,Jones,19-05-1982,Female,Married,Masters,New York,New York,US,14-05-2018,True
EMP946I,George,Taylor,08-09-1995,Male,Single,Bachelors,Edinburgh,Scotland,UK,11-12-2016,True
EMP947I,Amit,Reddy,17-08-1987,Female,Single,Bachelors,New Delhi,Delhi,India,01-06-2019,True
EMP948I,William,Rodriguez,06-02-2003,Female,Married,Bachelors,Chicago,Illinois,US,18-07-2015,True
EMP949I,James,Smith,19-02-1981,Male,Married,Bachelors,Austin,Texas,US,27-09-2021,True
EMP950I,Rahul,Patel,03-05-1970,Male,Single,Masters,Chennai,Tamil Nadu,India,23-10-2018,True
EMP951I,Thomas,Evans,13-12-1966,Female,Single,Bachelors,Birmingham,England,UK,03-06-2019,True
EMP952I,Jennifer,Rodriguez,04-08-1991,Male,Married,Diploma,San Francisco,California,US,06-09-2019,True
EMP953I,Oliver,Thomas,17-05-1979,Male,Married,Masters,London,England,UK,24-08-2017,True
EMP954I,Elizabeth,Davis,08-07-2002,Male,Married,Bachelors,New York,New York,US,03-07-2025,True
EMP955I,Jacob,Wilson,31-07-1999,Female,Married,Bachelors,London,England,UK,25-04-2021,False
EMP956I,Sneha,Patel,08-06-1992,Female,Single,Masters,Mumbai,Maharashtra,India,14-11-2024,True
EMP957I,Jacob,Clark,20-07-1984,Male,Single,Masters,Birmingham,England,UK,29-09-2019,True
EMP958I,Emily,Brown,15-06-1976,Female,Married,Diploma,Glasgow,Scotland,UK,28-07-2023,True
EMP959I,David,Miller,29-07-1979,Male,Married,Diploma,San Francisco,California,US,17-04-2016,True
EMP960I,John,Rodriguez,28-08-2004,Female,Single,Masters,Seattle,Washington,US,16-07-2024,True
EMP961I,Neha,Patel,27-11-1983,Male,Married,Bachelors,Mumbai,Maharashtra,India,14-08-2015,True
EMP962I,Mary,Williams,03-06-1966,Male,Married,Bachelors,San Francisco,California,US,22-09-2016,True
EMP963I,Oliver,Thomas,16-01-1986,Female,Single,Bachelors,Edinburgh,Scotland,UK,11-01-2017,False
EMP964I,Manish,Nayak,06-09-1974,Male,Single,Masters,Hyderabad,Telangana,India,03-07-2020,True
EMP965I,Mary,Davis,14-02-1996,Female,Married,Bachelors,Austin,Texas,US,14-08-2024,True
EMP966I,Kiran,Iyer,01-12-1995,Male,Single,Masters,New Delhi,Delhi,India,05-12-2023,True
EMP967I,Kiran,Nayak,08-11-1984,Male,Married,Bachelors,Chennai,Tamil Nadu,India,06-05-2025,True
EMP968I,Amelia,Roberts,22-08-1993,Male,Married,Bachelors,Edinburgh,Scotland,UK,01-11-2016,True
EMP969I,Robert,Williams,03-10-1989,Female,Divorced,Bachelors,San Francisco,California,US,01-08-2016,True
EMP970I,John,Davis,03-03-1977,Male,Married,Masters,Seattle,Washington,US,17-12-2019,True
EMP971I,Jack,Davies,09-04-1966,Female,Single,Bachelors,Birmingham,England,UK,10-07-2019,False
EMP972I,Rahul,Patel,03-01-1980,Female,Single,Diploma,New Delhi,Delhi,India,07-08-2023,True
EMP973I,John,Williams,07-12-1979,Male,Married,Bachelors,Seattle,Washington,US,19-02-2021,True
EMP974I,James,Davis,12-05-1994,Female,Divorced,Bachelors,Austin,Texas,US,09-02-2023,True
EMP975I,Jennifer,Rodriguez,19-09-1971,Male,Married,Masters,San Francisco,California,US,07-06-2015,False
EMP976I,Amit,Sharma,26-11-1974,Male,Single,Diploma,Mumbai,Maharashtra,India,10-06-2018,True
EMP977I,Amelia,Clark,26-12-1986,Male,Married,Masters,Edinburgh,Scotland,UK,19-05-2020,True
EMP978I,William,Martinez,25-10-1977,Female,Divorced,Masters,San Francisco,California,US,31-08-2016,True
EMP979I,Michael,Jones,18-09-2000,Female,Married,Masters,Seattle,Washington,US,28-09-2019,True
EMP980I,Arjun,Gupta,23-10-2003,Male,Single,Bachelors,Chennai,Tamil Nadu,India,14-01-2023,True
EMP981I,Isla,Taylor,25-08-2002,Male,Married,Bachelors,Birmingham,England,UK,13-02-2026,True
EMP982I,James,Jones,27-03-1972,Female,Married,Bachelors,New York,New York,US,18-01-2018,False
EMP983I,Emily,Brown,22-02-1986,Female,Single,Bachelors,London,England,UK,07-03-2015,True
EMP984I,John,Miller,11-08-1982,Female,Married,Masters,San Francisco,California,US,23-03-2025,False
EMP985I,Sneha,Das,20-10-1995,Male,Married,Bachelors,Bangalore,Karnataka,India,22-04-2016,True
EMP986I,Patricia,Williams,08-09-1990,Male,Divorced,Masters,Chicago,Illinois,US,26-04-2023,True
EMP987I,Michael,Miller,14-01-1966,Male,Single,Bachelors,New York,New York,US,14-05-2026,True
EMP988I,Amelia,Taylor,26-03-1986,Male,Single,Diploma,Edinburgh,Scotland,UK,06-01-2023,False
EMP989I,Arjun,Sharma,22-02-1980,Female,Single,Masters,Bangalore,Karnataka,India,29-05-2017,True
EMP990I,Charlie,Taylor,24-04-1979,Male,Married,Bachelors,London,England,UK,30-08-2025,True
EMP991I,Isla,Brown,18-06-1998,Male,Married,Masters,Birmingham,England,UK,24-03-2021,True
EMP992I,George,Brown,02-10-1985,Male,Single,Bachelors,Glasgow,Scotland,UK,13-11-2015,True
EMP993I,John,Brown,23-11-1965,Female,Single,Bachelors,Chicago,Illinois,US,09-03-2023,False
EMP994I,Charlie,Davies,06-08-1965,Male,Single,High School,London,England,UK,06-03-2026,True
EMP995I,Amelia,Williams,02-04-1965,Male,Married,Masters,Glasgow,Scotland,UK,05-06-2021,True
EMP996I,Mary,Jones,15-08-1981,Female,Married,Bachelors,San Francisco,California,US,08-07-2015,False
EMP997I,Elizabeth,Miller,02-01-1969,Female,Married,Bachelors,San Francisco,California,US,30-01-2026,True
EMP998I,Linda,Rodriguez,25-04-1992,Male,Single,Masters,New York,New York,US,27-01-2018,True
EMP999I,George,Jones,25-07-1984,Male,Single,Bachelors,Edinburgh,Scotland,UK,29-10-2020,True
EMP001J,Isla,Roberts,15-02-1976,Male,Divorced,Bachelors,London,England,UK,15-09-2024,True
EMP002J,Neha,Bose,27-08-1986,Female,Married,Masters,New Delhi,Delhi,India,11-06-2018,True
EMP003J,Harry,Taylor,22-11-1980,Male,Married,Diploma,Manchester,England,UK,23-01-2026,True
EMP004J,David,Rodriguez,13-06-1973,Male,Single,PhD,Chicago,Illinois,US,12-08-2026,True
EMP005J,Harry,Davies,31-10-1991,Male,Single,Masters,Glasgow,Scotland,UK,30-05-2024,True
EMP006J,Priya,Sharma,10-03-1981,Female,Married,Bachelors,New Delhi,Delhi,India,20-10-2019,True
EMP007J,Arjun,Iyer,08-09-1990,Male,Single,Masters,Mumbai,Maharashtra,India,05-09-2016,False
EMP008J,Charlie,Brown,09-02-1994,Male,Single,Masters,Manchester,England,UK,20-10-2021,True
EMP009J,Jack,Taylor,04-04-2004,Male,Married,PhD,Manchester,England,UK,30-06-2020,True
EMP010J,Rakesh,Verma,03-04-1994,Female,Married,PhD,New Delhi,Delhi,India,15-06-2021,True
EMP011J,Harry,Clark,12-05-1998,Female,Married,Bachelors,Manchester,England,UK,14-01-2026,True
EMP012J,Jacob,Roberts,16-06-1972,Male,Divorced,Masters,Birmingham,England,UK,04-12-2018,True
EMP013J,Poppy,Brown,08-12-1965,Female,Divorced,Bachelors,Edinburgh,Scotland,UK,18-05-2016,True
EMP014J,Sneha,Kumari,01-08-1976,Female,Married,Diploma,New Delhi,Delhi,India,19-09-2018,True
EMP015J,Michael,Rodriguez,29-10-1983,Male,Single,High School,San Francisco,California,US,12-03-2026,True
EMP016J,Robert,Garcia,28-03-1967,Male,Single,Masters,San Francisco,California,US,31-03-2017,True
EMP017J,Jack,Clark,28-07-1972,Female,Single,Diploma,Manchester,England,UK,17-10-2018,True
EMP018J,Kavita,Iyer,04-08-1966,Male,Single,Bachelors,Bangalore,Karnataka,India,21-10-2018,False
EMP019J,Sanjay,Kumari,15-09-1988,Female,Married,Bachelors,New Delhi,Delhi,India,16-12-2023,True
EMP020J,Rakesh,Bose,11-11-2002,Female,Married,Masters,Mumbai,Maharashtra,India,08-01-2015,True
EMP021J,William,Rodriguez,05-10-1987,Female,Married,Bachelors,New York,New York,US,26-03-2018,True
EMP022J,Rakesh,Nayak,19-09-1990,Female,Single,Masters,Mumbai,Maharashtra,India,03-10-2025,True
EMP023J,Isla,Wilson,28-12-1978,Male,Divorced,Diploma,Edinburgh,Scotland,UK,12-11-2022,True
EMP024J,Olivia,Brown,16-08-2003,Female,Married,Diploma,Manchester,England,UK,25-12-2024,True
EMP025J,Poppy,Jones,21-08-1993,Female,Married,Masters,Edinburgh,Scotland,UK,07-06-2023,False
EMP026J,Jacob,Davies,29-01-1993,Male,Married,Bachelors,Birmingham,England,UK,16-12-2020,False
EMP027J,Michael,Rodriguez,13-08-1982,Female,Married,PhD,San Francisco,California,US,12-02-2026,True
EMP028J,Patricia,Jones,07-04-1970,Male,Married,Masters,Austin,Texas,US,30-12-2015,True
EMP029J,Isla,Jones,15-12-1977,Male,Single,Masters,Glasgow,Scotland,UK,26-10-2015,True
EMP030J,Isla,Wilson,29-10-1983,Female,Married,Masters,London,England,UK,10-06-2025,True
EMP031J,David,Jones,17-08-1988,Male,Single,PhD,Chicago,Illinois,US,16-03-2018,True
EMP032J,Manish,Kumar,13-08-1978,Male,Divorced,Bachelors,Mumbai,Maharashtra,India,23-09-2025,True
EMP033J,Barbara,Davis,28-03-1985,Male,Married,Bachelors,Austin,Texas,US,18-12-2020,True
EMP034J,Oliver,Roberts,26-07-1997,Male,Single,Bachelors,Glasgow,Scotland,UK,01-09-2017,True
EMP035J,Amit,Chauhan,24-03-1990,Male,Married,Masters,New Delhi,Delhi,India,07-06-2026,True
EMP036J,Michael,Miller,09-04-1968,Male,Married,High School,Chicago,Illinois,US,17-07-2021,True
EMP037J,Sanjay,Gupta,30-11-1980,Male,Single,Masters,Bangalore,Karnataka,India,18-10-2021,True
EMP038J,Priya,Kumari,21-08-1965,Female,Single,Diploma,Chennai,Tamil Nadu,India,25-03-2023,True
EMP039J,George,Williams,03-06-1967,Female,Divorced,High School,Edinburgh,Scotland,UK,16-09-2025,True
EMP040J,Neha,Sharma,21-04-1999,Male,Married,High School,Mumbai,Maharashtra,India,19-05-2020,True
EMP041J,Sanjay,Bose,31-07-1986,Female,Single,Masters,New Delhi,Delhi,India,08-03-2017,False
EMP042J,Rakesh,Kumari,14-11-1967,Female,Single,Diploma,New Delhi,Delhi,India,07-06-2022,True
EMP043J,Robert,Miller,13-10-2001,Male,Single,Bachelors,Seattle,Washington,US,03-06-2019,True
EMP044J,William,Martinez,29-09-1974,Female,Married,Diploma,Seattle,Washington,US,18-04-2020,True
EMP045J,Priya,Sharma,17-04-1974,Female,Single,High School,New Delhi,Delhi,India,19-09-2024,True
EMP046J,Oliver,Williams,28-07-2002,Female,Married,PhD,London,England,UK,11-12-2018,False
EMP047J,Sanjay,Kumar,04-04-2000,Female,Married,Bachelors,Bangalore,Karnataka,India,02-08-2026,True
EMP048J,Emily,Thomas,17-03-2002,Male,Single,Diploma,Birmingham,England,UK,26-03-2018,True
EMP049J,Rakesh,Singh,23-02-1999,Male,Married,Bachelors,Hyderabad,Telangana,India,20-05-2021,True
EMP050J,Patricia,Smith,14-06-1981,Male,Married,Bachelors,Seattle,Washington,US,07-09-2018,True
EMP051J,Sneha,Verma,24-03-1965,Female,Single,Diploma,Bangalore,Karnataka,India,22-11-2022,True
EMP052J,Harry,Williams,05-01-1994,Male,Single,Diploma,Edinburgh,Scotland,UK,18-06-2018,True
EMP053J,David,Martinez,27-12-1970,Female,Single,Masters,Chicago,Illinois,US,26-09-2025,True
EMP054J,Anjali,Iyer,24-04-1977,Female,Single,Diploma,Bangalore,Karnataka,India,19-07-2015,True
EMP055J,Harry,Wilson,12-01-1987,Male,Single,Bachelors,London,England,UK,18-08-2025,True
EMP056J,Jacob,Clark,14-11-1998,Female,Married,Bachelors,Glasgow,Scotland,UK,30-01-2015,True
EMP057J,Sanjay,Kumar,18-01-1966,Female,Single,Bachelors,Mumbai,Maharashtra,India,08-07-2024,True
EMP058J,Poppy,Taylor,22-11-1977,Male,Married,Bachelors,Birmingham,England,UK,21-07-2018,False
EMP059J,William,Johnson,11-05-1983,Male,Married,PhD,New York,New York,US,25-12-2019,True
EMP060J,Barbara,Brown,20-06-1974,Male,Married,Masters,San Francisco,California,US,09-04-2017,True
EMP061J,Patricia,Williams,22-10-1965,Female,Married,Masters,Austin,Texas,US,14-01-2021,True
EMP062J,Robert,Martinez,31-12-1978,Female,Married,Bachelors,New York,New York,US,07-08-2025,True
EMP063J,James,Jones,09-09-1977,Female,Married,PhD,Austin,Texas,US,08-12-2018,False
EMP064J,Thomas,Clark,24-10-1972,Female,Single,Masters,Manchester,England,UK,09-06-2019,True
EMP065J,Priya,Das,20-01-1989,Female,Married,Masters,New Delhi,Delhi,India,15-06-2019,True
EMP066J,Kiran,Das,19-03-1994,Male,Single,Diploma,Hyderabad,Telangana,India,06-04-2022,True
EMP067J,Priya,Reddy,12-07-1993,Female,Married,Masters,Bangalore,Karnataka,India,10-02-2020,True
EMP068J,Neha,Verma,21-06-2001,Female,Single,Diploma,Hyderabad,Telangana,India,30-08-2020,True
EMP069J,Manish,Chauhan,26-10-1995,Female,Married,Masters,Chennai,Tamil Nadu,India,24-03-2022,True
EMP070J,Linda,Garcia,22-12-1972,Female,Single,Masters,Austin,Texas,US,27-03-2025,True
EMP071J,Jacob,Brown,07-01-1987,Female,Married,Bachelors,Manchester,England,UK,10-07-2021,True
EMP072J,Linda,Smith,05-11-1966,Female,Divorced,PhD,Chicago,Illinois,US,22-11-2016,True
EMP073J,James,Martinez,31-12-1993,Female,Married,Bachelors,Austin,Texas,US,14-11-2023,True
EMP074J,Kiran,Das,04-02-1980,Female,Divorced,PhD,Bangalore,Karnataka,India,08-08-2022,True
EMP075J,George,Taylor,19-11-1970,Female,Married,High School,Glasgow,Scotland,UK,16-06-2018,False
EMP076J,Manish,Bose,01-04-1981,Male,Single,High School,Chennai,Tamil Nadu,India,12-08-2020,True
EMP077J,Robert,Johnson,26-06-1988,Female,Married,PhD,San Francisco,California,US,24-10-2016,False
EMP078J,Rakesh,Kumari,03-05-1983,Male,Single,Bachelors,Hyderabad,Telangana,India,16-11-2017,True
EMP079J,Charlie,Taylor,22-01-1969,Male,Married,Masters,Edinburgh,Scotland,UK,21-03-2020,False
EMP080J,Isla,Roberts,14-05-1983,Male,Married,Bachelors,Manchester,England,UK,03-11-2018,True
EMP081J,James,Brown,22-05-1965,Female,Married,Masters,Chicago,Illinois,US,01-11-2025,True
EMP082J,Kiran,Nayak,18-06-1965,Female,Single,Masters,Hyderabad,Telangana,India,15-01-2019,True
EMP083J,Elizabeth,Martinez,31-08-1967,Female,Married,Masters,New York,New York,US,15-05-2026,True
EMP084J,Kiran,Bose,06-09-1976,Female,Single,Bachelors,Mumbai,Maharashtra,India,17-11-2019,True
EMP085J,Jennifer,Williams,01-09-1977,Male,Married,Bachelors,New York,New York,US,27-01-2019,False
EMP086J,Priya,Kumari,11-07-1991,Male,Married,Masters,Chennai,Tamil Nadu,India,24-10-2025,True
EMP087J,Anjali,Nayak,29-01-2003,Male,Divorced,High School,Hyderabad,Telangana,India,11-08-2022,True
EMP088J,Olivia,Evans,26-07-1983,Female,Married,Bachelors,Glasgow,Scotland,UK,27-06-2025,True
EMP089J,Ravi,Verma,26-06-1970,Male,Married,Bachelors,Chennai,Tamil Nadu,India,04-06-2024,False
EMP090J,Linda,Rodriguez,05-03-1999,Male,Married,Masters,New York,New York,US,18-11-2023,True
EMP091J,James,Smith,10-03-1991,Male,Married,Masters,Chicago,Illinois,US,29-08-2026,True
EMP092J,Michael,Garcia,16-09-1978,Female,Married,High School,Seattle,Washington,US,17-11-2019,True
EMP093J,Isla,Williams,04-09-2003,Female,Married,Masters,London,England,UK,29-05-2016,True
EMP094J,Kavita,Nayak,16-09-2001,Female,Divorced,Masters,Hyderabad,Telangana,India,15-10-2025,False
EMP095J,Emily,Jones,27-12-1994,Male,Married,High School,Glasgow,Scotland,UK,26-10-2017,True
EMP096J,Neha,Kumar,23-06-1995,Female,Single,Bachelors,New Delhi,Delhi,India,18-05-2017,True
EMP097J,Michael,Rodriguez,20-06-1997,Male,Single,Bachelors,San Francisco,California,US,21-11-2017,False
EMP098J,Amit,Das,13-09-1971,Male,Married,Bachelors,New Delhi,Delhi,India,20-03-2022,True
EMP099J,Kiran,Singh,21-09-1977,Female,Divorced,Bachelors,Bangalore,Karnataka,India,19-10-2019,False
EMP100J,Mary,Smith,24-04-1986,Male,Married,High School,Austin,Texas,US,20-11-2018,True
EMP101J,William,Miller,24-09-1974,Female,Married,Masters,Austin,Texas,US,15-06-2018,False
EMP102J,Elizabeth,Smith,02-09-1992,Male,Married,Masters,Chicago,Illinois,US,24-02-2026,True
EMP103J,James,Rodriguez,26-08-2002,Male,Married,Masters,San Francisco,California,US,29-09-2023,True
EMP104J,Robert,Jones,06-03-1989,Female,Single,Masters,New York,New York,US,16-02-2018,True
EMP105J,Poppy,Evans,16-09-1999,Male,Single,High School,Birmingham,England,UK,09-01-2025,False
EMP106J,Patricia,Garcia,23-12-1978,Female,Single,Masters,Seattle,Washington,US,09-12-2020,True
EMP107J,Linda,Smith,21-08-1972,Male,Single,Masters,Seattle,Washington,US,05-09-2025,True
EMP108J,George,Brown,30-06-1967,Male,Married,Bachelors,Birmingham,England,UK,15-02-2017,True
EMP109J,Amelia,Davies,02-11-2003,Female,Married,Masters,Manchester,England,UK,20-09-2021,True
EMP110J,Charlie,Wilson,07-11-2004,Male,Single,Diploma,London,England,UK,02-02-2019,True
EMP111J,Jennifer,Johnson,17-03-1992,Female,Single,Bachelors,San Francisco,California,US,27-08-2016,True
EMP112J,Ravi,Nayak,16-03-1971,Female,Divorced,Masters,Mumbai,Maharashtra,India,17-05-2016,True
EMP113J,Anjali,Verma,26-04-1982,Female,Divorced,Bachelors,Hyderabad,Telangana,India,20-02-2023,True
EMP114J,James,Martinez,30-10-1992,Female,Married,Bachelors,Seattle,Washington,US,25-05-2021,True
EMP115J,Neha,Singh,06-08-1992,Male,Single,Bachelors,Chennai,Tamil Nadu,India,25-06-2019,True
EMP116J,Emily,Thomas,20-03-2000,Female,Married,Bachelors,Glasgow,Scotland,UK,25-01-2019,True
EMP117J,George,Brown,08-10-1991,Female,Single,Bachelors,Birmingham,England,UK,16-11-2022,True
EMP118J,Ravi,Patel,26-01-1997,Male,Married,High School,Bangalore,Karnataka,India,10-10-2025,False
EMP119J,Kavita,Bose,15-01-1989,Male,Married,High School,New Delhi,Delhi,India,29-06-2017,False
EMP120J,Harry,Jones,23-07-1974,Female,Divorced,Bachelors,Edinburgh,Scotland,UK,19-08-2026,True
EMP121J,George,Brown,13-04-1972,Male,Single,Masters,London,England,UK,27-11-2015,True
EMP122J,Michael,Martinez,18-10-1967,Male,Single,Bachelors,Seattle,Washington,US,01-03-2020,True
EMP123J,Isla,Evans,27-12-1986,Female,Married,Masters,Birmingham,England,UK,14-11-2016,True
EMP124J,Jack,Roberts,29-01-1991,Male,Married,Diploma,Edinburgh,Scotland,UK,05-11-2019,True
EMP125J,Amit,Kumar,28-11-1998,Male,Divorced,Diploma,Bangalore,Karnataka,India,31-08-2020,True
EMP126J,Vikram,Bose,29-04-1967,Female,Married,Masters,New Delhi,Delhi,India,12-05-2025,True
EMP127J,William,Williams,19-12-1980,Male,Single,Bachelors,Chicago,Illinois,US,09-03-2020,True
EMP128J,Rakesh,Kumari,03-08-1989,Male,Married,Diploma,Hyderabad,Telangana,India,23-02-2025,True
EMP129J,Emily,Evans,01-06-2004,Female,Married,Bachelors,Edinburgh,Scotland,UK,15-05-2020,True
EMP130J,Priya,Mishra,27-03-1968,Female,Married,Bachelors,Hyderabad,Telangana,India,11-01-2024,True
EMP131J,Elizabeth,Jones,17-02-1985,Male,Married,Bachelors,Seattle,Washington,US,14-02-2017,True
EMP132J,Linda,Jones,01-03-1995,Female,Single,Masters,San Francisco,California,US,06-03-2025,True
EMP133J,Sneha,Bose,28-05-1996,Male,Married,Bachelors,Bangalore,Karnataka,India,16-09-2016,True
EMP134J,George,Roberts,20-05-1978,Male,Married,Bachelors,Manchester,England,UK,22-11-2018,True
EMP135J,Ravi,Nayak,29-06-1981,Female,Single,Masters,Mumbai,Maharashtra,India,10-12-2024,False
EMP136J,Jacob,Jones,01-11-2003,Male,Divorced,Diploma,Birmingham,England,UK,04-08-2024,True
EMP137J,Patricia,Rodriguez,05-03-1994,Male,Married,Bachelors,Seattle,Washington,US,15-01-2021,True
EMP138J,Jack,Thomas,22-08-1988,Male,Single,Masters,Manchester,England,UK,12-03-2017,True
EMP139J,Priya,Iyer,11-08-1979,Female,Married,Masters,Hyderabad,Telangana,India,30-10-2023,True
EMP140J,Michael,Jones,23-05-1978,Female,Single,Bachelors,Chicago,Illinois,US,09-02-2025,True
EMP141J,Jacob,Roberts,30-12-1994,Male,Single,Masters,Manchester,England,UK,17-01-2017,True
EMP142J,Jack,Thomas,14-01-1965,Male,Single,Masters,Birmingham,England,UK,10-05-2018,True
EMP143J,Kiran,Mishra,07-12-2000,Female,Married,PhD,Bangalore,Karnataka,India,26-04-2018,True
EMP144J,Pooja,Kumar,07-04-1998,Male,Married,Bachelors,Chennai,Tamil Nadu,India,21-09-2025,True
EMP145J,John,Jones,26-03-1969,Male,Divorced,High School,Seattle,Washington,US,07-03-2025,True
EMP146J,Sneha,Verma,18-12-1995,Female,Married,Masters,Bangalore,Karnataka,India,12-12-2022,True
EMP147J,Isla,Brown,28-12-1989,Male,Single,Masters,Edinburgh,Scotland,UK,17-08-2024,False
EMP148J,Charlie,Thomas,10-03-1967,Female,Married,Diploma,Birmingham,England,UK,26-05-2025,True
EMP149J,Robert,Brown,04-06-1992,Male,Married,Bachelors,San Francisco,California,US,26-03-2020,False
EMP150J,Rakesh,Sharma,11-04-1999,Male,Single,Diploma,Hyderabad,Telangana,India,20-03-2025,True
EMP151J,Jacob,Brown,09-09-1995,Female,Married,Bachelors,Glasgow,Scotland,UK,14-05-2018,True
EMP152J,James,Jones,09-07-1969,Male,Married,Bachelors,Austin,Texas,US,07-05-2025,True
EMP153J,Patricia,Garcia,09-05-1993,Male,Single,Diploma,Austin,Texas,US,21-07-2019,True
EMP154J,Olivia,Taylor,11-12-1993,Female,Single,Bachelors,London,England,UK,06-07-2023,True
EMP155J,Jack,Thomas,01-12-1976,Female,Married,Diploma,London,England,UK,12-04-2018,True
EMP156J,Ravi,Verma,02-10-1974,Male,Married,Masters,Bangalore,Karnataka,India,05-11-2025,True
EMP157J,Robert,Jones,17-04-1983,Male,Divorced,Bachelors,San Francisco,California,US,15-08-2020,True
EMP158J,Jennifer,Davis,13-11-1978,Female,Single,High School,Austin,Texas,US,03-04-2015,True
EMP159J,Sneha,Patel,12-08-1983,Female,Married,Bachelors,Chennai,Tamil Nadu,India,31-01-2018,True
EMP160J,Pooja,Nayak,12-08-1982,Female,Single,Bachelors,Mumbai,Maharashtra,India,28-09-2017,True
EMP161J,Rahul,Sharma,07-04-1997,Male,Single,Diploma,Bangalore,Karnataka,India,26-04-2015,True
EMP162J,Neha,Bose,24-11-1970,Female,Single,Masters,Bangalore,Karnataka,India,26-05-2020,True
EMP163J,George,Wilson,16-04-1977,Male,Married,Diploma,London,England,UK,10-05-2015,True
EMP164J,Jennifer,Williams,11-07-2001,Male,Married,Masters,Seattle,Washington,US,21-06-2016,True
EMP165J,Rakesh,Nayak,18-05-1970,Male,Married,Diploma,Bangalore,Karnataka,India,16-10-2016,True
EMP166J,Sneha,Verma,01-10-1999,Male,Single,High School,Chennai,Tamil Nadu,India,14-09-2025,True
EMP167J,Thomas,Wilson,22-08-1979,Male,Single,High School,Glasgow,Scotland,UK,08-11-2021,True
EMP168J,Jacob,Brown,01-10-1977,Female,Single,PhD,Birmingham,England,UK,09-06-2015,True
EMP169J,Emily,Jones,11-11-2002,Female,Single,Masters,London,England,UK,27-07-2016,True
EMP170J,Anjali,Iyer,28-06-1997,Female,Single,Diploma,Chennai,Tamil Nadu,India,22-08-2019,True
EMP171J,Kiran,Iyer,24-07-1978,Female,Married,Masters,Chennai,Tamil Nadu,India,07-07-2015,True
EMP172J,Jacob,Jones,15-11-1987,Female,Single,Diploma,Edinburgh,Scotland,UK,24-09-2024,True
EMP173J,Linda,Williams,16-02-1968,Male,Married,Masters,San Francisco,California,US,19-02-2018,True
EMP174J,Poppy,Davies,19-02-1986,Female,Married,Diploma,Edinburgh,Scotland,UK,23-06-2020,True
EMP175J,Olivia,Williams,18-04-1995,Female,Married,PhD,London,England,UK,08-09-2020,True
EMP176J,Jack,Brown,19-06-1988,Female,Married,High School,Manchester,England,UK,13-08-2018,True
EMP177J,Vikram,Iyer,12-04-1996,Female,Divorced,Masters,Mumbai,Maharashtra,India,18-09-2022,True
EMP178J,Amelia,Brown,28-01-1987,Female,Married,Bachelors,London,England,UK,19-10-2021,False
EMP179J,Rakesh,Verma,11-12-1988,Female,Married,Bachelors,Mumbai,Maharashtra,India,22-02-2019,True
EMP180J,Amit,Gupta,07-09-1976,Male,Married,Masters,Hyderabad,Telangana,India,02-09-2018,True
EMP181J,Vikram,Reddy,18-03-1986,Male,Single,Bachelors,Bangalore,Karnataka,India,17-11-2016,True
EMP182J,Rakesh,Bose,13-10-1977,Male,Married,Masters,Bangalore,Karnataka,India,23-02-2019,True
EMP183J,George,Williams,03-01-1990,Female,Single,Diploma,London,England,UK,14-03-2024,True
EMP184J,Michael,Miller,05-05-1968,Female,Single,High School,Austin,Texas,US,25-09-2025,True
EMP185J,Michael,Rodriguez,16-05-1985,Male,Single,Bachelors,New York,New York,US,28-11-2024,True
EMP186J,Kavita,Nayak,30-12-2004,Female,Single,High School,Hyderabad,Telangana,India,10-07-2018,True
EMP187J,Manish,Das,06-02-1969,Male,Single,High School,Hyderabad,Telangana,India,04-12-2018,True
EMP188J,Jacob,Evans,20-10-1982,Female,Married,Bachelors,Glasgow,Scotland,UK,24-12-2025,True
EMP189J,Poppy,Wilson,04-10-1977,Female,Divorced,Diploma,Manchester,England,UK,01-10-2024,True
EMP190J,Mary,Davis,21-06-1997,Female,Single,PhD,San Francisco,California,US,30-10-2025,True
EMP191J,Patricia,Brown,08-03-1981,Male,Single,High School,New York,New York,US,25-04-2015,True
EMP192J,Poppy,Jones,05-04-2001,Female,Married,Masters,Birmingham,England,UK,08-04-2022,False
EMP193J,Isla,Williams,08-11-1999,Male,Married,Masters,London,England,UK,12-03-2025,True
EMP194J,Ravi,Kumari,02-02-1977,Female,Married,Diploma,Mumbai,Maharashtra,India,04-08-2019,True
EMP195J,Neha,Mishra,27-09-1986,Female,Single,Masters,Chennai,Tamil Nadu,India,01-07-2024,True
EMP196J,Charlie,Brown,01-02-1997,Male,Married,Bachelors,Birmingham,England,UK,28-07-2025,True
EMP197J,Oliver,Williams,17-03-1982,Female,Married,Bachelors,Birmingham,England,UK,06-09-2017,True
EMP198J,Manish,Mishra,24-10-1998,Male,Married,Diploma,Mumbai,Maharashtra,India,23-09-2025,True
EMP199J,Mary,Rodriguez,05-01-1991,Male,Single,Masters,Chicago,Illinois,US,03-01-2025,True
EMP200J,Mary,Miller,29-12-1974,Female,Single,Masters,Austin,Texas,US,06-02-2023,True
EMP201J,Priya,Reddy,17-09-1992,Female,Married,Bachelors,New Delhi,Delhi,India,25-08-2022,True
EMP202J,Oliver,Davies,14-03-1983,Male,Married,Bachelors,London,England,UK,07-03-2025,True
EMP203J,Poppy,Evans,22-06-1966,Male,Single,Bachelors,London,England,UK,20-09-2018,True
EMP204J,George,Williams,26-09-2000,Female,Single,Masters,Manchester,England,UK,08-03-2024,True
EMP205J,Oliver,Williams,04-10-1975,Male,Single,Bachelors,Manchester,England,UK,16-11-2017,True
EMP206J,Priya,Sharma,09-04-1989,Male,Married,Bachelors,New Delhi,Delhi,India,09-01-2020,True
EMP207J,Elizabeth,Garcia,18-11-2003,Male,Married,Bachelors,San Francisco,California,US,24-01-2024,True
EMP208J,Priya,Chauhan,24-03-1991,Female,Single,Bachelors,New Delhi,Delhi,India,04-08-2019,True
EMP209J,Barbara,Garcia,03-02-1996,Female,Married,Bachelors,Seattle,Washington,US,29-07-2019,True
EMP210J,Barbara,Davis,07-09-1985,Female,Married,Diploma,San Francisco,California,US,24-04-2020,True
EMP211J,Emily,Williams,04-08-1996,Male,Married,Masters,Edinburgh,Scotland,UK,09-09-2021,True
EMP212J,Rahul,Sharma,09-12-1991,Female,Married,Bachelors,Mumbai,Maharashtra,India,09-08-2026,True
EMP213J,George,Jones,27-08-2002,Male,Single,Masters,Edinburgh,Scotland,UK,08-09-2015,True
EMP214J,Thomas,Roberts,09-02-1977,Female,Married,Bachelors,Edinburgh,Scotland,UK,21-04-2025,True
EMP215J,Barbara,Rodriguez,09-09-1990,Female,Divorced,High School,Seattle,Washington,US,04-04-2026,True
EMP216J,Jacob,Evans,21-09-1988,Female,Married,PhD,Birmingham,England,UK,29-11-2023,False
EMP217J,Mary,Garcia,22-05-1996,Female,Single,Masters,Chicago,Illinois,US,10-04-2016,True
EMP218J,David,Brown,14-02-2003,Female,Married,Bachelors,Seattle,Washington,US,14-12-2022,True
EMP219J,Jacob,Roberts,30-04-1983,Male,Married,Bachelors,London,England,UK,19-10-2025,True
EMP220J,George,Jones,18-03-2003,Female,Married,Diploma,London,England,UK,12-03-2025,True
EMP221J,Patricia,Brown,14-06-2000,Female,Single,Diploma,Chicago,Illinois,US,24-04-2024,True
EMP222J,Ravi,Kumar,20-08-1968,Male,Married,Bachelors,Hyderabad,Telangana,India,29-04-2020,True
EMP223J,Priya,Sharma,02-06-1981,Male,Single,Masters,Chennai,Tamil Nadu,India,10-07-2026,True
EMP224J,Robert,Smith,04-03-1999,Female,Married,Bachelors,New York,New York,US,09-10-2018,True
EMP225J,James,Jones,28-11-1989,Male,Divorced,PhD,Seattle,Washington,US,01-07-2021,True
EMP226J,Kiran,Chauhan,01-11-1979,Female,Single,Masters,Bangalore,Karnataka,India,19-02-2016,True
EMP227J,Robert,Garcia,12-05-1982,Female,Married,Bachelors,Austin,Texas,US,28-04-2018,True
EMP228J,Harry,Davies,18-02-1991,Male,Divorced,Masters,Birmingham,England,UK,08-12-2017,True
EMP229J,Michael,Miller,07-04-1973,Female,Married,Diploma,Austin,Texas,US,03-02-2022,True
EMP230J,James,Garcia,18-08-2004,Female,Single,Diploma,Chicago,Illinois,US,28-10-2022,True
EMP231J,Oliver,Taylor,12-06-1973,Female,Single,Bachelors,Birmingham,England,UK,25-02-2017,True
EMP232J,Linda,Garcia,15-11-1980,Female,Single,Diploma,Chicago,Illinois,US,23-09-2017,True
EMP233J,George,Williams,24-03-1987,Female,Single,Bachelors,Manchester,England,UK,19-02-2018,True
EMP234J,Mary,Martinez,28-09-1973,Female,Married,Masters,Chicago,Illinois,US,28-04-2024,True
EMP235J,Olivia,Davies,21-01-1973,Female,Single,Masters,Edinburgh,Scotland,UK,24-11-2018,True
EMP236J,Robert,Williams,06-03-1986,Female,Single,Diploma,San Francisco,California,US,21-07-2025,True
EMP237J,Jack,Taylor,12-02-2004,Female,Single,Masters,Edinburgh,Scotland,UK,23-06-2021,True
EMP238J,Sneha,Patel,16-08-1977,Male,Married,Masters,Chennai,Tamil Nadu,India,29-11-2022,True
EMP239J,Olivia,Davies,14-02-1975,Female,Married,High School,London,England,UK,21-03-2023,False
EMP240J,Sanjay,Verma,13-11-1985,Female,Married,Bachelors,Mumbai,Maharashtra,India,13-11-2022,False
EMP241J,Isla,Taylor,07-06-1998,Male,Married,Bachelors,Glasgow,Scotland,UK,31-10-2020,True
EMP242J,Mary,Miller,02-11-1983,Male,Married,Bachelors,New York,New York,US,22-12-2015,False
EMP243J,Manish,Verma,17-02-1986,Female,Single,Bachelors,Chennai,Tamil Nadu,India,13-07-2026,True
EMP244J,Rakesh,Kumari,27-07-1977,Male,Married,Bachelors,Chennai,Tamil Nadu,India,24-08-2022,True
EMP245J,Mary,Martinez,16-04-1995,Female,Married,Masters,Seattle,Washington,US,22-10-2016,True
EMP246J,Patricia,Johnson,07-04-1990,Female,Single,Masters,New York,New York,US,09-06-2015,True
EMP247J,Kiran,Patel,01-10-1971,Male,Married,Masters,New Delhi,Delhi,India,11-08-2022,True
EMP248J,George,Taylor,20-07-1966,Female,Single,Bachelors,Birmingham,England,UK,29-01-2025,False
EMP249J,Isla,Clark,30-12-1978,Male,Married,Masters,London,England,UK,26-01-2020,True
EMP250J,Oliver,Brown,02-07-1992,Male,Single,Bachelors,Edinburgh,Scotland,UK,20-03-2018,False
EMP251J,Oliver,Wilson,04-03-1985,Male,Single,High School,London,England,UK,21-08-2022,True
EMP252J,Poppy,Thomas,01-07-1994,Female,Married,Bachelors,Glasgow,Scotland,UK,31-03-2026,True
EMP253J,John,Rodriguez,26-07-1969,Female,Single,Bachelors,New York,New York,US,17-02-2022,False
EMP254J,Elizabeth,Martinez,18-02-2001,Male,Single,Bachelors,Seattle,Washington,US,10-05-2025,True
EMP255J,Rakesh,Sharma,12-07-1989,Male,Single,Masters,Chennai,Tamil Nadu,India,06-06-2021,True
EMP256J,Charlie,Davies,30-05-1995,Male,Married,Bachelors,London,England,UK,26-04-2026,True
EMP257J,Vikram,Das,16-07-1991,Female,Single,PhD,Mumbai,Maharashtra,India,12-03-2025,True
EMP258J,Mary,Davis,27-01-1994,Male,Single,Masters,Seattle,Washington,US,20-11-2019,True
EMP259J,Ravi,Nayak,17-03-1973,Male,Married,Bachelors,Bangalore,Karnataka,India,14-02-2023,True
EMP260J,William,Davis,31-12-1979,Male,Married,Diploma,New York,New York,US,06-04-2026,True
EMP261J,Thomas,Clark,26-02-1984,Male,Married,Bachelors,Manchester,England,UK,25-10-2023,True
EMP262J,Harry,Evans,27-12-1975,Male,Single,Bachelors,Edinburgh,Scotland,UK,11-10-2018,True
EMP263J,Amit,Gupta,19-12-1994,Female,Single,Bachelors,Bangalore,Karnataka,India,15-04-2023,True
EMP264J,Kavita,Sharma,05-07-1969,Female,Married,Bachelors,Hyderabad,Telangana,India,08-11-2017,True
EMP265J,John,Davis,29-09-1979,Female,Married,Masters,Austin,Texas,US,10-11-2015,True
EMP266J,Kavita,Kumari,30-12-1975,Male,Single,Masters,Bangalore,Karnataka,India,20-02-2016,True
EMP267J,Isla,Evans,04-11-1965,Male,Single,Masters,Birmingham,England,UK,14-10-2019,True
EMP268J,William,Rodriguez,28-01-1986,Female,Married,Bachelors,Austin,Texas,US,15-11-2020,True
EMP269J,Ravi,Patel,11-10-1996,Female,Single,PhD,Hyderabad,Telangana,India,21-02-2020,True
EMP270J,Michael,Brown,02-11-1997,Male,Single,Masters,Seattle,Washington,US,22-09-2019,True
EMP271J,Robert,Miller,07-01-1988,Female,Single,Bachelors,Chicago,Illinois,US,28-04-2022,True
EMP272J,John,Rodriguez,10-11-1972,Female,Married,Diploma,Chicago,Illinois,US,28-05-2016,True
EMP273J,Sneha,Patel,29-01-1993,Female,Divorced,Masters,Bangalore,Karnataka,India,25-04-2024,True
EMP274J,Patricia,Smith,06-05-1988,Male,Married,Masters,San Francisco,California,US,12-01-2023,True
EMP275J,Linda,Martinez,10-01-2000,Male,Married,Masters,San Francisco,California,US,14-09-2017,False
EMP276J,Amit,Iyer,31-12-1967,Male,Single,Diploma,Bangalore,Karnataka,India,05-03-2026,True
EMP277J,Sneha,Reddy,05-09-1970,Male,Married,Bachelors,Bangalore,Karnataka,India,15-01-2026,True
EMP278J,William,Williams,07-09-1989,Male,Single,Bachelors,San Francisco,California,US,09-03-2021,True
EMP279J,Ravi,Kumari,12-10-1984,Male,Single,Bachelors,Chennai,Tamil Nadu,India,09-05-2015,True
EMP280J,Arjun,Bose,07-03-1975,Female,Divorced,Bachelors,Mumbai,Maharashtra,India,23-11-2017,True
EMP281J,Isla,Davies,11-06-1966,Male,Divorced,Diploma,Birmingham,England,UK,05-09-2015,True
EMP282J,Jack,Thomas,25-12-1967,Female,Married,Masters,Glasgow,Scotland,UK,13-03-2025,True
EMP283J,Rakesh,Verma,27-11-1979,Female,Married,Bachelors,New Delhi,Delhi,India,11-07-2016,True
EMP284J,Arjun,Das,30-12-1979,Male,Single,Bachelors,Mumbai,Maharashtra,India,17-10-2021,True
EMP285J,Barbara,Williams,09-08-1990,Female,Single,Bachelors,San Francisco,California,US,27-01-2021,True
EMP286J,Mary,Garcia,08-03-1991,Male,Single,Bachelors,Seattle,Washington,US,14-06-2025,True
EMP287J,George,Williams,22-09-1975,Female,Single,Bachelors,Edinburgh,Scotland,UK,29-06-2016,True
EMP288J,Thomas,Brown,03-05-1981,Male,Married,Masters,Birmingham,England,UK,06-11-2016,True
EMP289J,Linda,Brown,31-01-1981,Male,Married,PhD,Seattle,Washington,US,11-10-2020,True
EMP290J,Kavita,Kumar,02-09-2003,Male,Married,Bachelors,New Delhi,Delhi,India,07-09-2020,False
EMP291J,Elizabeth,Brown,07-08-2003,Female,Married,Bachelors,Austin,Texas,US,06-02-2015,True
EMP292J,Patricia,Smith,07-01-1971,Male,Single,Bachelors,San Francisco,California,US,17-06-2022,True
EMP293J,Priya,Bose,04-06-1998,Male,Married,Diploma,Chennai,Tamil Nadu,India,15-11-2016,True
EMP294J,Pooja,Kumar,11-02-1999,Male,Single,Bachelors,Bangalore,Karnataka,India,15-01-2015,True
EMP295J,Robert,Garcia,06-02-1972,Female,Married,High School,Chicago,Illinois,US,08-01-2018,True
EMP296J,Neha,Sharma,19-10-1981,Female,Divorced,Bachelors,Mumbai,Maharashtra,India,22-01-2016,True
EMP297J,Charlie,Thomas,10-05-1970,Male,Single,Diploma,Birmingham,England,UK,02-01-2017,True
EMP298J,Charlie,Taylor,06-09-1981,Female,Married,Bachelors,Manchester,England,UK,16-05-2018,True
EMP299J,Patricia,Garcia,25-04-1992,Female,Divorced,Masters,Austin,Texas,US,15-01-2020,True
EMP300J,Amit,Nayak,23-10-1987,Male,Married,Bachelors,Hyderabad,Telangana,India,24-02-2021,True
EMP301J,James,Williams,14-09-1974,Female,Single,Diploma,Austin,Texas,US,12-02-2019,True
EMP302J,Jack,Taylor,22-07-1995,Male,Single,Bachelors,Glasgow,Scotland,UK,24-07-2024,True
EMP303J,Arjun,Nayak,14-04-1973,Female,Single,Bachelors,Chennai,Tamil Nadu,India,28-04-2021,True
EMP304J,Anjali,Reddy,30-01-1966,Male,Single,Masters,Chennai,Tamil Nadu,India,26-07-2017,True
EMP305J,Sanjay,Chauhan,16-04-1994,Female,Single,Bachelors,Bangalore,Karnataka,India,26-10-2022,True
EMP306J,Mary,Williams,27-03-1967,Male,Single,High School,Austin,Texas,US,26-09-2021,True
EMP307J,Jacob,Jones,14-11-1986,Female,Single,Diploma,London,England,UK,21-11-2019,True
EMP308J,Barbara,Miller,04-11-1995,Male,Single,PhD,Seattle,Washington,US,24-06-2026,True
EMP309J,Linda,Rodriguez,17-10-2003,Male,Married,Masters,Seattle,Washington,US,27-04-2019,True
EMP310J,Jack,Roberts,10-08-2003,Female,Married,Bachelors,Edinburgh,Scotland,UK,18-11-2019,False
EMP311J,Poppy,Jones,25-02-2003,Female,Single,Bachelors,Glasgow,Scotland,UK,26-04-2015,True
EMP312J,Sanjay,Kumar,13-02-1969,Female,Single,Masters,Chennai,Tamil Nadu,India,20-03-2015,True
EMP313J,Thomas,Wilson,03-01-1974,Female,Married,Bachelors,Glasgow,Scotland,UK,19-06-2017,True
EMP314J,Jacob,Davies,21-08-1992,Female,Divorced,High School,Edinburgh,Scotland,UK,22-08-2019,True
EMP315J,William,Johnson,31-05-1975,Female,Single,Masters,New York,New York,US,15-10-2022,True
EMP316J,Thomas,Wilson,20-10-1983,Female,Single,Masters,Edinburgh,Scotland,UK,08-05-2023,True
EMP317J,James,Johnson,14-02-1975,Female,Married,Masters,Chicago,Illinois,US,28-04-2016,True
EMP318J,Jennifer,Rodriguez,10-09-1968,Female,Single,Bachelors,Seattle,Washington,US,10-01-2019,True
EMP319J,Isla,Wilson,29-02-1980,Female,Single,Bachelors,Edinburgh,Scotland,UK,22-06-2017,True
EMP320J,Jack,Brown,10-03-1995,Male,Single,Bachelors,Birmingham,England,UK,13-12-2023,True
EMP321J,Robert,Johnson,12-08-1975,Male,Single,Bachelors,Seattle,Washington,US,01-08-2016,False
EMP322J,Pooja,Sharma,22-06-1987,Male,Single,Bachelors,Mumbai,Maharashtra,India,29-02-2016,True
EMP323J,David,Garcia,10-11-1994,Female,Married,Diploma,Chicago,Illinois,US,19-01-2017,True
EMP324J,Vikram,Kumar,04-07-1983,Male,Married,Bachelors,New Delhi,Delhi,India,03-12-2024,True
EMP325J,Linda,Miller,20-12-1981,Male,Married,Bachelors,Seattle,Washington,US,24-08-2018,True
EMP326J,Olivia,Wilson,18-08-1974,Male,Single,Bachelors,London,England,UK,09-02-2020,True
EMP327J,Arjun,Patel,27-04-1966,Male,Single,Masters,Chennai,Tamil Nadu,India,19-10-2020,True
EMP328J,William,Rodriguez,03-05-1972,Male,Single,Masters,Chicago,Illinois,US,13-08-2021,True
EMP329J,Mary,Miller,10-02-1998,Female,Married,Bachelors,Chicago,Illinois,US,14-06-2015,False
EMP330J,Oliver,Williams,17-11-1988,Male,Married,Masters,London,England,UK,03-02-2021,True
EMP331J,Mary,Brown,02-01-1975,Male,Married,High School,New York,New York,US,23-12-2016,True
EMP332J,Kiran,Reddy,06-01-1974,Female,Married,High School,Mumbai,Maharashtra,India,14-10-2018,True
EMP333J,Charlie,Thomas,27-03-1968,Male,Married,Masters,Edinburgh,Scotland,UK,24-10-2016,False
EMP334J,Oliver,Wilson,23-10-1966,Female,Single,Bachelors,London,England,UK,12-03-2026,True
EMP335J,Jennifer,Johnson,09-07-1978,Male,Married,Bachelors,New York,New York,US,27-06-2023,True
EMP336J,Rahul,Patel,14-02-1966,Male,Single,PhD,Chennai,Tamil Nadu,India,05-07-2015,True
EMP337J,Pooja,Kumar,08-02-1990,Male,Single,Bachelors,New Delhi,Delhi,India,17-06-2022,True
EMP338J,Jennifer,Johnson,18-11-1981,Female,Divorced,Bachelors,Austin,Texas,US,05-06-2019,True
EMP339J,John,Williams,25-12-1985,Female,Single,PhD,Chicago,Illinois,US,26-02-2022,True
EMP340J,Elizabeth,Brown,16-01-1994,Male,Married,Diploma,New York,New York,US,12-05-2019,True
EMP341J,Jack,Roberts,16-10-1987,Female,Divorced,Bachelors,Manchester,England,UK,06-08-2021,True
EMP342J,Sneha,Sharma,15-08-2003,Male,Married,Masters,Mumbai,Maharashtra,India,23-04-2019,True
EMP343J,Jack,Brown,10-09-2002,Male,Married,Masters,Manchester,England,UK,05-01-2020,False
EMP344J,Robert,Williams,11-02-1998,Female,Divorced,Masters,Austin,Texas,US,06-01-2017,False
EMP345J,Linda,Davis,05-01-1994,Male,Divorced,High School,Chicago,Illinois,US,01-12-2021,True
EMP346J,Rakesh,Bose,12-08-1979,Male,Single,Diploma,Chennai,Tamil Nadu,India,27-04-2023,True
EMP347J,David,Smith,15-09-1987,Male,Married,High School,San Francisco,California,US,20-01-2021,True
EMP348J,John,Jones,15-08-1972,Male,Married,Masters,Austin,Texas,US,06-08-2016,True
EMP349J,Amit,Kumari,18-11-1996,Male,Married,Bachelors,Chennai,Tamil Nadu,India,08-06-2016,True
EMP350J,Jacob,Williams,28-01-1983,Female,Married,Bachelors,Birmingham,England,UK,29-08-2019,True
EMP351J,Emily,Jones,21-07-1993,Female,Married,Bachelors,Birmingham,England,UK,12-12-2022,True
EMP352J,George,Clark,12-01-1992,Female,Single,Bachelors,Edinburgh,Scotland,UK,20-06-2022,True
EMP353J,Amit,Bose,21-08-1975,Male,Married,Bachelors,Chennai,Tamil Nadu,India,11-12-2019,True
EMP354J,Neha,Das,15-08-1997,Male,Divorced,Bachelors,Hyderabad,Telangana,India,18-06-2018,False
EMP355J,Jack,Davies,09-11-1996,Female,Single,Masters,Birmingham,England,UK,21-09-2019,True
EMP356J,Vikram,Das,04-04-2000,Female,Single,Bachelors,Hyderabad,Telangana,India,28-12-2016,True
EMP357J,Kavita,Kumar,09-10-1966,Male,Married,High School,Mumbai,Maharashtra,India,12-04-2023,True
EMP358J,Jennifer,Miller,14-10-2003,Male,Single,Bachelors,Chicago,Illinois,US,23-08-2018,True
EMP359J,Charlie,Taylor,17-01-2003,Male,Married,Bachelors,Manchester,England,UK,31-10-2025,True
EMP360J,Barbara,Davis,02-07-1968,Female,Married,Diploma,Chicago,Illinois,US,31-12-2018,False
EMP361J,Amit,Nayak,14-11-1968,Female,Married,Bachelors,Mumbai,Maharashtra,India,03-01-2021,True
EMP362J,Priya,Iyer,11-07-1978,Male,Married,Bachelors,Chennai,Tamil Nadu,India,02-10-2016,True
EMP363J,Isla,Davies,27-07-1980,Female,Divorced,Diploma,Edinburgh,Scotland,UK,03-01-2023,True
EMP364J,James,Jones,14-11-1970,Male,Single,Diploma,Chicago,Illinois,US,18-02-2021,True
EMP365J,Kavita,Bose,12-09-1972,Female,Single,Bachelors,Chennai,Tamil Nadu,India,05-10-2025,True
EMP366J,Priya,Mishra,23-07-2001,Female,Married,Bachelors,Bangalore,Karnataka,India,10-07-2025,True
EMP367J,Rakesh,Sharma,27-06-1967,Male,Married,High School,Bangalore,Karnataka,India,03-06-2026,False
EMP368J,Priya,Iyer,06-04-1984,Female,Single,Diploma,Hyderabad,Telangana,India,25-12-2024,True
EMP369J,Patricia,Jones,06-03-1970,Female,Single,Masters,San Francisco,California,US,17-09-2015,True
EMP370J,Emily,Jones,21-04-1993,Female,Married,Bachelors,Glasgow,Scotland,UK,28-02-2020,True
EMP371J,Patricia,Martinez,11-01-1992,Male,Single,Bachelors,Seattle,Washington,US,06-06-2019,True
EMP372J,Patricia,Martinez,03-05-1983,Male,Single,Diploma,Seattle,Washington,US,05-08-2025,True
EMP373J,Arjun,Bose,24-05-1999,Female,Married,Bachelors,Bangalore,Karnataka,India,09-10-2021,True
EMP374J,Thomas,Clark,02-10-1983,Male,Married,Masters,Manchester,England,UK,08-06-2018,True
EMP375J,George,Clark,05-03-1989,Male,Married,Masters,London,England,UK,16-05-2020,True
EMP376J,Mary,Martinez,09-01-1978,Female,Married,Bachelors,Chicago,Illinois,US,14-07-2015,False
EMP377J,George,Thomas,15-01-1997,Female,Married,Masters,Manchester,England,UK,17-07-2016,False
EMP378J,Neha,Iyer,17-01-1999,Male,Married,Masters,Chennai,Tamil Nadu,India,15-05-2025,False
EMP379J,David,Martinez,06-05-2000,Female,Single,Bachelors,New York,New York,US,27-02-2025,True
EMP380J,Rahul,Bose,29-10-1983,Female,Single,Masters,Chennai,Tamil Nadu,India,01-02-2023,False
EMP381J,Emily,Evans,26-05-1977,Male,Single,Masters,London,England,UK,24-09-2024,True
EMP382J,Rakesh,Gupta,11-11-1998,Male,Married,Bachelors,Mumbai,Maharashtra,India,20-12-2018,True
EMP383J,Rahul,Patel,23-09-1979,Male,Married,Bachelors,Mumbai,Maharashtra,India,23-02-2026,False
EMP384J,Mary,Martinez,20-12-1979,Female,Married,Masters,New York,New York,US,05-02-2018,False
EMP385J,David,Martinez,30-11-1969,Female,Single,Masters,New York,New York,US,06-04-2022,True
EMP386J,Charlie,Williams,20-11-1986,Female,Married,Bachelors,Edinburgh,Scotland,UK,22-12-2022,True
EMP387J,Sneha,Iyer,14-10-1986,Female,Single,Masters,Hyderabad,Telangana,India,27-03-2023,True
EMP388J,Mary,Brown,01-07-2000,Female,Single,Diploma,San Francisco,California,US,11-05-2015,True
EMP389J,Kavita,Patel,31-10-1986,Female,Single,Bachelors,Hyderabad,Telangana,India,25-03-2017,True
EMP390J,Priya,Iyer,28-11-1997,Female,Married,Masters,Hyderabad,Telangana,India,07-08-2015,False
EMP391J,Ravi,Gupta,22-04-2004,Male,Single,Masters,New Delhi,Delhi,India,27-09-2018,True
EMP392J,Mary,Jones,09-11-1984,Female,Single,Masters,San Francisco,California,US,02-07-2019,True
EMP393J,Harry,Jones,24-01-2000,Female,Single,Bachelors,Manchester,England,UK,07-04-2020,True
EMP394J,Sanjay,Singh,15-09-1998,Female,Married,Masters,Hyderabad,Telangana,India,10-06-2026,False
EMP395J,Jacob,Taylor,09-02-1993,Male,Married,Diploma,Birmingham,England,UK,21-05-2025,True
EMP396J,George,Williams,25-05-1980,Female,Married,Bachelors,Glasgow,Scotland,UK,14-07-2016,True
EMP397J,Kiran,Mishra,21-11-1996,Male,Married,Bachelors,Bangalore,Karnataka,India,06-05-2021,True
EMP398J,Isla,Thomas,19-09-1991,Male,Married,Bachelors,Birmingham,England,UK,08-01-2024,True
EMP399J,Rakesh,Patel,22-02-1967,Male,Married,Masters,Mumbai,Maharashtra,India,23-04-2018,True
EMP400J,Sneha,Nayak,04-08-1994,Female,Married,Diploma,Mumbai,Maharashtra,India,19-10-2015,True
EMP401J,Neha,Mishra,09-09-1992,Female,Married,Masters,Chennai,Tamil Nadu,India,17-11-2016,False
EMP402J,Manish,Patel,29-09-1985,Female,Divorced,Diploma,Bangalore,Karnataka,India,03-10-2022,True
EMP403J,Mary,Martinez,22-02-1976,Male,Married,PhD,Austin,Texas,US,16-03-2026,True
EMP404J,Kiran,Bose,23-08-1988,Male,Single,Bachelors,Chennai,Tamil Nadu,India,25-07-2016,True
EMP405J,Robert,Davis,27-01-1998,Male,Married,Bachelors,Chicago,Illinois,US,28-02-2016,True
EMP406J,Rahul,Iyer,31-10-1972,Male,Married,Masters,Chennai,Tamil Nadu,India,16-11-2025,False
EMP407J,Rakesh,Mishra,26-06-1996,Male,Married,Bachelors,Mumbai,Maharashtra,India,03-07-2015,True
EMP408J,Rakesh,Patel,15-01-2002,Female,Single,Bachelors,Bangalore,Karnataka,India,25-07-2017,True
EMP409J,Emily,Roberts,05-10-1977,Female,Single,Diploma,Manchester,England,UK,06-09-2016,True
EMP410J,Manish,Patel,27-11-1967,Female,Single,Masters,Bangalore,Karnataka,India,21-07-2025,True
EMP411J,Kavita,Sharma,05-03-1988,Female,Divorced,Bachelors,Chennai,Tamil Nadu,India,21-04-2019,True
EMP412J,Robert,Rodriguez,27-08-1996,Female,Single,Bachelors,San Francisco,California,US,20-08-2021,True
EMP413J,Pooja,Gupta,06-04-1972,Female,Married,Masters,Hyderabad,Telangana,India,29-04-2016,True
EMP414J,Jacob,Evans,21-10-1979,Female,Married,Masters,London,England,UK,06-09-2025,True
EMP415J,Anjali,Verma,05-10-1993,Male,Single,Bachelors,New Delhi,Delhi,India,11-09-2021,True
EMP416J,Elizabeth,Miller,04-05-1997,Female,Married,Diploma,San Francisco,California,US,09-10-2023,True
EMP417J,Emily,Williams,25-08-1965,Male,Single,Masters,Edinburgh,Scotland,UK,08-11-2025,True
EMP418J,Michael,Jones,07-08-1984,Female,Married,Bachelors,Chicago,Illinois,US,25-03-2017,True
EMP419J,Sanjay,Chauhan,21-12-1981,Female,Married,Bachelors,Mumbai,Maharashtra,India,29-02-2024,True
EMP420J,Isla,Jones,04-09-1970,Female,Married,Bachelors,Edinburgh,Scotland,UK,25-12-2015,True
EMP421J,David,Smith,29-01-1989,Female,Married,Bachelors,Seattle,Washington,US,12-04-2015,False
EMP422J,Ravi,Verma,19-01-1983,Male,Divorced,Bachelors,Bangalore,Karnataka,India,10-09-2015,True
EMP423J,Anjali,Verma,14-07-2000,Female,Married,Bachelors,Hyderabad,Telangana,India,23-06-2021,False
EMP424J,Poppy,Taylor,21-01-1995,Male,Married,Bachelors,London,England,UK,23-10-2023,True
EMP425J,Rahul,Kumar,25-12-1984,Female,Single,Bachelors,Bangalore,Karnataka,India,27-09-2017,True
EMP426J,Kavita,Chauhan,08-08-1990,Female,Married,Masters,Chennai,Tamil Nadu,India,21-02-2018,True
EMP427J,John,Brown,30-01-1995,Female,Married,Bachelors,Seattle,Washington,US,13-07-2019,True
EMP428J,Rakesh,Kumari,06-04-1969,Male,Married,Bachelors,New Delhi,Delhi,India,31-07-2023,True
EMP429J,Linda,Williams,06-07-1990,Female,Single,Bachelors,Austin,Texas,US,20-12-2015,True
EMP430J,Mary,Williams,15-01-1967,Male,Married,Bachelors,New York,New York,US,01-12-2018,True
EMP431J,Sanjay,Verma,19-06-1980,Male,Single,Bachelors,Hyderabad,Telangana,India,15-09-2016,True
EMP432J,Kavita,Nayak,06-04-1995,Female,Married,Bachelors,Chennai,Tamil Nadu,India,29-09-2017,True
EMP433J,Oliver,Roberts,01-04-1986,Male,Single,Bachelors,Birmingham,England,UK,07-05-2023,True
EMP434J,Harry,Thomas,04-11-1992,Female,Single,Bachelors,Manchester,England,UK,20-06-2017,True
EMP435J,Patricia,Williams,30-09-1993,Female,Single,Masters,Austin,Texas,US,08-05-2023,True
EMP436J,Mary,Garcia,19-07-1997,Male,Married,Bachelors,New York,New York,US,06-08-2017,True
EMP437J,Jennifer,Miller,19-01-1981,Male,Married,Masters,Chicago,Illinois,US,30-04-2015,True
EMP438J,Sanjay,Das,02-05-1976,Female,Divorced,Bachelors,Hyderabad,Telangana,India,01-12-2024,True
EMP439J,Michael,Johnson,28-04-1984,Male,Married,Masters,New York,New York,US,03-03-2015,True
EMP440J,Poppy,Williams,19-12-1988,Male,Single,Masters,Glasgow,Scotland,UK,31-07-2015,True
EMP441J,Arjun,Verma,23-11-1966,Female,Married,Bachelors,New Delhi,Delhi,India,01-09-2016,True
EMP442J,Anjali,Iyer,22-07-1978,Female,Married,PhD,Bangalore,Karnataka,India,23-02-2020,True
EMP443J,Neha,Kumari,22-12-1967,Male,Single,Masters,Hyderabad,Telangana,India,25-10-2020,True
EMP444J,Neha,Singh,05-03-1980,Female,Single,Masters,Chennai,Tamil Nadu,India,19-08-2015,False
EMP445J,John,Brown,13-07-1994,Male,Single,Masters,Seattle,Washington,US,24-06-2018,True
EMP446J,Arjun,Bose,01-09-1981,Male,Single,Masters,Hyderabad,Telangana,India,01-09-2024,True
EMP447J,Harry,Jones,25-02-1975,Female,Married,Bachelors,Birmingham,England,UK,25-10-2025,True
EMP448J,Olivia,Evans,13-07-1985,Female,Divorced,Bachelors,Glasgow,Scotland,UK,26-07-2017,False
EMP449J,Thomas,Clark,01-01-1975,Female,Married,Diploma,London,England,UK,25-04-2016,True
EMP450J,Ravi,Kumar,23-05-1965,Female,Married,Bachelors,Bangalore,Karnataka,India,17-04-2023,True
EMP451J,Rakesh,Gupta,14-05-1969,Female,Married,Diploma,New Delhi,Delhi,India,24-01-2025,True
EMP452J,Elizabeth,Williams,07-01-1980,Male,Married,Bachelors,Austin,Texas,US,20-09-2017,False
EMP453J,Jennifer,Miller,25-06-1998,Female,Married,Bachelors,Chicago,Illinois,US,18-07-2020,False
EMP454J,Neha,Nayak,27-06-1980,Male,Married,Bachelors,Hyderabad,Telangana,India,22-02-2016,True
EMP455J,Rakesh,Nayak,24-09-2003,Female,Divorced,Bachelors,New Delhi,Delhi,India,28-12-2016,True
EMP456J,Michael,Rodriguez,27-11-1980,Female,Married,PhD,Austin,Texas,US,30-04-2020,True
EMP457J,John,Johnson,01-07-1984,Female,Single,Masters,New York,New York,US,19-04-2017,True
EMP458J,Isla,Taylor,19-07-1970,Female,Married,Bachelors,Manchester,England,UK,20-11-2023,True
EMP459J,Jacob,Wilson,05-08-1984,Male,Single,Bachelors,Birmingham,England,UK,16-11-2025,True
EMP460J,Robert,Brown,31-03-1974,Female,Married,Bachelors,San Francisco,California,US,24-03-2018,True
EMP461J,George,Williams,12-04-1976,Female,Married,Bachelors,Birmingham,England,UK,01-08-2019,False
EMP462J,Priya,Verma,18-01-1995,Male,Single,Bachelors,Hyderabad,Telangana,India,22-06-2020,True
EMP463J,Isla,Wilson,25-03-2002,Female,Married,Masters,London,England,UK,15-04-2017,True
EMP464J,Oliver,Williams,23-06-1969,Female,Married,Bachelors,London,England,UK,14-03-2022,True
EMP465J,Priya,Chauhan,21-11-1991,Male,Single,Masters,Bangalore,Karnataka,India,08-12-2023,True
EMP466J,Oliver,Thomas,18-01-2002,Female,Married,Bachelors,Edinburgh,Scotland,UK,29-11-2025,True
EMP467J,Oliver,Wilson,18-02-2000,Female,Married,Bachelors,Edinburgh,Scotland,UK,11-05-2015,False
EMP468J,Robert,Garcia,19-09-1982,Female,Divorced,Masters,Austin,Texas,US,22-06-2018,True
EMP469J,Vikram,Sharma,06-12-1985,Male,Married,Bachelors,Mumbai,Maharashtra,India,03-09-2020,True
EMP470J,Jennifer,Brown,22-06-1975,Female,Married,PhD,Austin,Texas,US,27-05-2022,True
EMP471J,David,Williams,13-04-1984,Female,Married,High School,Seattle,Washington,US,19-09-2022,True
EMP472J,Ravi,Gupta,16-12-1997,Male,Married,Bachelors,New Delhi,Delhi,India,11-09-2019,True
EMP473J,Amit,Singh,23-09-1985,Female,Married,Bachelors,Chennai,Tamil Nadu,India,10-12-2020,True
EMP474J,Elizabeth,Miller,19-10-1989,Male,Single,Bachelors,Seattle,Washington,US,31-05-2018,True
EMP475J,Mary,Martinez,27-03-1988,Male,Single,Masters,Austin,Texas,US,13-11-2021,True
EMP476J,Patricia,Martinez,20-07-1983,Male,Single,Bachelors,San Francisco,California,US,01-02-2016,True
EMP477J,Kavita,Das,17-01-1968,Male,Divorced,Bachelors,New Delhi,Delhi,India,11-08-2022,True
EMP478J,Vikram,Mishra,26-03-1975,Male,Single,Bachelors,Mumbai,Maharashtra,India,20-03-2015,True
EMP479J,Patricia,Williams,25-04-1994,Female,Married,Bachelors,Austin,Texas,US,13-01-2020,True
EMP480J,Olivia,Wilson,01-08-1968,Male,Single,Masters,Edinburgh,Scotland,UK,20-02-2015,False
EMP481J,Isla,Wilson,18-09-1973,Male,Married,Bachelors,Edinburgh,Scotland,UK,22-01-2016,True
EMP482J,John,Smith,18-03-2001,Female,Single,Bachelors,San Francisco,California,US,04-08-2022,True
EMP483J,Barbara,Jones,24-02-1983,Female,Single,Masters,San Francisco,California,US,23-05-2023,True
EMP484J,Neha,Sharma,09-06-2004,Male,Single,Bachelors,Hyderabad,Telangana,India,19-10-2022,True
EMP485J,Rahul,Kumari,13-01-1988,Female,Married,Bachelors,Mumbai,Maharashtra,India,27-01-2019,True
EMP486J,Robert,Brown,10-04-1978,Male,Single,Bachelors,Austin,Texas,US,05-06-2023,True
EMP487J,Mary,Davis,14-09-1969,Female,Single,Masters,Austin,Texas,US,14-04-2025,True
EMP488J,Kavita,Das,10-12-1987,Female,Single,Bachelors,New Delhi,Delhi,India,22-05-2021,True
EMP489J,Patricia,Smith,04-02-1999,Male,Single,Bachelors,New York,New York,US,16-12-2024,True
EMP490J,Olivia,Clark,25-11-1981,Male,Married,Diploma,London,England,UK,22-04-2025,True
EMP491J,Jack,Wilson,13-07-1986,Male,Married,Masters,London,England,UK,23-07-2017,True
EMP492J,Barbara,Johnson,13-01-1980,Female,Single,Bachelors,Seattle,Washington,US,14-02-2017,False
EMP493J,Michael,Davis,20-06-1985,Male,Single,Masters,Austin,Texas,US,20-12-2020,True
EMP494J,Amelia,Brown,03-07-1998,Male,Single,Diploma,Edinburgh,Scotland,UK,10-10-2021,True
EMP495J,Pooja,Kumari,25-07-1997,Male,Single,Bachelors,New Delhi,Delhi,India,13-03-2016,True
EMP496J,George,Brown,24-10-1998,Female,Married,Bachelors,Glasgow,Scotland,UK,12-05-2019,True
EMP497J,Amit,Reddy,27-01-1996,Male,Married,Diploma,Hyderabad,Telangana,India,05-07-2021,True
EMP498J,Robert,Jones,04-07-1994,Male,Married,Bachelors,Seattle,Washington,US,18-02-2016,True
EMP499J,Jennifer,Johnson,01-04-1967,Male,Married,Masters,Chicago,Illinois,US,22-12-2018,True
EMP500J,Olivia,Roberts,10-03-1996,Male,Single,PhD,London,England,UK,15-10-2020,True
EMP501J,John,Garcia,06-06-1995,Female,Married,Masters,San Francisco,California,US,28-07-2020,False
EMP502J,Sneha,Mishra,24-11-1976,Female,Divorced,Bachelors,Chennai,Tamil Nadu,India,15-12-2015,True
EMP503J,Elizabeth,Jones,14-09-2000,Female,Divorced,Bachelors,Austin,Texas,US,05-08-2022,True
EMP504J,Jennifer,Williams,01-12-1973,Male,Single,Bachelors,San Francisco,California,US,14-02-2019,True
EMP505J,Kiran,Chauhan,01-03-2001,Male,Divorced,PhD,Bangalore,Karnataka,India,04-03-2024,True
EMP506J,Amelia,Jones,22-02-1983,Male,Single,Masters,Glasgow,Scotland,UK,08-04-2019,True
EMP507J,Mary,Rodriguez,29-11-1988,Female,Single,Bachelors,Austin,Texas,US,21-11-2017,True
EMP508J,Harry,Thomas,29-12-2001,Male,Married,Bachelors,Edinburgh,Scotland,UK,07-07-2018,True
EMP509J,Pooja,Kumar,21-03-2000,Female,Married,Bachelors,Mumbai,Maharashtra,India,27-09-2021,False
EMP510J,Sanjay,Kumari,21-09-1975,Female,Single,Bachelors,New Delhi,Delhi,India,24-11-2019,True
EMP511J,George,Davies,30-01-2000,Female,Married,Bachelors,London,England,UK,01-01-2026,False
EMP512J,Isla,Thomas,16-12-1997,Female,Married,Bachelors,Edinburgh,Scotland,UK,03-06-2025,True
EMP513J,David,Williams,06-07-1972,Male,Divorced,Bachelors,Austin,Texas,US,18-10-2017,True
EMP514J,Vikram,Mishra,16-02-1980,Female,Single,PhD,New Delhi,Delhi,India,09-05-2024,True
EMP515J,David,Jones,15-04-1980,Male,Single,Diploma,New York,New York,US,03-01-2026,True
EMP516J,Mary,Miller,10-02-1967,Female,Married,Bachelors,New York,New York,US,30-01-2018,True
EMP517J,Manish,Reddy,18-10-1989,Female,Single,Bachelors,Bangalore,Karnataka,India,17-04-2022,True
EMP518J,Rahul,Reddy,11-12-1975,Male,Married,PhD,New Delhi,Delhi,India,07-12-2017,True
EMP519J,George,Wilson,28-01-1988,Male,Married,Diploma,Birmingham,England,UK,01-10-2024,True
EMP520J,Vikram,Patel,15-04-1972,Female,Single,Bachelors,New Delhi,Delhi,India,18-07-2017,False
EMP521J,Pooja,Mishra,12-09-2000,Female,Single,Masters,Chennai,Tamil Nadu,India,05-12-2020,True
EMP522J,Poppy,Thomas,28-07-2000,Male,Married,Bachelors,Glasgow,Scotland,UK,25-06-2017,False
EMP523J,Thomas,Wilson,23-06-2000,Female,Married,Masters,London,England,UK,03-08-2026,True
EMP524J,Charlie,Roberts,01-07-2001,Male,Married,Bachelors,Glasgow,Scotland,UK,13-03-2020,False
EMP525J,Anjali,Bose,16-08-1986,Male,Married,High School,New Delhi,Delhi,India,08-02-2024,True
EMP526J,Olivia,Wilson,22-05-1981,Female,Married,Bachelors,London,England,UK,04-10-2022,False
EMP527J,Olivia,Taylor,16-05-1966,Female,Single,Bachelors,London,England,UK,15-09-2024,True
EMP528J,Linda,Davis,23-01-1967,Female,Divorced,Bachelors,Seattle,Washington,US,15-09-2025,True
EMP529J,Anjali,Singh,11-08-1979,Female,Single,PhD,Chennai,Tamil Nadu,India,03-02-2026,True
EMP530J,John,Jones,30-06-1995,Male,Married,Bachelors,New York,New York,US,29-03-2017,True
EMP531J,Jack,Wilson,05-03-1969,Female,Single,Diploma,London,England,UK,03-08-2023,True
EMP532J,Amelia,Taylor,28-09-1992,Female,Single,Bachelors,Edinburgh,Scotland,UK,22-11-2017,True
EMP533J,Priya,Sharma,08-05-1978,Male,Married,Masters,Bangalore,Karnataka,India,01-06-2016,True
EMP534J,Elizabeth,Miller,23-02-1988,Male,Married,Masters,New York,New York,US,30-10-2021,True
EMP535J,Jacob,Taylor,20-11-1989,Female,Single,Bachelors,London,England,UK,04-02-2020,True
EMP536J,Rakesh,Singh,27-01-1989,Female,Married,Masters,Mumbai,Maharashtra,India,30-01-2019,False
EMP537J,Jennifer,Brown,22-03-1987,Male,Married,Masters,Austin,Texas,US,14-07-2024,False
EMP538J,Charlie,Davies,18-06-1989,Male,Single,Masters,Edinburgh,Scotland,UK,18-06-2018,True
EMP539J,Kavita,Das,21-07-1995,Male,Married,Bachelors,Mumbai,Maharashtra,India,18-12-2023,True
EMP540J,Kavita,Verma,01-02-1969,Male,Single,Bachelors,Chennai,Tamil Nadu,India,19-02-2015,True
EMP541J,Isla,Williams,01-08-1977,Female,Married,Diploma,Edinburgh,Scotland,UK,18-07-2019,True
EMP542J,Priya,Nayak,16-03-2003,Male,Married,Bachelors,Chennai,Tamil Nadu,India,05-02-2024,False
EMP543J,Harry,Williams,06-08-1998,Male,Single,Bachelors,Birmingham,England,UK,06-11-2017,False
EMP544J,Emily,Davies,07-06-1983,Male,Married,Bachelors,Edinburgh,Scotland,UK,02-09-2024,True
EMP545J,Priya,Das,21-01-1987,Female,Single,Bachelors,Bangalore,Karnataka,India,02-05-2018,False
EMP546J,Robert,Davis,16-09-1996,Male,Married,Bachelors,Chicago,Illinois,US,20-06-2025,True
EMP547J,Patricia,Davis,18-04-1985,Female,Married,Bachelors,Seattle,Washington,US,28-01-2020,True
EMP548J,Priya,Mishra,06-12-1978,Female,Married,PhD,Bangalore,Karnataka,India,24-02-2020,True
EMP549J,Kavita,Reddy,26-04-2002,Male,Divorced,PhD,Mumbai,Maharashtra,India,09-08-2020,True
EMP550J,Sneha,Das,25-06-1985,Male,Married,Bachelors,Bangalore,Karnataka,India,20-09-2022,True
EMP551J,James,Rodriguez,22-03-1971,Male,Married,Diploma,Chicago,Illinois,US,22-12-2018,True
EMP552J,Patricia,Smith,21-10-1994,Male,Divorced,Diploma,San Francisco,California,US,16-09-2023,True
EMP553J,Rahul,Singh,17-01-1981,Male,Single,High School,Chennai,Tamil Nadu,India,02-11-2019,True
EMP554J,Emily,Davies,30-07-1980,Male,Single,Bachelors,Birmingham,England,UK,30-05-2021,True
EMP555J,Barbara,Williams,26-01-1998,Male,Married,Bachelors,Chicago,Illinois,US,27-02-2026,True
EMP556J,Kavita,Singh,13-12-1980,Male,Single,Bachelors,Hyderabad,Telangana,India,31-05-2022,True
EMP557J,Olivia,Thomas,30-01-1998,Male,Single,Bachelors,Glasgow,Scotland,UK,05-03-2023,True
EMP558J,Manish,Mishra,31-07-1994,Male,Single,Bachelors,Bangalore,Karnataka,India,24-03-2015,True
EMP559J,Olivia,Brown,11-03-1984,Male,Married,Bachelors,London,England,UK,02-04-2021,True
EMP560J,Rahul,Mishra,05-01-1993,Female,Single,Bachelors,Hyderabad,Telangana,India,16-02-2023,False
EMP561J,Pooja,Nayak,16-08-1984,Female,Single,Masters,Hyderabad,Telangana,India,04-01-2016,True
EMP562J,Pooja,Patel,31-07-2003,Male,Married,Masters,Hyderabad,Telangana,India,14-04-2018,False
EMP563J,Harry,Davies,21-11-1969,Female,Single,Masters,London,England,UK,02-10-2017,True
EMP564J,Kiran,Bose,17-04-1979,Male,Married,High School,Chennai,Tamil Nadu,India,06-11-2022,True
EMP565J,Isla,Thomas,23-04-1966,Female,Single,Masters,Edinburgh,Scotland,UK,29-09-2015,True
EMP566J,Oliver,Jones,21-03-1982,Female,Divorced,Bachelors,Edinburgh,Scotland,UK,09-03-2016,True
EMP567J,Harry,Thomas,31-03-1982,Female,Single,Bachelors,Birmingham,England,UK,13-01-2016,False
EMP568J,Isla,Roberts,11-07-2000,Male,Married,Masters,Glasgow,Scotland,UK,06-08-2023,True
EMP569J,Thomas,Williams,11-01-1994,Female,Married,Bachelors,London,England,UK,16-11-2016,False
EMP570J,Jack,Wilson,22-09-2002,Male,Single,Bachelors,Edinburgh,Scotland,UK,14-03-2025,True
EMP571J,Patricia,Davis,01-09-1971,Male,Married,Bachelors,Chicago,Illinois,US,05-08-2025,True
EMP572J,Jennifer,Williams,20-01-1986,Male,Married,Masters,Chicago,Illinois,US,22-12-2024,True
EMP573J,George,Brown,11-08-2002,Female,Married,Masters,Manchester,England,UK,09-01-2018,True
EMP574J,Michael,Davis,20-07-1997,Male,Married,Bachelors,Chicago,Illinois,US,21-07-2017,True
EMP575J,Emily,Brown,12-04-1980,Female,Married,Bachelors,Glasgow,Scotland,UK,19-11-2017,False
EMP576J,Poppy,Roberts,28-09-1982,Male,Single,Bachelors,Glasgow,Scotland,UK,12-12-2019,True
EMP577J,Kavita,Mishra,08-09-2001,Male,Married,Masters,Mumbai,Maharashtra,India,18-02-2026,True
EMP578J,Harry,Evans,30-06-1991,Female,Single,Bachelors,Birmingham,England,UK,03-10-2020,True
EMP579J,Priya,Patel,17-10-1977,Male,Married,Masters,Bangalore,Karnataka,India,16-11-2021,True
EMP580J,Mary,Davis,14-09-1980,Female,Married,Bachelors,San Francisco,California,US,20-02-2026,False
EMP581J,Thomas,Davies,23-04-1980,Female,Single,Masters,Birmingham,England,UK,27-03-2025,True
EMP582J,John,Brown,14-10-1980,Male,Married,Bachelors,Seattle,Washington,US,25-12-2017,True
EMP583J,Vikram,Bose,18-12-2003,Female,Single,Bachelors,Chennai,Tamil Nadu,India,06-07-2021,True
EMP584J,Pooja,Chauhan,08-03-1992,Female,Single,Bachelors,Bangalore,Karnataka,India,09-03-2026,True
EMP585J,Mary,Rodriguez,01-03-1992,Male,Single,Bachelors,Austin,Texas,US,02-05-2018,False
EMP586J,Michael,Martinez,26-01-1967,Male,Married,Bachelors,Chicago,Illinois,US,11-05-2023,True
EMP587J,James,Williams,23-08-1973,Male,Married,Bachelors,Chicago,Illinois,US,19-03-2019,True
EMP588J,Oliver,Evans,25-05-1997,Female,Single,High School,Glasgow,Scotland,UK,18-10-2017,True
EMP589J,Manish,Sharma,01-10-1965,Male,Married,Bachelors,Mumbai,Maharashtra,India,24-03-2018,True
EMP590J,Isla,Jones,14-11-1998,Male,Married,Bachelors,Manchester,England,UK,20-06-2019,False
EMP591J,Anjali,Mishra,06-12-1999,Female,Married,Bachelors,Bangalore,Karnataka,India,13-09-2019,True
EMP592J,Kavita,Kumar,16-08-1972,Female,Single,Masters,Bangalore,Karnataka,India,25-11-2019,True
EMP593J,David,Smith,02-06-1980,Male,Single,Bachelors,Seattle,Washington,US,27-10-2020,True
EMP594J,Jacob,Davies,30-04-1976,Male,Married,Masters,Edinburgh,Scotland,UK,03-07-2017,True
EMP595J,Robert,Johnson,17-02-1986,Male,Married,Bachelors,New York,New York,US,12-01-2019,True
EMP596J,Linda,Garcia,20-12-1969,Female,Married,PhD,San Francisco,California,US,17-08-2015,True
EMP597J,Linda,Johnson,04-05-1967,Male,Married,High School,Seattle,Washington,US,18-09-2015,True
EMP598J,John,Davis,25-12-1979,Female,Divorced,Masters,San Francisco,California,US,21-02-2016,True
EMP599J,Jennifer,Brown,04-02-2002,Female,Single,Bachelors,Chicago,Illinois,US,07-01-2017,True
EMP600J,Thomas,Thomas,11-02-1989,Female,Married,Masters,Edinburgh,Scotland,UK,20-06-2020,True
EMP601J,Emily,Williams,16-09-1986,Male,Single,Diploma,London,England,UK,11-08-2025,False
EMP602J,Kavita,Das,22-02-2000,Female,Married,PhD,Bangalore,Karnataka,India,19-11-2025,True
EMP603J,Michael,Williams,19-05-1995,Female,Married,Diploma,Seattle,Washington,US,10-08-2016,True
EMP604J,Harry,Jones,07-05-1983,Female,Married,Bachelors,Glasgow,Scotland,UK,06-06-2015,True
EMP605J,Michael,Garcia,03-01-1995,Female,Single,Masters,New York,New York,US,11-04-2016,True
EMP606J,Neha,Kumari,27-03-1982,Male,Divorced,Bachelors,Hyderabad,Telangana,India,11-09-2019,False
EMP607J,Jennifer,Jones,11-04-1975,Female,Single,Masters,Austin,Texas,US,09-06-2026,False
EMP608J,Sanjay,Kumar,24-01-1978,Female,Divorced,Diploma,Chennai,Tamil Nadu,India,30-08-2026,True
EMP609J,Amelia,Evans,14-09-1977,Male,Single,Masters,Edinburgh,Scotland,UK,02-10-2022,True
EMP610J,Kiran,Bose,25-08-1973,Female,Married,Diploma,Hyderabad,Telangana,India,18-06-2020,True
EMP611J,Sneha,Patel,07-11-2004,Female,Married,Masters,Hyderabad,Telangana,India,16-09-2022,True
EMP612J,Rakesh,Sharma,06-09-1971,Male,Single,PhD,Hyderabad,Telangana,India,21-04-2015,True
EMP613J,Sneha,Kumari,03-08-1971,Male,Married,PhD,New Delhi,Delhi,India,13-01-2019,False
EMP614J,Vikram,Kumar,05-05-2000,Male,Single,Masters,Bangalore,Karnataka,India,27-03-2016,True
EMP615J,Oliver,Clark,13-11-1990,Female,Single,Diploma,Birmingham,England,UK,07-07-2025,False
EMP616J,George,Evans,02-10-1988,Male,Married,Bachelors,Glasgow,Scotland,UK,22-10-2016,True
EMP617J,Jacob,Thomas,17-04-1971,Male,Married,Bachelors,London,England,UK,17-06-2016,False
EMP618J,James,Martinez,20-05-1982,Female,Married,Diploma,Seattle,Washington,US,26-07-2017,True
EMP619J,Jacob,Davies,20-01-1983,Female,Divorced,Bachelors,London,England,UK,04-07-2023,True
EMP620J,Manish,Verma,13-08-1976,Male,Divorced,Bachelors,New Delhi,Delhi,India,14-03-2016,True
EMP621J,Michael,Rodriguez,13-06-1966,Female,Single,Masters,Chicago,Illinois,US,01-08-2019,True
EMP622J,Charlie,Davies,13-02-2003,Male,Single,Bachelors,Edinburgh,Scotland,UK,20-09-2024,True
EMP623J,Jacob,Clark,11-10-1965,Female,Divorced,Bachelors,Glasgow,Scotland,UK,23-08-2026,True
EMP624J,Ravi,Kumari,25-07-1973,Male,Married,Bachelors,Mumbai,Maharashtra,India,19-06-2017,True
EMP625J,Priya,Iyer,19-02-1997,Female,Married,Bachelors,Mumbai,Maharashtra,India,29-01-2025,True
EMP626J,David,Miller,24-11-1999,Male,Married,Bachelors,San Francisco,California,US,15-07-2019,True
EMP627J,Anjali,Mishra,09-12-1967,Female,Single,Bachelors,Bangalore,Karnataka,India,09-04-2023,True
EMP628J,Jack,Taylor,29-01-1969,Female,Married,High School,London,England,UK,17-12-2018,True
EMP629J,Isla,Williams,21-03-1999,Female,Single,Masters,Glasgow,Scotland,UK,29-09-2021,False
EMP630J,Linda,Williams,26-08-1982,Female,Married,Bachelors,Seattle,Washington,US,05-11-2016,True
EMP631J,Charlie,Taylor,16-11-1971,Male,Married,Masters,Manchester,England,UK,24-07-2025,False
EMP632J,Vikram,Reddy,28-03-1980,Female,Married,Bachelors,Mumbai,Maharashtra,India,04-02-2025,True
EMP633J,Poppy,Roberts,17-02-2003,Male,Single,Bachelors,London,England,UK,27-05-2022,True
EMP634J,Patricia,Martinez,30-01-1995,Female,Married,Bachelors,San Francisco,California,US,04-09-2021,True
EMP635J,Elizabeth,Martinez,10-10-1994,Male,Single,Bachelors,San Francisco,California,US,25-05-2026,True
EMP636J,Charlie,Wilson,24-10-1980,Male,Single,Bachelors,London,England,UK,29-10-2016,True
EMP637J,Emily,Clark,08-10-2002,Female,Married,Diploma,Glasgow,Scotland,UK,03-03-2015,True
EMP638J,Neha,Kumar,18-10-1967,Female,Married,Masters,Chennai,Tamil Nadu,India,22-02-2022,True
EMP639J,Neha,Bose,01-07-1979,Male,Single,Diploma,Mumbai,Maharashtra,India,02-06-2019,True
EMP640J,James,Rodriguez,24-08-1969,Female,Married,Masters,Chicago,Illinois,US,05-03-2016,True
EMP641J,David,Miller,02-01-1993,Female,Single,High School,New York,New York,US,29-09-2020,False
EMP642J,Michael,Garcia,13-06-1993,Male,Divorced,Bachelors,Chicago,Illinois,US,07-09-2023,True
EMP643J,John,Rodriguez,09-12-1965,Female,Single,Bachelors,Chicago,Illinois,US,12-01-2021,True
EMP644J,James,Garcia,05-05-2002,Male,Married,Bachelors,Chicago,Illinois,US,24-02-2024,False
EMP645J,Sneha,Das,14-12-1986,Female,Married,Bachelors,Bangalore,Karnataka,India,02-03-2023,True
EMP646J,John,Rodriguez,07-01-1988,Female,Single,Bachelors,Chicago,Illinois,US,12-03-2019,False
EMP647J,Rakesh,Singh,19-04-1998,Male,Married,Masters,New Delhi,Delhi,India,29-12-2022,True
EMP648J,Kavita,Patel,03-05-1975,Male,Single,Masters,Mumbai,Maharashtra,India,12-02-2019,True
EMP649J,James,Jones,09-11-1969,Male,Single,Diploma,San Francisco,California,US,30-03-2019,True
EMP650J,George,Jones,27-11-1984,Male,Married,Masters,Edinburgh,Scotland,UK,07-12-2021,True
EMP651J,Priya,Bose,02-11-1977,Female,Single,Bachelors,Bangalore,Karnataka,India,02-12-2022,True
EMP652J,Thomas,Evans,25-12-1997,Female,Single,Masters,Manchester,England,UK,03-12-2024,True
EMP653J,Linda,Smith,04-07-1972,Male,Married,Masters,Austin,Texas,US,20-10-2016,True
EMP654J,Kiran,Kumar,21-08-1994,Male,Married,Bachelors,Bangalore,Karnataka,India,09-04-2025,True
EMP655J,Emily,Evans,05-02-1973,Male,Married,Masters,Glasgow,Scotland,UK,25-01-2020,True
EMP656J,Amit,Das,29-07-1974,Female,Married,Bachelors,New Delhi,Delhi,India,04-09-2016,True
EMP657J,Jacob,Clark,07-05-1980,Male,Single,High School,Birmingham,England,UK,28-05-2015,True
EMP658J,James,Jones,20-02-1996,Female,Divorced,Bachelors,Chicago,Illinois,US,29-07-2021,True
EMP659J,Amit,Singh,02-08-1993,Female,Single,Diploma,Chennai,Tamil Nadu,India,09-02-2016,True
EMP660J,Anjali,Kumari,26-11-1998,Female,Married,Bachelors,Bangalore,Karnataka,India,06-07-2024,True
EMP661J,Elizabeth,Johnson,20-04-1984,Male,Married,Masters,Seattle,Washington,US,09-07-2024,True
EMP662J,Jack,Roberts,14-11-1988,Female,Divorced,Bachelors,Birmingham,England,UK,09-06-2023,True
EMP663J,Priya,Das,15-08-1977,Female,Married,Bachelors,New Delhi,Delhi,India,30-03-2025,True
EMP664J,James,Brown,06-04-1987,Female,Married,Masters,San Francisco,California,US,02-11-2017,True
EMP665J,Poppy,Wilson,25-10-1983,Female,Single,Masters,Birmingham,England,UK,02-03-2024,True
EMP666J,Priya,Verma,19-05-1991,Male,Married,PhD,Hyderabad,Telangana,India,18-06-2023,True
EMP667J,Sanjay,Nayak,02-11-1989,Female,Single,Bachelors,New Delhi,Delhi,India,08-05-2016,True
EMP668J,Manish,Bose,26-08-1993,Female,Married,Bachelors,Hyderabad,Telangana,India,18-01-2024,True
EMP669J,Jack,Wilson,11-01-1971,Female,Married,Masters,Manchester,England,UK,27-04-2026,False
EMP670J,Oliver,Evans,22-08-1998,Male,Married,Bachelors,Birmingham,England,UK,03-08-2024,True
EMP671J,Jennifer,Williams,14-05-1986,Male,Single,PhD,Seattle,Washington,US,19-01-2024,True
EMP672J,Patricia,Jones,30-06-1969,Male,Married,Diploma,New York,New York,US,30-03-2023,True
EMP673J,Harry,Jones,15-06-1977,Female,Married,Bachelors,Glasgow,Scotland,UK,23-04-2019,True
EMP674J,Vikram,Bose,26-09-1979,Female,Single,Bachelors,New Delhi,Delhi,India,04-04-2022,True
EMP675J,Rahul,Gupta,04-05-1992,Female,Single,Masters,New Delhi,Delhi,India,03-10-2025,True
EMP676J,Sanjay,Patel,22-04-1966,Male,Married,Bachelors,Bangalore,Karnataka,India,12-07-2021,True
EMP677J,Jennifer,Jones,14-01-1985,Female,Married,Bachelors,San Francisco,California,US,15-03-2023,False
EMP678J,William,Rodriguez,24-12-2003,Female,Divorced,Bachelors,San Francisco,California,US,25-10-2024,True
EMP679J,William,Johnson,03-12-1994,Male,Married,Bachelors,Austin,Texas,US,21-07-2020,True
EMP680J,Mary,Rodriguez,01-11-1971,Female,Married,Bachelors,San Francisco,California,US,08-04-2016,True
EMP681J,Charlie,Taylor,14-08-2004,Male,Single,Masters,London,England,UK,01-04-2019,True
EMP682J,George,Roberts,29-03-1991,Male,Single,Masters,London,England,UK,11-02-2021,True
EMP683J,Sneha,Sharma,29-10-1995,Male,Single,Masters,Hyderabad,Telangana,India,29-12-2021,True
EMP684J,Harry,Williams,19-12-1987,Male,Single,Diploma,Glasgow,Scotland,UK,05-03-2025,True
EMP685J,George,Brown,16-10-2001,Female,Married,High School,Birmingham,England,UK,05-04-2026,True
EMP686J,George,Clark,22-11-2004,Female,Single,Bachelors,Edinburgh,Scotland,UK,26-03-2018,True
EMP687J,Michael,Brown,04-10-1983,Male,Single,Bachelors,Chicago,Illinois,US,16-07-2021,True
EMP688J,Jennifer,Johnson,12-10-1979,Female,Married,Bachelors,Austin,Texas,US,19-06-2026,True
EMP689J,Jacob,Davies,10-01-1998,Male,Married,High School,London,England,UK,02-09-2022,True
EMP690J,Olivia,Davies,28-05-1984,Female,Divorced,Bachelors,London,England,UK,28-06-2022,True
EMP691J,Charlie,Roberts,21-09-1970,Female,Single,Diploma,Birmingham,England,UK,07-01-2017,True
EMP692J,Sanjay,Reddy,10-12-1970,Male,Single,Bachelors,New Delhi,Delhi,India,01-12-2019,True
EMP693J,William,Johnson,22-01-1983,Female,Married,Bachelors,Chicago,Illinois,US,13-09-2023,True
EMP694J,Sneha,Sharma,17-02-1987,Male,Married,Masters,Mumbai,Maharashtra,India,07-11-2021,True
EMP695J,Isla,Williams,05-07-1975,Female,Married,Bachelors,Glasgow,Scotland,UK,15-11-2024,True
EMP696J,Emily,Roberts,06-07-1992,Male,Married,Bachelors,Edinburgh,Scotland,UK,23-12-2017,True
EMP697J,David,Martinez,12-10-1969,Female,Single,Masters,Chicago,Illinois,US,02-06-2017,True
EMP698J,William,Jones,31-08-1992,Female,Divorced,Bachelors,New York,New York,US,03-12-2021,True
EMP699J,Rahul,Mishra,16-01-1982,Female,Single,High School,Bangalore,Karnataka,India,17-06-2016,True
EMP700J,Isla,Williams,05-11-1976,Female,Married,Bachelors,Birmingham,England,UK,06-01-2024,True
EMP701J,Neha,Chauhan,31-10-1969,Female,Married,PhD,Mumbai,Maharashtra,India,12-08-2022,True
EMP702J,Charlie,Clark,27-06-1973,Female,Married,PhD,London,England,UK,13-01-2018,True
EMP703J,Linda,Davis,14-12-1967,Male,Divorced,Masters,New York,New York,US,19-02-2016,True
EMP704J,Kavita,Gupta,08-04-2000,Female,Divorced,Masters,Bangalore,Karnataka,India,01-10-2020,True
EMP705J,Rakesh,Verma,08-12-1991,Female,Divorced,Bachelors,Bangalore,Karnataka,India,16-11-2021,True
EMP706J,Emily,Wilson,26-12-1965,Female,Single,Masters,Glasgow,Scotland,UK,21-04-2017,True
EMP707J,Olivia,Davies,31-12-1992,Male,Married,Bachelors,Glasgow,Scotland,UK,09-07-2018,True
EMP708J,Isla,Clark,01-08-1990,Male,Single,Masters,Birmingham,England,UK,04-04-2020,True
EMP709J,Priya,Das,15-09-1992,Male,Divorced,Masters,Mumbai,Maharashtra,India,02-12-2017,True
EMP710J,Kiran,Bose,30-09-1985,Male,Single,Diploma,New Delhi,Delhi,India,23-11-2016,True
EMP711J,David,Williams,09-01-1982,Male,Married,Bachelors,Austin,Texas,US,19-10-2025,False
EMP712J,Manish,Iyer,18-08-1990,Female,Single,Masters,New Delhi,Delhi,India,17-07-2018,True
EMP713J,Jack,Brown,08-06-2002,Female,Single,Bachelors,Birmingham,England,UK,25-08-2018,True
EMP714J,Amit,Patel,26-05-1990,Male,Divorced,Bachelors,Bangalore,Karnataka,India,22-01-2015,True
EMP715J,Charlie,Davies,17-02-1993,Male,Single,Bachelors,Birmingham,England,UK,20-03-2026,True
EMP716J,George,Brown,03-02-1994,Female,Single,Bachelors,Edinburgh,Scotland,UK,27-07-2019,True
EMP717J,Isla,Jones,03-12-1982,Female,Single,Bachelors,Manchester,England,UK,05-06-2019,True
EMP718J,Barbara,Johnson,06-06-2002,Female,Single,Bachelors,Seattle,Washington,US,23-08-2021,True
EMP719J,David,Garcia,07-09-1968,Male,Single,Bachelors,San Francisco,California,US,07-05-2026,True
EMP720J,Emily,Roberts,13-01-1966,Female,Married,Bachelors,London,England,UK,06-03-2021,False
EMP721J,Pooja,Verma,08-09-1982,Female,Married,Bachelors,Chennai,Tamil Nadu,India,22-05-2020,True
EMP722J,Rahul,Verma,17-05-1982,Female,Single,Masters,Mumbai,Maharashtra,India,12-04-2022,True
EMP723J,Mary,Brown,12-01-1972,Male,Married,Bachelors,Chicago,Illinois,US,26-12-2025,True
EMP724J,Anjali,Chauhan,16-04-2001,Female,Single,Bachelors,New Delhi,Delhi,India,24-07-2023,True
EMP725J,George,Clark,11-08-1991,Male,Married,Bachelors,Manchester,England,UK,02-01-2023,False
EMP726J,Amelia,Davies,29-06-1966,Female,Single,Masters,Birmingham,England,UK,14-06-2015,True
EMP727J,Mary,Jones,24-11-1980,Female,Single,Bachelors,Austin,Texas,US,19-12-2015,True
EMP728J,Patricia,Miller,22-06-1979,Female,Single,Bachelors,San Francisco,California,US,16-07-2018,True
EMP729J,William,Jones,20-02-1994,Male,Single,Bachelors,New York,New York,US,29-01-2022,True
EMP730J,Rahul,Gupta,06-09-1979,Male,Single,Masters,Mumbai,Maharashtra,India,31-08-2023,True
EMP731J,Thomas,Taylor,01-01-1982,Female,Married,PhD,Birmingham,England,UK,15-12-2024,False
EMP732J,Pooja,Iyer,07-12-1965,Female,Single,Masters,Hyderabad,Telangana,India,22-01-2021,True
EMP733J,Olivia,Williams,18-12-1967,Male,Married,Masters,Manchester,England,UK,18-01-2026,True
EMP734J,Emily,Williams,07-08-1984,Female,Married,Bachelors,London,England,UK,26-10-2024,True
EMP735J,David,Martinez,12-09-1997,Female,Single,Masters,San Francisco,California,US,17-07-2015,True
EMP736J,Manish,Das,14-01-1966,Female,Married,Diploma,New Delhi,Delhi,India,06-08-2024,True
EMP737J,John,Garcia,30-03-1997,Female,Married,Diploma,New York,New York,US,21-07-2017,True
EMP738J,Olivia,Taylor,17-08-2001,Male,Divorced,Masters,Manchester,England,UK,10-05-2020,True
EMP739J,Michael,Williams,17-08-1991,Female,Single,High School,Austin,Texas,US,23-06-2025,True
EMP740J,William,Williams,18-12-1971,Male,Single,Bachelors,Chicago,Illinois,US,30-12-2020,True
EMP741J,Vikram,Sharma,28-07-1969,Male,Married,Bachelors,Mumbai,Maharashtra,India,12-01-2026,True
EMP742J,Amit,Mishra,25-11-1996,Male,Married,PhD,New Delhi,Delhi,India,19-06-2019,True
EMP743J,George,Jones,28-06-1977,Male,Single,Bachelors,Birmingham,England,UK,04-04-2015,True
EMP744J,Kavita,Patel,05-08-1973,Male,Married,Diploma,Hyderabad,Telangana,India,05-07-2018,True
EMP745J,Robert,Smith,03-02-1983,Female,Divorced,Masters,Chicago,Illinois,US,08-12-2024,True
EMP746J,Priya,Kumar,15-08-1973,Male,Single,Bachelors,Mumbai,Maharashtra,India,16-12-2021,False
EMP747J,Ravi,Patel,04-11-1992,Male,Single,Bachelors,Chennai,Tamil Nadu,India,07-03-2026,True
EMP748J,Harry,Evans,22-08-1979,Male,Married,Bachelors,London,England,UK,25-12-2025,True
EMP749J,Neha,Nayak,05-05-1979,Female,Married,Bachelors,New Delhi,Delhi,India,22-11-2019,True
EMP750J,Thomas,Davies,06-04-2004,Male,Married,Masters,Glasgow,Scotland,UK,20-07-2018,True
EMP751J,Neha,Das,20-08-1982,Female,Single,Bachelors,Chennai,Tamil Nadu,India,12-09-2016,True
EMP752J,Jack,Brown,28-08-1974,Female,Divorced,Masters,Edinburgh,Scotland,UK,23-04-2025,True
EMP753J,Pooja,Reddy,04-08-2004,Female,Single,Bachelors,Mumbai,Maharashtra,India,17-07-2024,True
EMP754J,George,Thomas,26-10-1977,Female,Married,Masters,Glasgow,Scotland,UK,07-06-2025,True
EMP755J,Amit,Iyer,30-01-2001,Male,Married,Masters,Mumbai,Maharashtra,India,30-08-2019,True
EMP756J,James,Miller,29-08-1973,Female,Single,Bachelors,Austin,Texas,US,01-05-2015,True
EMP757J,Charlie,Jones,23-04-1980,Male,Single,Bachelors,Manchester,England,UK,05-05-2018,True
EMP758J,Jacob,Wilson,06-05-1989,Female,Married,Masters,Edinburgh,Scotland,UK,25-02-2022,True
EMP759J,John,Davis,07-07-2002,Female,Single,Bachelors,Chicago,Illinois,US,11-07-2018,True
EMP760J,Linda,Brown,09-07-1975,Male,Married,Bachelors,Austin,Texas,US,19-08-2015,False
EMP761J,Rakesh,Iyer,29-04-1984,Female,Single,Masters,Bangalore,Karnataka,India,11-04-2023,True
EMP762J,Barbara,Smith,27-11-2000,Female,Single,Bachelors,San Francisco,California,US,15-06-2026,True
EMP763J,Isla,Thomas,22-05-2002,Female,Divorced,Bachelors,London,England,UK,22-04-2021,True
EMP764J,Sneha,Chauhan,28-07-1990,Female,Single,Masters,New Delhi,Delhi,India,25-05-2019,True
EMP765J,Anjali,Chauhan,28-03-2004,Female,Married,Masters,Mumbai,Maharashtra,India,17-05-2022,True
EMP766J,Linda,Jones,30-03-1982,Female,Married,Bachelors,Chicago,Illinois,US,06-08-2022,True
EMP767J,Elizabeth,Garcia,09-07-1985,Male,Single,Masters,Seattle,Washington,US,06-01-2021,True
EMP768J,Barbara,Brown,27-02-1989,Male,Married,Bachelors,Austin,Texas,US,02-03-2022,True
EMP769J,Olivia,Brown,12-09-1980,Female,Married,Bachelors,Edinburgh,Scotland,UK,26-07-2019,True
EMP770J,James,Martinez,05-12-1971,Male,Single,Bachelors,New York,New York,US,24-10-2021,True
EMP771J,Poppy,Evans,12-11-2000,Male,Single,High School,Edinburgh,Scotland,UK,01-10-2017,True
EMP772J,Jennifer,Williams,02-01-1967,Female,Married,Masters,Chicago,Illinois,US,16-05-2026,True
EMP773J,Amit,Verma,10-05-1992,Female,Single,Bachelors,Bangalore,Karnataka,India,25-09-2024,True
EMP774J,Jack,Evans,10-01-1982,Female,Married,Bachelors,Manchester,England,UK,16-07-2015,True
EMP775J,Pooja,Nayak,11-06-1968,Male,Single,Masters,Mumbai,Maharashtra,India,07-08-2020,False
EMP776J,Linda,Williams,31-08-1972,Female,Single,Bachelors,Chicago,Illinois,US,18-05-2018,False
EMP777J,Mary,Rodriguez,07-02-1974,Male,Married,Masters,New York,New York,US,28-05-2024,False
EMP778J,Priya,Patel,05-01-1972,Female,Married,Masters,Hyderabad,Telangana,India,19-12-2023,True
EMP779J,George,Thomas,31-05-1981,Female,Single,Bachelors,Birmingham,England,UK,16-02-2021,True
EMP780J,Thomas,Thomas,24-11-1991,Male,Single,Bachelors,Glasgow,Scotland,UK,18-01-2019,True
EMP781J,Rahul,Verma,08-08-1985,Female,Single,Bachelors,Bangalore,Karnataka,India,15-05-2024,True
EMP782J,Oliver,Evans,12-08-1974,Male,Married,Bachelors,Edinburgh,Scotland,UK,21-04-2021,True
EMP783J,George,Clark,09-06-1965,Male,Married,PhD,London,England,UK,01-04-2025,True
EMP784J,Rahul,Nayak,05-05-1969,Female,Married,Bachelors,Chennai,Tamil Nadu,India,14-02-2017,True
EMP785J,Amit,Gupta,23-02-1969,Female,Married,Bachelors,Mumbai,Maharashtra,India,03-11-2017,False
EMP786J,Robert,Williams,08-10-2001,Female,Single,PhD,San Francisco,California,US,25-07-2017,True
EMP787J,Jacob,Williams,17-05-2003,Male,Married,High School,Birmingham,England,UK,24-10-2017,True
EMP788J,Mary,Jones,02-09-2001,Female,Single,Masters,San Francisco,California,US,26-06-2025,True
EMP789J,Jacob,Taylor,02-11-1969,Male,Single,PhD,Glasgow,Scotland,UK,07-07-2026,True
EMP790J,Vikram,Gupta,24-07-1984,Female,Married,Bachelors,Bangalore,Karnataka,India,06-10-2025,True
EMP791J,Charlie,Wilson,22-03-1972,Female,Single,Masters,Edinburgh,Scotland,UK,02-07-2017,True
EMP792J,Poppy,Wilson,14-07-1974,Male,Married,PhD,Manchester,England,UK,20-11-2023,True
EMP793J,Poppy,Jones,18-10-1977,Male,Single,Masters,Glasgow,Scotland,UK,18-12-2025,True
EMP794J,Arjun,Kumar,11-08-2000,Male,Married,Masters,Bangalore,Karnataka,India,18-11-2025,True
EMP795J,John,Jones,18-08-1981,Female,Married,Bachelors,San Francisco,California,US,16-08-2021,True
EMP796J,Patricia,Jones,30-05-1991,Female,Married,Diploma,Seattle,Washington,US,28-12-2018,True
EMP797J,Sneha,Chauhan,09-09-1979,Female,Divorced,Masters,Chennai,Tamil Nadu,India,12-11-2022,True
EMP798J,Jennifer,Brown,10-05-1971,Male,Married,Masters,San Francisco,California,US,18-09-2018,True
EMP799J,Sneha,Kumar,04-08-1968,Male,Married,Masters,Hyderabad,Telangana,India,20-06-2022,True
EMP800J,Amelia,Clark,05-01-1968,Female,Divorced,Bachelors,Glasgow,Scotland,UK,09-06-2023,True
EMP801J,Patricia,Williams,23-03-1965,Male,Single,Diploma,Seattle,Washington,US,16-06-2018,True
EMP802J,Robert,Williams,05-01-1977,Female,Single,Diploma,San Francisco,California,US,25-03-2025,True
EMP803J,Priya,Iyer,04-09-1989,Male,Married,Diploma,New Delhi,Delhi,India,03-05-2015,True
EMP804J,Anjali,Iyer,18-03-1968,Female,Married,Diploma,New Delhi,Delhi,India,18-02-2017,False
EMP805J,William,Davis,20-07-2004,Male,Single,Bachelors,San Francisco,California,US,16-01-2022,True
EMP806J,Elizabeth,Martinez,12-02-1989,Male,Single,Masters,New York,New York,US,26-10-2015,True
EMP807J,John,Rodriguez,13-09-1965,Male,Married,Masters,Seattle,Washington,US,24-09-2025,True
EMP808J,Mary,Miller,09-03-1997,Female,Married,Bachelors,Austin,Texas,US,19-04-2015,True
EMP809J,Charlie,Brown,26-11-1986,Female,Married,Bachelors,Glasgow,Scotland,UK,22-04-2024,True
EMP810J,Elizabeth,Garcia,30-04-1969,Female,Single,Diploma,Seattle,Washington,US,21-12-2019,True
EMP811J,Jennifer,Brown,01-10-2004,Male,Single,Bachelors,Austin,Texas,US,17-03-2015,True
EMP812J,Linda,Smith,23-05-1992,Female,Divorced,Bachelors,Chicago,Illinois,US,10-08-2020,False
EMP813J,Emily,Wilson,29-12-2004,Female,Divorced,Bachelors,London,England,UK,06-02-2026,True
EMP814J,Sneha,Mishra,03-12-1998,Female,Divorced,Bachelors,Hyderabad,Telangana,India,25-06-2020,True
EMP815J,Amit,Iyer,08-01-1982,Female,Single,Bachelors,Mumbai,Maharashtra,India,01-10-2021,True
EMP816J,John,Jones,22-02-2001,Male,Married,Masters,San Francisco,California,US,05-11-2020,True
EMP817J,Vikram,Das,27-01-1999,Female,Single,Bachelors,New Delhi,Delhi,India,25-06-2024,True
EMP818J,Mary,Davis,14-01-1976,Female,Divorced,Bachelors,New York,New York,US,05-05-2015,True
EMP819J,Charlie,Brown,30-12-1994,Male,Married,Masters,London,England,UK,27-05-2019,True
EMP820J,William,Jones,31-10-1993,Female,Married,Bachelors,San Francisco,California,US,08-08-2022,True
EMP821J,Barbara,Brown,04-10-1998,Male,Married,Bachelors,New York,New York,US,13-03-2020,True
EMP822J,Amelia,Roberts,10-06-1990,Female,Married,High School,London,England,UK,09-04-2022,True
EMP823J,Jacob,Taylor,14-12-2002,Male,Married,Masters,Edinburgh,Scotland,UK,27-02-2025,True
EMP824J,Barbara,Smith,05-07-1972,Female,Married,High School,New York,New York,US,03-11-2017,True
EMP825J,Pooja,Verma,15-10-1991,Female,Single,Bachelors,Hyderabad,Telangana,India,19-06-2022,True
EMP826J,Charlie,Wilson,05-02-1966,Male,Single,Bachelors,Edinburgh,Scotland,UK,10-11-2018,False
EMP827J,Michael,Johnson,08-08-1965,Female,Single,Masters,New York,New York,US,04-07-2023,True
EMP828J,Jack,Roberts,26-04-1991,Male,Married,Bachelors,Birmingham,England,UK,15-07-2015,True
EMP829J,Emily,Taylor,13-09-1978,Male,Married,PhD,Birmingham,England,UK,21-01-2025,True
EMP830J,Michael,Garcia,09-08-1976,Male,Single,Bachelors,Seattle,Washington,US,24-12-2020,False
EMP831J,Harry,Davies,21-10-1982,Female,Divorced,Bachelors,Edinburgh,Scotland,UK,17-08-2026,True
EMP832J,David,Martinez,10-06-1972,Female,Single,PhD,New York,New York,US,02-10-2015,True
EMP833J,Poppy,Clark,20-04-1969,Female,Single,Bachelors,Edinburgh,Scotland,UK,06-08-2015,True
EMP834J,Vikram,Verma,28-10-1992,Male,Married,Masters,New Delhi,Delhi,India,22-03-2015,True
EMP835J,Neha,Sharma,25-12-2002,Male,Divorced,High School,Mumbai,Maharashtra,India,11-05-2025,True
EMP836J,James,Jones,28-12-1976,Female,Married,Bachelors,New York,New York,US,30-10-2019,True
EMP837J,Oliver,Taylor,09-05-1998,Male,Single,Bachelors,Manchester,England,UK,23-08-2019,False
EMP838J,Thomas,Thomas,12-12-1976,Male,Married,Bachelors,Birmingham,England,UK,01-03-2017,True
EMP839J,Robert,Williams,20-01-1971,Male,Divorced,Bachelors,New York,New York,US,05-01-2023,True
EMP840J,Rakesh,Mishra,30-06-1978,Male,Single,Masters,Hyderabad,Telangana,India,10-05-2020,True
EMP841J,Barbara,Garcia,11-12-1997,Female,Married,Masters,Austin,Texas,US,10-08-2018,True
EMP842J,Manish,Singh,14-05-1983,Male,Divorced,Masters,Bangalore,Karnataka,India,29-09-2021,True
EMP843J,Thomas,Taylor,07-03-1990,Female,Married,Masters,Birmingham,England,UK,10-10-2021,False
EMP844J,James,Smith,07-05-1975,Male,Single,Bachelors,Chicago,Illinois,US,14-12-2022,True
EMP845J,Ravi,Bose,20-03-1998,Male,Single,Diploma,Hyderabad,Telangana,India,17-06-2019,True
EMP846J,Thomas,Jones,23-06-1988,Male,Married,Bachelors,Birmingham,England,UK,20-08-2021,False
EMP847J,Charlie,Thomas,20-06-1986,Female,Married,Bachelors,Birmingham,England,UK,24-01-2022,True
EMP848J,Arjun,Bose,09-03-1975,Male,Single,Bachelors,Hyderabad,Telangana,India,29-08-2023,True
EMP849J,Amelia,Wilson,19-01-1980,Male,Married,Bachelors,Glasgow,Scotland,UK,13-06-2023,True
EMP850J,Sneha,Patel,06-12-1991,Male,Single,Diploma,Chennai,Tamil Nadu,India,09-08-2023,False
EMP851J,Amit,Das,21-02-2003,Male,Married,Bachelors,Hyderabad,Telangana,India,21-10-2017,True
EMP852J,Jennifer,Davis,18-09-1973,Female,Divorced,Bachelors,Austin,Texas,US,17-12-2019,True
EMP853J,George,Evans,11-09-1969,Male,Divorced,Bachelors,London,England,UK,04-11-2017,False
EMP854J,John,Miller,17-07-1987,Male,Married,Masters,New York,New York,US,30-08-2020,True
EMP855J,Pooja,Das,09-01-1989,Male,Single,Bachelors,Hyderabad,Telangana,India,13-10-2015,False
EMP856J,Sneha,Kumari,03-07-1973,Male,Single,Masters,Mumbai,Maharashtra,India,09-09-2024,True
EMP857J,Linda,Smith,17-04-1965,Female,Married,Bachelors,Chicago,Illinois,US,17-01-2016,False
EMP858J,Linda,Martinez,22-12-1989,Male,Single,Bachelors,San Francisco,California,US,01-01-2022,True
EMP859J,Kiran,Reddy,01-12-2003,Female,Single,Bachelors,Chennai,Tamil Nadu,India,07-11-2022,True
EMP860J,George,Wilson,14-08-1977,Male,Single,PhD,Manchester,England,UK,17-12-2018,True
EMP861J,Jack,Wilson,02-08-1998,Male,Married,Masters,Manchester,England,UK,14-05-2021,True
EMP862J,Elizabeth,Williams,04-09-1975,Female,Married,Masters,Austin,Texas,US,03-06-2015,False
EMP863J,Ravi,Iyer,29-01-1977,Female,Married,Diploma,Hyderabad,Telangana,India,25-05-2020,True
EMP864J,Olivia,Clark,20-07-1978,Female,Single,Masters,Glasgow,Scotland,UK,08-10-2015,True
EMP865J,Rakesh,Mishra,31-07-2000,Male,Single,Diploma,Hyderabad,Telangana,India,28-12-2023,True
EMP866J,Robert,Brown,14-02-1986,Male,Married,Diploma,San Francisco,California,US,06-06-2024,True
EMP867J,Isla,Evans,04-04-1994,Female,Divorced,Bachelors,Glasgow,Scotland,UK,21-02-2016,False
EMP868J,Pooja,Gupta,18-04-1988,Female,Married,Diploma,Mumbai,Maharashtra,India,20-06-2025,True
EMP869J,Ravi,Gupta,29-06-1975,Female,Married,Diploma,New Delhi,Delhi,India,16-10-2021,True
EMP870J,Amelia,Davies,29-10-1993,Male,Divorced,Masters,London,England,UK,30-07-2025,True
EMP871J,Kavita,Mishra,13-05-1977,Female,Married,Diploma,New Delhi,Delhi,India,30-11-2024,True
EMP872J,Michael,Smith,01-08-1988,Male,Divorced,Bachelors,San Francisco,California,US,05-11-2017,True
EMP873J,Manish,Kumar,24-03-2004,Male,Married,Bachelors,Mumbai,Maharashtra,India,23-12-2020,True
EMP874J,Manish,Chauhan,11-06-1970,Female,Married,Masters,Mumbai,Maharashtra,India,02-01-2017,True
EMP875J,Sneha,Singh,10-02-1966,Female,Single,Bachelors,Bangalore,Karnataka,India,14-09-2020,True
EMP876J,William,Williams,29-03-1972,Male,Married,Diploma,San Francisco,California,US,15-01-2025,True
EMP877J,Elizabeth,Smith,03-08-1997,Female,Divorced,Bachelors,Chicago,Illinois,US,19-11-2022,True
EMP878J,Manish,Mishra,15-03-1987,Female,Married,Masters,Chennai,Tamil Nadu,India,08-02-2016,True
EMP879J,David,Martinez,26-04-1984,Female,Single,Masters,Chicago,Illinois,US,30-03-2024,False
EMP880J,Isla,Wilson,23-06-1996,Male,Single,Masters,Edinburgh,Scotland,UK,06-09-2024,True
EMP881J,Vikram,Sharma,30-03-1990,Male,Single,Diploma,Bangalore,Karnataka,India,26-04-2020,False
EMP882J,Jacob,Roberts,21-10-1987,Female,Single,High School,Glasgow,Scotland,UK,18-05-2023,True
EMP883J,Jennifer,Jones,06-05-1993,Female,Divorced,Masters,New York,New York,US,16-11-2019,True
EMP884J,David,Garcia,09-06-1970,Female,Single,PhD,San Francisco,California,US,13-02-2023,True
EMP885J,Amelia,Taylor,07-08-1975,Male,Married,Masters,Edinburgh,Scotland,UK,01-01-2015,True
EMP886J,Pooja,Das,21-02-1992,Female,Divorced,High School,Bangalore,Karnataka,India,20-04-2021,True
EMP887J,Amit,Nayak,07-02-1965,Female,Single,Bachelors,Chennai,Tamil Nadu,India,03-01-2023,True
EMP888J,Olivia,Clark,12-05-1985,Male,Married,Diploma,Edinburgh,Scotland,UK,14-08-2025,True
EMP889J,Isla,Wilson,28-05-1994,Male,Married,Bachelors,London,England,UK,26-04-2026,True
EMP890J,Sneha,Patel,22-05-2002,Male,Married,Masters,Hyderabad,Telangana,India,27-10-2018,True
EMP891J,Jennifer,Garcia,13-07-1991,Female,Married,Masters,Austin,Texas,US,15-05-2023,True
EMP892J,Anjali,Iyer,15-06-1973,Female,Married,Bachelors,Hyderabad,Telangana,India,26-10-2016,True
EMP893J,Oliver,Jones,05-08-1997,Female,Married,Masters,Manchester,England,UK,18-05-2019,True
EMP894J,Sanjay,Reddy,18-12-1978,Male,Divorced,Bachelors,Chennai,Tamil Nadu,India,04-04-2019,True
EMP895J,Charlie,Davies,02-06-1976,Female,Married,Diploma,London,England,UK,15-05-2016,True
EMP896J,Neha,Nayak,29-08-1974,Female,Married,Bachelors,New Delhi,Delhi,India,28-09-2025,True
EMP897J,James,Brown,13-09-2004,Male,Married,PhD,New York,New York,US,09-04-2017,True
EMP898J,Amelia,Taylor,18-07-2002,Female,Married,Masters,Birmingham,England,UK,21-02-2015,True
EMP899J,Michael,Johnson,21-07-2003,Female,Married,Masters,Austin,Texas,US,17-02-2020,False
EMP900J,John,Jones,23-08-1994,Female,Single,Bachelors,Chicago,Illinois,US,13-12-2025,True
EMP901J,Michael,Brown,11-07-1985,Female,Married,Masters,Chicago,Illinois,US,18-05-2025,True
EMP902J,Neha,Nayak,04-12-1987,Male,Single,Masters,Hyderabad,Telangana,India,02-05-2015,True
EMP903J,Kavita,Singh,15-07-1995,Female,Married,Bachelors,New Delhi,Delhi,India,16-04-2019,True
EMP904J,Amit,Gupta,10-07-1974,Female,Married,Masters,Chennai,Tamil Nadu,India,24-10-2024,True
EMP905J,Jennifer,Williams,21-08-2002,Female,Single,Bachelors,New York,New York,US,18-09-2015,True
EMP906J,Sanjay,Kumari,08-01-1974,Female,Single,Masters,Bangalore,Karnataka,India,12-06-2022,True
EMP907J,Patricia,Brown,30-07-1980,Male,Single,Bachelors,Chicago,Illinois,US,04-07-2017,True
EMP908J,William,Johnson,20-08-1979,Female,Married,Bachelors,San Francisco,California,US,13-04-2020,True
EMP909J,Isla,Clark,26-06-1994,Female,Married,Bachelors,Manchester,England,UK,30-10-2025,False
EMP910J,Thomas,Thomas,10-01-1981,Female,Single,Bachelors,Glasgow,Scotland,UK,12-11-2020,True
EMP911J,Jennifer,Johnson,25-06-1965,Female,Married,Bachelors,Austin,Texas,US,12-10-2024,True
EMP912J,Linda,Davis,18-11-1994,Male,Single,Bachelors,New York,New York,US,12-12-2019,False
EMP913J,William,Miller,05-04-1999,Female,Married,Bachelors,Chicago,Illinois,US,22-08-2026,True
EMP914J,Patricia,Rodriguez,30-12-1983,Female,Married,Bachelors,Austin,Texas,US,27-07-2021,True
EMP915J,Priya,Kumar,04-05-1989,Male,Married,Masters,New Delhi,Delhi,India,19-12-2025,True
EMP916J,Amit,Reddy,20-10-1970,Female,Married,Bachelors,New Delhi,Delhi,India,18-06-2026,True
EMP917J,Anjali,Reddy,26-04-1989,Female,Married,Diploma,Bangalore,Karnataka,India,18-09-2025,True
EMP918J,Mary,Brown,03-02-1994,Male,Married,Masters,Seattle,Washington,US,13-12-2024,True
EMP919J,Thomas,Taylor,24-05-2003,Female,Single,Diploma,London,England,UK,08-11-2015,True
EMP920J,Poppy,Clark,25-12-1975,Male,Single,PhD,Glasgow,Scotland,UK,26-05-2020,True
EMP921J,Jennifer,Martinez,16-05-1995,Female,Single,Masters,New York,New York,US,01-02-2018,True
EMP922J,Vikram,Mishra,21-03-2003,Male,Married,Bachelors,Mumbai,Maharashtra,India,31-07-2023,True
EMP923J,Rahul,Sharma,04-10-1991,Male,Divorced,Bachelors,Mumbai,Maharashtra,India,20-04-2024,True
EMP924J,Pooja,Kumari,24-04-1977,Male,Divorced,Bachelors,Mumbai,Maharashtra,India,24-12-2018,False
EMP925J,Sanjay,Nayak,01-10-1980,Male,Married,High School,Mumbai,Maharashtra,India,15-07-2018,False
EMP926J,Harry,Williams,09-04-1998,Female,Married,Bachelors,Edinburgh,Scotland,UK,20-05-2016,True
EMP927J,George,Davies,30-12-1970,Female,Married,Diploma,London,England,UK,21-08-2025,True
EMP928J,Sanjay,Sharma,20-01-1984,Female,Divorced,Masters,New Delhi,Delhi,India,13-05-2016,True
EMP929J,Isla,Evans,12-12-1967,Male,Single,Bachelors,Edinburgh,Scotland,UK,04-01-2019,True
EMP930J,Jack,Clark,17-08-1987,Male,Divorced,Masters,London,England,UK,29-01-2022,True
EMP931J,Emily,Brown,26-10-2003,Female,Married,Bachelors,London,England,UK,17-03-2015,True
EMP932J,Rahul,Singh,28-01-1974,Male,Single,Masters,Hyderabad,Telangana,India,17-12-2022,False
EMP933J,Thomas,Brown,25-09-1972,Female,Married,PhD,Birmingham,England,UK,01-11-2024,True
EMP934J,Rahul,Nayak,28-04-1995,Female,Divorced,Masters,Bangalore,Karnataka,India,20-06-2016,True
EMP935J,Poppy,Clark,24-01-1976,Male,Single,Masters,London,England,UK,22-12-2019,True
EMP936J,Sanjay,Iyer,31-07-1973,Female,Married,Bachelors,Bangalore,Karnataka,India,06-12-2023,True
EMP937J,Arjun,Patel,08-02-2004,Male,Married,Masters,Mumbai,Maharashtra,India,18-08-2019,True
EMP938J,Patricia,Williams,11-02-1983,Male,Married,PhD,San Francisco,California,US,03-01-2023,True
EMP939J,Olivia,Davies,06-06-1972,Male,Married,Masters,Glasgow,Scotland,UK,11-06-2019,True
EMP940J,Jacob,Taylor,06-01-1996,Female,Married,Masters,Glasgow,Scotland,UK,08-06-2018,True
EMP941J,Amelia,Evans,14-01-1982,Male,Single,Diploma,Edinburgh,Scotland,UK,24-02-2017,True
EMP942J,Jennifer,Smith,28-02-1988,Male,Married,Bachelors,San Francisco,California,US,20-07-2018,True
EMP943J,Rakesh,Iyer,22-08-1982,Male,Divorced,Masters,New Delhi,Delhi,India,05-05-2018,True
EMP944J,Jennifer,Miller,31-07-1971,Female,Married,Bachelors,Austin,Texas,US,16-10-2019,True
EMP945J,Emily,Thomas,24-03-2000,Male,Single,Masters,London,England,UK,13-03-2025,True
EMP946J,Sanjay,Iyer,28-02-1978,Male,Married,Masters,Hyderabad,Telangana,India,04-02-2026,True
EMP947J,Sanjay,Chauhan,31-12-1975,Female,Married,Bachelors,Bangalore,Karnataka,India,11-08-2023,True
EMP948J,Sneha,Kumari,02-04-1972,Female,Married,Masters,Bangalore,Karnataka,India,02-04-2019,True
EMP949J,James,Martinez,24-04-1965,Male,Married,Diploma,New York,New York,US,10-10-2023,True
EMP950J,James,Rodriguez,03-07-1967,Male,Single,Bachelors,New York,New York,US,20-08-2026,True
EMP951J,Rahul,Singh,19-07-1986,Female,Single,Masters,Bangalore,Karnataka,India,06-02-2016,True
EMP952J,Arjun,Patel,10-01-1969,Female,Married,Bachelors,Hyderabad,Telangana,India,14-11-2021,False
EMP953J,Emily,Davies,28-12-1997,Female,Single,Masters,London,England,UK,13-07-2019,False
EMP954J,James,Martinez,20-08-1969,Female,Divorced,Masters,New York,New York,US,18-02-2018,False
EMP955J,Robert,Brown,03-07-1969,Female,Married,Bachelors,Austin,Texas,US,29-04-2023,True
EMP956J,Oliver,Roberts,16-09-1967,Female,Single,Masters,Manchester,England,UK,23-08-2021,True
EMP957J,Ravi,Verma,10-02-1971,Female,Married,Bachelors,Hyderabad,Telangana,India,21-04-2023,True
EMP958J,Rakesh,Kumar,03-12-2004,Male,Single,Bachelors,New Delhi,Delhi,India,20-11-2020,True
EMP959J,Arjun,Gupta,13-08-1975,Female,Married,Masters,Chennai,Tamil Nadu,India,20-02-2021,False
EMP960J,Anjali,Sharma,12-10-1971,Male,Married,Masters,Chennai,Tamil Nadu,India,06-04-2020,True
EMP961J,Neha,Singh,01-04-1987,Male,Single,Bachelors,Bangalore,Karnataka,India,16-03-2015,True
EMP962J,Pooja,Chauhan,28-10-1966,Male,Single,Masters,Mumbai,Maharashtra,India,30-12-2022,True
EMP963J,Priya,Kumari,14-12-1991,Male,Single,High School,Bangalore,Karnataka,India,09-07-2025,True
EMP964J,Pooja,Iyer,11-11-2002,Male,Married,Bachelors,New Delhi,Delhi,India,02-01-2025,True
EMP965J,Thomas,Williams,13-08-1965,Female,Married,Masters,Edinburgh,Scotland,UK,20-10-2018,True
EMP966J,Rahul,Reddy,14-09-1999,Female,Divorced,Masters,Bangalore,Karnataka,India,06-07-2025,False
EMP967J,Sneha,Kumari,10-09-1996,Female,Divorced,Masters,Bangalore,Karnataka,India,21-06-2016,True
EMP968J,David,Garcia,10-08-1995,Female,Married,PhD,New York,New York,US,21-12-2023,True
EMP969J,William,Williams,28-10-1983,Male,Married,Bachelors,Seattle,Washington,US,06-04-2025,False
EMP970J,Rakesh,Sharma,31-12-1987,Female,Single,Diploma,Mumbai,Maharashtra,India,27-09-2021,True
EMP971J,Manish,Chauhan,15-08-1997,Female,Married,Masters,Bangalore,Karnataka,India,25-12-2019,True
EMP972J,Arjun,Kumar,05-10-2000,Female,Single,Bachelors,New Delhi,Delhi,India,05-08-2017,True
EMP973J,Manish,Chauhan,01-05-1972,Male,Single,Masters,New Delhi,Delhi,India,27-04-2022,True
EMP974J,Poppy,Clark,29-10-2004,Female,Single,Diploma,Glasgow,Scotland,UK,18-07-2020,True
EMP975J,David,Smith,27-08-1970,Male,Single,Bachelors,Chicago,Illinois,US,18-09-2020,True
EMP976J,Sanjay,Patel,17-04-1967,Female,Married,Masters,Mumbai,Maharashtra,India,05-08-2021,True
EMP977J,Kavita,Nayak,29-05-1989,Male,Married,Masters,Mumbai,Maharashtra,India,19-01-2021,True
EMP978J,Kiran,Patel,04-04-1968,Male,Single,Bachelors,Chennai,Tamil Nadu,India,12-03-2020,True
EMP979J,Poppy,Thomas,10-11-1994,Male,Married,Bachelors,London,England,UK,07-07-2016,True
EMP980J,David,Brown,24-07-1967,Female,Single,Masters,New York,New York,US,30-07-2020,True
EMP981J,Mary,Johnson,20-02-1997,Male,Single,Bachelors,San Francisco,California,US,06-04-2026,True
EMP982J,Vikram,Kumar,28-02-1969,Male,Divorced,Bachelors,Hyderabad,Telangana,India,27-01-2022,True
EMP983J,Neha,Verma,14-09-1981,Male,Single,Bachelors,Bangalore,Karnataka,India,05-08-2016,True
EMP984J,Olivia,Brown,26-01-1979,Male,Married,High School,London,England,UK,31-01-2025,True
EMP985J,Michael,Miller,26-08-1978,Male,Single,Bachelors,New York,New York,US,24-03-2017,True
EMP986J,Pooja,Verma,22-12-1993,Female,Divorced,Bachelors,Bangalore,Karnataka,India,08-10-2023,True
EMP987J,Poppy,Wilson,26-05-1981,Male,Single,Masters,Glasgow,Scotland,UK,10-11-2016,False
EMP988J,James,Brown,18-02-1997,Female,Divorced,Bachelors,San Francisco,California,US,24-11-2019,True
EMP989J,Elizabeth,Miller,23-10-1996,Female,Married,High School,New York,New York,US,01-07-2019,True
EMP990J,David,Rodriguez,11-12-1983,Male,Married,Bachelors,Austin,Texas,US,17-11-2018,True
EMP991J,Sanjay,Chauhan,03-02-1987,Female,Married,Bachelors,Hyderabad,Telangana,India,05-05-2018,True
EMP992J,James,Brown,02-05-1977,Female,Single,Masters,San Francisco,California,US,19-06-2024,True
EMP993J,Charlie,Williams,09-06-1967,Female,Single,Masters,London,England,UK,17-03-2021,True
EMP994J,Mary,Johnson,14-02-1996,Male,Single,Bachelors,Chicago,Illinois,US,17-11-2018,False
EMP995J,Barbara,Smith,02-10-1972,Male,Married,Bachelors,San Francisco,California,US,05-12-2025,True
EMP996J,Charlie,Wilson,04-07-1975,Male,Single,Bachelors,Glasgow,Scotland,UK,23-02-2026,True
EMP997J,James,Brown,14-12-1975,Male,Single,Bachelors,Seattle,Washington,US,26-01-2018,True
EMP998J,Amelia,Williams,31-07-1986,Female,Married,Bachelors,London,England,UK,06-05-2025,True
EMP999J,Anjali,Kumar,07-12-1992,Female,Single,Diploma,Bangalore,Karnataka,India,23-05-2018,True
EMP001K,Amelia,Roberts,06-10-1987,Male,Divorced,Bachelors,Birmingham,England,UK,24-07-2022,True
EMP002K,Jacob,Clark,30-04-1985,Female,Single,PhD,Glasgow,Scotland,UK,15-07-2023,True
EMP003K,David,Smith,12-12-1971,Male,Divorced,Bachelors,Chicago,Illinois,US,15-11-2020,True
EMP004K,Priya,Mishra,11-06-1978,Female,Married,Masters,Hyderabad,Telangana,India,10-08-2020,True
EMP005K,Elizabeth,Johnson,19-08-1988,Male,Single,High School,New York,New York,US,10-05-2026,True
EMP006K,Poppy,Evans,30-04-1985,Male,Single,Diploma,Birmingham,England,UK,18-08-2017,True
EMP007K,Jennifer,Davis,29-11-2002,Male,Married,Bachelors,Seattle,Washington,US,29-05-2020,False
EMP008K,Rahul,Patel,04-10-1968,Male,Married,Masters,Bangalore,Karnataka,India,18-09-2015,False
EMP009K,Michael,Garcia,11-04-1984,Male,Divorced,Masters,New York,New York,US,16-07-2017,True
EMP010K,John,Martinez,19-08-1992,Male,Single,Masters,San Francisco,California,US,19-08-2025,True
