emp_id,dept_id,role_id,year_of_exp,basic_salary,pf_deduction,esi_deduction,performace_rating,performance_bonus,gross_salary
EMP001A,DT1,JR03,7,27470,3296.4,0,4.7,1419.65,25593.25
EMP002A,DT4,JR14,4,120000,14400,0,3.4,4032,109632
EMP003A,DT7,JR15,9,130050,15606,0,4.7,22685.92,137129.92
EMP004A,DT7,JR03,6,27060,3247.2,0,4.2,3117.31,26930.11
EMP005A,DT7,JR06,6,41920,5030.4,0,5,1767.35,38656.95
EMP006A,DT4,JR11,3,73775,8853,0,3.5,1673.22,66595.22
EMP007A,DT9,JR05,6,45675,5481,0,4.8,4457.88,44651.88
EMP008A,DT3,JR03,11,31365,3763.8,0,4.6,5851.45,33452.65
EMP009A,DT9,JR01,9,21825,2619,0,4.6,2939.39,22145.39
EMP010A,DT5,JR06,0,32480,3897.6,0,2.7,183.19,28765.59
EMP011A,DT6,JR11,1,67275,8073,0,1.5,207.21,59409.21
EMP012A,DT8,JR03,9,29520,3542.4,0,4.9,1558.66,27536.26
EMP013A,DT6,JR10,3,124850,14982,0,2.7,6741.9,116609.9
EMP014A,DT1,JR08,7,73425,8811,0,4.1,1967.79,66581.79
EMP015A,DT8,JR05,1,36925,4431,0,2.6,324.94,32818.94
EMP016A,DT6,JR04,10,42420,5090.4,0,4.3,4544.03,41873.63
EMP017A,DT2,JR15,6,117450,14094,0,4.9,12896.01,116252.01
EMP018A,DT4,JR06,3,36000,4320,0,2.3,1044,32724
EMP019A,DT4,JR16,8,119850,14382,0,4.7,7075.94,112543.94
EMP020A,DT2,JR06,10,48640,5836.8,0,4.8,9712.44,52515.64
EMP021A,DT9,JR02,10,26820,3218.4,0,4.3,2838.63,26440.23
EMP022A,DT2,JR15,5,110700,13284,0,3.5,9573.34,106989.34
EMP023A,DT8,JR08,3,64350,7722,0,3.4,1837.84,58465.84
EMP024A,DT3,JR10,9,161150,19338,0,4.3,28774.94,170586.94
EMP025A,DT5,JR07,6,51400,6168,0,4.5,3515.76,48747.76
EMP026A,DT8,JR05,6,45150,5418,0,5,1675.97,41407.97
EMP027A,DT1,JR12,8,120275,14433,0,4.1,10781.45,116623.45
EMP028A,DT4,JR14,8,141000,16920,0,4.8,21736.56,145816.56
EMP029A,DT2,JR09,8,98350,11802,0,4.6,13064.81,99612.81
EMP030A,DT7,JR08,11,85525,10263,0,4.6,13670.32,88932.32
EMP031A,DT5,JR11,11,100750,12090,0,4.3,6649.5,95309.5
EMP032A,DT4,JR04,3,32200,3864,0,4.1,1777.44,30113.44
EMP033A,DT6,JR14,10,150500,18060,0,4.4,29184.96,161624.96
EMP034A,DT4,JR13,5,150000,18000,0,3.4,9600,141600
EMP035A,DT6,JR07,2,44000,5280,0,3.3,1443.2,40163.2
EMP036A,DT4,JR11,10,96200,11544,0,4.3,15884.54,100540.54
EMP037A,DT7,JR14,7,136500,16380,0,4.1,15544.62,135664.62
EMP038A,DT9,JR06,0,32000,3840,0,2.4,0,28160
EMP039A,DT9,JR11,2,70525,8463,0,1.5,1678.5,63740.5
EMP040A,DT5,JR09,1,72800,8736,0,2.8,815.36,64879.36
EMP041A,DT4,JR08,3,63525,7623,0,2.7,2993.3,58895.3
EMP042A,DT6,JR01,3,17325,2079,129.94,2.9,623.01,15739.07
EMP043A,DT7,JR09,2,76650,9198,0,1.9,1689.37,69141.37
EMP044A,DT7,JR13,11,186600,22392,0,4.1,10770.55,174978.55
EMP045A,DT7,JR13,5,152400,18288,0,4.3,13167.36,147279.36
EMP046A,DT1,JR01,6,19575,2349,146.81,4.1,859.73,17938.92
EMP047A,DT2,JR12,8,118575,14229,0,4,12739.7,117085.7
EMP048A,DT4,JR07,10,60000,7200,0,4,8160,60960
EMP049A,DT2,JR12,2,93925,11271,0,3.7,2840.29,85494.29
EMP050A,DT9,JR05,2,38325,4599,0,1.9,495.16,34221.16
EMP051A,DT4,JR03,5,26035,3124.2,0,3.9,2530.6,25441.4
EMP052A,DT5,JR12,6,110075,13209,0,4.4,6234.65,103100.65
EMP053A,DT2,JR16,2,91800,11016,0,1.8,2467.58,83251.58
EMP054A,DT8,JR14,4,121000,14520,0,4.2,4878.72,111358.72
EMP055A,DT5,JR07,7,53600,6432,0,4.6,5831.68,52999.68
EMP056A,DT3,JR10,11,172150,20658,0,4.6,29568.48,181060.48
EMP057A,DT6,JR10,1,116050,13926,0,1.6,1480.8,103604.8
EMP058A,DT5,JR02,8,25470,3056.4,0,4.7,1352.97,23766.57
EMP059A,DT5,JR13,2,129600,15552,0,1.5,3815.42,117863.42
EMP060A,DT3,JR09,10,104300,12516,0,4.8,6541.7,98325.7
EMP061A,DT8,JR10,5,139150,16698,0,4.1,11209.92,133661.92
EMP062A,DT3,JR08,8,77825,9339,0,4.3,11885.43,80371.43
EMP063A,DT9,JR10,3,124300,14916,0,4.1,6205.06,115589.06
EMP064A,DT1,JR01,10,22200,2664,0,4.2,1619.71,21155.71
EMP065A,DT7,JR09,8,96600,11592,0,4.6,14683.2,99691.2
EMP066A,DT5,JR11,2,72800,8736,0,2.7,2655.74,66719.74
EMP067A,DT4,JR01,1,15975,1917,119.81,1.7,224.29,14162.48
EMP068A,DT8,JR10,2,119900,14388,0,2.1,3884.76,109396.76
EMP069A,DT2,JR08,9,80025,9603,0,5,8156.15,78578.15
EMP070A,DT3,JR16,6,111350,13362,0,4.6,7732.14,105720.14
EMP071A,DT8,JR01,5,18975,2277,142.31,4.2,1568.85,18124.54
EMP072A,DT4,JR07,6,52600,6312,0,4.4,4374.22,50662.22
EMP073A,DT6,JR02,9,25920,3110.4,0,4.9,2737.15,25546.75
EMP074A,DT5,JR05,10,52500,6300,0,4.7,6090,52290
EMP075A,DT4,JR16,11,131325,15759,0,4.2,20040.19,135606.19
EMP076A,DT1,JR15,8,125550,15066,0,4.1,15076.04,125560.04
EMP077A,DT7,JR06,8,44640,5356.8,0,4.7,2398.06,41681.26
EMP078A,DT8,JR09,12,110250,13230,0,4.3,23328.9,120348.9
EMP079A,DT7,JR15,5,112050,13446,0,2.2,3953.12,102557.12
EMP080A,DT1,JR13,6,153000,18360,0,4.1,3366,138006
EMP081A,DT3,JR08,7,75350,9042,0,4.7,7806.26,74114.26
EMP082A,DT3,JR10,4,133650,16038,0,3.5,9195.12,126807.12
EMP083A,DT8,JR10,4,132550,15906,0,3.3,9130.04,125774.04
EMP084A,DT2,JR13,11,188400,22608,0,3.9,18041.18,183833.18
EMP085A,DT4,JR01,4,18225,2187,136.69,4.4,1473.31,17374.62
EMP086A,DT2,JR02,5,22320,2678.4,0,3.7,2142.72,21784.32
EMP087A,DT8,JR05,2,39200,4704,0,4.1,1354.75,35850.75
EMP088A,DT5,JR12,4,100300,12036,0,3.9,1733.18,89997.18
EMP089A,DT4,JR11,6,85150,10218,0,4.8,10558.6,85490.6
EMP090A,DT3,JR01,5,19050,2286,142.88,4.9,1810.51,18431.63
EMP091A,DT5,JR08,4,67100,8052,0,4.5,1299.06,60347.06
EMP092A,DT1,JR04,2,30100,3612,0,2.9,541.8,27029.8
EMP093A,DT8,JR14,9,146000,17520,0,4.9,16118.4,144598.4
EMP094A,DT9,JR11,3,75075,9009,0,4.1,4654.65,70720.65
EMP095A,DT7,JR14,2,107500,12900,0,1.8,2967,97567
EMP096A,DT2,JR05,1,36750,4410,0,2.8,191.1,32531.1
EMP097A,DT7,JR04,3,31500,3780,0,2,756,28476
EMP098A,DT4,JR07,8,56400,6768,0,3.9,6659.71,56291.71
EMP099A,DT5,JR01,6,19275,2313,144.56,4.8,483.42,17300.86
EMP100A,DT1,JR03,9,29212.5,3505.5,0,4.7,3972.9,29679.9
EMP101A,DT1,JR03,11,31262.5,3751.5,0,4.9,2100.84,29611.84
EMP102A,DT5,JR04,4,33460,4015.2,0,2.7,1409.34,30854.14
EMP103A,DT4,JR01,7,20325,2439,152.44,4.9,1269.91,19003.47
EMP104A,DT4,JR05,3,40425,4851,0,2.8,1553.94,37127.94
EMP105A,DT7,JR03,5,25215,3025.8,0,3.9,1531.05,23720.25
EMP106A,DT2,JR12,10,126225,15147,0,4.4,13223.33,124301.33
EMP107A,DT2,JR11,8,90675,10881,0,4,3724.93,83518.93
EMP108A,DT3,JR05,6,45325,5439,0,3.9,1925.41,41811.41
EMP109A,DT6,JR15,4,109800,13176,0,2.1,8696.16,105320.16
EMP110A,DT1,JR03,5,25317.5,3038.1,0,4.2,1332.71,23612.11
EMP111A,DT1,JR13,1,127800,15336,0,1.5,2193.05,114657.05
EMP112A,DT3,JR11,10,96850,11622,0,4.3,11389.56,96617.56
EMP113A,DT6,JR10,3,126500,15180,0,3.7,3946.8,115266.8
EMP114A,DT3,JR05,4,42350,5082,0,3.2,924.92,38192.92
EMP115A,DT9,JR11,9,93600,11232,0,4.6,12190.46,94558.46
EMP116A,DT3,JR16,7,116450,13974,0,4.5,6549.15,109025.15
EMP117A,DT3,JR05,3,40600,4872,0,2.9,831.49,36559.49
EMP118A,DT4,JR10,2,118800,14256,0,1.8,1444.61,105988.61
EMP119A,DT7,JR10,3,127050,15246,0,4.4,4726.26,116530.26
EMP120A,DT5,JR04,0,28140,3376.8,0,1.6,49.53,24812.73
EMP121A,DT7,JR12,11,132175,15861,0,3.9,15845.14,132159.14
EMP122A,DT8,JR05,9,50050,6006,0,4.3,2066.06,46110.06
EMP123A,DT5,JR05,2,38850,4662,0,3.5,478.63,34666.63
EMP124A,DT4,JR16,11,133025,15963,0,4.1,21044.56,138106.56
EMP125A,DT9,JR12,10,127925,15351,0,4.8,24807.22,137381.22
EMP126A,DT6,JR01,4,17775,2133,133.31,3.1,1104.89,16613.58
EMP127A,DT8,JR11,8,90025,10803,0,4.7,11922.91,91144.91
EMP128A,DT6,JR02,7,24480,2937.6,0,5,3172.61,24715.01
EMP129A,DT6,JR12,11,130050,15606,0,4.2,24813.54,139257.54
EMP130A,DT9,JR16,1,87125,10455,0,1.9,435.62,77105.62
EMP131A,DT5,JR04,10,41860,5023.2,0,4.9,3812.61,40649.41
EMP132A,DT1,JR14,6,127500,15300,0,4.4,10098,122298
EMP133A,DT4,JR15,11,139050,16686,0,4.9,9093.87,131457.87
EMP134A,DT3,JR12,2,92225,11067,0,2.7,2571.23,83729.23
EMP135A,DT9,JR16,0,85425,10251,0,2.8,85.42,75259.42
EMP136A,DT8,JR04,9,40040,4804.8,0,5,6060.45,41295.65
EMP137A,DT3,JR10,5,136950,16434,0,4.5,11810.57,132326.57
EMP138A,DT6,JR01,4,17700,2124,132.75,3.5,815.62,16258.87
EMP139A,DT2,JR14,3,112500,13500,0,2.4,4837.5,103837.5
EMP140A,DT1,JR06,9,46080,5529.6,0,3.9,4379.44,44929.84
EMP141A,DT9,JR10,10,164450,19734,0,4.4,13024.44,157740.44
EMP142A,DT6,JR05,8,48650,5838,0,4.9,5464.37,48276.37
EMP143A,DT7,JR09,7,94150,11298,0,4.6,10654.01,93506.01
EMP144A,DT1,JR13,5,150000,18000,0,4.4,8400,140400
EMP145A,DT6,JR12,3,96475,11577,0,3.2,1562.9,86460.9
EMP146A,DT7,JR02,5,22680,2721.6,0,4.3,2264.37,22222.77
EMP147A,DT5,JR16,0,85425,10251,0,1.7,99.09,75273.09
EMP148A,DT8,JR02,5,22860,2743.2,0,4.6,1481.33,21598.13
EMP149A,DT9,JR02,3,20430,2451.6,153.22,4.1,264.77,18089.95
EMP150A,DT7,JR04,9,40320,4838.4,0,4.6,6954.39,42435.99
EMP151A,DT6,JR02,11,27720,3326.4,0,3.9,1796.26,26189.86
EMP152A,DT5,JR06,3,36640,4396.8,0,2.4,2125.12,34368.32
EMP153A,DT1,JR14,5,124000,14880,0,3.1,9999.36,119119.36
EMP154A,DT4,JR13,8,170400,20448,0,4.5,24619.39,174571.39
EMP155A,DT8,JR14,0,102000,12240,0,2.2,669.12,90429.12
EMP156A,DT8,JR13,5,147600,17712,0,4.1,13036.03,142924.03
EMP157A,DT5,JR16,7,116450,13974,0,4.4,16545.22,119021.22
EMP158A,DT5,JR16,4,101150,12138,0,2.8,4919.94,93931.94
EMP159A,DT8,JR10,10,164450,19734,0,4.5,15629.33,160345.33
EMP160A,DT9,JR04,6,36820,4418.4,0,4.5,1855.73,34257.33
EMP161A,DT8,JR06,3,36000,4320,0,3,1296,32976
EMP162A,DT3,JR02,8,24930,2991.6,0,4.7,2073.18,24011.58
EMP163A,DT6,JR10,9,161150,19338,0,4.8,28175.47,169987.47
EMP164A,DT8,JR04,4,33880,4065.6,0,2.3,910.69,30725.09
EMP165A,DT2,JR13,2,132600,15912,0,4.5,3452.9,120140.9
EMP166A,DT6,JR08,2,59400,7128,0,2.5,1520.64,53792.64
EMP167A,DT9,JR15,5,111600,13392,0,3,3428.35,101636.35
EMP168A,DT8,JR08,9,78925,9471,0,4.8,7965.11,77419.11
EMP169A,DT6,JR03,2,22140,2656.8,0,2.2,439.26,19922.46
EMP170A,DT9,JR05,8,49000,5880,0,4.3,3606.4,46726.4
EMP171A,DT1,JR05,0,35350,4242,0,2.5,76.36,31184.36
EMP172A,DT2,JR03,11,31365,3763.8,0,3.9,3590.67,31191.87
EMP173A,DT7,JR14,3,116500,13980,0,4,7689,110209
EMP174A,DT4,JR06,3,36640,4396.8,0,3.8,1317.57,33560.77
EMP175A,DT6,JR13,7,159000,19080,0,4,8268,148188
EMP176A,DT8,JR03,9,30135,3616.2,0,4.9,3852.46,30371.26
EMP177A,DT5,JR02,9,25650,3078,0,4.5,2616.3,25188.3
EMP178A,DT1,JR08,2,61600,7392,0,3.1,1300.99,55508.99
EMP179A,DT5,JR11,2,72475,8697,0,4.3,1733.6,65511.6
EMP180A,DT3,JR14,2,111500,13380,0,3.8,3282.56,101402.56
EMP181A,DT1,JR07,11,61000,7320,0,4.9,5380.2,59060.2
EMP182A,DT8,JR07,9,58000,6960,0,4,8352,59392
EMP183A,DT9,JR12,5,104975,12597,0,2.9,3947.06,96325.06
EMP184A,DT4,JR14,11,153000,18360,0,4.3,21407.76,156047.76
EMP185A,DT4,JR07,4,48600,5832,0,2.6,1588.25,44356.25
EMP186A,DT9,JR06,4,38080,4569.6,0,4.2,983.99,34494.39
EMP187A,DT4,JR01,2,16800,2016,126,3.5,241.92,14899.92
EMP188A,DT9,JR16,1,87975,10557,0,2.1,270.96,77688.96
EMP189A,DT9,JR06,9,46880,5625.6,0,4.4,8196.5,49450.9
EMP190A,DT4,JR15,6,117900,14148,0,4.1,14619.6,118371.6
EMP191A,DT1,JR13,1,126000,15120,0,1.7,604.8,111484.8
EMP192A,DT8,JR02,7,23850,2862,0,4.3,1116.18,22104.18
EMP193A,DT7,JR01,7,20250,2430,151.88,4.1,1871.1,19539.22
EMP194A,DT2,JR13,9,171000,20520,0,4.4,24418.8,174898.8
EMP195A,DT5,JR13,4,145800,17496,0,2.1,2758.54,131062.54
EMP196A,DT5,JR13,10,178200,21384,0,4,28348.06,185164.06
EMP197A,DT1,JR11,4,76700,9204,0,2.3,1546.27,69042.27
EMP198A,DT6,JR14,9,146500,17580,0,4.2,5994.78,134914.78
EMP199A,DT3,JR08,8,76725,9207,0,3.9,8970.69,76488.69
EMP200A,DT4,JR16,10,127075,15249,0,4,12077.21,123903.21
EMP201A,DT7,JR13,4,145800,17496,0,3.5,7021.73,135325.73
EMP202A,DT5,JR06,3,36320,4358.4,0,2.5,1922.05,33883.65
EMP203A,DT4,JR12,9,123675,14841,0,5,21158.32,129992.32
EMP204A,DT7,JR10,10,165550,19866,0,4.1,28759.35,174443.35
EMP205A,DT9,JR15,1,94050,11286,0,1.6,1117.31,83881.31
EMP206A,DT6,JR03,9,29930,3591.6,0,4.9,4515.84,30854.24
EMP207A,DT4,JR04,11,43960,5275.2,0,4,2806.41,41491.21
EMP208A,DT5,JR12,11,132175,15861,0,4.9,17018.85,133332.85
EMP209A,DT2,JR07,1,41600,4992,0,1.9,319.49,36927.49
EMP210A,DT4,JR04,8,39200,4704,0,5,5895.68,40391.68
EMP211A,DT4,JR06,2,35200,4224,0,2.4,732.16,31708.16
EMP212A,DT4,JR04,8,38500,4620,0,4.5,2887.5,36767.5
EMP213A,DT8,JR04,4,33460,4015.2,0,4.4,1252.74,30697.54
EMP214A,DT6,JR08,5,68200,8184,0,2.7,1964.16,61980.16
EMP215A,DT3,JR06,8,44640,5356.8,0,3.9,4231.87,43515.07
EMP216A,DT7,JR13,0,121800,14616,0,3,526.18,107710.18
EMP217A,DT9,JR10,11,169950,20394,0,4.2,15560.62,165116.62
EMP218A,DT6,JR04,6,35980,4317.6,0,4.6,3363.41,35025.81
EMP219A,DT6,JR10,11,169950,20394,0,5,20747.5,170303.5
EMP220A,DT3,JR12,2,93925,11271,0,2.2,1341.25,83995.25
EMP221A,DT5,JR06,4,39040,4684.8,0,3.7,3366.81,37722.01
EMP222A,DT6,JR05,6,45675,5481,0,4.6,1783.15,41977.15
EMP223A,DT2,JR15,10,135000,16200,0,4.2,18900,137700
EMP224A,DT8,JR01,10,22200,2664,0,4.5,3324.67,22860.67
EMP225A,DT5,JR16,6,108800,13056,0,4.5,5605.38,101349.38
EMP226A,DT3,JR04,1,29960,3595.2,0,3,184.55,26549.35
EMP227A,DT6,JR06,6,40800,4896,0,4.3,1256.64,37160.64
EMP228A,DT8,JR03,10,30237.5,3628.5,0,4.2,1149.03,27758.03
EMP229A,DT4,JR14,9,143500,17220,0,3.9,14482.02,140762.02
EMP230A,DT1,JR05,10,52675,6321,0,3.9,6597.02,52951.02
EMP231A,DT2,JR15,7,120600,14472,0,4.2,4264.42,110392.42
EMP232A,DT1,JR08,5,69575,8349,0,4.4,6047.46,67273.46
EMP233A,DT2,JR02,6,23670,2840.4,0,5,1789.45,22619.05
EMP234A,DT3,JR14,4,117500,14100,0,3.1,5264,108664
EMP235A,DT9,JR13,0,121800,14616,0,2.1,306.94,107490.94
EMP236A,DT4,JR10,10,164450,19734,0,4,19536.66,164252.66
EMP237A,DT2,JR14,6,131500,15780,0,3.9,3976.56,119696.56
EMP238A,DT3,JR01,9,21450,2574,0,4.4,2803.94,21679.94
EMP239A,DT2,JR11,2,71500,8580,0,3,1201.2,64121.2
EMP240A,DT2,JR06,3,37440,4492.8,0,3.5,814.69,33761.89
EMP241A,DT7,JR08,11,84150,10098,0,4.5,10347.08,84399.08
EMP242A,DT6,JR11,6,84825,10179,0,4.4,5588.27,80234.27
EMP243A,DT8,JR02,3,20430,2451.6,153.22,4.1,286.84,18112.02
EMP244A,DT8,JR10,6,144100,17292,0,4.2,10363.67,137171.67
EMP245A,DT1,JR01,6,19800,2376,148.5,3.9,1622.02,18897.52
EMP246A,DT3,JR14,1,103000,12360,0,2.8,1186.56,91826.56
EMP247A,DT7,JR03,10,30237.5,3628.5,0,3.9,3447.07,30056.07
EMP248A,DT5,JR13,4,145800,17496,0,2.6,5767.85,134071.85
EMP249A,DT9,JR15,5,110700,13284,0,3,5295.89,102711.89
EMP250A,DT6,JR02,7,24120,2894.4,0,4.9,2821.08,24046.68
EMP251A,DT8,JR06,11,49600,5952,0,3.9,10475.52,54123.52
EMP252A,DT7,JR08,9,78925,9471,0,4.6,4943.86,74397.86
EMP253A,DT6,JR15,9,129600,15552,0,4.7,6386.69,120434.69
EMP254A,DT4,JR13,2,132600,15912,0,2.5,1893.53,118581.53
EMP255A,DT9,JR10,1,112750,13530,0,2,586.3,99806.3
EMP256A,DT6,JR01,3,17325,2079,129.94,2.8,880.8,15996.86
EMP257A,DT1,JR01,5,18375,2205,137.81,4,1124.55,17156.74
EMP258A,DT4,JR06,9,47040,5644.8,0,4.6,3537.41,44932.61
EMP259A,DT6,JR06,6,42240,5068.8,0,4.3,3676.57,40847.77
EMP260A,DT2,JR10,8,152350,18282,0,4.1,14077.14,148145.14
EMP261A,DT6,JR11,8,90025,10803,0,4.2,13032.02,92254.02
EMP262A,DT3,JR04,4,33740,4048.8,0,4.2,1217.34,30908.54
EMP263A,DT3,JR12,7,113475,13617,0,4,11252.18,111110.18
EMP264A,DT4,JR02,8,24840,2980.8,0,4.6,2567.46,24426.66
EMP265A,DT5,JR03,4,24702.5,2964.3,0,3.9,1134.34,22872.54
EMP266A,DT7,JR15,2,100350,12042,0,3.3,4523.78,92831.78
EMP267A,DT1,JR15,10,135000,16200,0,4.8,22680,141480
EMP268A,DT8,JR03,10,30340,3640.8,0,4.9,2796.13,29495.33
EMP269A,DT9,JR07,3,45000,5400,0,4.3,1710,41310
EMP270A,DT2,JR02,4,21240,2548.8,0,2,305.86,18997.06
EMP271A,DT7,JR16,9,123675,14841,0,3.9,9903.89,118737.89
EMP272A,DT8,JR06,2,34720,4166.4,0,3,283.32,30836.92
EMP273A,DT4,JR12,2,95200,11424,0,4.3,4478.21,88254.21
EMP274A,DT7,JR08,1,57750,6930,0,2.7,508.2,51328.2
EMP275A,DT3,JR04,2,30240,3628.8,0,2.1,329.01,26940.21
EMP276A,DT2,JR09,5,85750,10290,0,4,7100.1,82560.1
EMP277A,DT3,JR14,9,145500,17460,0,4.3,14299.74,142339.74
EMP278A,DT8,JR12,2,95200,11424,0,4.3,1919.23,85695.23
EMP279A,DT1,JR13,4,145200,17424,0,4.1,9269.57,137045.57
EMP280A,DT8,JR04,7,37240,4468.8,0,4.5,1474.7,34245.9
EMP281A,DT6,JR14,1,104000,12480,0,2.5,1331.2,92851.2
EMP282A,DT4,JR01,8,20850,2502,156.38,4.6,1170.94,19362.56
EMP283A,DT2,JR15,0,91350,10962,0,2.9,285.01,80673.01
EMP284A,DT5,JR12,8,119000,14280,0,4.9,16755.2,121475.2
EMP285A,DT5,JR08,7,73150,8778,0,4,7145.29,71517.29
EMP286A,DT5,JR06,12,50400,6048,0,4.3,4404.96,48756.96
EMP287A,DT7,JR15,5,112050,13446,0,2.2,8125.87,106729.87
EMP288A,DT6,JR03,4,24702.5,2964.3,0,3.8,2025.6,23763.8
EMP289A,DT1,JR13,5,147000,17640,0,4.1,9790.2,139150.2
EMP290A,DT4,JR07,4,48000,5760,0,2.4,2995.2,45235.2
EMP291A,DT3,JR06,5,40160,4819.2,0,3.9,1146.97,36487.77
EMP292A,DT6,JR08,5,68200,8184,0,3.5,3535.49,63551.49
EMP293A,DT9,JR03,1,21627.5,2595.3,0,1.6,437.74,19469.94
EMP294A,DT3,JR14,1,107000,12840,0,1.8,958.72,95118.72
EMP295A,DT3,JR09,7,94500,11340,0,4.8,10584,93744
EMP296A,DT7,JR13,2,132000,15840,0,3.9,5174.4,121334.4
EMP297A,DT6,JR01,6,19575,2349,146.81,4.4,907.5,17986.69
EMP298A,DT9,JR10,1,117700,14124,0,2.3,2570.57,106146.57
EMP299A,DT3,JR01,7,19875,2385,149.06,5,981.83,18322.77
EMP300A,DT1,JR02,11,27540,3304.8,0,4.7,4203.71,28438.91
EMP301A,DT2,JR01,5,18675,2241,140.06,3.2,988.28,17282.22
EMP302A,DT8,JR10,9,160050,19206,0,4.5,23885.86,164729.86
EMP303A,DT4,JR06,11,49280,5913.6,0,4.2,6812.47,50178.87
EMP304A,DT9,JR16,8,120275,14433,0,4.4,19167.02,125009.02
EMP305A,DT1,JR02,9,26460,3175.2,0,4.5,4278.05,27562.85
EMP306A,DT8,JR06,4,38880,4665.6,0,2.6,1604.97,35819.37
EMP307A,DT8,JR09,3,80500,9660,0,3.7,3670.8,74510.8
EMP308A,DT8,JR14,1,104000,12480,0,2.7,1397.76,92917.76
EMP309A,DT2,JR04,2,31360,3763.2,0,3.4,842.96,28439.76
EMP310A,DT2,JR11,0,65000,7800,0,1.5,0,57200
EMP311A,DT3,JR02,11,28260,3391.2,0,4.3,4639.16,29507.96
EMP312A,DT9,JR09,11,106750,12810,0,5,13450.5,107390.5
EMP313A,DT8,JR15,5,110700,13284,0,4.1,3055.32,100471.32
EMP314A,DT8,JR10,0,111650,13398,0,2.6,428.74,98680.74
EMP315A,DT2,JR16,4,99875,11985,0,4.5,5453.18,93343.18
EMP316A,DT3,JR12,9,124525,14943,0,4.2,5558.8,115140.8
EMP317A,DT4,JR07,1,42800,5136,0,1.5,1030.62,38694.62
EMP318A,DT8,JR15,0,91800,11016,0,2.4,220.32,81004.32
EMP319A,DT6,JR06,9,46080,5529.6,0,4.7,2270.82,42821.22
EMP320A,DT3,JR10,2,118250,14190,0,2.2,2979.9,107039.9
EMP321A,DT5,JR07,7,54000,6480,0,4.9,5292,52812
EMP322A,DT7,JR04,4,33320,3998.4,0,3.8,1620.68,30942.28
EMP323A,DT1,JR13,8,170400,20448,0,3.9,6870.53,156822.53
EMP324A,DT8,JR07,11,61800,7416,0,4.8,6466.75,60850.75
EMP325A,DT6,JR02,3,20790,2494.8,155.92,3.7,670.27,18809.55
EMP326A,DT3,JR07,7,54600,6552,0,4.8,3507.5,51555.5
EMP327A,DT5,JR09,6,89950,10794,0,4.7,3076.29,82232.29
EMP328A,DT6,JR16,4,100300,12036,0,4.4,1877.62,90141.62
EMP329A,DT6,JR12,7,113475,13617,0,4,13685.09,113543.09
EMP330A,DT4,JR12,2,92225,11067,0,2,1254.26,82412.26
EMP331A,DT6,JR10,11,171050,20526,0,4.8,34935.25,185459.25
EMP332A,DT9,JR03,10,30237.5,3628.5,0,4.9,1953.34,28562.34
EMP333A,DT7,JR04,7,37940,4552.8,0,4.5,3447.99,36835.19
EMP334A,DT4,JR06,6,41600,4992,0,4.1,3194.88,39802.88
EMP335A,DT1,JR01,10,22650,2718,0,4.9,3696.48,23628.48
EMP336A,DT1,JR10,2,119900,14388,0,1.8,2158.2,107670.2
EMP337A,DT9,JR12,11,133450,16014,0,4.7,19473.02,136909.02
EMP338A,DT9,JR12,7,114325,13719,0,4.1,8519.5,109125.5
EMP339A,DT2,JR02,1,19170,2300.4,143.78,1.6,358.86,17084.68
EMP340A,DT2,JR08,9,80850,9702,0,4,6383.92,77531.92
EMP341A,DT3,JR12,5,104550,12546,0,4,9233.86,101237.86
EMP342A,DT5,JR16,1,90525,10863,0,2.2,1318.04,80980.04
EMP343A,DT1,JR09,10,104650,12558,0,4.9,16162.15,108254.15
EMP344A,DT3,JR09,1,73850,8862,0,2.4,1169.78,66157.78
EMP345A,DT3,JR01,6,19725,2367,147.94,5,2187.11,19397.17
EMP346A,DT8,JR12,11,130900,15708,0,4.6,10744.27,125936.27
EMP347A,DT6,JR15,11,137700,16524,0,3.9,7006.18,128182.18
EMP348A,DT2,JR13,4,141000,16920,0,3.9,6711.6,130791.6
EMP349A,DT8,JR01,0,15300,1836,114.75,1.7,110.16,13459.41
EMP350A,DT8,JR14,4,121500,14580,0,2.3,8150.22,115070.22
EMP351A,DT9,JR05,8,49175,5901,0,4.2,2389.91,45663.91
EMP352A,DT4,JR01,5,18975,2277,142.31,4.1,1930.9,18486.59
EMP353A,DT6,JR09,8,97650,11718,0,4.3,12034.39,97966.39
EMP354A,DT3,JR14,8,141500,16980,0,5,15972.52,140492.52
EMP355A,DT6,JR01,2,16500,1980,123.75,4.1,409.2,14805.45
EMP356A,DT8,JR04,2,30940,3712.8,0,3.4,389.84,27617.04
EMP357A,DT7,JR01,9,21750,2610,0,4.5,2427.3,21567.3
EMP358A,DT5,JR09,2,77700,9324,0,4.5,2256.41,70632.41
EMP359A,DT6,JR16,6,110500,13260,0,4.4,13260,110500
EMP360A,DT6,JR04,7,37660,4519.2,0,5,3118.25,36259.05
EMP361A,DT5,JR16,2,93075,11169,0,2.7,990.32,82896.32
EMP362A,DT8,JR02,8,24930,2991.6,0,4.6,2764.24,24702.64
EMP363A,DT1,JR06,11,49440,5932.8,0,4.2,5173.4,48680.6
EMP364A,DT9,JR01,10,22575,2709,0,3.9,4286.54,24152.54
EMP365A,DT7,JR13,12,189600,22752,0,3.9,17594.88,184442.88
EMP366A,DT8,JR09,2,75950,9114,0,1.5,2530.65,69366.65
EMP367A,DT4,JR04,6,36260,4351.2,0,4.4,1112.46,33021.26
EMP368A,DT6,JR10,10,162800,19536,0,4.3,16253.95,159517.95
EMP369A,DT4,JR16,7,115600,13872,0,4.7,6325.63,108053.63
EMP370A,DT8,JR04,10,41860,5023.2,0,4.8,6133.33,42970.13
EMP371A,DT9,JR16,8,117300,14076,0,4,17473.01,120697.01
EMP372A,DT3,JR12,3,96900,11628,0,3,4775.23,90047.23
EMP373A,DT5,JR04,4,34160,4099.2,0,2.4,1442.92,31503.72
EMP374A,DT6,JR14,7,134500,16140,0,4.6,10022.94,128382.94
EMP375A,DT7,JR09,6,92400,11088,0,4.4,7569.41,88881.41
EMP376A,DT9,JR11,1,67600,8112,0,2.1,475.9,59963.9
EMP377A,DT5,JR04,2,30240,3628.8,0,1.5,774.14,27385.34
EMP378A,DT9,JR06,5,40480,4857.6,0,4.6,2059.62,37682.02
EMP379A,DT7,JR11,2,72150,8658,0,4.3,2222.22,65714.22
EMP380A,DT6,JR13,6,153600,18432,0,4.3,15826.94,150994.94
EMP381A,DT7,JR09,10,104650,12558,0,4.1,7459.45,99551.45
EMP382A,DT7,JR09,8,98700,11844,0,4.2,4208.57,91064.57
EMP383A,DT8,JR12,4,103700,12444,0,2.4,8213.04,99469.04
EMP384A,DT9,JR15,2,98550,11826,0,3,2321.84,89045.84
EMP385A,DT1,JR09,8,98700,11844,0,4.1,7122.19,93978.19
EMP386A,DT5,JR10,12,173250,20790,0,4.5,32674.95,185134.95
EMP387A,DT4,JR06,3,36640,4396.8,0,3.5,1827.6,34070.8
EMP388A,DT2,JR09,2,78400,9408,0,2.6,1354.75,70346.75
EMP389A,DT1,JR07,5,49000,5880,0,2.9,970.2,44090.2
EMP390A,DT8,JR08,10,81400,9768,0,4.1,5001.22,76633.22
EMP391A,DT7,JR03,8,29110,3493.2,0,4.1,1173.72,26790.52
EMP392A,DT1,JR13,2,130200,15624,0,2.9,1770.72,116346.72
EMP393A,DT9,JR06,11,49120,5894.4,0,5,8409.34,51634.94
EMP394A,DT6,JR04,6,36960,4435.2,0,4.5,3311.62,35836.42
EMP395A,DT2,JR16,8,119850,14382,0,4.2,9827.7,115295.7
EMP396A,DT4,JR05,9,51275,6153,0,4.8,2861.15,47983.15
EMP397A,DT1,JR12,9,121550,14586,0,4.2,8362.64,115326.64
EMP398A,DT9,JR11,1,68900,8268,0,2.4,694.51,61326.51
EMP399A,DT6,JR13,8,165000,19800,0,4,22275,167475
EMP400A,DT6,JR16,8,119850,14382,0,3.9,13758.78,119226.78
EMP401A,DT4,JR02,7,24390,2926.8,0,4.5,969.75,22432.95
EMP402A,DT2,JR12,7,113475,13617,0,4.9,10339.84,110197.84
EMP403A,DT1,JR14,3,117000,14040,0,3,6683.04,109643.04
EMP404A,DT4,JR04,7,37100,4452,0,4,2990.26,35638.26
EMP405A,DT7,JR04,4,33040,3964.8,0,2,1760.37,30835.57
EMP406A,DT9,JR15,4,107100,12852,0,3.6,7488.43,101736.43
EMP407A,DT5,JR07,3,46600,5592,0,3.9,2521.99,43529.99
EMP408A,DT4,JR05,5,43575,5229,0,3.8,854.07,39200.07
EMP409A,DT6,JR05,10,51625,6195,0,4.1,2354.1,47784.1
EMP410A,DT6,JR13,7,160800,19296,0,4,17057.66,158561.66
EMP411A,DT1,JR02,3,20790,2494.8,155.92,2.8,335.13,18474.41
EMP412A,DT9,JR01,3,17325,2079,129.94,3.1,257.8,15373.86
EMP413A,DT7,JR15,0,91350,10962,0,2.3,153.47,80541.47
EMP414A,DT9,JR13,6,154800,18576,0,4.6,4668.77,140892.77
EMP415A,DT5,JR07,6,52200,6264,0,4.4,2547.36,48483.36
EMP416A,DT3,JR12,11,132175,15861,0,4.2,24061.14,140375.14
EMP417A,DT1,JR05,10,51975,6237,0,3.9,2823.28,48561.28
EMP418A,DT6,JR10,2,118800,14256,0,1.7,2204.93,106748.93
EMP419A,DT9,JR05,11,54775,6573,0,4.4,6189.57,54391.57
EMP420A,DT5,JR01,10,22650,2718,0,4.1,2402.71,22334.71
EMP421A,DT9,JR04,5,34440,4132.8,0,2.8,1837.72,32144.92
EMP422A,DT3,JR11,1,67275,8073,0,2.3,489.76,59691.76
EMP423A,DT5,JR13,11,186000,22320,0,3.9,39283.2,202963.2
EMP424A,DT7,JR14,6,131500,15780,0,4.5,10935.54,126655.54
EMP425A,DT9,JR07,9,57200,6864,0,4.9,4328.9,54664.9
EMP426A,DT3,JR04,8,38500,4620,0,4.6,2656.5,36536.5
EMP427A,DT3,JR05,7,47950,5754,0,5,1987.05,44183.05
EMP428A,DT8,JR12,10,127075,15249,0,4.7,19122.25,130948.25
EMP429A,DT7,JR06,7,43680,5241.6,0,4.8,2423.37,40861.77
EMP430A,DT8,JR06,2,34880,4185.6,0,2.1,1130.11,31824.51
EMP431A,DT9,JR11,3,74100,8892,0,3.5,2821.73,68029.73
EMP432A,DT9,JR13,11,184800,22176,0,4.9,25546.75,188170.75
EMP433A,DT1,JR14,5,125500,15060,0,4.4,8960.7,119400.7
EMP434A,DT8,JR05,3,39900,4788,0,4.4,1206.58,36318.58
EMP435A,DT6,JR03,9,29827.5,3579.3,0,4,4125.74,30373.94
EMP436A,DT6,JR13,11,184200,22104,0,4.7,32323.42,194419.42
EMP437A,DT3,JR10,2,119350,14322,0,2.7,1785.48,106813.48
EMP438A,DT8,JR01,1,15450,1854,115.88,2.3,74.16,13554.28
EMP439A,DT1,JR07,11,61200,7344,0,4.2,4411.3,58267.3
EMP440A,DT3,JR02,9,26280,3153.6,0,4.6,2611.18,25737.58
EMP441A,DT2,JR11,3,76050,9126,0,4.4,4757.69,71681.69
EMP442A,DT1,JR14,7,135000,16200,0,4.2,14364,133164
EMP443A,DT6,JR11,6,83850,10062,0,4.2,6030.49,79818.49
EMP444A,DT1,JR10,7,150150,18018,0,4.3,4384.38,136516.38
EMP445A,DT4,JR11,4,77350,9282,0,2.8,3762.3,71830.3
EMP446A,DT6,JR01,9,21825,2619,0,4.2,2939.39,22145.39
EMP447A,DT8,JR02,9,25740,3088.8,0,4.1,2567.82,25219.02
EMP448A,DT6,JR11,11,101400,12168,0,4.1,8176.9,97408.9
EMP449A,DT2,JR06,3,36640,4396.8,0,3.9,722.54,32965.74
EMP450A,DT5,JR16,6,111775,13413,0,3.9,7041.82,105403.82
EMP451A,DT3,JR01,1,15600,1872,117,2.3,229.63,13840.63
EMP452A,DT9,JR07,11,61600,7392,0,4.2,7451.14,61659.14
EMP453A,DT5,JR04,5,34580,4149.6,0,4.5,715.11,31145.51
EMP454A,DT2,JR09,8,99050,11886,0,4.8,5261.54,92425.54
EMP455A,DT6,JR08,8,76450,9174,0,4.1,3100.81,70376.81
EMP456A,DT8,JR03,2,22652.5,2718.3,0,2.7,494.73,20428.93
EMP457A,DT8,JR05,10,51800,6216,0,4.5,8553.22,54137.22
EMP458A,DT6,JR12,3,97325,11679,0,3.9,1919.25,87565.25
EMP459A,DT6,JR15,8,125100,15012,0,4.8,8196.55,118284.55
EMP460A,DT7,JR10,1,117150,14058,0,2.2,1583.87,104675.87
EMP461A,DT4,JR14,4,120000,14400,0,4.5,6144,111744
EMP462A,DT8,JR15,4,109800,13176,0,4,6183.94,102807.94
EMP463A,DT3,JR02,10,26640,3196.8,0,4.7,1943.65,25386.85
EMP464A,DT6,JR15,7,122850,14742,0,4.6,6457,114565
EMP465A,DT3,JR01,0,15150,1818,113.62,1.5,31.51,13249.89
EMP466A,DT4,JR04,5,35420,4250.4,0,3.9,3379.07,34548.67
EMP467A,DT4,JR07,8,55600,6672,0,4.1,5030.69,53958.69
EMP468A,DT8,JR03,11,32082.5,3849.9,0,5,2320.21,30552.81
EMP469A,DT9,JR06,2,34400,4128,0,2.9,619.2,30891.2
EMP470A,DT6,JR09,3,78750,9450,0,2.8,3701.25,73001.25
EMP471A,DT9,JR09,1,74200,8904,0,3,1104.1,66400.1
EMP472A,DT9,JR10,11,167750,20130,0,5,32409.3,180029.3
EMP473A,DT5,JR10,5,138600,16632,0,4.7,4900.9,126868.9
EMP474A,DT3,JR01,5,18900,2268,141.75,3.9,1140.05,17630.3
EMP475A,DT6,JR06,8,45280,5433.6,0,4.1,5411.87,45258.27
EMP476A,DT7,JR05,1,35875,4305,0,1.7,287,31857
EMP477A,DT8,JR09,9,101850,12222,0,4.9,4448.81,94076.81
EMP478A,DT7,JR16,6,109650,13158,0,4.2,4070.21,100562.21
EMP479A,DT5,JR12,2,93500,11220,0,4.1,2543.2,84823.2
EMP480A,DT3,JR07,0,40000,4800,0,2.8,0,35200
EMP481A,DT5,JR12,7,113475,13617,0,5,11860.41,111718.41
EMP482A,DT3,JR04,10,41580,4989.6,0,4.9,7098.54,43688.94
EMP483A,DT6,JR15,6,114750,13770,0,4.6,10350.45,111330.45
EMP484A,DT8,JR09,8,96950,11634,0,3.9,8360.97,93676.97
EMP485A,DT5,JR07,9,58600,7032,0,4.4,10245.62,61813.62
EMP486A,DT5,JR01,11,23100,2772,0,4.4,3692.3,24020.3
EMP487A,DT8,JR03,7,27265,3271.8,0,4.8,719.8,24713
EMP488A,DT8,JR12,4,102000,12240,0,4.5,2121.6,91881.6
EMP489A,DT6,JR13,9,175800,21096,0,4.5,22889.16,177593.16
EMP490A,DT9,JR08,1,56925,6831,0,1.7,414.41,50508.41
EMP491A,DT9,JR13,9,174000,20880,0,5,11275.2,164395.2
EMP492A,DT1,JR16,11,132600,15912,0,4.3,17227.39,133915.39
EMP493A,DT2,JR06,10,48320,5798.4,0,4,8477.26,50998.86
EMP494A,DT4,JR04,9,40040,4804.8,0,4.8,3167.96,38403.16
EMP495A,DT1,JR12,8,119000,14280,0,4.3,10662.4,115382.4
EMP496A,DT5,JR06,10,47520,5702.4,0,4.2,7006.35,48823.95
EMP497A,DT1,JR14,6,131500,15780,0,4.9,15906.24,131626.24
EMP498A,DT9,JR08,7,75350,9042,0,4.7,3345.54,69653.54
EMP499A,DT3,JR09,11,106750,12810,0,4.8,8070.3,102010.3
EMP500A,DT6,JR10,7,148500,17820,0,4.5,11226.6,141906.6
EMP501A,DT4,JR16,0,85425,10251,0,1.6,51.26,75225.26
EMP502A,DT7,JR08,10,81125,9735,0,4.7,5857.23,77247.23
EMP503A,DT6,JR07,2,43000,5160,0,2.6,438.6,38278.6
EMP504A,DT8,JR02,5,22860,2743.2,0,3.9,740.66,20857.46
EMP505A,DT9,JR06,7,42400,5088,0,4,1433.12,38745.12
EMP506A,DT3,JR11,2,71175,8541,0,2.4,1785.07,64419.07
EMP507A,DT2,JR14,3,114000,13680,0,2.3,3702.72,104022.72
EMP508A,DT2,JR12,5,106250,12750,0,2.6,4250,97750
EMP509A,DT7,JR15,1,95850,11502,0,2.4,2043.52,86391.52
EMP510A,DT5,JR13,4,145200,17424,0,4.5,7562.02,135338.02
EMP511A,DT6,JR12,11,129625,15555,0,4.5,7621.95,121691.95
EMP512A,DT2,JR05,4,42350,5082,0,2.1,1422.96,38690.96
EMP513A,DT6,JR14,5,127000,15240,0,4.7,3291.84,115051.84
EMP514A,DT8,JR12,10,128350,15402,0,4.7,9426.02,122374.02
EMP515A,DT4,JR05,1,35875,4305,0,3,114.8,31684.8
EMP516A,DT1,JR14,2,108500,13020,0,2.2,2951.2,98431.2
EMP517A,DT9,JR11,4,78975,9477,0,3.1,3939.27,73437.27
EMP518A,DT1,JR16,3,99025,11883,0,2.9,6404.94,93546.94
EMP519A,DT3,JR06,8,44320,5318.4,0,4,6006.25,45007.85
EMP520A,DT6,JR07,11,61800,7416,0,4.8,9969.58,64353.58
EMP521A,DT9,JR15,5,110250,13230,0,4.3,3175.2,100195.2
EMP522A,DT8,JR15,4,108450,13014,0,4.1,6758.6,102194.6
EMP523A,DT4,JR11,10,98800,11856,0,4.8,13974.27,100918.27
EMP524A,DT9,JR13,7,163800,19656,0,4.7,14348.88,158492.88
EMP525A,DT5,JR01,5,18975,2277,142.31,4.1,965.45,17521.14
EMP526A,DT7,JR06,2,35520,4262.4,0,3.4,1219.05,32476.65
EMP527A,DT5,JR13,10,178200,21384,0,4.2,6914.16,163730.16
EMP528A,DT5,JR10,1,113850,13662,0,2.3,382.54,100570.54
EMP529A,DT8,JR09,5,87150,10458,0,3.9,8199.07,84891.07
EMP530A,DT2,JR04,5,35560,4267.2,0,4,2304.29,33597.09
EMP531A,DT1,JR12,0,85850,10302,0,2.9,267.85,75815.85
EMP532A,DT6,JR02,6,22950,2754,0,5,1211.76,21407.76
EMP533A,DT5,JR06,4,39040,4684.8,0,2.4,3091.97,37447.17
EMP534A,DT7,JR10,3,128150,15378,0,2.2,6935.48,119707.48
EMP535A,DT2,JR04,2,31220,3746.4,0,2.1,804.23,28277.83
EMP536A,DT1,JR11,8,90350,10842,0,3.9,10711.9,90219.9
EMP537A,DT7,JR07,9,57400,6888,0,4.9,9787.85,60299.85
EMP538A,DT8,JR02,0,18090,2170.8,135.67,2.4,24.6,15808.13
EMP539A,DT6,JR07,7,54400,6528,0,4.3,2663.42,50535.42
EMP540A,DT2,JR08,0,55825,6699,0,2.8,221.07,49347.07
EMP541A,DT8,JR04,7,37660,4519.2,0,4.3,4885.26,38026.06
EMP542A,DT7,JR14,7,134500,16140,0,4.5,11507.82,129867.82
EMP543A,DT2,JR02,10,26820,3218.4,0,3.9,2418.09,26019.69
EMP544A,DT8,JR14,7,137000,16440,0,4.9,17842.88,138402.88
EMP545A,DT7,JR03,9,29725,3567,0,4.8,1712.16,27870.16
EMP546A,DT8,JR04,6,36960,4435.2,0,4.6,4163.17,36687.97
EMP547A,DT3,JR13,1,124800,14976,0,2.4,1198.08,111022.08
EMP548A,DT1,JR02,10,27090,3250.8,0,4.3,3283.31,27122.51
EMP549A,DT8,JR16,1,90100,10812,0,2.5,778.46,80066.46
EMP550A,DT7,JR04,3,32340,3880.8,0,3.9,1122.84,29582.04
EMP551A,DT7,JR14,9,143000,17160,0,5,10822.24,136662.24
EMP552A,DT5,JR06,0,32480,3897.6,0,2.3,46.77,28629.17
EMP553A,DT1,JR05,3,40950,4914,0,2.7,1336.61,37372.61
EMP554A,DT5,JR08,6,71775,8613,0,4.8,3327.49,66489.49
EMP555A,DT7,JR02,1,19170,2300.4,143.78,2.4,358.86,17084.68
EMP556A,DT8,JR13,4,146400,17568,0,3.1,8502.91,137334.91
EMP557A,DT4,JR10,4,129250,15510,0,4.3,8866.55,122606.55
EMP558A,DT2,JR13,7,159600,19152,0,4.5,14747.04,155195.04
EMP559A,DT5,JR07,4,47800,5736,0,4.5,3131.86,45195.86
EMP560A,DT9,JR15,8,124200,14904,0,5,16990.56,126286.56
EMP561A,DT6,JR14,10,151500,18180,0,4.7,19349.58,152669.58
EMP562A,DT5,JR07,2,44800,5376,0,4.2,903.17,40327.17
EMP563A,DT7,JR15,1,93600,11232,0,1.8,958.46,83326.46
EMP564A,DT1,JR02,1,18720,2246.4,140.4,2.2,245.61,16578.81
EMP565A,DT9,JR05,6,46200,5544,0,4.6,1655.81,42311.81
EMP566A,DT4,JR13,6,158400,19008,0,4.7,19058.69,158450.69
EMP567A,DT7,JR12,9,123675,14841,0,5,10354.07,119188.07
EMP568A,DT1,JR01,11,23175,2781,0,3.9,4445.89,24839.89
EMP569A,DT7,JR08,2,59675,7161,0,2.7,1055.05,53569.05
EMP570A,DT7,JR15,5,110700,13284,0,4.5,9165.96,106581.96
EMP571A,DT5,JR14,9,147000,17640,0,4.1,23766.96,153126.96
EMP572A,DT3,JR02,8,24750,2970,0,4.1,2598.75,24378.75
EMP573A,DT3,JR14,5,122500,14700,0,3.5,6174,113974
EMP574A,DT1,JR13,7,159600,19152,0,4.5,4634.78,145082.78
EMP575A,DT5,JR02,3,20430,2451.6,153.22,2.6,772.25,18597.43
EMP576A,DT4,JR16,9,123250,14790,0,5,8430.3,116890.3
EMP577A,DT4,JR07,5,50600,6072,0,4.7,4183.61,48711.61
EMP578A,DT8,JR12,1,90950,10914,0,1.7,662.12,80698.12
EMP579A,DT1,JR03,10,30237.5,3628.5,0,4.1,3676.88,30285.88
EMP580A,DT5,JR09,0,71050,8526,0,2.7,298.41,62822.41
EMP581A,DT6,JR06,0,32640,3916.8,0,2.5,156.67,28879.87
EMP582A,DT5,JR02,9,25920,3110.4,0,4.5,2737.15,25546.75
EMP583A,DT8,JR06,5,39360,4723.2,0,4.1,2824.47,37461.27
EMP584A,DT7,JR09,8,98000,11760,0,5,11916.8,98156.8
EMP585A,DT2,JR04,8,39620,4754.4,0,4.5,1973.08,36838.68
EMP586A,DT2,JR01,8,20700,2484,155.25,3.9,1699.06,19759.81
EMP587A,DT3,JR12,9,124525,14943,0,4.1,19919.02,129501.02
EMP588A,DT3,JR02,2,19350,2322,145.12,2.6,267.03,17149.91
EMP589A,DT4,JR03,3,23267.5,2792.1,0,2.7,502.58,20977.98
EMP590A,DT8,JR10,8,155100,18612,0,4.9,7630.92,144118.92
EMP591A,DT7,JR07,1,41400,4968,0,2.6,324.58,36756.58
EMP592A,DT6,JR14,10,148000,17760,0,5,6819.84,137059.84
EMP593A,DT8,JR10,1,116600,13992,0,2,1511.14,104119.14
EMP594A,DT9,JR03,11,31467.5,3776.1,0,4.6,4175.11,31866.51
EMP595A,DT8,JR03,0,20910,2509.2,156.82,2.8,36.8,18280.78
EMP596A,DT5,JR15,2,97200,11664,0,2.9,2177.28,87713.28
EMP597A,DT1,JR01,12,23625,2835,0,4.1,2825.55,23615.55
EMP598A,DT2,JR12,3,96900,11628,0,3.7,4558.18,89830.18
EMP599A,DT7,JR16,8,120700,14484,0,4.8,14599.87,120815.87
EMP600A,DT8,JR04,8,39060,4687.2,0,4.4,5677.76,40050.56
EMP601A,DT7,JR02,4,21780,2613.6,0,3.5,365.9,19532.3
EMP602A,DT8,JR13,1,124800,14976,0,1.8,1238.02,111062.02
EMP603A,DT6,JR16,9,123250,14790,0,3.9,13311,121771
EMP604A,DT8,JR08,4,66275,7953,0,2.6,5108.48,63430.48
EMP605A,DT2,JR06,7,43200,5184,0,4.2,2540.16,40556.16
EMP606A,DT1,JR10,6,145200,17424,0,4.4,6690.82,134466.82
EMP607A,DT2,JR14,9,145500,17460,0,4.5,18536.7,146576.7
EMP608A,DT2,JR05,0,35175,4221,0,1.9,47.84,31001.84
EMP609A,DT3,JR04,11,42980,5157.6,0,3.9,5518.63,43341.03
EMP610A,DT6,JR16,9,124950,14994,0,4.1,7516.99,117472.99
EMP611A,DT2,JR11,5,81900,9828,0,4.3,5110.56,77182.56
EMP612A,DT7,JR14,7,132500,15900,0,5,5512,122112
EMP613A,DT9,JR05,11,54950,6594,0,3.9,9772.31,58128.31
EMP614A,DT1,JR02,8,25470,3056.4,0,5,3889.78,26303.38
EMP615A,DT9,JR12,12,133875,16065,0,4.8,26480.48,144290.48
EMP616A,DT5,JR12,3,96050,11526,0,3.8,4095.57,88619.57
EMP617A,DT5,JR07,10,59200,7104,0,4.4,6819.84,58915.84
EMP618A,DT2,JR10,2,122100,14652,0,2.7,5264.95,112712.95
EMP619A,DT1,JR15,5,112500,13500,0,4,7425,106425
EMP620A,DT4,JR08,9,80575,9669,0,4.1,6894,77800
EMP621A,DT8,JR14,9,143500,17220,0,4.3,14482.02,140762.02
EMP622A,DT8,JR14,2,109000,13080,0,2.2,2982.24,98902.24
EMP623A,DT1,JR04,7,37660,4519.2,0,4.5,2910.36,36051.16
EMP624A,DT2,JR10,11,169400,20328,0,4.8,22686.05,171758.05
EMP625A,DT5,JR14,11,153000,18360,0,3.9,30489.84,165129.84
EMP626A,DT5,JR02,2,20070,2408.4,150.53,2.5,535.47,18046.54
EMP627A,DT3,JR15,2,97200,11664,0,2.4,2301.7,87837.7
EMP628A,DT8,JR11,11,99450,11934,0,4.8,20240.06,107756.06
EMP629A,DT9,JR04,10,41720,5006.4,0,4.7,2943.76,39657.36
EMP630A,DT4,JR06,11,49920,5990.4,0,4.3,4696.47,48626.07
EMP631A,DT3,JR16,11,132175,15861,0,4.2,14084.57,130398.57
EMP632A,DT2,JR05,8,48300,5796,0,4.3,2936.64,45440.64
EMP633A,DT3,JR10,3,125950,15114,0,2.6,2045.43,112881.43
EMP634A,DT9,JR08,1,56650,6798,0,1.6,407.88,50259.88
EMP635A,DT1,JR14,6,132000,15840,0,4.8,15882.24,132042.24
EMP636A,DT9,JR15,10,134100,16092,0,4.2,23129.57,141137.57
EMP637A,DT8,JR15,11,138150,16578,0,5,5912.82,127484.82
EMP638A,DT4,JR09,3,80850,9702,0,3.1,5012.7,76160.7
EMP639A,DT9,JR13,9,173400,20808,0,4.2,26544.07,179136.07
EMP640A,DT6,JR15,6,114750,13770,0,4.8,5049,106029
EMP641A,DT7,JR01,11,23550,2826,0,4.7,3973.36,24697.36
EMP642A,DT6,JR01,2,16275,1953,122.06,2.6,409.48,14609.42
EMP643A,DT4,JR12,7,116025,13923,0,4.9,9486.2,111588.2
EMP644A,DT8,JR10,7,146850,17622,0,4.2,7477.6,136705.6
EMP645A,DT9,JR13,9,175200,21024,0,4.9,29013.12,183189.12
EMP646A,DT3,JR03,9,29520,3542.4,0,4.4,4156.42,30134.02
EMP647A,DT7,JR09,2,75250,9030,0,3,451.5,66671.5
EMP648A,DT1,JR15,1,92700,11124,0,2.8,533.95,82109.95
EMP649A,DT1,JR07,4,48400,5808,0,2.9,1057.06,43649.06
EMP650A,DT7,JR03,10,30237.5,3628.5,0,4.3,1263.93,27872.93
EMP651A,DT2,JR11,0,65000,7800,0,2.9,0,57200
EMP652A,DT2,JR02,3,20880,2505.6,156.6,3.4,614.71,18832.51
EMP653A,DT7,JR02,5,22590,2710.8,0,4,2027.68,21906.88
EMP654A,DT2,JR13,1,127800,15336,0,1.6,2791.15,115255.15
EMP655A,DT3,JR03,7,27982.5,3357.9,0,4.3,3758.61,28383.21
EMP656A,DT7,JR02,10,27270,3272.4,0,4.5,1685.29,25682.89
EMP657A,DT1,JR11,5,81575,9789,0,4.1,4160.32,75946.32
EMP658A,DT4,JR07,7,54400,6528,0,4.4,5640.19,53512.19
EMP659A,DT3,JR11,5,80925,9711,0,3,4282.55,75496.55
EMP660A,DT6,JR07,6,52600,6312,0,4,3844.01,50132.01
EMP661A,DT3,JR12,11,131750,15810,0,3.9,18550.4,134490.4
EMP662A,DT9,JR09,8,97300,11676,0,4.5,7285.82,92909.82
EMP663A,DT4,JR13,9,175200,21024,0,4.8,15473.66,169649.66
EMP664A,DT3,JR04,8,39760,4771.2,0,4,6011.71,41000.51
EMP665A,DT6,JR07,5,50200,6024,0,4,4301.14,48477.14
EMP666A,DT7,JR16,10,128350,15402,0,4.5,8902.36,121850.36
EMP667A,DT7,JR16,1,87550,10506,0,2.3,609.35,77653.35
EMP668A,DT3,JR10,2,121550,14586,0,2.3,4696.69,111660.69
EMP669A,DT8,JR12,7,112625,13515,0,4.3,9663.22,108773.22
EMP670A,DT4,JR13,11,186600,22392,0,4.5,14084.57,178292.57
EMP671A,DT2,JR09,7,93100,11172,0,3.9,3440.98,85368.98
EMP672A,DT5,JR05,6,45150,5418,0,3.9,1047.48,40779.48
EMP673A,DT4,JR05,3,39725,4767,0,3.3,815.16,35773.16
EMP674A,DT8,JR14,2,111500,13380,0,2.6,1846.44,99966.44
EMP675A,DT7,JR12,4,102000,12240,0,3.4,3100.8,92860.8
EMP676A,DT4,JR11,3,74425,8931,0,2,4230.32,69724.32
EMP677A,DT3,JR06,9,46880,5625.6,0,5,6452.56,47706.96
EMP678A,DT6,JR10,10,165550,19866,0,4.2,18727.02,164411.02
EMP679A,DT7,JR14,1,104500,12540,0,2.2,1504.8,93464.8
EMP680A,DT8,JR10,7,149050,17886,0,3.9,12699.06,143863.06
EMP681A,DT1,JR16,1,90525,10863,0,3,1365.12,81027.12
EMP682A,DT7,JR14,6,130500,15660,0,4.9,5413.14,120253.14
EMP683A,DT2,JR09,5,87850,10542,0,5,6630.92,83938.92
EMP684A,DT6,JR04,0,28560,3427.2,0,2.2,187.35,25320.15
EMP685A,DT4,JR13,4,144000,17280,0,3.3,9216,135936
EMP686A,DT4,JR15,10,135450,16254,0,4,7113.83,126309.83
EMP687A,DT9,JR04,8,38780,4653.6,0,4.3,2627.73,36754.13
EMP688A,DT9,JR06,7,42880,5145.6,0,4.6,4548.71,42283.11
EMP689A,DT1,JR10,2,119350,14322,0,1.9,973.9,106001.9
EMP690A,DT6,JR14,11,155000,18600,0,4.6,34100,170500
EMP691A,DT6,JR14,0,101000,12120,0,2.9,113.12,88993.12
EMP692A,DT3,JR07,9,58600,7032,0,4.8,5231.81,56799.81
EMP693A,DT4,JR12,11,130475,15657,0,4.4,7259.63,122077.63
EMP694A,DT7,JR04,4,34160,4099.2,0,2.7,2945.96,33006.76
EMP695A,DT8,JR11,11,101725,12207,0,4.1,15633.1,105151.1
EMP696A,DT7,JR04,5,34580,4149.6,0,3.8,1235.2,31665.6
EMP697A,DT8,JR07,11,61600,7392,0,3.9,5322.24,59530.24
EMP698A,DT6,JR10,11,171050,20526,0,4,14429.78,164953.78
EMP699A,DT1,JR13,5,147000,17640,0,2.8,4498.2,133858.2
EMP700A,DT2,JR06,7,43360,5203.2,0,4.4,2339.71,40496.51
EMP701A,DT4,JR10,5,139150,16698,0,4.4,9734.93,132186.93
EMP702A,DT7,JR15,2,99900,11988,0,3.4,2637.36,90549.36
EMP703A,DT8,JR05,8,48475,5817,0,4.9,2986.06,45644.06
EMP704A,DT9,JR05,7,47950,5754,0,4.8,1419.32,43615.32
EMP705A,DT2,JR16,5,105400,12648,0,2.8,7285.25,100037.25
EMP706A,DT6,JR12,0,85850,10302,0,1.9,260.98,75808.98
EMP707A,DT8,JR01,8,21225,2547,0,4.9,1409.34,20087.34
EMP708A,DT2,JR03,3,23575,2829,0,4.2,735.54,21481.54
EMP709A,DT2,JR13,5,148800,17856,0,2.7,11142.14,142086.14
EMP710A,DT8,JR10,12,173250,20790,0,4.1,39050.55,191510.55
EMP711A,DT4,JR12,8,116875,14025,0,4.5,13323.75,116173.75
EMP712A,DT7,JR07,6,51600,6192,0,4.9,5865.89,51273.89
EMP713A,DT4,JR09,10,105700,12684,0,4.5,10350.14,103366.14
EMP714A,DT1,JR04,7,37660,4519.2,0,5,3222.19,36362.99
EMP715A,DT4,JR12,4,102000,12240,0,2.1,8160,97920
EMP716A,DT3,JR15,3,102150,12258,0,3.4,4302.56,94194.56
EMP717A,DT4,JR16,0,85425,10251,0,2.5,92.26,75266.26
EMP718A,DT7,JR15,6,118800,14256,0,4.9,10340.35,114884.35
EMP719A,DT9,JR10,7,150150,18018,0,4.7,16660.64,148792.64
EMP720A,DT8,JR06,2,34720,4166.4,0,1.5,1133.26,31686.86
EMP721A,DT6,JR14,11,155000,18600,0,4,10912,147312
EMP722A,DT6,JR16,10,125800,15096,0,4.8,20289.02,130993.02
EMP723A,DT2,JR14,6,132000,15840,0,3.9,6420.48,122580.48
EMP724A,DT7,JR12,9,122400,14688,0,4.6,18957.31,126669.31
EMP725A,DT4,JR05,0,35000,4200,0,2.4,0,30800
EMP726A,DT1,JR05,5,44275,5313,0,4.6,1501.81,40463.81
EMP727A,DT6,JR10,3,127600,15312,0,3.6,1959.94,114247.94
EMP728A,DT5,JR06,1,33120,3974.4,0,2.1,361.67,29507.27
EMP729A,DT5,JR13,3,137400,16488,0,2.6,2071.99,122983.99
EMP730A,DT8,JR06,9,45760,5491.2,0,4.4,4407.6,44676.4
EMP731A,DT7,JR04,8,39760,4771.2,0,4.2,3339.84,38328.64
EMP732A,DT7,JR11,2,71175,8541,0,2.9,2650.56,65284.56
EMP733A,DT8,JR15,3,103950,12474,0,2.6,2706.86,94182.86
EMP734A,DT2,JR16,6,108375,13005,0,4.3,9060.15,104430.15
EMP735A,DT9,JR04,4,34160,4099.2,0,3.2,781.58,30842.38
EMP736A,DT2,JR04,7,37800,4536,0,4.5,5186.16,38450.16
EMP737A,DT5,JR07,8,56000,6720,0,4,2508.8,51788.8
EMP738A,DT9,JR01,6,19575,2349,146.81,4.4,1050.79,18129.98
EMP739A,DT1,JR07,9,58800,7056,0,4.2,8180.26,59924.26
EMP740A,DT7,JR12,5,107950,12954,0,4.6,3497.58,98493.58
EMP741A,DT2,JR14,9,142500,17100,0,4.1,15019.5,140419.5
EMP742A,DT7,JR14,8,141000,16920,0,4,10637.04,134717.04
EMP743A,DT6,JR03,4,24907.5,2988.9,0,2.2,1542.27,23460.87
EMP744A,DT2,JR08,3,63800,7656,0,4.3,3919.87,60063.87
EMP745A,DT1,JR10,6,140800,16896,0,4.4,10723.33,134627.33
EMP746A,DT5,JR13,1,126000,15120,0,2.6,1713.6,112593.6
EMP747A,DT7,JR12,6,110925,13311,0,5,10014.31,107628.31
EMP748A,DT2,JR08,5,68200,8184,0,3.8,4583.04,64599.04
EMP749A,DT5,JR06,10,48640,5836.8,0,4.2,2630.45,45433.65
EMP750A,DT9,JR16,0,85425,10251,0,2.9,126.43,75300.43
EMP751A,DT9,JR12,6,111350,13362,0,4.8,13807.4,111795.4
EMP752A,DT1,JR12,9,121975,14637,0,4.9,13158.66,120496.66
EMP753A,DT5,JR10,5,137500,16500,0,3.2,7975,128975
EMP754A,DT8,JR16,10,129200,15504,0,4.8,12899.33,126595.33
EMP755A,DT2,JR04,2,30800,3696,0,3.7,739.2,27843.2
EMP756A,DT5,JR08,1,58025,6963,0,2.5,663.81,51725.81
EMP757A,DT4,JR14,12,157500,18900,0,4.1,17388,155988
EMP758A,DT8,JR16,6,109225,13107,0,5,3735.5,99853.5
EMP759A,DT3,JR04,9,40880,4905.6,0,4.2,6318.41,42292.81
EMP760A,DT5,JR01,2,16425,1971,123.19,2.7,362.01,14692.82
EMP761A,DT4,JR04,6,36120,4334.4,0,4.7,4189.92,35975.52
EMP762A,DT3,JR06,7,43840,5260.8,0,4.9,6488.32,45067.52
EMP763A,DT7,JR07,10,59200,7104,0,4.9,10229.76,62325.76
EMP764A,DT5,JR10,9,160600,19272,0,4.4,12411.17,153739.17
EMP765A,DT5,JR11,7,87425,10491,0,4,5067.15,82001.15
EMP766A,DT3,JR04,11,43960,5275.2,0,4.1,7416.93,46101.73
EMP767A,DT2,JR07,3,46000,5520,0,3.4,717.6,41197.6
EMP768A,DT6,JR04,10,42000,5040,0,4.5,8064,45024
EMP769A,DT8,JR09,4,83650,10038,0,3.4,6002.72,79614.72
EMP770A,DT1,JR09,9,100800,12096,0,4.1,7805.95,96509.95
EMP771A,DT7,JR06,2,34880,4185.6,0,1.5,1004.54,31698.94
EMP772A,DT9,JR01,0,15150,1818,113.62,2.3,33.94,13252.32
EMP773A,DT3,JR08,5,69025,8283,0,4.1,1689.73,62431.73
EMP774A,DT6,JR04,12,44240,5308.8,0,4.5,7389.85,46321.05
EMP775A,DT5,JR01,4,17775,2133,133.31,2.5,499.83,16008.52
EMP776A,DT5,JR07,2,43400,5208,0,1.5,560.73,38752.73
EMP777A,DT8,JR16,10,125800,15096,0,4.5,14492.16,125196.16
EMP778A,DT7,JR10,8,154000,18480,0,4.5,22176,157696
EMP779A,DT7,JR05,11,54950,6594,0,4.6,8519.45,56875.45
EMP780A,DT1,JR09,9,99750,11970,0,4.9,16279.2,104059.2
EMP781A,DT5,JR16,2,92225,11067,0,2.2,2696.66,83854.66
EMP782A,DT2,JR02,9,26460,3175.2,0,4.7,3183.67,26468.47
EMP783A,DT4,JR05,4,41475,4977,0,2.4,2209.79,38707.79
EMP784A,DT5,JR08,9,80850,9702,0,3.9,14591.81,85739.81
EMP785A,DT6,JR05,8,48475,5817,0,4.9,4031.18,46689.18
EMP786A,DT6,JR04,6,35840,4300.8,0,5,3773.24,35312.44
EMP787A,DT8,JR11,8,92300,11076,0,4.1,8063.33,89287.33
EMP788A,DT7,JR13,4,142800,17136,0,3.5,4992.29,130656.29
EMP789A,DT4,JR16,1,87550,10506,0,2.4,651.37,77695.37
EMP790A,DT1,JR12,12,134300,16116,0,4.5,11216.74,129400.74
EMP791A,DT9,JR15,8,127800,15336,0,3.9,18464.54,130928.54
EMP792A,DT7,JR13,11,186600,22392,0,4.9,31483.15,195691.15
EMP793A,DT2,JR12,9,121125,14535,0,5,5353.73,111943.73
EMP794A,DT8,JR16,2,95200,11424,0,2.9,3564.29,87340.29
EMP795A,DT7,JR06,11,50240,6028.8,0,4,5956.45,50167.65
EMP796A,DT2,JR14,8,140500,16860,0,4.6,9559.62,133199.62
EMP797A,DT7,JR03,1,21730,2607.6,0,2.6,302.48,19424.88
EMP798A,DT6,JR03,4,24087.5,2890.5,0,2.7,1146.57,22343.57
EMP799A,DT2,JR07,11,61800,7416,0,5,5388.96,59772.96
EMP800A,DT5,JR10,12,173250,20790,0,5,39050.55,191510.55
EMP801A,DT3,JR14,0,102000,12240,0,2.9,228.48,89988.48
EMP802A,DT2,JR15,10,134550,16146,0,4.3,23976.81,142380.81
EMP803A,DT6,JR11,2,70200,8424,0,2.2,1842.05,63618.05
EMP804A,DT8,JR03,8,28905,3468.6,0,4.8,3128.68,28565.08
EMP805A,DT3,JR11,8,90675,10881,0,4.8,13467.05,93261.05
EMP806A,DT3,JR09,2,75950,9114,0,2.4,1859.26,68695.26
EMP807A,DT6,JR15,3,105300,12636,0,4.2,4296.24,96960.24
EMP808A,DT2,JR08,12,86625,10395,0,4.6,6375.6,82605.6
EMP809A,DT8,JR15,1,95400,11448,0,1.9,1648.51,85600.51
EMP810A,DT8,JR03,5,25112.5,3013.5,0,4.1,1084.86,23183.86
EMP811A,DT7,JR07,5,49000,5880,0,2.7,2910.6,46030.6
EMP812A,DT3,JR14,6,128000,15360,0,4.8,5734.4,118374.4
EMP813A,DT1,JR07,6,51600,6192,0,4.9,2035.1,47443.1
EMP814A,DT7,JR16,8,119425,14331,0,4.8,18959.91,124053.91
EMP815A,DT6,JR05,4,42700,5124,0,3.7,2780.62,40356.62
EMP816A,DT3,JR01,2,16200,1944,121.5,2.4,497.66,14632.16
EMP817A,DT4,JR06,3,37120,4454.4,0,3.3,902.76,33568.36
EMP818A,DT6,JR16,1,90950,10914,0,2,1375.16,81411.16
EMP819A,DT3,JR14,3,116500,13980,0,2.4,2614.26,105134.26
EMP820A,DT2,JR04,10,41580,4989.6,0,4.8,6775.88,43366.28
EMP821A,DT4,JR02,5,22680,2721.6,0,4,2075.67,22034.07
EMP822A,DT6,JR14,3,114000,13680,0,3.6,1276.8,101596.8
EMP823A,DT3,JR14,11,154500,18540,0,4.4,7409.82,143369.82
EMP824A,DT7,JR07,3,45600,5472,0,3.9,2196.1,42324.1
EMP825A,DT3,JR08,9,80850,9702,0,4.6,11551.85,82699.85
EMP826A,DT7,JR07,10,59200,7104,0,4.7,3182.59,55278.59
EMP827A,DT6,JR05,2,37625,4515,0,1.5,790.12,33900.12
EMP828A,DT3,JR09,11,106750,12810,0,4.3,9415.35,103355.35
EMP829A,DT8,JR09,8,96600,11592,0,4.3,4111.3,89119.3
EMP830A,DT7,JR03,7,27572.5,3308.7,0,4.4,2815.7,27079.5
EMP831A,DT6,JR02,9,26100,3132,0,4.2,4604.04,27572.04
EMP832A,DT3,JR01,0,15000,1800,112.5,2.1,0,13087.5
EMP833A,DT2,JR09,6,89250,10710,0,4.3,5694.15,84234.15
EMP834A,DT5,JR09,8,97300,11676,0,4.7,5464.37,91088.37
EMP835A,DT2,JR14,6,128000,15360,0,4.6,12328.96,124968.96
EMP836A,DT7,JR02,0,18180,2181.6,136.35,2.4,29.09,15891.14
EMP837A,DT6,JR08,10,82500,9900,0,5,6270,78870
EMP838A,DT9,JR15,5,110250,13230,0,3.4,9128.7,106148.7
EMP839A,DT6,JR14,2,109500,13140,0,2.6,1914.06,98274.06
EMP840A,DT4,JR06,4,38880,4665.6,0,4.5,2273.7,36488.1
EMP841A,DT9,JR05,3,39550,4746,0,3.6,452.45,35256.45
EMP842A,DT6,JR10,6,140250,16830,0,4.8,7096.65,130516.65
EMP843A,DT2,JR04,3,32620,3914.4,0,3.8,2066.8,30772.4
EMP844A,DT6,JR06,10,47520,5702.4,0,4.7,3318.8,45136.4
EMP845A,DT7,JR10,10,165000,19800,0,4,13860,159060
EMP846A,DT4,JR15,9,130050,15606,0,3.9,14352.32,128796.32
EMP847A,DT6,JR09,5,87500,10500,0,4.1,6650,83650
EMP848A,DT4,JR16,10,128775,15453,0,4.9,9549.95,122871.95
EMP849A,DT9,JR10,2,118250,14190,0,2,2554.2,106614.2
EMP850A,DT7,JR13,7,164400,19728,0,4.7,6326.11,150998.11
EMP851A,DT8,JR15,8,123750,14850,0,3.9,7796.25,116696.25
EMP852A,DT9,JR05,3,39900,4788,0,4.1,1340.64,36452.64
EMP853A,DT5,JR10,7,150700,18084,0,4.3,11597.87,144213.87
EMP854A,DT4,JR02,11,27810,3337.2,0,4.4,4001.3,28474.1
EMP855A,DT5,JR04,7,37380,4485.6,0,4.3,3906.96,36801.36
EMP856A,DT8,JR06,0,32640,3916.8,0,2.5,240.23,28963.43
EMP857A,DT7,JR05,11,54950,6594,0,4,9271.16,57627.16
EMP858A,DT8,JR01,1,15525,1863,116.44,2.3,195.61,13741.17
EMP859A,DT6,JR05,10,51800,6216,0,4.9,2784.77,48368.77
EMP860A,DT6,JR01,4,17850,2142,133.88,3.6,596.9,16171.02
EMP861A,DT3,JR14,7,133500,16020,0,5,12880.08,130360.08
EMP862A,DT5,JR07,3,46400,5568,0,2.8,2138.11,42970.11
EMP863A,DT5,JR11,3,74425,8931,0,2.6,2935.32,68429.32
EMP864A,DT3,JR04,12,44100,5292,0,4.7,6085.8,44893.8
EMP865A,DT4,JR10,11,172150,20658,0,4.6,21787.3,173279.3
EMP866A,DT5,JR09,9,100100,12012,0,4.7,8264.26,96352.26
EMP867A,DT8,JR03,5,25727.5,3087.3,0,4.1,997.2,23637.4
EMP868A,DT6,JR10,8,152900,18348,0,3.9,15742.58,150294.58
EMP869A,DT7,JR10,1,117150,14058,0,1.8,1949.38,105041.38
EMP870A,DT7,JR15,4,106650,12798,0,2.8,4261.73,98113.73
EMP871A,DT6,JR10,6,144100,17292,0,4.7,11793.14,138601.14
EMP872A,DT1,JR15,0,90000,10800,0,1.6,0,79200
EMP873A,DT9,JR02,9,26010,3121.2,0,4,3703.82,26592.62
EMP874A,DT1,JR10,5,135850,16302,0,2.2,9960.52,129508.52
EMP875A,DT1,JR08,7,74525,8943,0,4.8,2963.11,68545.11
EMP876A,DT2,JR09,2,76300,9156,0,1.6,2417.18,69561.18
EMP877A,DT5,JR07,1,42000,5040,0,2.1,487.2,37447.2
EMP878A,DT5,JR14,2,110500,13260,0,2.8,1485.12,98725.12
EMP879A,DT8,JR02,4,21330,2559.6,0,2.2,1546.85,20317.25
EMP880A,DT3,JR13,0,121200,14544,0,2.9,126.05,106782.05
EMP881A,DT8,JR13,10,180600,21672,0,5,34292.33,193220.33
EMP882A,DT7,JR11,4,77675,9321,0,2.2,3998.71,72352.71
EMP883A,DT3,JR08,6,72600,8712,0,4.8,2601.98,66489.98
EMP884A,DT1,JR15,3,104850,12582,0,2.2,4705.67,96973.67
EMP885A,DT5,JR07,6,52000,6240,0,4.2,3744,49504
EMP886A,DT3,JR04,7,37940,4552.8,0,4.7,1185.25,34572.45
EMP887A,DT8,JR07,7,54000,6480,0,4,4989.6,52509.6
EMP888A,DT5,JR03,9,29520,3542.4,0,4.9,4260.33,30237.93
EMP889A,DT2,JR09,3,80150,9618,0,2.7,3533.01,74065.01
EMP890A,DT2,JR13,10,182400,21888,0,4,24281.09,184793.09
EMP891A,DT6,JR05,7,47425,5691,0,4.8,4309.98,46043.98
EMP892A,DT2,JR03,2,22857.5,2742.9,0,4.1,714.98,20829.58
EMP893A,DT4,JR12,2,93500,11220,0,2.4,2169.2,84449.2
EMP894A,DT7,JR16,11,129625,15555,0,4.9,13610.62,127680.62
EMP895A,DT1,JR12,7,116025,13923,0,4.9,8131.03,110233.03
EMP896A,DT3,JR08,10,83600,10032,0,5,4521.09,78089.09
EMP897A,DT2,JR13,1,125400,15048,0,2,1625.18,111977.18
EMP898A,DT4,JR12,5,106675,12801,0,4,9792.76,103666.76
EMP899A,DT3,JR16,5,107950,12954,0,4.9,3031.24,98027.24
EMP900A,DT8,JR02,6,23760,2851.2,0,5,2311.37,23220.17
EMP901A,DT7,JR02,5,22860,2743.2,0,5,2172.61,22289.41
EMP902A,DT6,JR02,5,22320,2678.4,0,4.3,471.4,20113
EMP903A,DT1,JR14,2,110500,13260,0,2.3,3805.62,101045.62
EMP904A,DT8,JR09,8,98000,11760,0,4.2,15052.8,101292.8
EMP905A,DT1,JR10,4,132550,15906,0,3.4,7173.61,123817.61
EMP906A,DT8,JR11,6,83525,10023,0,4.2,8379.23,81881.23
EMP907A,DT2,JR14,10,152000,18240,0,4.8,20866.56,154626.56
EMP908A,DT3,JR05,7,46550,5586,0,4.9,4301.22,45265.22
EMP909A,DT4,JR11,11,99775,11973,0,4.4,13665.18,101467.18
EMP910A,DT9,JR08,4,65450,7854,0,2.4,1392.78,58988.78
EMP911A,DT6,JR14,5,126500,15180,0,4.7,4290.88,115610.88
EMP912A,DT5,JR01,8,21075,2529,0,4.8,1707.08,20253.08
EMP913A,DT1,JR12,7,113900,13668,0,3.9,7745.2,107977.2
EMP914A,DT9,JR14,9,144500,17340,0,5,22634.48,149794.48
EMP915A,DT6,JR10,6,144100,17292,0,4.2,8219.46,135027.46
EMP916A,DT4,JR03,4,24087.5,2890.5,0,3.6,1214.01,22411.01
EMP917A,DT5,JR14,9,143000,17160,0,4.5,16725.28,142565.28
EMP918A,DT2,JR06,2,34400,4128,0,2,227.04,30499.04
EMP919A,DT9,JR06,10,48000,5760,0,4.9,2880,45120
EMP920A,DT2,JR11,4,78325,9399,0,2,4367.4,73293.4
EMP921A,DT3,JR10,1,115500,13860,0,2.3,1755.6,103395.6
EMP922A,DT5,JR11,2,70850,8502,0,2.4,867.2,63215.2
EMP923A,DT6,JR14,5,126500,15180,0,4.1,6168.14,117488.14
EMP924A,DT5,JR09,5,86100,10332,0,3.4,2217.94,77985.94
EMP925A,DT3,JR04,7,37100,4452,0,4.1,3569.02,36217.02
EMP926A,DT5,JR16,11,132175,15861,0,4.3,14671.43,130985.43
EMP927A,DT2,JR15,2,99000,11880,0,4,2376,89496
EMP928A,DT8,JR06,0,32480,3897.6,0,2.7,89.64,28672.04
EMP929A,DT1,JR11,7,89050,10686,0,3.9,11597.87,89961.87
EMP930A,DT3,JR16,8,120275,14433,0,3.9,11580.08,117422.08
EMP931A,DT4,JR14,10,151000,18120,0,4.9,18482.4,151362.4
EMP932A,DT4,JR16,8,117300,14076,0,4.9,16046.64,119270.64
EMP933A,DT5,JR10,10,162250,19470,0,4.3,11714.45,154494.45
EMP934A,DT8,JR12,3,96475,11577,0,2,3959.33,88857.33
EMP935A,DT6,JR07,3,45000,5400,0,3.6,540,40140
EMP936A,DT1,JR16,7,113900,13668,0,3.9,7435.39,107667.39
EMP937A,DT1,JR11,9,93600,11232,0,4.1,11202.05,93570.05
EMP938A,DT3,JR07,4,47000,5640,0,2.8,2039.8,43399.8
EMP939A,DT1,JR08,11,86350,10362,0,3.9,4331.32,80319.32
EMP940A,DT4,JR01,7,19875,2385,149.06,4.2,1808.62,19149.56
EMP941A,DT7,JR03,10,30750,3690,0,4.3,3690,30750
EMP942A,DT1,JR11,2,71825,8619,0,3,1809.99,65015.99
EMP943A,DT7,JR14,10,148000,17760,0,3.9,10798.08,141038.08
EMP944A,DT2,JR13,3,139800,16776,0,3.2,7565.98,130589.98
EMP945A,DT2,JR10,4,133100,15972,0,2.4,3577.73,120705.73
EMP946A,DT8,JR16,7,112625,13515,0,4.4,3513.9,102623.9
EMP947A,DT9,JR01,6,19275,2313,144.56,4,1669.99,18487.43
EMP948A,DT2,JR03,9,30032.5,3603.9,0,4.2,3016.46,29445.06
EMP949A,DT9,JR02,2,19980,2397.6,149.85,3.7,527.47,17960.02
EMP950A,DT3,JR11,3,75725,9087,0,4.5,3298.58,69936.58
EMP951A,DT6,JR16,1,90525,10863,0,2.9,847.31,80509.31
EMP952A,DT1,JR06,8,45280,5433.6,0,4.1,4359.56,44205.96
EMP953A,DT9,JR15,8,126900,15228,0,4.5,5411.02,117083.02
EMP954A,DT4,JR13,6,156000,18720,0,4.5,11980.8,149260.8
EMP955A,DT5,JR13,4,145800,17496,0,2.8,8275.61,136579.61
EMP956A,DT1,JR05,8,49700,5964,0,4.8,2838.86,46574.86
EMP957A,DT7,JR04,6,36820,4418.4,0,4,2969.16,35370.76
EMP958A,DT5,JR07,8,55800,6696,0,4.6,8463.74,57567.74
EMP959A,DT6,JR14,4,119500,14340,0,3.4,3169.14,108329.14
EMP960A,DT6,JR06,11,50240,6028.8,0,4.5,4123.7,48334.9
EMP961A,DT8,JR09,11,108150,12978,0,4.4,16975.22,112147.22
EMP962A,DT9,JR15,1,93150,11178,0,1.7,443.39,82415.39
EMP963A,DT2,JR05,10,52150,6258,0,4.6,5519.56,51411.56
EMP964A,DT3,JR11,5,79950,9594,0,3.7,6766.97,77122.97
EMP965A,DT5,JR07,0,40800,4896,0,1.7,104.45,36008.45
EMP966A,DT2,JR10,6,140250,16830,0,4.7,9873.6,133293.6
EMP967A,DT1,JR03,8,28187.5,3382.5,0,4.3,1944.94,26749.94
EMP968A,DT3,JR10,7,150700,18084,0,4.9,17842.88,150458.88
EMP969A,DT5,JR09,7,95200,11424,0,4.2,4660.99,88436.99
EMP970A,DT7,JR06,11,49280,5913.6,0,4.5,10218.7,53585.1
EMP971A,DT5,JR11,0,66300,7956,0,1.7,339.46,58683.46
EMP972A,DT6,JR06,1,33600,4032,0,2.4,215.04,29783.04
EMP973A,DT2,JR16,4,102850,12342,0,3.3,3974.12,94482.12
EMP974A,DT8,JR15,2,98550,11826,0,2.8,2921.02,89645.02
EMP975A,DT5,JR04,2,31080,3729.6,0,3.3,738.46,28088.86
EMP976A,DT1,JR05,9,50400,6048,0,4.7,6564.1,50916.1
EMP977A,DT2,JR07,8,55600,6672,0,5,3816.38,52744.38
EMP978A,DT2,JR01,1,15750,1890,118.12,1.8,100.8,13842.68
EMP979A,DT3,JR04,3,32200,3864,0,2.6,579.6,28915.6
EMP980A,DT1,JR03,4,24497.5,2939.7,0,3,1146.48,22704.28
EMP981A,DT3,JR13,10,179400,21528,0,4.1,25575.26,183447.26
EMP982A,DT8,JR05,5,44275,5313,0,4.8,2064.99,41026.99
EMP983A,DT7,JR12,9,124950,14994,0,4.8,16913.23,126869.23
EMP984A,DT1,JR16,3,96475,11577,0,4,2813.21,87711.21
EMP985A,DT3,JR11,4,76375,9165,0,2.8,1496.95,68706.95
EMP986A,DT8,JR09,7,95200,11424,0,4.9,8499.46,92275.46
EMP987A,DT5,JR12,6,110500,13260,0,5,7160.4,104400.4
EMP988A,DT1,JR02,9,26280,3153.6,0,4.6,2321.05,25447.45
EMP989A,DT8,JR14,6,127500,15300,0,4.3,6732,118932
EMP990A,DT2,JR13,0,121200,14544,0,2,475.1,107131.1
EMP991A,DT5,JR04,7,38360,4603.2,0,4.3,3747,37503.8
EMP992A,DT1,JR09,8,96250,11550,0,4.4,6063.75,90763.75
EMP993A,DT6,JR09,6,89950,10794,0,4.9,5742.41,84898.41
EMP994A,DT8,JR14,4,121500,14580,0,2.7,6687.36,113607.36
EMP995A,DT5,JR07,8,55800,6696,0,3.9,6524.14,55628.14
EMP996A,DT6,JR12,5,105400,12648,0,2.4,4452.1,97204.1
EMP997A,DT5,JR14,11,155500,18660,0,5,27616.8,164456.8
EMP998A,DT2,JR13,7,160800,19296,0,4.3,7872.77,149376.77
EMP999A,DT5,JR07,2,44600,5352,0,2.2,1887.47,41135.47
EMP001B,DT8,JR13,7,159600,19152,0,4.8,18539.14,158987.14
EMP002B,DT2,JR11,1,69225,8307,0,2.6,1295.89,62213.89
EMP003B,DT7,JR05,0,35700,4284,0,2.3,285.6,31701.6
EMP004B,DT3,JR13,0,121200,14544,0,2.1,436.32,107092.32
EMP005B,DT8,JR03,11,31775,3813,0,4.1,2516.58,30478.58
EMP006B,DT2,JR11,8,91325,10959,0,5,5917.86,86283.86
EMP007B,DT1,JR04,11,43540,5224.8,0,4.5,5412.89,43728.09
EMP008B,DT5,JR04,9,41020,4922.4,0,4,2441.51,38539.11
EMP009B,DT6,JR16,7,114750,13770,0,4.9,6747.3,107727.3
EMP010B,DT8,JR10,2,119350,14322,0,1.8,1866.63,106894.63
EMP011B,DT5,JR08,3,64075,7689,0,3.2,2791.11,59177.11
EMP012B,DT7,JR05,8,49700,5964,0,4.9,5677.73,49413.73
EMP013B,DT9,JR12,0,86275,10353,0,2,414.12,76336.12
EMP014B,DT8,JR12,3,98600,11832,0,3.6,5679.36,92447.36
EMP015B,DT3,JR08,5,67925,8151,0,2.9,2298.58,62072.58
EMP016B,DT1,JR08,7,74525,8943,0,5,5291.27,70873.27
EMP017B,DT4,JR02,2,19440,2332.8,145.8,1.7,410.57,17371.97
EMP018B,DT5,JR06,11,49280,5913.6,0,4,10431.59,53797.99
EMP019B,DT8,JR07,7,53200,6384,0,4.5,2808.96,49624.96
EMP020B,DT9,JR03,1,21525,2583,0,2.5,154.98,19096.98
EMP021B,DT7,JR15,12,142650,17118,0,4.2,13352.04,138884.04
EMP022B,DT9,JR08,4,66000,7920,0,4.1,2217.6,60297.6
EMP023B,DT2,JR16,1,87125,10455,0,2.1,296.22,76966.22
EMP024B,DT4,JR07,9,58400,7008,0,4.7,8811.39,60203.39
EMP025B,DT7,JR05,4,42700,5124,0,3.8,1202.43,38778.43
EMP026B,DT8,JR09,7,92750,11130,0,4.8,11334.05,92954.05
EMP027B,DT7,JR10,2,121550,14586,0,3.3,3369.37,110333.37
EMP028B,DT5,JR01,7,20325,2439,152.44,4.5,1039.01,18772.57
EMP029B,DT5,JR07,0,40800,4896,0,2.3,182.78,36086.78
EMP030B,DT7,JR13,1,124200,14904,0,2.4,695.52,109991.52
EMP031B,DT7,JR03,4,25010,3001.2,0,2.5,2156.86,24165.66
EMP032B,DT5,JR11,6,83850,10062,0,4.4,6225.02,80013.02
EMP033B,DT4,JR07,8,55000,6600,0,4.3,3795,52195
EMP034B,DT8,JR04,3,31500,3780,0,2.3,850.5,28570.5
EMP035B,DT6,JR11,1,66950,8034,0,2.6,337.43,59253.43
EMP036B,DT4,JR03,1,21730,2607.6,0,2.7,354.63,19477.03
EMP037B,DT7,JR06,4,38400,4608,0,4.3,1720.32,35512.32
EMP038B,DT4,JR14,8,141500,16980,0,4.2,9395.6,133915.6
EMP039B,DT3,JR12,8,119850,14382,0,4,7075.94,112543.94
EMP040B,DT6,JR12,10,127925,15351,0,3.9,11886.79,124460.79
EMP041B,DT8,JR01,9,21450,2574,0,3.9,3320.46,22196.46
EMP042B,DT4,JR15,2,98100,11772,0,1.9,1836.43,88164.43
EMP043B,DT8,JR06,7,43200,5184,0,4.9,1814.4,39830.4
EMP044B,DT8,JR16,6,110075,13209,0,4.2,7793.31,104659.31
EMP045B,DT2,JR14,5,124500,14940,0,3.8,4636.38,114196.38
EMP046B,DT1,JR05,6,45675,5481,0,4.2,1894.6,42088.6
EMP047B,DT3,JR10,3,128150,15378,0,4.2,5920.53,118692.53
EMP048B,DT7,JR01,1,15375,1845,115.31,2,55.35,13470.04
EMP049B,DT1,JR02,8,25560,3067.2,0,4.9,4036.44,26529.24
EMP050B,DT7,JR04,1,29400,3528,0,2.2,341.04,26213.04
EMP051B,DT9,JR16,6,110075,13209,0,4.1,3896.66,100762.66
EMP052B,DT2,JR05,9,49875,5985,0,4.6,3221.93,47111.93
EMP053B,DT8,JR10,4,133650,16038,0,4.1,8735.36,126347.36
EMP054B,DT4,JR02,3,20700,2484,155.25,2.5,869.4,18930.15
EMP055B,DT6,JR01,1,15675,1881,117.56,3,163.65,13840.09
EMP056B,DT9,JR04,5,35560,4267.2,0,3.9,2765.15,34057.95
EMP057B,DT6,JR11,0,65000,7800,0,2.4,0,57200
EMP058B,DT7,JR05,4,41825,5019,0,2.3,1435.43,38241.43
EMP059B,DT6,JR01,7,20400,2448,153,4.9,2291.33,20090.33
EMP060B,DT2,JR08,8,76725,9207,0,4,6061.27,73579.27
EMP061B,DT7,JR07,5,50800,6096,0,5,1316.74,46020.74
EMP062B,DT5,JR03,6,26650,3198,0,4,2430.48,25882.48
EMP063B,DT7,JR08,3,62975,7557,0,2.6,2995.09,58413.09
EMP064B,DT5,JR05,7,47250,5670,0,4.6,3704.4,45284.4
EMP065B,DT9,JR15,5,112500,13500,0,4.3,9675,108675
EMP066B,DT8,JR13,6,155400,18648,0,4.6,5501.16,142253.16
EMP067B,DT8,JR12,6,111775,13413,0,4.9,12675.28,111037.28
EMP068B,DT5,JR11,2,72475,8697,0,2.8,2467.05,66245.05
EMP069B,DT8,JR14,6,128500,15420,0,5,4101.72,117181.72
EMP070B,DT2,JR04,10,41300,4956,0,5,5179.02,41523.02
EMP071B,DT9,JR12,2,92650,11118,0,2.5,2935.15,84467.15
EMP072B,DT1,JR04,5,35140,4216.8,0,4.8,3369.22,34292.42
EMP073B,DT5,JR02,4,21960,2635.2,0,3.1,1082.19,20406.99
EMP074B,DT6,JR06,1,32800,3936,0,1.7,288.64,29152.64
EMP075B,DT4,JR16,8,116875,14025,0,4.2,14025,116875
EMP076B,DT5,JR01,9,21900,2628,0,4.5,1450.66,20722.66
EMP077B,DT7,JR03,10,30340,3640.8,0,5,4427.21,31126.41
EMP078B,DT8,JR03,4,25010,3001.2,0,3.7,2200.88,24209.68
EMP079B,DT4,JR08,2,59950,7194,0,1.6,1553.9,54309.9
EMP080B,DT9,JR07,2,44800,5376,0,2.2,731.14,40155.14
EMP081B,DT6,JR12,6,112200,13464,0,4,6606.34,105342.34
EMP082B,DT9,JR05,10,51625,6195,0,4.8,9612.58,55042.58
EMP083B,DT1,JR08,1,58300,6996,0,3,587.66,51891.66
EMP084B,DT3,JR02,4,21510,2581.2,0,2.9,973.11,19901.91
EMP085B,DT3,JR16,2,93500,11220,0,2.8,2842.4,85122.4
EMP086B,DT6,JR14,8,142000,17040,0,4.6,19561.92,144521.92
EMP087B,DT4,JR03,2,22960,2755.2,0,2.9,859.62,21064.42
EMP088B,DT7,JR03,10,30340,3640.8,0,3.9,5592.27,32291.47
EMP089B,DT3,JR14,6,130000,15600,0,3.9,9360,123760
EMP090B,DT1,JR09,11,109200,13104,0,4,22014.72,118110.72
EMP091B,DT6,JR13,5,148800,17856,0,4.5,3142.66,134086.66
EMP092B,DT8,JR05,3,40775,4893,0,2.7,1776.16,37658.16
EMP093B,DT2,JR04,5,34580,4149.6,0,4.3,3055.49,33485.89
EMP094B,DT2,JR15,3,103050,12366,0,3.7,4901.06,95585.06
EMP095B,DT8,JR12,10,128775,15453,0,4,24935.99,138257.99
EMP096B,DT3,JR13,7,163200,19584,0,4.3,9870.34,153486.34
EMP097B,DT9,JR01,1,15450,1854,115.88,2.5,51.91,13532.03
EMP098B,DT5,JR02,7,24660,2959.2,0,4.5,3503.69,25204.49
EMP099B,DT9,JR13,7,164400,19728,0,4.3,11678.98,156350.98
EMP100B,DT3,JR07,10,59000,7080,0,4,6277.6,58197.6
EMP101B,DT4,JR01,11,23025,2763,0,4.7,4631.71,24893.71
EMP102B,DT3,JR12,3,96475,11577,0,4.1,1250.32,86148.32
EMP103B,DT7,JR09,3,78750,9450,0,3.8,2992.5,72292.5
EMP104B,DT8,JR13,11,184200,22104,0,4.7,29958.29,192054.29
EMP105B,DT3,JR03,8,28290,3394.8,0,4.7,2666.05,27561.25
EMP106B,DT9,JR13,7,162600,19512,0,4.8,22165.63,165253.63
EMP107B,DT2,JR02,3,20700,2484,155.25,3,422.28,18483.03
EMP108B,DT1,JR07,5,49000,5880,0,3.5,1058.4,44178.4
EMP109B,DT5,JR13,3,138600,16632,0,3.7,2749.82,124717.82
EMP110B,DT5,JR03,6,26855,3222.6,0,4.9,2264.41,25896.81
EMP111B,DT3,JR06,4,39040,4684.8,0,3.2,1717.76,36072.96
EMP112B,DT1,JR04,7,37240,4468.8,0,4,3932.54,36703.74
EMP113B,DT4,JR13,2,129600,15552,0,1.7,3815.42,117863.42
EMP114B,DT3,JR12,7,113050,13566,0,4.6,4775.23,104259.23
EMP115B,DT9,JR05,11,53725,6447,0,4.1,6438.4,53716.4
EMP116B,DT8,JR15,2,97650,11718,0,1.8,3187.3,89119.3
EMP117B,DT9,JR07,4,47000,5640,0,3.9,3026.8,44386.8
EMP118B,DT7,JR15,5,112050,13446,0,2.3,10102.43,108706.43
EMP119B,DT7,JR15,11,139950,16794,0,5,23612.36,146768.36
EMP120B,DT8,JR07,8,56600,6792,0,4.9,4885.71,54693.71
EMP121B,DT1,JR04,10,42280,5073.6,0,3.9,2242.53,39448.93
EMP122B,DT6,JR10,10,166100,19932,0,4.7,16942.2,163110.2
EMP123B,DT2,JR06,8,45280,5433.6,0,4.9,2555.6,42402
EMP124B,DT2,JR04,8,39760,4771.2,0,4.6,6145.31,41134.11
EMP125B,DT1,JR15,8,124200,14904,0,3.9,10571.9,119867.9
EMP126B,DT2,JR10,3,125400,15048,0,3.6,6601.06,116953.06
EMP127B,DT7,JR16,11,133025,15963,0,5,21044.56,138106.56
EMP128B,DT5,JR06,11,48800,5856,0,5,7378.56,50322.56
EMP129B,DT1,JR02,9,25830,3099.6,0,3.9,4044.98,26775.38
EMP130B,DT9,JR13,4,144600,17352,0,3.2,5928.6,133176.6
EMP131B,DT2,JR07,1,41400,4968,0,2,243.43,36675.43
EMP132B,DT6,JR04,6,36680,4401.6,0,4.8,1182.56,33460.96
EMP133B,DT8,JR03,8,28905,3468.6,0,4.1,3128.68,28565.08
EMP134B,DT2,JR06,10,47360,5683.2,0,4.8,7092.63,48769.43
EMP135B,DT8,JR16,7,115600,13872,0,4.6,12651.26,114379.26
EMP136B,DT4,JR01,10,22425,2691,0,5,1509.65,21243.65
EMP137B,DT5,JR08,8,77000,9240,0,3.9,6406.4,74166.4
EMP138B,DT3,JR01,6,19500,2340,146.25,4.2,982.8,17996.55
EMP139B,DT6,JR01,10,22275,2673,0,4.3,1987.82,21589.82
EMP140B,DT8,JR12,1,87125,10455,0,2.7,383.35,77053.35
EMP141B,DT7,JR15,4,109800,13176,0,3.3,9082.66,105706.66
EMP142B,DT3,JR11,3,75075,9009,0,3.9,4654.65,70720.65
EMP143B,DT8,JR07,10,59000,7080,0,4,2466.2,54386.2
EMP144B,DT8,JR07,1,41600,4992,0,2.1,452.61,37060.61
EMP145B,DT9,JR16,5,107100,12852,0,4.9,3564.29,97812.29
EMP146B,DT3,JR10,2,121000,14520,0,4.5,3291.2,109771.2
EMP147B,DT4,JR01,2,16200,1944,121.5,2.4,259.2,14393.7
EMP148B,DT3,JR11,4,78650,9438,0,2.7,5021.02,74233.02
EMP149B,DT2,JR01,5,18450,2214,138.38,4.3,1018.44,17116.06
EMP150B,DT5,JR15,3,103050,12366,0,3.8,4901.06,95585.06
EMP151B,DT6,JR16,8,120700,14484,0,4.8,16627.63,122843.63
EMP152B,DT9,JR02,7,24570,2948.4,0,4.4,2224.08,23845.68
EMP153B,DT7,JR05,5,43750,5250,0,2.4,962.5,39462.5
EMP154B,DT4,JR04,6,35700,4284,0,4,2199.12,33615.12
EMP155B,DT7,JR16,3,99450,11934,0,3.1,2164.03,89680.03
EMP156B,DT1,JR11,11,100100,12012,0,5,19459.44,107547.44
EMP157B,DT6,JR06,6,42240,5068.8,0,4.3,1513.88,38685.08
EMP158B,DT9,JR14,3,114000,13680,0,2.2,4851.84,105171.84
EMP159B,DT4,JR01,11,22875,2745,0,4.1,3458.7,23588.7
EMP160B,DT5,JR13,3,136800,16416,0,4,1685.38,122069.38
EMP161B,DT2,JR16,12,133875,16065,0,4.3,14779.8,132589.8
EMP162B,DT9,JR10,6,141350,16962,0,3.9,10312.9,134700.9
EMP163B,DT8,JR04,5,35420,4250.4,0,4.5,2102.53,33272.13
EMP164B,DT5,JR10,7,147950,17754,0,4,18375.39,148571.39
EMP165B,DT3,JR10,11,172700,20724,0,4.9,14962.73,166938.73
EMP166B,DT5,JR06,1,32960,3955.2,0,1.6,229.4,29234.2
EMP167B,DT1,JR02,11,28260,3391.2,0,5,6185.55,31054.35
EMP168B,DT1,JR03,5,26035,3124.2,0,5,1518.36,24429.16
EMP169B,DT2,JR16,8,117725,14127,0,4.3,3988.52,107586.52
EMP170B,DT1,JR03,3,23267.5,2792.1,0,2.3,929.77,21405.17
EMP171B,DT5,JR10,1,114950,13794,0,2.4,744.88,101900.88
EMP172B,DT1,JR14,1,103500,12420,0,1.9,1217.16,92297.16
EMP173B,DT6,JR05,5,42875,5145,0,3.7,3009.82,40739.82
EMP174B,DT2,JR14,4,118000,14160,0,3,8156.16,111996.16
EMP175B,DT3,JR02,4,21600,2592,0,2.6,1036.8,20044.8
EMP176B,DT9,JR03,2,22857.5,2742.9,0,4.3,946.3,21060.9
EMP177B,DT6,JR11,1,67275,8073,0,2,282.55,59484.55
EMP178B,DT4,JR15,8,126900,15228,0,4.2,17897.98,129569.98
EMP179B,DT2,JR10,7,148500,17820,0,4.1,13305.6,143985.6
EMP180B,DT2,JR03,6,26650,3198,0,5,1790.88,25242.88
EMP181B,DT8,JR10,2,121550,14586,0,2.2,3573.57,110537.57
EMP182B,DT7,JR09,1,73500,8820,0,1.7,1293.6,65973.6
EMP183B,DT2,JR13,11,184800,22176,0,4.3,39118.46,201742.46
EMP184B,DT8,JR13,4,144600,17352,0,2.9,4742.88,131990.88
EMP185B,DT9,JR01,0,15225,1827,114.19,2.2,51.16,13334.97
EMP186B,DT8,JR04,0,28140,3376.8,0,1.8,33.77,24796.97
EMP187B,DT1,JR07,1,41800,5016,0,2.3,436.39,37220.39
EMP188B,DT2,JR16,7,112625,13515,0,4.5,11420.18,110530.18
EMP189B,DT9,JR12,2,93500,11220,0,2.6,822.8,83102.8
EMP190B,DT6,JR03,10,30442.5,3653.1,0,4.7,2480.45,29269.85
EMP191B,DT9,JR06,7,43680,5241.6,0,4.8,3571.28,42009.68
EMP192B,DT5,JR02,7,23850,2862,0,4.9,1116.18,22104.18
EMP193B,DT3,JR01,5,18675,2241,140.06,3.1,1647.13,17941.07
EMP194B,DT9,JR04,8,38920,4670.4,0,4.6,3157.19,37406.79
EMP195B,DT2,JR16,0,85850,10302,0,3,343.4,75891.4
EMP196B,DT6,JR02,2,19800,2376,148.5,2,190.08,17465.58
EMP197B,DT9,JR05,1,36575,4389,0,3,460.85,32646.85
EMP198B,DT2,JR01,2,16725,2007,125.44,2.8,200.03,14792.59
EMP199B,DT6,JR11,5,80925,9711,0,2.6,6820.36,78034.36
EMP200B,DT8,JR05,1,36925,4431,0,1.5,373.68,32867.68
EMP201B,DT6,JR08,5,67650,8118,0,2.6,5850.37,65382.37
EMP202B,DT4,JR09,2,77700,9324,0,3.7,2529.91,70905.91
EMP203B,DT9,JR11,7,88075,10569,0,4.5,10505.59,88011.59
EMP204B,DT5,JR12,6,111350,13362,0,4.9,7179.85,105167.85
EMP205B,DT5,JR13,12,189600,22752,0,4.8,11436.67,178284.67
EMP206B,DT6,JR04,1,29400,3528,0,1.9,317.52,26189.52
EMP207B,DT5,JR09,9,102550,12306,0,4.2,12207.55,102451.55
EMP208B,DT4,JR11,5,82550,9906,0,4.8,3744.47,76388.47
EMP209B,DT7,JR11,7,86775,10413,0,4.6,3953.47,80315.47
EMP210B,DT7,JR04,10,41300,4956,0,4.3,3138.8,39482.8
EMP211B,DT7,JR10,2,120450,14454,0,2.9,3020.89,109016.89
EMP212B,DT5,JR13,11,186600,22392,0,4.2,26512.13,190720.13
EMP213B,DT6,JR13,2,130200,15624,0,2.6,3010.22,117586.22
EMP214B,DT4,JR09,6,91350,10962,0,4.1,8692.87,89080.87
EMP215B,DT6,JR01,3,17175,2061,128.81,3,657.46,15642.65
EMP216B,DT5,JR08,6,70400,8448,0,4.5,3942.4,65894.4
EMP217B,DT4,JR13,4,141000,16920,0,2.4,2368.8,126448.8
EMP218B,DT7,JR15,8,127350,15282,0,4.6,9301.64,121369.64
EMP219B,DT8,JR02,8,24930,2991.6,0,3.9,1689.26,23627.66
EMP220B,DT3,JR04,6,35840,4300.8,0,5,3452.11,34991.31
EMP221B,DT3,JR08,12,86625,10395,0,4.5,9164.93,85394.93
EMP222B,DT4,JR16,8,119850,14382,0,4.7,17296.75,122764.75
EMP223B,DT1,JR08,8,77000,9240,0,4.3,8870.4,76630.4
EMP224B,DT9,JR13,1,127200,15264,0,1.7,2930.69,114866.69
EMP225B,DT6,JR05,11,53900,6468,0,4.9,4191.26,51623.26
EMP226B,DT3,JR01,7,20100,2412,150.75,4.6,1476.14,19013.39
EMP227B,DT8,JR15,6,117000,14040,0,4.7,8143.2,111103.2
EMP228B,DT8,JR10,3,128150,15378,0,4.1,2029.9,114801.9
EMP229B,DT4,JR16,10,127925,15351,0,4,12403.61,124977.61
EMP230B,DT9,JR02,11,27990,3358.8,0,4.5,3728.27,28359.47
EMP231B,DT2,JR12,11,129625,15555,0,4,22865.85,136935.85
EMP232B,DT7,JR03,8,28905,3468.6,0,4.7,4455.99,29892.39
EMP233B,DT4,JR03,3,23677.5,2841.3,0,2.8,616.56,21452.76
EMP234B,DT4,JR14,6,129500,15540,0,4.4,15281,129241
EMP235B,DT8,JR06,1,32960,3955.2,0,3,118.66,29123.46
EMP236B,DT9,JR11,4,78975,9477,0,4.3,4210.95,73708.95
EMP237B,DT7,JR10,1,112750,13530,0,2.2,1104.95,100324.95
EMP238B,DT2,JR08,1,58575,7029,0,2.8,1401.11,52947.11
EMP239B,DT2,JR08,8,77000,9240,0,3.9,8624,76384
EMP240B,DT4,JR11,3,76050,9126,0,2.2,1551.42,68475.42
EMP241B,DT6,JR06,4,38560,4627.2,0,2.1,1011.81,34944.61
EMP242B,DT3,JR14,1,103000,12360,0,1.6,1137.12,91777.12
EMP243B,DT5,JR03,11,31570,3788.4,0,4.3,2318.5,30100.1
EMP244B,DT5,JR16,9,124525,14943,0,4.8,9727.89,119309.89
EMP245B,DT4,JR06,0,32160,3859.2,0,1.5,18.01,28318.81
EMP246B,DT7,JR10,5,138050,16566,0,4.1,10138.39,131622.39
EMP247B,DT2,JR03,10,31057.5,3726.9,0,4.7,4350.53,31681.13
EMP248B,DT2,JR08,1,57475,6897,0,2.4,558.66,51136.66
EMP249B,DT2,JR06,3,36640,4396.8,0,2.3,765.04,33008.24
EMP250B,DT7,JR15,9,129150,15498,0,4.1,19326.01,132978.01
EMP251B,DT3,JR11,8,91975,11037,0,4,3664.28,84602.28
EMP252B,DT6,JR01,4,17700,2124,132.75,3.2,968.54,16411.79
EMP253B,DT4,JR09,3,80150,9618,0,3.4,4276.8,74808.8
EMP254B,DT7,JR02,5,22770,2732.4,0,4.8,1110.27,21147.87
EMP255B,DT5,JR11,7,86775,10413,0,4.9,6511.6,82873.6
EMP256B,DT8,JR01,7,19875,2385,149.06,4.4,620.1,17961.04
EMP257B,DT5,JR01,0,15300,1836,114.75,2.8,110.16,13459.41
EMP258B,DT7,JR04,6,36960,4435.2,0,4.5,4447.03,36971.83
EMP259B,DT3,JR08,1,57475,6897,0,1.5,227.6,50805.6
EMP260B,DT5,JR07,8,56000,6720,0,4.2,4300.8,53580.8
EMP261B,DT2,JR03,6,26240,3148.8,0,4.8,2880.1,25971.3
EMP262B,DT6,JR16,5,107950,12954,0,4.2,9560.05,104556.05
EMP263B,DT6,JR03,10,30955,3714.6,0,4.3,2020.74,29261.14
EMP264B,DT9,JR13,2,132000,15840,0,3,1478.4,117638.4
EMP265B,DT6,JR16,1,90950,10914,0,2.6,1273.3,81309.3
EMP266B,DT8,JR14,12,157500,18900,0,3.9,35500.5,174100.5
EMP267B,DT1,JR16,4,102000,12240,0,2.7,2448,92208
EMP268B,DT3,JR02,5,22410,2689.2,0,3.4,1625.17,21345.97
EMP269B,DT5,JR03,1,21012.5,2521.5,0,1.9,92.46,18583.46
EMP270B,DT5,JR04,4,32900,3948,0,4.1,690.9,29642.9
EMP271B,DT9,JR10,10,164450,19734,0,4.6,27351.32,172067.32
EMP272B,DT6,JR10,2,122100,14652,0,2.8,1504.27,108952.27
EMP273B,DT7,JR02,1,18990,2278.8,142.42,2.8,350.94,16919.72
EMP274B,DT1,JR06,9,46880,5625.6,0,4.5,6103.78,47358.18
EMP275B,DT4,JR01,6,19125,2295,143.44,3.9,1388.47,18075.03
EMP276B,DT7,JR12,9,121550,14586,0,4.8,10871.43,117835.43
EMP277B,DT7,JR16,12,134300,16116,0,4.8,30534.45,148718.45
EMP278B,DT4,JR05,11,53900,6468,0,4.9,4424.11,51856.11
EMP279B,DT1,JR01,7,20250,2430,151.88,4.6,2211.3,19879.42
EMP280B,DT5,JR14,3,116000,13920,0,3.1,5345.28,107425.28
EMP281B,DT5,JR16,6,108375,13005,0,4.4,6437.48,101807.48
EMP282B,DT5,JR10,7,149050,17886,0,4.3,11429.15,142593.15
EMP283B,DT8,JR12,5,105825,12699,0,4.5,7467.01,100593.01
EMP284B,DT4,JR15,9,129150,15498,0,4.6,4943.86,118595.86
EMP285B,DT5,JR12,6,110075,13209,0,4,9871.53,106737.53
EMP286B,DT9,JR09,6,91700,11004,0,4.8,9096.64,89792.64
EMP287B,DT4,JR14,4,120000,14400,0,3.8,1920,107520
EMP288B,DT8,JR13,4,142200,17064,0,3.7,2946.38,128082.38
EMP289B,DT9,JR11,1,66950,8034,0,1.8,305.29,59221.29
EMP290B,DT9,JR14,10,150000,18000,0,4.8,8400,140400
EMP291B,DT8,JR14,9,145000,17400,0,4.5,26100,153700
EMP292B,DT5,JR08,11,84425,10131,0,4.9,10478.83,84772.83
EMP293B,DT4,JR04,10,41580,4989.6,0,4.4,4839.91,41430.31
EMP294B,DT1,JR01,10,22125,2655,0,4.8,4119.68,23589.68
EMP295B,DT8,JR07,7,54400,6528,0,4.9,2350.08,50222.08
EMP296B,DT2,JR10,2,121000,14520,0,3.3,1548.8,108028.8
EMP297B,DT4,JR04,10,41720,5006.4,0,4,6705.24,43418.84
EMP298B,DT9,JR11,2,69875,8385,0,2.2,670.8,62160.8
EMP299B,DT5,JR07,11,62400,7488,0,4.4,5031.94,59943.94
EMP300B,DT9,JR02,7,23850,2862,0,3.9,2418.39,23406.39
EMP301B,DT4,JR06,7,42400,5088,0,4.5,4630.08,41942.08
EMP302B,DT3,JR09,6,90300,10836,0,4.1,4818.41,84282.41
EMP303B,DT8,JR03,0,20500,2460,153.75,1.8,0,17886.25
EMP304B,DT1,JR01,11,23175,2781,0,4,4142.76,24536.76
EMP305B,DT8,JR03,10,30545,3665.4,0,4.4,4549.98,31429.58
EMP306B,DT2,JR05,4,41475,4977,0,3.9,1411.81,37909.81
EMP307B,DT2,JR16,5,107100,12852,0,4.5,6683.04,100931.04
EMP308B,DT1,JR14,1,106000,12720,0,2.9,559.68,93839.68
EMP309B,DT2,JR09,8,99050,11886,0,4.7,8550,95714
EMP310B,DT7,JR10,8,152900,18348,0,4.7,19558.97,154110.97
EMP311B,DT1,JR15,4,106650,12798,0,3.4,6471.52,100323.52
EMP312B,DT9,JR09,9,101150,12138,0,4.9,16564.32,105576.32
EMP313B,DT4,JR07,3,46400,5568,0,3.9,2316.29,43148.29
EMP314B,DT5,JR10,8,152900,18348,0,4.3,14788.49,149340.49
EMP315B,DT5,JR14,7,134500,16140,0,4.7,5197.08,123557.08
EMP316B,DT1,JR12,5,106675,12801,0,4.3,9792.76,103666.76
EMP317B,DT8,JR07,11,62200,7464,0,4.5,10218.22,64954.22
EMP318B,DT9,JR04,3,32760,3931.2,0,3.3,891.07,29719.87
EMP319B,DT1,JR02,5,22680,2721.6,0,4.6,1745.45,21703.85
EMP320B,DT4,JR11,9,93925,11271,0,4,8693.7,91347.7
EMP321B,DT2,JR02,7,24480,2937.6,0,4.5,1410.05,22952.45
EMP322B,DT9,JR02,10,26910,3229.2,0,4.1,5115.05,28795.85
EMP323B,DT1,JR01,8,20625,2475,154.69,5,1113.75,19109.06
EMP324B,DT6,JR01,6,19650,2358,147.38,4.2,1851.82,18996.44
EMP325B,DT6,JR07,3,45800,5496,0,4,1328.2,41632.2
EMP326B,DT4,JR10,9,160600,19272,0,5,18912.26,160240.26
EMP327B,DT9,JR06,8,44960,5395.2,0,4.7,6992.18,46556.98
EMP328B,DT7,JR10,9,157850,18942,0,5,17028.86,155936.86
EMP329B,DT1,JR14,2,109500,13140,0,2.6,4077.78,100437.78
EMP330B,DT2,JR07,4,47200,5664,0,3.1,1767.17,43303.17
EMP331B,DT5,JR04,8,38780,4653.6,0,4.9,4897.14,39023.54
EMP332B,DT9,JR16,1,88400,10608,0,2.2,763.78,78555.78
EMP333B,DT1,JR08,5,68200,8184,0,4.3,6023.42,66039.42
EMP334B,DT6,JR14,11,153000,18360,0,4,11676.96,146316.96
EMP335B,DT2,JR02,0,18270,2192.4,137.03,2.6,54.81,15995.38
EMP336B,DT7,JR13,2,133200,15984,0,2.5,4805.86,122021.86
EMP337B,DT6,JR10,8,156200,18744,0,4.7,16269.79,153725.79
EMP338B,DT2,JR07,8,55400,6648,0,4.2,7849.07,56601.07
EMP339B,DT1,JR02,3,20250,2430,151.88,3,708.75,18376.87
EMP340B,DT4,JR07,5,49400,5928,0,4.3,2971.9,46443.9
EMP341B,DT5,JR05,11,54775,6573,0,4.1,10646.07,58848.07
EMP342B,DT3,JR14,4,120000,14400,0,3,2112,107712
EMP343B,DT2,JR13,3,139200,16704,0,4.4,4276.22,126772.22
EMP344B,DT2,JR07,5,49200,5904,0,4.2,2987.42,46283.42
EMP345B,DT3,JR02,11,27900,3348,0,4.7,5278.68,29830.68
EMP346B,DT7,JR03,10,31160,3739.2,0,3.9,1944.38,29365.18
EMP347B,DT5,JR13,10,182400,21888,0,4.6,25798.66,186310.66
EMP348B,DT3,JR07,2,43400,5208,0,1.9,1062.43,39254.43
EMP349B,DT8,JR10,3,125950,15114,0,4,2337.63,113173.63
EMP350B,DT8,JR01,10,22200,2664,0,4.8,3409.92,22945.92
EMP351B,DT9,JR03,6,26445,3173.4,0,3.9,674.88,23946.48
EMP352B,DT3,JR11,4,76700,9204,0,4.1,4307.47,71803.47
EMP353B,DT1,JR04,10,41860,5023.2,0,4.8,5636.03,42472.83
EMP354B,DT4,JR16,4,101575,12189,0,2.8,3961.43,93347.43
EMP355B,DT5,JR02,9,25650,3078,0,4,3924.45,26496.45
EMP356B,DT9,JR09,9,102900,12348,0,4.4,10059.5,100611.5
EMP357B,DT8,JR01,8,21000,2520,157.5,4.8,2419.2,20741.7
EMP358B,DT8,JR11,1,66950,8034,0,2.5,658.79,59574.79
EMP359B,DT4,JR11,3,73125,8775,0,2.4,804.38,65154.38
EMP360B,DT1,JR04,2,30100,3612,0,3,523.74,27011.74
EMP361B,DT3,JR12,12,134300,16116,0,4.2,15578.8,133762.8
EMP362B,DT6,JR13,4,141000,16920,0,3.6,2171.4,126251.4
EMP363B,DT3,JR06,10,48000,5760,0,4.2,9408,51648
EMP364B,DT9,JR08,2,60500,7260,0,4.5,1694,54934
EMP365B,DT5,JR08,2,60225,7227,0,1.7,2242.78,55240.78
EMP366B,DT8,JR03,10,30545,3665.4,0,4.7,2514.46,29394.06
EMP367B,DT4,JR03,4,24292.5,2915.1,0,2.9,1689.79,23067.19
EMP368B,DT2,JR15,6,114750,13770,0,4.9,6311.25,107291.25
EMP369B,DT3,JR14,0,101500,12180,0,2.7,365.4,89685.4
EMP370B,DT4,JR01,3,17025,2043,127.69,2.4,661.93,15516.24
EMP371B,DT1,JR11,1,69550,8346,0,2.3,1285.28,62489.28
EMP372B,DT7,JR09,8,96600,11592,0,4.8,13802.21,98810.21
EMP373B,DT4,JR05,6,44800,5376,0,4.2,4214.78,43638.78
EMP374B,DT8,JR06,4,38560,4627.2,0,2.4,2466.3,36399.1
EMP375B,DT9,JR11,3,76050,9126,0,2,1447.99,68371.99
EMP376B,DT6,JR13,4,146400,17568,0,3.1,2834.3,131666.3
EMP377B,DT2,JR04,0,28280,3393.6,0,2.3,97.28,24983.68
EMP378B,DT2,JR08,6,70400,8448,0,4.7,6623.23,68575.23
EMP379B,DT3,JR07,9,58600,7032,0,4.1,4141.85,55709.85
EMP380B,DT5,JR15,5,110250,13230,0,3,2381.4,99401.4
EMP381B,DT9,JR06,1,34240,4108.8,0,1.5,479.36,30610.56
EMP382B,DT9,JR09,4,82600,9912,0,4.5,1784.16,74472.16
EMP383B,DT9,JR02,4,21960,2635.2,0,2.2,1739.23,21064.03
EMP384B,DT6,JR11,5,82550,9906,0,4.9,5705.86,78349.86
EMP385B,DT2,JR05,5,43400,5208,0,3.4,3999.74,42191.74
EMP386B,DT4,JR05,5,43400,5208,0,4.3,2083.2,40275.2
EMP387B,DT6,JR03,7,27675,3321,0,4.5,774.9,25128.9
EMP388B,DT9,JR10,5,139150,16698,0,4.3,12979.91,135431.91
EMP389B,DT3,JR15,5,112950,13554,0,4.5,8295.05,107691.05
EMP390B,DT3,JR07,10,60200,7224,0,4,7539.45,60515.45
EMP391B,DT2,JR05,12,55125,6615,0,4.3,8875.12,57385.12
EMP392B,DT9,JR07,1,42600,5112,0,2.5,531.65,38019.65
EMP393B,DT6,JR16,1,90525,10863,0,2.4,1082.68,80744.68
EMP394B,DT8,JR03,0,20705,2484.6,155.29,1.9,71.23,18136.34
EMP395B,DT4,JR16,8,117725,14127,0,4.1,4713.71,108311.71
EMP396B,DT4,JR06,8,44480,5337.6,0,4.9,2220.44,41362.84
EMP397B,DT3,JR10,6,145200,17424,0,4.2,11894.78,139670.78
EMP398B,DT5,JR07,5,49000,5880,0,3.9,2822.4,45942.4
EMP399B,DT1,JR13,5,151200,18144,0,3.9,6289.92,139345.92
EMP400B,DT3,JR15,2,98100,11772,0,2.7,706.32,87034.32
EMP401B,DT6,JR04,7,37660,4519.2,0,4.7,3118.25,36259.05
EMP402B,DT3,JR13,10,182400,21888,0,4.5,24281.09,184793.09
EMP403B,DT6,JR15,4,107100,12852,0,2.6,6023.3,100271.3
EMP404B,DT5,JR07,11,62600,7512,0,4.7,5941.99,61029.99
EMP405B,DT3,JR03,4,24497.5,2939.7,0,4.3,1643.29,23201.09
EMP406B,DT8,JR01,10,22200,2664,0,4.1,1875.46,21411.46
EMP407B,DT8,JR03,7,27572.5,3308.7,0,4.6,2815.7,27079.5
EMP408B,DT8,JR06,9,46400,5568,0,4.3,7516.8,48348.8
EMP409B,DT3,JR04,3,32340,3880.8,0,4.5,1042.64,29501.84
EMP410B,DT4,JR15,6,117450,14094,0,4.6,5158.4,108514.4
EMP411B,DT5,JR10,9,161150,19338,0,4.1,9591.65,151403.65
EMP412B,DT6,JR11,12,102375,12285,0,4.7,15540.52,105630.52
EMP413B,DT1,JR13,10,181200,21744,0,4.6,31050.43,190506.43
EMP414B,DT4,JR15,9,130500,15660,0,4.3,7516.8,122356.8
EMP415B,DT3,JR09,10,105000,12600,0,5,19320,111720
EMP416B,DT1,JR16,5,107950,12954,0,4,2798.06,97794.06
EMP417B,DT2,JR05,5,44450,5334,0,4.1,2976.37,42092.37
EMP418B,DT1,JR02,6,23490,2818.8,0,4.9,687.79,21358.99
EMP419B,DT6,JR03,3,23882.5,2865.9,0,4,882.7,21899.3
EMP420B,DT1,JR15,2,98550,11826,0,1.7,748.98,87472.98
EMP421B,DT5,JR08,9,80850,9702,0,4.8,8511.89,79659.89
EMP422B,DT1,JR12,2,91800,11016,0,2.1,822.53,81606.53
EMP423B,DT8,JR15,9,132300,15876,0,4.7,9948.96,126372.96
EMP424B,DT7,JR16,5,105825,12699,0,3.6,3733.51,96859.51
EMP425B,DT7,JR12,2,91800,11016,0,1.7,1586.3,82370.3
EMP426B,DT8,JR13,8,169200,20304,0,4.9,23863.97,172759.97
EMP427B,DT8,JR03,6,26957.5,3234.9,0,4.2,2921.11,26643.71
EMP428B,DT8,JR03,9,29827.5,3579.3,0,4.3,1302.87,27551.07
EMP429B,DT6,JR03,6,26240,3148.8,0,4.2,1939.66,25030.86
EMP430B,DT8,JR02,5,22500,2700,0,3,1620,21420
EMP431B,DT9,JR04,2,31360,3763.2,0,4.4,752.64,28349.44
EMP432B,DT5,JR02,1,18720,2246.4,140.4,2.3,173.72,16506.92
EMP433B,DT8,JR10,9,160050,19206,0,4.5,29129.1,169973.1
EMP434B,DT9,JR15,11,137250,16470,0,4.3,17869.95,138649.95
EMP435B,DT9,JR04,10,41720,5006.4,0,4.5,3107.31,39820.91
EMP436B,DT2,JR10,0,111650,13398,0,2.6,147.38,98399.38
EMP437B,DT6,JR08,2,59950,7194,0,3,2115.04,54871.04
EMP438B,DT3,JR11,1,68250,8190,0,1.8,1010.1,61070.1
EMP439B,DT7,JR16,6,108800,13056,0,3.9,10235.9,105979.9
EMP440B,DT4,JR09,11,107450,12894,0,4.5,15636.12,110192.12
EMP441B,DT9,JR08,8,76175,9141,0,4.4,7038.57,74072.57
EMP442B,DT7,JR10,11,168850,20262,0,4.3,32520.51,181108.51
EMP443B,DT3,JR09,2,75250,9030,0,2.8,1354.5,67574.5
EMP444B,DT9,JR08,3,61875,7425,0,3.6,1299.38,55749.38
EMP445B,DT5,JR02,2,19710,2365.2,147.82,2.5,224.69,17421.67
EMP446B,DT2,JR03,5,25522.5,3062.7,0,4.2,650.31,23110.11
EMP447B,DT8,JR14,9,146000,17520,0,3.9,10208.32,138688.32
EMP448B,DT1,JR04,3,31780,3813.6,0,3.9,789.42,28755.82
EMP449B,DT4,JR14,5,122500,14700,0,2.8,7938,115738
EMP450B,DT5,JR03,0,20602.5,2472.3,154.52,2.9,12.36,17988.04
EMP451B,DT8,JR05,10,51625,6195,0,5,4119.68,49549.68
EMP452B,DT9,JR09,2,77700,9324,0,3.3,2393.16,70769.16
EMP453B,DT5,JR10,10,162800,19536,0,5,14378.5,157642.5
EMP454B,DT7,JR16,4,100300,12036,0,3,2888.64,91152.64
EMP455B,DT4,JR13,7,162000,19440,0,5,12247.2,154807.2
EMP456B,DT1,JR13,1,124800,14976,0,1.9,399.36,110223.36
EMP457B,DT5,JR10,3,127600,15312,0,2.7,8166.4,120454.4
EMP458B,DT6,JR01,5,18525,2223,138.94,3.2,801.02,16964.08
EMP459B,DT1,JR07,0,40600,4872,0,2.9,204.62,35932.62
EMP460B,DT7,JR11,5,81900,9828,0,4.6,2044.22,74116.22
EMP461B,DT5,JR06,9,46400,5568,0,4.8,2839.68,43671.68
EMP462B,DT2,JR13,9,172200,20664,0,4.7,24569.5,176105.5
EMP463B,DT1,JR09,0,70350,8442,0,2.7,101.3,62009.3
EMP464B,DT3,JR05,7,47775,5733,0,4,6277.63,48319.63
EMP465B,DT7,JR15,9,128700,15444,0,4.9,22136.4,135392.4
EMP466B,DT4,JR02,7,24390,2926.8,0,5,2147.3,23610.5
EMP467B,DT3,JR02,1,19170,2300.4,143.78,1.8,318.99,17044.81
EMP468B,DT5,JR11,6,84500,10140,0,4.4,4867.2,79227.2
EMP469B,DT2,JR05,7,47600,5712,0,4.7,6031.87,47919.87
EMP470B,DT7,JR03,2,22140,2656.8,0,2.3,396.75,19879.95
EMP471B,DT2,JR07,3,46400,5568,0,4.4,2197.5,43029.5
EMP472B,DT4,JR08,11,84425,10131,0,4.5,7226.78,81520.78
EMP473B,DT1,JR11,7,86125,10335,0,4.4,10076.62,85866.62
EMP474B,DT7,JR10,0,110550,13266,0,3,203.41,97487.41
EMP475B,DT6,JR02,7,24210,2905.2,0,4.5,2873.24,24178.04
EMP476B,DT8,JR08,9,79475,9537,0,3.9,4526.9,74464.9
EMP477B,DT6,JR05,10,53025,6363,0,4.3,4806.19,51468.19
EMP478B,DT2,JR13,6,158400,19008,0,3.9,4460.54,143852.54
EMP479B,DT4,JR08,2,59400,7128,0,1.5,646.27,52918.27
EMP480B,DT3,JR01,3,17175,2061,128.81,2.6,936.38,15921.57
EMP481B,DT1,JR07,8,55800,6696,0,4.2,2821.25,51925.25
EMP482B,DT2,JR13,1,127800,15336,0,1.9,1794.31,114258.31
EMP483B,DT5,JR12,3,98175,11781,0,3.4,5112.95,91506.95
EMP484B,DT9,JR02,1,18720,2246.4,140.4,2.9,125.8,16459
EMP485B,DT1,JR01,7,20400,2448,153,4,2291.33,20090.33
EMP486B,DT1,JR15,10,135000,16200,0,3.9,12420,131220
EMP487B,DT2,JR12,5,106250,12750,0,2.5,9562.5,103062.5
EMP488B,DT1,JR09,1,73850,8862,0,1.9,389.93,65377.93
EMP489B,DT8,JR13,8,168600,20232,0,4.8,14202.86,162570.86
EMP490B,DT2,JR16,1,88400,10608,0,2.7,1159.81,78951.81
EMP491B,DT2,JR01,6,19800,2376,148.5,4.6,760.32,18035.82
EMP492B,DT2,JR13,11,187800,22536,0,4.4,18674.83,183938.83
EMP493B,DT8,JR11,9,94250,11310,0,4,9500.4,92440.4
EMP494B,DT7,JR05,5,44450,5334,0,4.2,1344.17,40460.17
EMP495B,DT5,JR03,2,22140,2656.8,0,2.6,170.04,19653.24
EMP496B,DT9,JR16,11,130050,15606,0,4.8,12682.48,127126.48
EMP497B,DT4,JR02,10,27180,3261.6,0,4.9,3881.3,27799.7
EMP498B,DT9,JR09,1,73850,8862,0,2.4,1624.7,66612.7
EMP499B,DT5,JR16,0,85425,10251,0,2.3,58.09,75232.09
EMP500B,DT6,JR16,10,128350,15402,0,4.8,6284.02,119232.02
EMP501B,DT7,JR04,10,41580,4989.6,0,4.4,3710.6,40301
EMP502B,DT2,JR07,11,61400,7368,0,4,2890.71,56922.71
EMP503B,DT4,JR10,4,133650,16038,0,4.2,8735.36,126347.36
EMP504B,DT5,JR12,9,121975,14637,0,4.5,14432.08,121770.08
EMP505B,DT9,JR16,7,115175,13821,0,4.4,13738.07,115092.07
EMP506B,DT2,JR13,7,160200,19224,0,4.5,15885.43,156861.43
EMP507B,DT3,JR08,4,66275,7953,0,4.1,4891.09,63213.09
EMP508B,DT5,JR07,7,53600,6432,0,4.6,7289.6,54457.6
EMP509B,DT6,JR13,9,171600,20592,0,4.1,18889.73,169897.73
EMP510B,DT7,JR11,4,77350,9282,0,3.7,1528.44,69596.44
EMP511B,DT5,JR04,11,42980,5157.6,0,4.3,5518.63,43341.03
EMP512B,DT1,JR13,10,177000,21240,0,4.2,22868.4,178628.4
EMP513B,DT6,JR01,3,16950,2034,127.12,2.8,687.49,15476.37
EMP514B,DT6,JR06,2,34880,4185.6,0,1.8,1155.23,31849.63
EMP515B,DT3,JR04,4,33740,4048.8,0,3.6,1051.34,30742.54
EMP516B,DT8,JR02,1,18540,2224.8,139.05,1.7,62.29,16238.44
EMP517B,DT2,JR01,7,19875,2385,149.06,3.9,1911.98,19252.92
EMP518B,DT3,JR04,12,44240,5308.8,0,4,4310.75,43241.95
EMP519B,DT6,JR10,10,162800,19536,0,4.1,30007.3,173271.3
EMP520B,DT7,JR11,8,92300,11076,0,4.8,3721.54,84945.54
EMP521B,DT7,JR14,10,151500,18180,0,5,8114.34,141434.34
EMP522B,DT5,JR05,7,46900,5628,0,4.1,4592.45,45864.45
EMP523B,DT4,JR06,4,38720,4646.4,0,4.5,1496.14,35569.74
EMP524B,DT8,JR13,8,165000,19800,0,4.8,10395,155595
EMP525B,DT2,JR08,5,68200,8184,0,2.1,3011.71,63027.71
EMP526B,DT9,JR08,12,86625,10395,0,4.8,13946.62,90176.62
EMP527B,DT1,JR15,7,120150,14418,0,5,13524.08,119256.08
EMP528B,DT3,JR15,4,109800,13176,0,3.5,8502.91,105126.91
EMP529B,DT3,JR06,12,50400,6048,0,3.9,10432.8,54784.8
EMP530B,DT6,JR01,2,16275,1953,122.06,2.1,166.01,14365.95
EMP531B,DT9,JR06,10,48160,5779.2,0,4.8,4669.59,47050.39
EMP532B,DT9,JR04,0,28560,3427.2,0,2.6,123.38,25256.18
EMP533B,DT9,JR06,10,47360,5683.2,0,4.6,4546.56,46223.36
EMP534B,DT8,JR13,8,169200,20304,0,4.7,16649.28,165545.28
EMP535B,DT8,JR05,8,48825,5859,0,3.9,6017.19,48983.19
EMP536B,DT5,JR05,10,53025,6363,0,4.2,4369.26,51031.26
EMP537B,DT4,JR14,4,118000,14160,0,3.2,5607.36,109447.36
EMP538B,DT3,JR02,6,22950,2754,0,3.9,2373.03,22569.03
EMP539B,DT3,JR12,7,116025,13923,0,4.6,4065.52,106167.52
EMP540B,DT8,JR12,7,112625,13515,0,4.6,13762.77,112872.77
EMP541B,DT2,JR01,8,21000,2520,157.5,4.1,3360,21682.5
EMP542B,DT1,JR07,9,58000,6960,0,4.9,10022.4,61062.4
EMP543B,DT1,JR07,9,58000,6960,0,4.3,5637.6,56677.6
EMP544B,DT3,JR13,6,158400,19008,0,4.2,15409.15,154801.15
EMP545B,DT7,JR02,2,19620,2354.4,147.15,2.8,692.19,17810.64
EMP546B,DT7,JR01,5,18675,2241,140.06,3.4,1317.71,17611.65
EMP547B,DT7,JR05,6,45325,5439,0,4.3,2032.37,41918.37
EMP548B,DT2,JR02,1,18540,2224.8,139.05,2.1,213.58,16389.73
EMP549B,DT9,JR13,6,154800,18576,0,4.4,6823.58,143047.58
EMP550B,DT4,JR02,4,21150,2538,0,4.4,917.91,19529.91
EMP551B,DT5,JR16,3,96050,11526,0,3.1,1098.81,85622.81
EMP552B,DT6,JR13,6,153600,18432,0,4.9,13418.5,148586.5
EMP553B,DT5,JR13,10,181200,21744,0,3.9,19960.99,179416.99
EMP554B,DT6,JR10,0,111650,13398,0,2.9,187.57,98439.57
EMP555B,DT4,JR15,8,124200,14904,0,4.9,5663.52,114959.52
EMP556B,DT5,JR06,3,36800,4416,0,4.1,662.4,33046.4
EMP557B,DT5,JR04,5,34860,4183.2,0,2.8,2801.35,33478.15
EMP558B,DT2,JR01,11,23250,2790,0,4.4,3171.3,23631.3
EMP559B,DT9,JR15,10,133200,15984,0,4.6,24039.94,141255.94
EMP560B,DT8,JR15,6,116100,13932,0,4.5,5656.39,107824.39
EMP561B,DT3,JR14,4,120000,14400,0,3.7,8640,114240
EMP562B,DT2,JR07,7,54600,6552,0,4,4623.53,52671.53
EMP563B,DT6,JR03,11,31877.5,3825.3,0,4.3,6652.2,34704.4
EMP564B,DT8,JR03,5,25317.5,3038.1,0,2.9,809.15,23088.55
EMP565B,DT2,JR07,3,45400,5448,0,4.3,1519.99,41471.99
EMP566B,DT1,JR13,8,166200,19944,0,4.8,23547.22,169803.22
EMP567B,DT3,JR07,6,52800,6336,0,4.5,2162.69,48626.69
EMP568B,DT8,JR01,5,18900,2268,141.75,5,982.8,17473.05
EMP569B,DT2,JR12,11,131325,15759,0,4.2,16604.73,132170.73
EMP570B,DT2,JR06,7,43520,5222.4,0,4.2,3133.44,41431.04
EMP571B,DT8,JR06,10,47520,5702.4,0,3.9,9034.5,50852.1
EMP572B,DT5,JR07,4,48800,5856,0,3.5,2404.86,45348.86
EMP573B,DT5,JR01,9,21975,2637,0,4.4,3269.88,22607.88
EMP574B,DT7,JR06,4,37920,4550.4,0,4.2,1459.16,34828.76
EMP575B,DT5,JR03,9,29827.5,3579.3,0,4.9,3365.74,29613.94
EMP576B,DT9,JR08,5,68200,8184,0,4,5368.7,65384.7
EMP577B,DT8,JR10,3,124850,14982,0,2.3,2561.92,112429.92
EMP578B,DT2,JR09,10,105000,12600,0,5,17640,110040
EMP579B,DT2,JR09,11,109550,13146,0,4,16340.48,112744.48
EMP580B,DT1,JR16,12,134725,16167,0,4.1,26481.55,145039.55
EMP581B,DT4,JR03,8,29007.5,3480.9,0,4.4,2118.71,27645.31
EMP582B,DT9,JR13,11,185400,22248,0,4.1,26675.35,189827.35
EMP583B,DT7,JR06,9,45920,5510.4,0,4,4474.44,44884.04
EMP584B,DT4,JR14,4,119000,14280,0,4.1,3436.72,108156.72
EMP585B,DT6,JR07,11,62000,7440,0,4.8,13094.4,67654.4
EMP586B,DT5,JR12,1,88400,10608,0,2.6,1188.1,78980.1
EMP587B,DT8,JR05,2,38850,4662,0,2,1675.21,35863.21
EMP588B,DT7,JR03,2,22857.5,2742.9,0,4,904.24,21018.84
EMP589B,DT1,JR11,7,86775,10413,0,3.9,6744.15,83106.15
EMP590B,DT7,JR12,9,121550,14586,0,4.7,13798.36,120762.36
EMP591B,DT3,JR12,9,124100,14892,0,3.9,7307.01,116515.01
EMP592B,DT6,JR10,4,132550,15906,0,2.5,7390.99,124034.99
EMP593B,DT5,JR09,10,105000,12600,0,4.7,17640,110040
EMP594B,DT5,JR15,5,113850,13662,0,4.2,4585.88,104773.88
EMP595B,DT6,JR05,7,46550,5586,0,4.3,1474.7,42438.7
EMP596B,DT2,JR09,9,102900,12348,0,4.8,7738.08,98290.08
EMP597B,DT9,JR16,4,103275,12393,0,3.1,3907.93,94789.93
EMP598B,DT5,JR08,11,86350,10362,0,4.7,4725.07,80713.07
EMP599B,DT6,JR02,11,27900,3348,0,4.5,1964.16,26516.16
EMP600B,DT6,JR13,7,164400,19728,0,4.3,11192.35,155864.35
EMP601B,DT6,JR07,10,60200,7224,0,4.9,4864.16,57840.16
EMP602B,DT5,JR12,11,130050,15606,0,4.2,24813.54,139257.54
EMP603B,DT3,JR07,5,49400,5928,0,4.5,2600.42,46072.42
EMP604B,DT6,JR13,11,186000,22320,0,4.4,9002.4,172682.4
EMP605B,DT2,JR16,2,92650,11118,0,2.1,3068.57,84600.57
EMP606B,DT9,JR12,11,130050,15606,0,4.5,9374,123818
EMP607B,DT3,JR07,9,57400,6888,0,4.2,6192.31,56704.31
EMP608B,DT4,JR07,11,62800,7536,0,4.1,5440.99,60704.99
EMP609B,DT7,JR12,11,133450,16014,0,5,17038.9,134474.9
EMP610B,DT3,JR12,7,114325,13719,0,4,3786.44,104392.44
EMP611B,DT8,JR02,9,25920,3110.4,0,4.8,2919.63,25729.23
EMP612B,DT1,JR10,11,167750,20130,0,4.3,31704.75,179324.75
EMP613B,DT7,JR16,5,104125,12495,0,2.6,8059.27,99689.27
EMP614B,DT8,JR15,8,126900,15228,0,4.7,17481.74,129153.74
EMP615B,DT5,JR13,3,136800,16416,0,3,6128.64,126512.64
EMP616B,DT2,JR03,8,28187.5,3382.5,0,4.9,1183.87,25988.87
EMP617B,DT2,JR14,11,152500,18300,0,4.5,23698.5,157898.5
EMP618B,DT5,JR12,9,124525,14943,0,5,15749.92,125331.92
EMP619B,DT7,JR06,9,45600,5472,0,4,7131.84,47259.84
EMP620B,DT3,JR05,8,49700,5964,0,4.7,2504.88,46240.88
EMP621B,DT5,JR07,7,54200,6504,0,4.2,7542.47,55238.47
EMP622B,DT1,JR11,11,102050,12246,0,4.3,9772.31,99576.31
EMP623B,DT8,JR11,7,89050,10686,0,4.3,11070.7,89434.7
EMP624B,DT8,JR14,6,132000,15840,0,4.6,7096.32,123256.32
EMP625B,DT6,JR14,10,149500,17940,0,4.8,26640.9,158200.9
EMP626B,DT7,JR10,9,159500,19140,0,4,7464.6,147824.6
EMP627B,DT3,JR08,1,58575,7029,0,2.2,1126.98,52672.98
EMP628B,DT1,JR11,6,84175,10101,0,4.2,6952.85,81026.85
EMP629B,DT9,JR02,11,27630,3315.6,0,5,2483.38,26797.78
EMP630B,DT5,JR06,10,48000,5760,0,4.8,4800,47040
EMP631B,DT1,JR16,3,96475,11577,0,3.2,2292.25,87190.25
EMP632B,DT1,JR10,9,157850,18942,0,3.9,23620.67,162528.67
EMP633B,DT7,JR08,5,67650,8118,0,2,3858.76,63390.76
EMP634B,DT2,JR07,5,50000,6000,0,4.4,3600,47600
EMP635B,DT5,JR03,11,31365,3763.8,0,4.8,2792.74,30393.94
EMP636B,DT7,JR16,2,92225,11067,0,2.9,1003.41,82161.41
EMP637B,DT7,JR04,11,43680,5241.6,0,4.6,2348.24,40786.64
EMP638B,DT4,JR11,7,88725,10647,0,4.4,8290.46,86368.46
EMP639B,DT9,JR08,12,86900,10428,0,4.9,18951.15,95423.15
EMP640B,DT8,JR13,2,132000,15840,0,2.4,1795.2,117955.2
EMP641B,DT8,JR13,7,162600,19512,0,4.7,8773.9,151861.9
EMP642B,DT7,JR13,2,129000,15480,0,2.9,1083.6,114603.6
EMP643B,DT3,JR07,7,53200,6384,0,4,5477.47,52293.47
EMP644B,DT1,JR16,4,103700,12444,0,3.3,6935.46,98191.46
EMP645B,DT9,JR06,12,50400,6048,0,4.9,8114.4,52466.4
EMP646B,DT9,JR14,9,145000,17400,0,4.8,14616,142216
EMP647B,DT1,JR12,1,87125,10455,0,2.1,296.22,76966.22
EMP648B,DT2,JR06,4,37920,4550.4,0,4.1,1852.01,35221.61
EMP649B,DT1,JR08,6,70125,8415,0,4.3,5708.18,67418.18
EMP650B,DT7,JR16,9,121125,14535,0,4.3,16884.83,123474.83
EMP651B,DT8,JR01,1,16050,1926,120.38,3,197.74,14201.36
EMP652B,DT4,JR10,9,160050,19206,0,4.1,15147.13,155991.13
EMP653B,DT6,JR10,11,170500,20460,0,4.2,15754.2,165794.2
EMP654B,DT3,JR04,11,43400,5208,0,4.5,3246.32,41438.32
EMP655B,DT5,JR06,6,40960,4915.2,0,4.5,2844.26,38889.06
EMP656B,DT9,JR11,1,67600,8112,0,2.6,475.9,59963.9
EMP657B,DT8,JR08,11,86075,10329,0,5,6224.94,81970.94
EMP658B,DT1,JR04,4,33180,3981.6,0,2.6,1767.83,30966.23
EMP659B,DT1,JR10,2,121000,14520,0,4.1,2710.4,109190.4
EMP660B,DT4,JR01,9,21825,2619,0,4.5,2780.5,21986.5
EMP661B,DT6,JR02,3,20520,2462.4,153.9,3.4,666.49,18570.19
EMP662B,DT6,JR05,9,50750,6090,0,4.7,4202.1,48862.1
EMP663B,DT4,JR04,12,44100,5292,0,4.5,4665.78,43473.78
EMP664B,DT6,JR10,5,138600,16632,0,4.3,10666.66,132634.66
EMP665B,DT3,JR01,1,15525,1863,116.44,2.7,186.92,13732.48
EMP666B,DT2,JR13,9,172800,20736,0,4.8,21897.22,173961.22
EMP667B,DT9,JR06,2,35360,4243.2,0,2.8,1217.8,32334.6
EMP668B,DT5,JR11,8,90350,10842,0,4.4,4792.16,84300.16
EMP669B,DT2,JR11,1,67275,8073,0,2.8,470.92,59672.92
EMP670B,DT5,JR03,6,26547.5,3185.7,0,4.6,1754.26,25116.06
EMP671B,DT8,JR10,9,160050,19206,0,4.8,25051.03,165895.03
EMP672B,DT8,JR07,11,61600,7392,0,4,6120.58,60328.58
EMP673B,DT1,JR08,8,75900,9108,0,4.8,6229.87,73021.87
EMP674B,DT9,JR16,7,116025,13923,0,4,3387.93,105489.93
EMP675B,DT8,JR07,4,48600,5832,0,2.9,3260.09,46028.09
EMP676B,DT7,JR07,5,50200,6024,0,4.4,2150.57,46326.57
EMP677B,DT7,JR03,5,25317.5,3038.1,0,2.7,904.34,23183.74
EMP678B,DT9,JR01,11,23100,2772,0,4,1397.09,21725.09
EMP679B,DT9,JR06,10,47200,5664,0,3.9,6815.68,48351.68
EMP680B,DT8,JR10,1,117700,14124,0,1.5,2175.1,105751.1
EMP681B,DT1,JR05,0,35000,4200,0,2.7,0,30800
EMP682B,DT8,JR10,8,151250,18150,0,4.2,16335,149435
EMP683B,DT4,JR04,6,35980,4317.6,0,4.6,3445.44,35107.84
EMP684B,DT9,JR07,11,62000,7440,0,4,4910.4,59470.4
EMP685B,DT1,JR09,4,84350,10122,0,2.7,4565.02,78793.02
EMP686B,DT4,JR05,2,38675,4641,0,2.6,1526.89,35560.89
EMP687B,DT1,JR01,1,15900,1908,119.25,1.6,366.34,14239.09
EMP688B,DT2,JR04,6,36820,4418.4,0,4.5,3804.24,36205.84
EMP689B,DT1,JR04,6,36680,4401.6,0,4.1,3547.69,35826.09
EMP690B,DT3,JR10,4,133650,16038,0,3.3,2758.54,120370.54
EMP691B,DT3,JR07,3,46400,5568,0,2.4,2375.68,43207.68
EMP692B,DT1,JR07,4,47400,5688,0,4.2,1403.04,43115.04
EMP693B,DT6,JR15,6,117450,14094,0,4.6,3725.51,107081.51
EMP694B,DT7,JR04,3,32340,3880.8,0,2.9,882.24,29341.44
EMP695B,DT9,JR15,11,139500,16740,0,4.7,27007.2,149767.2
EMP696B,DT5,JR03,3,23780,2853.6,0,3.1,1278.41,22204.81
EMP697B,DT5,JR07,4,48400,5808,0,2.4,2520.67,45112.67
EMP698B,DT4,JR01,9,21450,2574,0,4.9,2213.64,21089.64
EMP699B,DT4,JR09,2,75250,9030,0,2.1,677.25,66897.25
EMP700B,DT1,JR13,6,154800,18576,0,4.9,13647.17,149871.17
EMP701B,DT8,JR08,4,66825,8019,0,3,3678.05,62484.05
EMP702B,DT5,JR04,9,41020,4922.4,0,4,6103.78,42201.38
EMP703B,DT8,JR16,7,115175,13821,0,4.1,10467.1,111821.1
EMP704B,DT1,JR09,10,103250,12390,0,4.5,7454.65,98314.65
EMP705B,DT6,JR06,9,46080,5529.6,0,4.7,4217.24,44767.64
EMP706B,DT6,JR03,11,31672.5,3800.7,0,4.4,5385.59,33257.39
EMP707B,DT3,JR09,9,102900,12348,0,4.9,12767.83,103319.83
EMP708B,DT3,JR10,9,161700,19404,0,4.5,29183.62,171479.62
EMP709B,DT3,JR09,3,78750,9450,0,2.4,1417.5,70717.5
EMP710B,DT9,JR06,2,35680,4281.6,0,2.8,459.56,31857.96
EMP711B,DT9,JR02,1,18900,2268,141.75,2.3,75.6,16565.85
EMP712B,DT7,JR08,3,62975,7557,0,4.3,3360.35,58778.35
EMP713B,DT1,JR15,1,94500,11340,0,1.5,1285.2,84445.2
EMP714B,DT1,JR07,1,42600,5112,0,2.4,310.13,37798.13
EMP715B,DT8,JR16,10,127500,15300,0,4.2,18360,130560
EMP716B,DT9,JR16,9,124100,14892,0,4.6,15070.7,124278.7
EMP717B,DT5,JR05,7,46550,5586,0,4,4915.68,45879.68
EMP718B,DT5,JR06,7,43040,5164.8,0,4.7,5464.36,43339.56
EMP719B,DT7,JR01,7,20250,2430,151.88,4.6,2097.9,19766.02
EMP720B,DT3,JR10,11,171050,20526,0,4.1,37213.64,187737.64
EMP721B,DT9,JR04,9,40880,4905.6,0,4.4,3460.08,39434.48
EMP722B,DT7,JR14,6,129500,15540,0,4.7,8862.98,122822.98
EMP723B,DT1,JR09,5,86450,10374,0,2.6,4550.73,80626.73
EMP724B,DT3,JR02,1,18630,2235.6,139.72,2,114.76,16369.44
EMP725B,DT4,JR05,7,47600,5712,0,4.2,5620.61,47508.61
EMP726B,DT7,JR08,3,61875,7425,0,2.7,1423.12,55873.12
EMP727B,DT6,JR05,11,54775,6573,0,4.6,5941.99,54143.99
EMP728B,DT2,JR10,3,124300,14916,0,2.5,3619.62,113003.62
EMP729B,DT3,JR13,8,169200,20304,0,4.5,23863.97,172759.97
EMP730B,DT6,JR02,3,20700,2484,155.25,4,248.4,18309.15
EMP731B,DT1,JR13,6,157200,18864,0,4,4678.27,143014.27
EMP732B,DT9,JR15,10,134100,16092,0,4,24706.58,142714.58
EMP733B,DT1,JR05,5,43225,5187,0,4,1300.21,39338.21
EMP734B,DT5,JR01,2,16275,1953,122.06,2.1,254.54,14454.48
EMP735B,DT1,JR02,9,25740,3088.8,0,4.9,1859.46,24510.66
EMP736B,DT3,JR15,5,113400,13608,0,4.5,11557.73,111349.73
EMP737B,DT6,JR05,1,37100,4452,0,2.6,338.35,32986.35
EMP738B,DT2,JR01,5,18825,2259,141.19,4.5,499.24,16924.05
EMP739B,DT1,JR06,4,38880,4665.6,0,2.8,1604.97,35819.37
EMP740B,DT1,JR02,6,23130,2775.6,0,4.9,1423.88,21778.28
EMP741B,DT7,JR07,9,57600,6912,0,4,6690.82,57378.82
EMP742B,DT6,JR16,2,93500,11220,0,3,2019.6,84299.6
EMP743B,DT5,JR15,2,100350,12042,0,2.2,4616.1,92924.1
EMP744B,DT5,JR10,1,113300,13596,0,2.8,1196.45,100900.45
EMP745B,DT3,JR04,9,40320,4838.4,0,4.5,6102.84,41584.44
EMP746B,DT8,JR05,6,44625,5355,0,4.4,4810.58,44080.58
EMP747B,DT4,JR03,8,28802.5,3456.3,0,4,3079.56,28425.76
EMP748B,DT3,JR16,5,105825,12699,0,4.2,10163.43,103289.43
EMP749B,DT6,JR05,9,51100,6132,0,4.6,3008.77,47976.77
EMP750B,DT5,JR06,11,50080,6009.6,0,4.1,11091.72,55162.12
EMP751B,DT1,JR03,8,29110,3493.2,0,4.2,2836.48,28453.28
EMP752B,DT5,JR06,10,48320,5798.4,0,5,6111.51,48633.11
EMP753B,DT3,JR04,11,42980,5157.6,0,4,3127.22,40949.62
EMP754B,DT7,JR08,11,85250,10230,0,4.8,5626.5,80646.5
EMP755B,DT4,JR13,11,183000,21960,0,4.3,37661.4,198701.4
EMP756B,DT1,JR03,10,30442.5,3653.1,0,4.8,4960.91,31750.31
EMP757B,DT9,JR04,1,29680,3561.6,0,2.3,569.86,26688.26
EMP758B,DT5,JR02,0,18270,2192.4,137.03,2.9,43.85,15984.42
EMP759B,DT6,JR07,2,43800,5256,0,2.2,798.91,39342.91
EMP760B,DT8,JR01,1,15825,1899,118.69,2.6,111.41,13918.72
EMP761B,DT3,JR04,1,29540,3544.8,0,3,636.88,26632.08
EMP762B,DT7,JR11,7,86450,10374,0,4.1,2738.74,78814.74
EMP763B,DT9,JR12,4,101150,12138,0,2.1,4458.69,93470.69
EMP764B,DT1,JR06,9,46240,5548.8,0,4.9,4279.97,44971.17
EMP765B,DT6,JR13,2,130200,15624,0,2.2,3275.83,117851.83
EMP766B,DT7,JR11,10,98800,11856,0,4.9,16029.31,102973.31
EMP767B,DT3,JR02,6,23310,2797.2,0,4.4,2530.53,23043.33
EMP768B,DT1,JR10,0,112200,13464,0,2.5,233.38,98969.38
EMP769B,DT2,JR02,8,25560,3067.2,0,4.8,1202.34,23695.14
EMP770B,DT6,JR08,7,72875,8745,0,5,7010.57,71140.57
EMP771B,DT3,JR16,2,94350,11322,0,3,1660.56,84688.56
EMP772B,DT2,JR11,9,94900,11388,0,4.6,5238.48,88750.48
EMP773B,DT3,JR04,4,33600,4032,0,4.2,1290.24,30858.24
EMP774B,DT5,JR01,8,21150,2538,0,4.4,1526.18,20138.18
EMP775B,DT1,JR12,10,128350,15402,0,4.9,14662.7,127610.7
EMP776B,DT1,JR08,1,57475,6897,0,2.1,765.57,51343.57
EMP777B,DT9,JR10,10,165000,19800,0,4.3,29040,174240
EMP778B,DT7,JR09,3,79800,9576,0,4,3306.91,73530.91
EMP779B,DT7,JR09,9,100100,12012,0,5,3443.44,91531.44
EMP780B,DT3,JR13,1,126000,15120,0,1.8,1360.8,112240.8
EMP781B,DT9,JR14,11,155000,18600,0,4.5,28644,165044
EMP782B,DT1,JR08,6,70950,8514,0,5,1646.04,64082.04
EMP783B,DT1,JR15,2,99000,11880,0,2,3801.6,90921.6
EMP784B,DT3,JR16,4,102425,12291,0,4.3,4031.45,94165.45
EMP785B,DT3,JR07,3,45200,5424,0,2.3,1880.32,41656.32
EMP786B,DT6,JR04,10,42000,5040,0,4.8,7224,44184
EMP787B,DT9,JR10,8,154550,18546,0,5,17525.97,153529.97
EMP788B,DT1,JR06,9,46880,5625.6,0,4,7498.92,48753.32
EMP789B,DT5,JR01,10,22125,2655,0,4.8,4203.75,23673.75
EMP790B,DT1,JR15,1,95400,11448,0,1.8,2060.64,86012.64
EMP791B,DT4,JR02,5,22590,2710.8,0,4,1520.76,21399.96
EMP792B,DT8,JR15,8,126450,15174,0,4,13520.03,124796.03
EMP793B,DT6,JR09,10,106050,12726,0,4.6,6990.82,100314.82
EMP794B,DT8,JR15,8,126450,15174,0,4.4,20484.9,131760.9
EMP795B,DT7,JR10,2,121000,14520,0,3.9,1161.6,107641.6
EMP796B,DT5,JR12,7,115175,13821,0,3.9,11121.3,112475.3
EMP797B,DT6,JR01,2,16725,2007,125.44,3.4,615.48,15208.04
EMP798B,DT2,JR06,11,48960,5875.2,0,4.5,3529.04,46613.84
EMP799B,DT3,JR02,7,23940,2872.8,0,3.9,1074.43,22141.63
EMP800B,DT6,JR02,8,25380,3045.6,0,3.9,3496.35,25830.75
EMP801B,DT9,JR08,3,62150,7458,0,2.3,2132.99,56824.99
EMP802B,DT7,JR08,3,62700,7524,0,2.9,3300.53,58476.53
EMP803B,DT2,JR05,6,44800,5376,0,4.3,4014.08,43438.08
EMP804B,DT4,JR05,10,53200,6384,0,4,3319.68,50135.68
EMP805B,DT5,JR03,11,32082.5,3849.9,0,4.8,3625.32,31857.92
EMP806B,DT4,JR13,2,130200,15624,0,2.5,1150.97,115726.97
EMP807B,DT7,JR05,0,35525,4263,0,2.5,149.21,31411.21
EMP808B,DT3,JR01,12,23700,2844,0,4.3,3628.94,24484.94
EMP809B,DT6,JR03,4,24292.5,2915.1,0,2,1366.21,22743.61
EMP810B,DT1,JR10,6,144650,17358,0,4.3,13487.17,140779.17
EMP811B,DT5,JR05,3,40775,4893,0,4.2,2045.27,37927.27
EMP812B,DT1,JR04,8,38640,4636.8,0,4.4,4581.16,38584.36
EMP813B,DT9,JR07,6,52800,6336,0,4.7,5406.72,51870.72
EMP814B,DT9,JR10,2,120450,14454,0,2.5,1922.38,107918.38
EMP815B,DT3,JR14,1,104500,12540,0,1.9,564.3,92524.3
EMP816B,DT2,JR07,5,49000,5880,0,2.8,3439.8,46559.8
EMP817B,DT7,JR06,4,38080,4569.6,0,2,2257.38,35767.78
EMP818B,DT3,JR06,11,50240,6028.8,0,5,3207.32,47418.52
EMP819B,DT8,JR14,3,114000,13680,0,2.3,2170.56,102490.56
EMP820B,DT8,JR14,7,136500,16380,0,4.8,6775.86,126895.86
EMP821B,DT4,JR08,6,72050,8646,0,4.4,4467.1,67871.1
EMP822B,DT7,JR13,12,189000,22680,0,4.6,33037.2,199357.2
EMP823B,DT1,JR04,2,31220,3746.4,0,3.6,1235.06,28708.66
EMP824B,DT3,JR01,4,18300,2196,137.25,4,611.95,16578.7
EMP825B,DT2,JR07,7,54400,6528,0,4.8,6423.55,54295.55
EMP826B,DT5,JR04,3,32060,3847.2,0,4.4,892.55,29105.35
EMP827B,DT1,JR16,2,94350,11322,0,4.5,3819.29,86847.29
EMP828B,DT6,JR14,10,150500,18060,0,4.8,17632.58,150072.58
EMP829B,DT3,JR07,8,55600,6672,0,4,3816.38,52744.38
EMP830B,DT7,JR06,7,42880,5145.6,0,4.6,2449.31,40183.71
EMP831B,DT9,JR06,4,37760,4531.2,0,3.8,2446.85,35675.65
EMP832B,DT7,JR15,8,125100,15012,0,4.5,7025.62,117113.62
EMP833B,DT5,JR11,5,79950,9594,0,2.9,4266.13,74622.13
EMP834B,DT5,JR08,1,57750,6930,0,3,716.1,51536.1
EMP835B,DT9,JR08,1,58850,7062,0,1.8,988.68,52776.68
EMP836B,DT7,JR12,2,94775,11373,0,2.2,1743.86,85145.86
EMP837B,DT9,JR03,0,20500,2460,153.75,2.8,0,17886.25
EMP838B,DT5,JR04,11,43960,5275.2,0,4.3,8218.76,46903.56
EMP839B,DT7,JR12,2,95200,11424,0,4.5,3655.68,87431.68
EMP840B,DT8,JR07,11,62200,7464,0,4.9,7180.37,61916.37
EMP841B,DT8,JR06,2,35520,4262.4,0,2.5,812.7,32070.3
EMP842B,DT6,JR14,4,121500,14580,0,3.3,3970.62,110890.62
EMP843B,DT9,JR06,0,32160,3859.2,0,2.5,48.88,28349.68
EMP844B,DT8,JR05,9,49875,5985,0,4.8,7291.73,51181.73
EMP845B,DT1,JR14,3,114500,13740,0,4.5,2390.76,103150.76
EMP846B,DT2,JR06,0,32320,3878.4,0,2.9,113.77,28555.37
EMP847B,DT1,JR08,1,58575,7029,0,1.9,426.43,51972.43
EMP848B,DT2,JR07,6,52800,6336,0,4.2,6623.23,53087.23
EMP849B,DT7,JR10,4,129800,15576,0,2.1,7663.39,121887.39
EMP850B,DT9,JR12,6,110075,13209,0,4,12988.85,109854.85
EMP851B,DT9,JR05,10,52500,6300,0,4.6,6090,52290
EMP852B,DT5,JR11,11,99125,11895,0,4.3,5828.55,93058.55
EMP853B,DT1,JR15,11,137700,16524,0,4,8757.72,129933.72
EMP854B,DT2,JR02,0,18090,2170.8,135.67,2.5,26.05,15809.58
EMP855B,DT1,JR10,4,133650,16038,0,3.3,9195.12,126807.12
EMP856B,DT7,JR15,6,114750,13770,0,4,3534.3,104514.3
EMP857B,DT9,JR13,3,137400,16488,0,4.1,2390.76,123302.76
EMP858B,DT5,JR14,7,136500,16380,0,4.3,14747.46,134867.46
EMP859B,DT1,JR16,12,133875,16065,0,3.9,8005.73,125815.73
EMP860B,DT3,JR01,10,22200,2664,0,4.9,4091.9,23627.9
EMP861B,DT8,JR02,6,23490,2818.8,0,4.8,1948.73,22619.93
EMP862B,DT7,JR12,7,113475,13617,0,4.4,11556.29,111414.29
EMP863B,DT9,JR13,6,153600,18432,0,4,15138.82,150306.82
EMP864B,DT4,JR09,3,79450,9534,0,3.9,2230.96,72146.96
EMP865B,DT3,JR14,5,126500,15180,0,4.9,8849.94,120169.94
EMP866B,DT7,JR09,8,96250,11550,0,4.8,9817.5,94517.5
EMP867B,DT6,JR14,8,138500,16620,0,4.9,7678.44,129558.44
EMP868B,DT7,JR11,1,68250,8190,0,2.9,1228.5,61288.5
EMP869B,DT1,JR08,6,71225,8547,0,4.1,5210.82,67888.82
EMP870B,DT3,JR07,10,59600,7152,0,4.3,3738.11,56186.11
EMP871B,DT2,JR13,8,170400,20448,0,3.9,25191.94,175143.94
EMP872B,DT9,JR10,9,159500,19140,0,4.5,6316.2,146676.2
EMP873B,DT7,JR14,4,121500,14580,0,3.9,8986.14,115906.14
EMP874B,DT4,JR06,6,42240,5068.8,0,3.9,2487.09,39658.29
EMP875B,DT9,JR13,9,173400,20808,0,5,29013.29,181605.29
EMP876B,DT4,JR03,1,21525,2583,0,2.9,309.96,19251.96
EMP877B,DT5,JR16,8,119850,14382,0,4.8,15724.32,121192.32
EMP878B,DT4,JR11,7,86450,10374,0,4.8,11183.17,87259.17
EMP879B,DT6,JR07,8,55800,6696,0,4.6,2292.26,51396.26
EMP880B,DT4,JR03,7,27880,3345.6,0,4.7,2489.13,27023.53
EMP881B,DT8,JR10,12,174350,20922,0,3.9,33454.28,186882.28
EMP882B,DT2,JR14,5,122500,14700,0,3.8,2866.5,110666.5
EMP883B,DT6,JR06,4,38240,4588.8,0,3.7,775.51,34426.71
EMP884B,DT2,JR12,10,127075,15249,0,4.8,19625.46,131451.46
EMP885B,DT8,JR04,3,31780,3813.6,0,3.5,411.87,28378.27
EMP886B,DT1,JR10,9,159500,19140,0,4.9,18374.4,158734.4
EMP887B,DT1,JR13,3,136800,16416,0,3.3,6281.86,126665.86
EMP888B,DT3,JR01,8,21225,2547,0,4.3,1832.14,20510.14
EMP889B,DT7,JR07,6,52800,6336,0,5,3244.03,49708.03
EMP890B,DT9,JR02,2,19800,2376,148.5,4.1,459.36,17734.86
EMP891B,DT2,JR03,5,25932.5,3111.9,0,4.4,2473.96,25294.56
EMP892B,DT7,JR11,11,99450,11934,0,4.9,10120.03,97636.03
EMP893B,DT8,JR05,11,54775,6573,0,4.7,5694.41,53896.41
EMP894B,DT2,JR05,7,47775,5733,0,3.9,1813.54,43855.54
EMP895B,DT7,JR14,1,104000,12480,0,1.6,1397.76,92917.76
EMP896B,DT7,JR08,11,86350,10362,0,4.7,6300.1,82288.1
EMP897B,DT6,JR13,0,120600,14472,0,2.9,125.42,106253.42
EMP898B,DT9,JR12,11,130475,15657,0,4.8,8376.49,123194.49
EMP899B,DT3,JR07,11,61400,7368,0,4.1,8934.93,62966.93
EMP900B,DT8,JR11,8,91325,10959,0,4.6,11243.93,91609.93
EMP901B,DT9,JR13,11,184200,22104,0,4,9460.51,171556.51
EMP902B,DT5,JR09,9,100100,12012,0,4.4,4132.13,92220.13
EMP903B,DT7,JR01,9,21750,2610,0,4,3053.7,22193.7
EMP904B,DT6,JR06,8,44640,5356.8,0,4.3,4796.12,44079.32
EMP905B,DT5,JR04,2,31080,3729.6,0,3.9,1203.42,28553.82
EMP906B,DT2,JR01,9,21525,2583,0,4.9,1348.33,20290.33
EMP907B,DT2,JR08,10,81400,9768,0,4.5,8439.55,80071.55
EMP908B,DT6,JR10,10,165000,19800,0,4.5,11880,157080
EMP909B,DT8,JR04,5,34300,4116,0,2.1,2346.12,32530.12
EMP910B,DT5,JR13,2,131400,15768,0,1.8,4893.34,120525.34
EMP911B,DT9,JR11,1,66950,8034,0,1.8,337.43,59253.43
EMP912B,DT4,JR16,10,126225,15147,0,4.6,15672.1,126750.1
EMP913B,DT3,JR08,7,73700,8844,0,4.1,3608.35,68464.35
EMP914B,DT9,JR10,6,142450,17094,0,4.6,4034.18,129390.18
EMP915B,DT8,JR06,6,41440,4972.8,0,5,1662.57,38129.77
EMP916B,DT1,JR05,6,46025,5523,0,5,4291.37,44793.37
EMP917B,DT5,JR09,5,87850,10542,0,4.8,2867.42,80175.42
EMP918B,DT6,JR03,4,24907.5,2988.9,0,3.2,1885,23803.6
EMP919B,DT4,JR03,7,27777.5,3333.3,0,4.2,2524.42,26968.62
EMP920B,DT8,JR14,8,141500,16980,0,4.9,22079.66,146599.66
EMP921B,DT1,JR13,5,150000,18000,0,2.6,11700,143700
EMP922B,DT9,JR11,5,79950,9594,0,2,2500.84,72856.84
EMP923B,DT7,JR05,1,35875,4305,0,1.7,150.68,31720.68
EMP924B,DT1,JR01,2,16500,1980,123.75,2.4,567.6,14963.85
EMP925B,DT8,JR14,10,150500,18060,0,4.6,12768.42,145208.42
EMP926B,DT2,JR16,5,107950,12954,0,4.2,10259.57,105255.57
EMP927B,DT7,JR07,9,57000,6840,0,4.6,8333.4,58493.4
EMP928B,DT9,JR04,8,39340,4720.8,0,4.2,4971,39590.2
EMP929B,DT8,JR01,10,22500,2700,0,4.7,1530,21330
EMP930B,DT3,JR10,8,152900,18348,0,4.8,20513.06,155065.06
EMP931B,DT9,JR05,9,50400,6048,0,3.9,3193.34,47545.34
EMP932B,DT4,JR02,3,20700,2484,155.25,3.3,943.92,19004.67
EMP933B,DT6,JR13,11,186600,22392,0,4.8,33140.16,197348.16
EMP934B,DT7,JR01,2,16275,1953,122.06,1.7,177.07,14377.01
EMP935B,DT6,JR01,9,22050,2646,0,4.9,2238.52,21642.52
EMP936B,DT6,JR13,4,146400,17568,0,3.5,5926.27,134758.27
EMP937B,DT8,JR01,11,22875,2745,0,4.4,2401.88,22531.88
EMP938B,DT5,JR03,2,22960,2755.2,0,3.6,551.04,20755.84
EMP939B,DT4,JR16,5,106250,12750,0,4,2125,95625
EMP940B,DT7,JR15,11,140400,16848,0,4,30191.62,153743.62
EMP941B,DT6,JR02,8,25020,3002.4,0,4,936.75,22954.35
EMP942B,DT7,JR09,11,109900,13188,0,4.8,16537.75,113249.75
EMP943B,DT2,JR11,8,91650,10998,0,4.9,9619.58,90271.58
EMP944B,DT9,JR13,1,123600,14832,0,1.6,652.61,109420.61
EMP945B,DT7,JR11,11,99775,11973,0,4.3,6832.59,94634.59
EMP946B,DT5,JR12,9,121125,14535,0,4.3,9471.97,116061.97
EMP947B,DT9,JR15,1,96300,11556,0,1.9,1563.91,86307.91
EMP948B,DT9,JR09,8,98350,11802,0,3.9,5735.77,92283.77
EMP949B,DT3,JR09,9,102550,12306,0,4.6,12589.04,102833.04
EMP950B,DT7,JR13,5,152400,18288,0,4.5,5596.13,139708.13
EMP951B,DT4,JR13,8,165600,19872,0,4.6,22150.66,167878.66
EMP952B,DT7,JR05,5,43925,5271,0,4.8,3673.89,42327.89
EMP953B,DT3,JR05,6,46200,5544,0,4.4,1774.08,42430.08
EMP954B,DT1,JR08,1,58025,6963,0,1.8,944.65,52006.65
EMP955B,DT6,JR09,1,74200,8904,0,2.8,1745.18,67041.18
EMP956B,DT8,JR02,2,19350,2322,145.12,2.5,464.4,17347.28
EMP957B,DT9,JR13,8,167400,20088,0,3.9,13753.58,161065.58
EMP958B,DT7,JR13,10,179400,21528,0,4.9,11366.78,169238.78
EMP959B,DT9,JR04,8,39480,4737.6,0,4.1,6086.24,40828.64
EMP960B,DT1,JR01,3,17025,2043,127.69,4.1,478.06,15332.37
EMP961B,DT9,JR13,7,159000,19080,0,4.2,7854.6,147774.6
EMP962B,DT8,JR02,2,19980,2397.6,149.85,4.5,527.47,17960.02
EMP963B,DT2,JR16,2,92225,11067,0,1.5,1191.55,82349.55
EMP964B,DT2,JR02,4,21240,2548.8,0,3.5,458.78,19149.98
EMP965B,DT2,JR12,0,85850,10302,0,2.3,212.91,75760.91
EMP966B,DT6,JR05,7,46550,5586,0,4.9,6021.71,46985.71
EMP967B,DT8,JR03,11,31570,3788.4,0,4,4500.62,32282.22
EMP968B,DT5,JR09,4,82950,9954,0,4.2,3314.68,76310.68
EMP969B,DT2,JR14,5,125000,15000,0,3.2,10750,120750
EMP970B,DT3,JR12,1,87125,10455,0,2.9,435.62,77105.62
EMP971B,DT2,JR02,9,25740,3088.8,0,4.5,2922,25573.2
EMP972B,DT6,JR03,3,23780,2853.6,0,3.7,1339.29,22265.69
EMP973B,DT8,JR10,5,138050,16566,0,4.5,11828.12,133312.12
EMP974B,DT8,JR10,10,163900,19668,0,4.7,30196.94,174428.94
EMP975B,DT7,JR03,0,20602.5,2472.3,154.52,3,30.49,18006.17
EMP976B,DT4,JR02,6,23310,2797.2,0,4.1,2365.5,22878.3
EMP977B,DT4,JR13,5,151200,18144,0,5,11636.35,144692.35
EMP978B,DT4,JR13,8,165000,19800,0,5,7425,152625
EMP979B,DT7,JR01,9,21375,2565,0,4.8,3633.75,22443.75
EMP980B,DT9,JR05,7,46725,5607,0,3.9,2629.68,43747.68
EMP981B,DT8,JR01,10,22200,2664,0,4.9,2472.19,22008.19
EMP982B,DT6,JR01,8,21000,2520,157.5,4,1209.6,19532.1
EMP983B,DT3,JR04,3,32340,3880.8,0,3.5,802.03,29261.23
EMP984B,DT8,JR06,8,44160,5299.2,0,4.4,3893.15,42753.95
EMP985B,DT6,JR11,12,102700,12324,0,4.9,23349.87,113725.87
EMP986B,DT9,JR13,1,125400,15048,0,1.5,722.3,111074.3
EMP987B,DT2,JR09,3,81200,9744,0,2.2,4053.5,75509.5
EMP988B,DT6,JR15,0,90450,10854,0,1.6,104.92,79700.92
EMP989B,DT4,JR14,2,110500,13260,0,4.3,1299.48,98539.48
EMP990B,DT2,JR08,10,81675,9801,0,4.8,6971.78,78845.78
EMP991B,DT2,JR16,10,127075,15249,0,4.4,16102.94,127928.94
EMP992B,DT1,JR02,3,20250,2430,151.88,3.6,729,18397.12
EMP993B,DT1,JR07,11,62800,7536,0,4.9,7445.57,62709.57
EMP994B,DT2,JR11,9,92950,11154,0,5,5435.72,87231.72
EMP995B,DT3,JR09,5,85750,10290,0,2.7,6174,81634
EMP996B,DT1,JR05,9,50050,6006,0,4.5,3615.61,47659.61
EMP997B,DT2,JR04,11,42840,5140.8,0,4,7992.23,45691.43
EMP998B,DT2,JR12,8,117300,14076,0,3.9,11054.35,114278.35
EMP999B,DT9,JR05,7,46900,5628,0,3.9,2806.5,44078.5
EMP001C,DT3,JR14,2,110000,13200,0,3.3,1584,98384
EMP002C,DT8,JR09,4,82600,9912,0,4.5,2022.05,74710.05
EMP003C,DT2,JR12,4,102850,12342,0,4.1,5702,96210
EMP004C,DT2,JR02,2,20070,2408.4,150.53,3.4,498.54,18009.61
EMP005C,DT5,JR10,2,119900,14388,0,2.6,3539.45,109051.45
EMP006C,DT9,JR14,9,144000,17280,0,4.5,20275.2,146995.2
EMP007C,DT8,JR05,5,43750,5250,0,2.1,1225,39725
EMP008C,DT5,JR11,6,83200,9984,0,4.4,3540.99,76756.99
EMP009C,DT4,JR05,5,43750,5250,0,3.6,2887.5,41387.5
EMP010C,DT9,JR04,3,31920,3830.4,0,4.5,1644.52,29734.12
EMP011C,DT3,JR13,10,181800,21816,0,4,21721.46,181705.46
EMP012C,DT5,JR01,9,21375,2565,0,3.9,1816.88,20626.88
EMP013C,DT5,JR15,3,102600,12312,0,3.6,1953.5,92241.5
EMP014C,DT5,JR04,1,29820,3578.4,0,2.3,248.1,26489.7
EMP015C,DT2,JR13,5,150600,18072,0,4.6,10138.39,142666.39
EMP016C,DT7,JR04,11,43260,5191.2,0,4.9,2640.59,40709.39
EMP017C,DT4,JR02,10,26820,3218.4,0,4.5,1892.42,25494.02
EMP018C,DT9,JR04,5,35560,4267.2,0,4.2,921.72,32214.52
EMP019C,DT9,JR02,10,27000,3240,0,5,5400,29160
EMP020C,DT3,JR02,5,22230,2667.6,0,4.3,1504.53,21066.93
EMP021C,DT1,JR02,10,27000,3240,0,4.2,4860,28620
EMP022C,DT4,JR09,8,98700,11844,0,4.5,16186.8,103042.8
EMP023C,DT7,JR04,7,37940,4552.8,0,4.3,5064.23,38451.43
EMP024C,DT2,JR07,9,57200,6864,0,4.2,8067.49,58403.49
EMP025C,DT3,JR03,5,25830,3099.6,0,4.2,752.17,23482.57
EMP026C,DT6,JR14,1,105000,12600,0,1.8,1848,94248
EMP027C,DT7,JR10,9,160600,19272,0,4.1,21276.29,162604.29
EMP028C,DT6,JR03,6,26957.5,3234.9,0,4.8,883.13,24605.73
EMP029C,DT6,JR14,6,130000,15600,0,4,13416,127816
EMP030C,DT2,JR12,5,107525,12903,0,4.7,6610.64,101232.64
EMP031C,DT4,JR10,0,111650,13398,0,3,442.13,98694.13
EMP032C,DT7,JR15,4,107550,12906,0,4,8053.34,102697.34
EMP033C,DT3,JR15,8,126900,15228,0,5,10822.03,122494.03
EMP034C,DT5,JR03,5,25727.5,3087.3,0,4.9,2309.3,24949.5
EMP035C,DT2,JR02,0,18180,2181.6,136.35,2.7,40.72,15902.77
EMP036C,DT7,JR05,9,49875,5985,0,4.7,1695.75,45585.75
EMP037C,DT9,JR05,8,49525,5943,0,4.3,2795.19,46377.19
EMP038C,DT2,JR10,11,169950,20394,0,4.9,7409.82,156965.82
EMP039C,DT1,JR04,6,36540,4384.8,0,4.6,2139.78,34294.98
EMP040C,DT7,JR05,12,55125,6615,0,4.2,10650.15,59160.15
EMP041C,DT9,JR08,11,85250,10230,0,4.8,5626.5,80646.5
EMP042C,DT3,JR10,10,164450,19734,0,3.9,22792.77,167508.77
EMP043C,DT3,JR10,9,158400,19008,0,4.3,17842.18,157234.18
EMP044C,DT2,JR08,1,58300,6996,0,1.7,895.49,52199.49
EMP045C,DT6,JR13,11,188400,22608,0,4,19759.39,185551.39
EMP046C,DT1,JR09,8,96250,11550,0,4.6,9528.75,94228.75
EMP047C,DT1,JR14,11,156500,18780,0,4,17684.5,155404.5
EMP048C,DT8,JR03,3,23267.5,2792.1,0,2.7,577.96,21053.36
EMP049C,DT9,JR12,7,113475,13617,0,4.8,10643.95,110501.95
EMP050C,DT8,JR10,1,117700,14124,0,2.5,2702.39,106278.39
EMP051C,DT5,JR05,6,45500,5460,0,3.9,1856.4,41896.4
EMP052C,DT7,JR11,6,84825,10179,0,4.1,9934.7,84580.7
EMP053C,DT5,JR16,3,98600,11832,0,2.9,1388.29,88156.29
EMP054C,DT4,JR11,5,81575,9789,0,4.6,3993.91,75779.91
EMP055C,DT2,JR14,3,114500,13740,0,3.3,2257.94,103017.94
EMP056C,DT9,JR10,10,163350,19602,0,4.9,16478.75,160226.75
EMP057C,DT1,JR07,1,42000,5040,0,2.3,739.2,37699.2
EMP058C,DT9,JR06,0,32640,3916.8,0,1.8,62.67,28785.87
EMP059C,DT4,JR04,6,36820,4418.4,0,4.2,3340.31,35741.91
EMP060C,DT7,JR06,4,38400,4608,0,3.3,1658.88,35450.88
EMP061C,DT5,JR12,4,100725,12087,0,2.4,7304.58,95942.58
EMP062C,DT8,JR08,10,81950,9834,0,4.9,15419.71,87535.71
EMP063C,DT2,JR15,11,141300,16956,0,4.3,26417.45,150761.45
EMP064C,DT7,JR16,2,93925,11271,0,4.4,3865.95,86519.95
EMP065C,DT6,JR06,10,47520,5702.4,0,4.9,7928.24,49745.84
EMP066C,DT7,JR08,10,82775,9933,0,4.5,12373.21,85215.21
EMP067C,DT4,JR11,6,84825,10179,0,4.6,3104.59,77750.59
EMP068C,DT4,JR10,0,111100,13332,0,2.2,222.2,97990.2
EMP069C,DT6,JR01,6,19650,2358,147.38,4.6,1364.5,18509.12
EMP070C,DT9,JR14,4,119500,14340,0,4,6338.28,111498.28
EMP071C,DT8,JR16,7,115175,13821,0,4,13738.07,115092.07
EMP072C,DT5,JR02,10,26550,3186,0,4.3,1412.46,24776.46
EMP073C,DT4,JR14,2,108500,13020,0,2.3,3320.1,98800.1
EMP074C,DT6,JR08,1,56925,6831,0,2.3,765.07,50859.07
EMP075C,DT5,JR10,2,121550,14586,0,4,1633.63,108597.63
EMP076C,DT3,JR11,12,102375,12285,0,4.8,22604.4,112694.4
EMP077C,DT7,JR14,9,144000,17280,0,5,20275.2,146995.2
EMP078C,DT2,JR09,6,89600,10752,0,4.4,9031.68,87879.68
EMP079C,DT8,JR07,5,50200,6024,0,4.1,4710.77,48886.77
EMP080C,DT9,JR05,3,40775,4893,0,3.9,807.35,36689.35
EMP081C,DT3,JR03,5,25727.5,3087.3,0,4.7,1469.55,24109.75
EMP082C,DT7,JR11,10,98150,11778,0,5,15617.63,101989.63
EMP083C,DT2,JR14,7,136000,16320,0,4.5,3916.8,123596.8
EMP084C,DT3,JR10,0,112200,13464,0,1.8,843.74,99579.74
EMP085C,DT9,JR01,0,15150,1818,113.62,2.2,20.6,13238.98
EMP086C,DT3,JR10,2,120450,14454,0,2.8,4119.39,110115.39
EMP087C,DT2,JR05,6,45150,5418,0,4.2,3666.18,43398.18
EMP088C,DT6,JR10,3,125950,15114,0,4.1,2045.43,112881.43
EMP089C,DT2,JR02,5,22770,2732.4,0,4.2,965.45,21003.05
EMP090C,DT2,JR07,4,48600,5832,0,3.9,1504.66,44272.66
EMP091C,DT7,JR02,11,28260,3391.2,0,4.4,1804.12,26672.92
EMP092C,DT8,JR03,11,31570,3788.4,0,4.4,2182.12,29963.72
EMP093C,DT6,JR04,2,30660,3679.2,0,2.3,326.22,27307.02
EMP094C,DT9,JR16,3,97750,11730,0,3.5,3284.4,89304.4
EMP095C,DT5,JR11,7,87750,10530,0,5,6142.5,83362.5
EMP096C,DT4,JR12,6,110925,13311,0,4.4,6766.43,104380.43
EMP097C,DT2,JR16,4,102425,12291,0,4.3,5375.26,95509.26
EMP098C,DT9,JR07,12,63000,7560,0,4.3,4636.8,60076.8
EMP099C,DT6,JR09,5,86100,10332,0,4.5,2059.51,77827.51
EMP100C,DT9,JR04,6,36820,4418.4,0,4.7,927.86,33329.46
EMP101C,DT8,JR08,8,76725,9207,0,4.8,11637.65,79155.65
EMP102C,DT4,JR16,0,86700,10404,0,1.9,651.98,76947.98
EMP103C,DT5,JR09,9,99750,11970,0,4.4,6104.7,93884.7
EMP104C,DT8,JR04,2,30940,3712.8,0,2.3,1221.51,28448.71
EMP105C,DT5,JR13,6,158400,19008,0,4.7,7299.07,146691.07
EMP106C,DT3,JR07,1,42800,5136,0,2.6,838.88,38502.88
EMP107C,DT8,JR01,4,17625,2115,132.19,2.4,937.65,16315.46
EMP108C,DT2,JR11,11,100100,12012,0,4.4,17297.28,105385.28
EMP109C,DT6,JR07,6,51600,6192,0,4.2,5267.33,50675.33
EMP110C,DT2,JR16,10,126225,15147,0,3.9,16651.6,127729.6
EMP111C,DT4,JR13,5,151800,18216,0,3.9,11907.19,145491.19
EMP112C,DT9,JR14,4,117500,14100,0,2.6,2632,106032
EMP113C,DT1,JR10,12,173800,20856,0,5,9677.18,162621.18
EMP114C,DT1,JR01,5,18375,2205,137.81,3.3,429.97,16462.16
EMP115C,DT6,JR02,7,24480,2937.6,0,4,3525.12,25067.52
EMP116C,DT1,JR02,10,27360,3283.2,0,4.3,4438.89,28515.69
EMP117C,DT4,JR02,8,25020,3002.4,0,5,2419.93,24437.53
EMP118C,DT4,JR08,11,84150,10098,0,4.1,16769.41,90821.41
EMP119C,DT7,JR03,9,29212.5,3505.5,0,4.7,4866.8,30573.8
EMP120C,DT2,JR08,10,82500,9900,0,4.3,16500,89100
EMP121C,DT9,JR16,7,115175,13821,0,4,11121.3,112475.3
EMP122C,DT6,JR08,1,57750,6930,0,2.4,1155,51975
EMP123C,DT3,JR16,1,88825,10659,0,2.1,831.4,78997.4
EMP124C,DT3,JR03,3,23370,2804.4,0,2.1,1177.85,21743.45
EMP125C,DT7,JR01,7,20475,2457,153.56,4,1674.04,19538.48
EMP126C,DT4,JR01,1,15975,1917,119.81,2.7,182.75,14120.94
EMP127C,DT8,JR14,4,122000,14640,0,3.7,10521.28,117881.28
EMP128C,DT5,JR01,10,22500,2700,0,4.8,4230,24030
EMP129C,DT3,JR07,10,60200,7224,0,4.4,11673.98,64649.98
EMP130C,DT5,JR03,9,29827.5,3579.3,0,4.8,4777.17,31025.37
EMP131C,DT3,JR06,6,41280,4953.6,0,4.1,2011.16,38337.56
EMP132C,DT2,JR05,7,47775,5733,0,4.9,1534.53,43576.53
EMP133C,DT1,JR09,8,97300,11676,0,4.7,10018.01,95642.01
EMP134C,DT1,JR07,9,58000,6960,0,4.8,7308,58348
EMP135C,DT7,JR09,8,97300,11676,0,4.8,13964.5,99588.5
EMP136C,DT2,JR11,1,66950,8034,0,1.8,723.06,59639.06
EMP137C,DT9,JR09,11,106750,12810,0,3.9,17485.65,111425.65
EMP138C,DT7,JR03,5,26035,3124.2,0,4.3,1405.89,24316.69
EMP139C,DT4,JR07,5,50000,6000,0,2.2,3200,47200
EMP140C,DT3,JR10,0,110550,13266,0,2.1,101.71,97385.71
EMP141C,DT7,JR10,6,144100,17292,0,4,5717.89,132525.89
EMP142C,DT5,JR11,11,100750,12090,0,4.8,10639.2,99299.2
EMP143C,DT1,JR15,8,126000,15120,0,4.4,15724.8,126604.8
EMP144C,DT8,JR15,2,97200,11664,0,2.6,1181.95,86717.95
EMP145C,DT6,JR01,10,22650,2718,0,4.6,2495.12,22427.12
EMP146C,DT9,JR11,11,101075,12129,0,4,16155.83,105101.83
EMP147C,DT6,JR08,1,56650,6798,0,1.6,475.86,50327.86
EMP148C,DT8,JR06,3,36320,4358.4,0,4.1,941.41,32903.01
EMP149C,DT8,JR04,11,42700,5124,0,4.3,5559.54,43135.54
EMP150C,DT6,JR02,10,26910,3229.2,0,3.9,3516.6,27197.4
EMP151C,DT9,JR14,9,143000,17160,0,4.8,14265.68,140105.68
EMP152C,DT7,JR11,1,68250,8190,0,2.5,682.5,60742.5
EMP153C,DT2,JR01,0,15075,1809,113.06,2.4,12.06,13165
EMP154C,DT7,JR08,10,81950,9834,0,5,10922.3,83038.3
EMP155C,DT6,JR02,5,22230,2667.6,0,3.1,961.23,20523.63
EMP156C,DT4,JR08,9,80850,9702,0,4.8,14591.81,85739.81
EMP157C,DT4,JR02,8,25560,3067.2,0,5,2147.04,24639.84
EMP158C,DT8,JR04,6,36540,4384.8,0,5,1783.15,33938.35
EMP159C,DT5,JR10,11,171050,20526,0,4.6,30378.48,180902.48
EMP160C,DT8,JR02,8,25290,3034.8,0,4.5,3031.77,25286.97
EMP161C,DT6,JR05,3,40075,4809,0,3.1,2138.4,37404.4
EMP162C,DT3,JR02,0,18360,2203.2,137.7,1.7,88.13,16107.23
EMP163C,DT1,JR14,1,104000,12480,0,2.5,499.2,92019.2
EMP164C,DT1,JR03,3,23882.5,2865.9,0,4.3,1418.62,22435.22
EMP165C,DT1,JR08,1,56650,6798,0,2.1,435.07,50287.07
EMP166C,DT1,JR13,2,129000,15480,0,2.2,3096,116616
EMP167C,DT2,JR15,4,107550,12906,0,2.1,3691.12,98335.12
EMP168C,DT2,JR08,9,78925,9471,0,4,7690.45,77144.45
EMP169C,DT2,JR10,8,154550,18546,0,4.8,8011.87,144015.87
EMP170C,DT7,JR03,3,23575,2829,0,4.1,876.99,21622.99
EMP171C,DT8,JR08,3,63525,7623,0,2.5,2678.21,58580.21
EMP172C,DT2,JR12,9,122400,14688,0,4,5601.02,113313.02
EMP173C,DT8,JR11,9,95225,11427,0,4.9,6022.03,89820.03
EMP174C,DT6,JR10,4,129800,15576,0,3.8,3738.24,117962.24
EMP175C,DT4,JR15,2,99450,11934,0,2.7,2506.14,90022.14
EMP176C,DT3,JR08,4,65175,7821,0,3.5,2507.93,59861.93
EMP177C,DT4,JR16,7,114750,13770,0,4.5,8996.4,109976.4
EMP178C,DT2,JR07,5,50400,6048,0,4.6,3878.78,48230.78
EMP179C,DT8,JR10,9,160600,19272,0,5,7683.1,149011.1
EMP180C,DT9,JR08,9,80025,9603,0,4.4,9903.89,80325.89
EMP181C,DT1,JR13,0,121200,14544,0,2.9,446.02,107102.02
EMP182C,DT2,JR08,3,62425,7491,0,2.6,2629.34,57563.34
EMP183C,DT4,JR16,10,129200,15504,0,4.9,13436.8,127132.8
EMP184C,DT9,JR03,2,22037.5,2644.5,0,2.9,224.78,19617.78
EMP185C,DT8,JR13,11,183000,21960,0,4.1,33818.4,194858.4
EMP186C,DT3,JR02,5,22140,2656.8,0,2.9,651.8,20135
EMP187C,DT1,JR04,9,41160,4939.2,0,4.6,7738.08,43958.88
EMP188C,DT2,JR04,3,31500,3780,0,4.2,567,28287
EMP189C,DT7,JR04,2,31220,3746.4,0,2,976.56,28450.16
EMP190C,DT3,JR02,3,20610,2473.2,154.57,4,741.14,18723.37
EMP191C,DT4,JR07,8,55600,6672,0,4.3,2602.08,51530.08
EMP192C,DT1,JR11,6,83525,10023,0,4.2,6284.42,79786.42
EMP193C,DT7,JR11,0,66300,7956,0,2.9,201.55,58545.55
EMP194C,DT3,JR09,7,93800,11256,0,3.9,8674.62,91218.62
EMP195C,DT5,JR11,10,98150,11778,0,4.3,14015.82,100387.82
EMP196C,DT2,JR07,3,45200,5424,0,4.5,1974.34,41750.34
EMP197C,DT6,JR09,5,85750,10290,0,2.2,2932.65,78392.65
EMP198C,DT7,JR11,11,99450,11934,0,4.7,15180.05,102696.05
EMP199C,DT4,JR06,9,46880,5625.6,0,4.3,4883.02,46137.42
EMP200C,DT8,JR16,7,116450,13974,0,3.9,16200.52,118676.52
EMP201C,DT3,JR10,9,157850,18942,0,5,19775.45,158683.45
EMP202C,DT7,JR08,8,75625,9075,0,4.8,8848.12,75398.12
EMP203C,DT1,JR10,6,140800,16896,0,4.4,5046.27,128950.27
EMP204C,DT2,JR15,2,100800,12096,0,3.8,2322.43,91026.43
EMP205C,DT6,JR10,9,161700,19404,0,4.7,13375.82,155671.82
EMP206C,DT1,JR11,10,96200,11544,0,3.9,13668.1,98324.1
EMP207C,DT5,JR11,3,75075,9009,0,2.1,2141.14,68207.14
EMP208C,DT3,JR14,2,111000,13320,0,2.6,3321.12,101001.12
EMP209C,DT4,JR07,11,62600,7512,0,4.5,12166.94,67254.94
EMP210C,DT4,JR14,8,138500,16620,0,4.1,12797.4,134677.4
EMP211C,DT2,JR09,7,94500,11340,0,4.5,7673.4,90833.4
EMP212C,DT4,JR12,5,107100,12852,0,5,3787.06,98035.06
EMP213C,DT1,JR15,6,115200,13824,0,4.3,4644.86,106020.86
EMP214C,DT1,JR09,1,73150,8778,0,1.6,1158.7,65530.7
EMP215C,DT2,JR11,11,99775,11973,0,4.5,8540.74,96342.74
EMP216C,DT5,JR15,7,121050,14526,0,4.7,15702.61,122226.61
EMP217C,DT2,JR09,1,74900,8988,0,2.8,461.38,66373.38
EMP218C,DT2,JR09,2,76300,9156,0,2.1,2527.06,69671.06
EMP219C,DT7,JR13,1,125400,15048,0,2.8,1941.19,112293.19
EMP220C,DT5,JR04,3,32200,3864,0,2.6,1159.2,29495.2
EMP221C,DT5,JR11,11,101400,12168,0,4.9,20442.24,109674.24
EMP222C,DT5,JR11,5,80275,9633,0,4.5,1811,72453
EMP223C,DT1,JR15,9,130050,15606,0,3.9,10185.52,124629.52
EMP224C,DT5,JR14,8,139000,16680,0,4,17347.2,139667.2
EMP225C,DT1,JR08,3,61875,7425,0,3.4,2722.5,57172.5
EMP226C,DT7,JR05,2,38150,4578,0,2,878.98,34450.98
EMP227C,DT8,JR15,4,107100,12852,0,2.4,5046.55,99294.55
EMP228C,DT4,JR09,5,86800,10416,0,4.3,6166.27,82550.27
EMP229C,DT3,JR04,10,42140,5056.8,0,3.9,6299.09,43382.29
EMP230C,DT5,JR08,9,79475,9537,0,4.7,12731.9,82669.9
EMP231C,DT6,JR08,3,62975,7557,0,2.8,2045.43,57463.43
EMP232C,DT9,JR10,6,144650,17358,0,3.9,17496.86,144788.86
EMP233C,DT9,JR16,3,97325,11679,0,2.8,3274.01,88920.01
EMP234C,DT6,JR03,5,25420,3050.4,0,3.5,1659.42,24029.02
EMP235C,DT1,JR02,10,27360,3283.2,0,4.4,4780.34,28857.14
EMP236C,DT6,JR08,5,69025,8283,0,4.4,5491.63,66233.63
EMP237C,DT1,JR05,2,39200,4704,0,2.4,1016.06,35512.06
EMP238C,DT5,JR03,10,31057.5,3726.9,0,4.8,4990.32,32320.92
EMP239C,DT2,JR13,5,147600,17712,0,4.5,13579.2,143467.2
EMP240C,DT8,JR03,5,25317.5,3038.1,0,3.6,1856.28,24135.68
EMP241C,DT7,JR14,3,113500,13620,0,2.2,4535.46,104415.46
EMP242C,DT2,JR12,11,133025,15963,0,4.1,18639.46,135701.46
EMP243C,DT1,JR16,2,94350,11322,0,3.1,3819.29,86847.29
EMP244C,DT4,JR09,10,106400,12768,0,4.4,10622.98,104254.98
EMP245C,DT9,JR03,6,26650,3198,0,4.2,1790.88,25242.88
EMP246C,DT3,JR09,5,88550,10626,0,4.8,2628.16,80552.16
EMP247C,DT8,JR14,5,123500,14820,0,3,10912.46,119592.46
EMP248C,DT6,JR01,9,21375,2565,0,4.6,1744.2,20554.2
EMP249C,DT8,JR12,8,118575,14229,0,4.9,14238.49,118584.49
EMP250C,DT9,JR10,10,165000,19800,0,4.1,31020,176220
EMP251C,DT2,JR06,7,42880,5145.6,0,4.3,3732.28,41466.68
EMP252C,DT4,JR03,6,26547.5,3185.7,0,4.6,2819.34,26181.14
EMP253C,DT1,JR15,6,117900,14148,0,4.3,14327.21,118079.21
EMP254C,DT7,JR03,10,30442.5,3653.1,0,5,2598.57,29387.97
EMP255C,DT1,JR11,7,86775,10413,0,4.3,2790.68,79152.68
EMP256C,DT5,JR14,4,118000,14160,0,3.1,5947.2,109787.2
EMP257C,DT9,JR11,5,80925,9711,0,2.9,2379.2,73593.2
EMP258C,DT2,JR02,2,20070,2408.4,150.53,4.5,406.22,17917.29
EMP259C,DT9,JR03,11,32082.5,3849.9,0,4.2,1740.15,29972.75
EMP260C,DT8,JR05,8,49525,5943,0,4.9,6083.65,49665.65
EMP261C,DT8,JR01,7,20475,2457,153.56,4.9,2092.55,19956.99
EMP262C,DT9,JR16,9,122400,14688,0,4.8,17233.92,124945.92
EMP263C,DT5,JR11,1,66950,8034,0,2.2,626.65,59542.65
EMP264C,DT9,JR06,11,49120,5894.4,0,4.3,4835.37,48060.97
EMP265C,DT1,JR13,11,184200,22104,0,4.7,17344.27,179440.27
EMP266C,DT6,JR15,3,102150,12258,0,4.4,4192.24,94084.24
EMP267C,DT5,JR11,2,71175,8541,0,2.9,1406.42,64040.42
EMP268C,DT8,JR16,0,86275,10353,0,2.7,486.59,76408.59
EMP269C,DT1,JR07,3,45800,5496,0,2.3,1912.61,42216.61
EMP270C,DT8,JR13,12,189000,22680,0,4.4,40861.8,207181.8
EMP271C,DT5,JR01,7,20250,2430,151.88,4,1304.1,18972.22
EMP272C,DT1,JR03,9,29622.5,3554.7,0,4.7,2109.12,28176.92
EMP273C,DT6,JR16,7,113900,13668,0,3.9,11153.09,111385.09
EMP274C,DT3,JR14,4,121000,14520,0,3,5082,111562
EMP275C,DT2,JR06,12,50560,6067.2,0,4,9383.94,53876.74
EMP276C,DT7,JR10,2,122100,14652,0,2.3,3115.99,110563.99
EMP277C,DT8,JR09,5,88900,10668,0,4.9,6336.79,84568.79
EMP278C,DT8,JR06,0,32640,3916.8,0,2.5,198.45,28921.65
EMP279C,DT6,JR13,8,169200,20304,0,4.1,14984.35,163880.35
EMP280C,DT6,JR09,3,79100,9492,0,2.8,1974.34,71582.34
EMP281C,DT1,JR14,6,131500,15780,0,4.4,15574.86,131294.86
EMP282C,DT2,JR13,7,164400,19728,0,4,20924.83,165596.83
EMP283C,DT3,JR09,7,93800,11256,0,4.1,5612.99,88156.99
EMP284C,DT4,JR02,6,22950,2754,0,4.2,504.9,20700.9
EMP285C,DT8,JR12,3,96475,11577,0,3.9,2709.02,87607.02
EMP286C,DT7,JR05,3,40075,4809,0,2.4,557.84,35823.84
EMP287C,DT5,JR07,3,45600,5472,0,3.6,2400.38,42528.38
EMP288C,DT1,JR05,0,35700,4284,0,1.8,142.8,31558.8
EMP289C,DT8,JR08,11,85800,10296,0,5,14222.21,89726.21
EMP290C,DT9,JR12,3,96475,11577,0,4.1,3021.6,87919.6
EMP291C,DT2,JR03,9,30135,3616.2,0,4.4,3852.46,30371.26
EMP292C,DT2,JR10,8,154000,18480,0,3.9,11827.2,147347.2
EMP293C,DT7,JR16,6,108800,13056,0,3.9,6823.94,102567.94
EMP294C,DT5,JR09,7,94150,11298,0,4.5,9354.74,92206.74
EMP295C,DT5,JR06,9,45600,5472,0,4.5,6046.56,46174.56
EMP296C,DT8,JR12,7,114325,13719,0,4.9,7572.89,108178.89
EMP297C,DT5,JR08,5,69300,8316,0,4.9,5045.04,66029.04
EMP298C,DT4,JR11,3,73775,8853,0,2,1593.54,66515.54
EMP299C,DT3,JR07,5,49200,5904,0,2.3,1448.45,44744.45
EMP300C,DT6,JR16,5,105825,12699,0,4.2,8918.93,102044.93
EMP301C,DT5,JR14,8,139500,16740,0,4.8,8816.4,131576.4
EMP302C,DT4,JR16,1,87975,10557,0,1.6,960.69,78378.69
EMP303C,DT7,JR16,5,107525,12903,0,4.8,5698.82,100320.82
EMP304C,DT1,JR12,11,131750,15810,0,4.9,20869.2,136809.2
EMP305C,DT3,JR16,2,93500,11220,0,2.6,2842.4,85122.4
EMP306C,DT4,JR08,2,60775,7293,0,3.7,1429.43,54911.43
EMP307C,DT8,JR14,11,153000,18360,0,4.5,19461.6,154101.6
EMP308C,DT2,JR04,7,38220,4586.4,0,4.2,3794.48,37428.08
EMP309C,DT4,JR08,2,60500,7260,0,4.1,1258.4,54498.4
EMP310C,DT1,JR01,7,20475,2457,153.56,4.4,2271.91,20136.35
EMP311C,DT6,JR13,11,186600,22392,0,4.8,25683.62,189891.62
EMP312C,DT2,JR13,2,132000,15840,0,3.9,5068.8,121228.8
EMP313C,DT2,JR11,8,91325,10959,0,4.7,12427.51,92793.51
EMP314C,DT6,JR10,3,125400,15048,0,4.5,6881.95,117233.95
EMP315C,DT2,JR09,5,88200,10584,0,4.9,8622.43,86238.43
EMP316C,DT9,JR11,8,92300,11076,0,4.3,3721.54,84945.54
EMP317C,DT2,JR04,5,35560,4267.2,0,4.2,3379.62,34672.42
EMP318C,DT1,JR07,6,52400,6288,0,4.2,2988.9,49100.9
EMP319C,DT8,JR16,3,96900,11628,0,4,5100.82,90372.82
EMP320C,DT6,JR08,1,58300,6996,0,1.5,699.6,52003.6
EMP321C,DT9,JR05,11,53725,6447,0,4.3,4828.8,52106.8
EMP322C,DT5,JR08,8,77000,9240,0,4.4,6160,73920
EMP323C,DT4,JR03,3,23267.5,2792.1,0,2.7,276.42,20751.82
EMP324C,DT6,JR01,7,19875,2385,149.06,5,1136.85,18477.79
EMP325C,DT9,JR04,8,38500,4620,0,4.1,3003,36883
EMP326C,DT7,JR03,6,26752.5,3210.3,0,4.5,2349.94,25892.14
EMP327C,DT9,JR14,11,155500,18660,0,3.9,22093.44,158933.44
EMP328C,DT4,JR08,0,56100,6732,0,2.2,385.97,49753.97
EMP329C,DT5,JR03,1,21422.5,2570.7,0,2.2,169.67,19021.47
EMP330C,DT4,JR03,8,29007.5,3480.9,0,4.8,4430.03,29956.63
EMP331C,DT8,JR01,7,20025,2403,150.19,4.3,1288.01,18759.82
EMP332C,DT5,JR15,10,136800,16416,0,4.2,26178.05,146562.05
EMP333C,DT7,JR11,7,87750,10530,0,4.5,4914,82134
EMP334C,DT5,JR01,3,17250,2070,129.38,2,434.7,15485.32
EMP335C,DT3,JR08,11,84425,10131,0,3.9,6865.44,81159.44
EMP336C,DT5,JR11,9,94575,11349,0,4.4,14114.37,97340.37
EMP337C,DT6,JR03,4,24497.5,2939.7,0,2.4,955.4,22513.2
EMP338C,DT2,JR16,2,95200,11424,0,2.2,3929.86,87705.86
EMP339C,DT8,JR11,1,69225,8307,0,2.3,575.95,61493.95
EMP340C,DT7,JR01,0,15225,1827,114.19,2,36.54,13320.35
EMP341C,DT3,JR14,10,150500,18060,0,4.9,11552.38,143992.38
EMP342C,DT4,JR12,1,90100,10812,0,2.9,518.98,79806.98
EMP343C,DT8,JR03,10,30442.5,3653.1,0,4.8,1417.4,28206.8
EMP344C,DT3,JR14,8,139500,16740,0,4.1,9257.22,132017.22
EMP345C,DT7,JR09,3,81200,9744,0,4.1,1143.3,72599.3
EMP346C,DT3,JR01,3,17025,2043,127.69,3.7,625.16,15479.47
EMP347C,DT1,JR11,6,85150,10218,0,4.2,6123.99,81055.99
EMP348C,DT2,JR16,4,102000,12240,0,2.5,3264,93024
EMP349C,DT7,JR11,6,84825,10179,0,3.9,10141.68,84787.68
EMP350C,DT3,JR15,3,102600,12312,0,3.5,1264.03,91552.03
EMP351C,DT7,JR03,4,25010,3001.2,0,2.1,1408.56,23417.36
EMP352C,DT2,JR16,7,115175,13821,0,4.1,14065.17,115419.17
EMP353C,DT2,JR16,3,97325,11679,0,2.1,2483.73,88129.73
EMP354C,DT1,JR01,4,18300,2196,137.25,2,418.7,16385.45
EMP355C,DT8,JR01,10,22350,2682,0,4.1,3416.87,23084.87
EMP356C,DT3,JR02,6,23040,2764.8,0,4.6,1341.85,21617.05
EMP357C,DT1,JR09,6,89250,10710,0,3.9,3337.95,81877.95
EMP358C,DT6,JR07,11,62800,7536,0,4.3,9450.14,64714.14
EMP359C,DT5,JR14,11,153000,18360,0,4.5,27246.24,161886.24
EMP360C,DT8,JR11,0,66300,7956,0,2.3,403.1,58747.1
EMP361C,DT3,JR01,9,21600,2592,0,4.2,1824.77,20832.77
EMP362C,DT4,JR15,12,142200,17064,0,4,28371.74,153507.74
EMP363C,DT4,JR11,9,93925,11271,0,4.7,4346.85,87000.85
EMP364C,DT2,JR11,1,69550,8346,0,2.6,856.86,62060.86
EMP365C,DT2,JR13,9,172200,20664,0,5,14382.14,165918.14
EMP366C,DT8,JR08,2,60225,7227,0,2.9,1739.3,54737.3
EMP367C,DT7,JR15,0,90000,10800,0,2.5,0,79200
EMP368C,DT4,JR06,11,48960,5875.2,0,4.5,8511.21,51596.01
EMP369C,DT1,JR01,11,22875,2745,0,4.1,3170.47,23300.47
EMP370C,DT5,JR13,9,171600,20592,0,4.3,8854.56,159862.56
EMP371C,DT6,JR09,10,106050,12726,0,5,20098.6,113422.6
EMP372C,DT6,JR10,10,166100,19932,0,4.6,13553.76,159721.76
EMP373C,DT9,JR08,7,73700,8844,0,4.7,9822.74,74678.74
EMP374C,DT8,JR14,2,111500,13380,0,3.8,4718.68,102838.68
EMP375C,DT8,JR14,8,140000,16800,0,4.6,17920,141120
EMP376C,DT1,JR01,11,23100,2772,0,3.9,3792.1,24120.1
EMP377C,DT6,JR15,0,91800,11016,0,1.7,440.64,81224.64
EMP378C,DT1,JR16,8,120700,14484,0,4.8,15816.53,122032.53
EMP379C,DT7,JR10,7,145750,17490,0,5,14021.15,142281.15
EMP380C,DT4,JR06,0,32320,3878.4,0,1.7,74.98,28516.58
EMP381C,DT6,JR01,1,15675,1881,117.56,1.9,107.22,13783.66
EMP382C,DT5,JR05,5,43925,5271,0,5,3584.28,42238.28
EMP383C,DT2,JR12,11,130475,15657,0,4.2,12843.96,127661.96
EMP384C,DT8,JR12,4,100725,12087,0,2.4,3428.68,92066.68
EMP385C,DT2,JR11,3,74100,8892,0,3.6,1825.82,67033.82
EMP386C,DT2,JR02,1,18720,2246.4,140.4,2.2,245.61,16578.81
EMP387C,DT2,JR10,6,143000,17160,0,5,16130.4,141970.4
EMP388C,DT3,JR13,2,132000,15840,0,2.1,4435.2,120595.2
EMP389C,DT2,JR04,3,31500,3780,0,3.7,472.5,28192.5
EMP390C,DT2,JR01,1,16050,1926,120.38,2.5,242.68,14246.3
EMP391C,DT2,JR14,2,108500,13020,0,2.5,2065.84,97545.84
EMP392C,DT5,JR04,11,42980,5157.6,0,4.6,2391.41,40213.81
EMP393C,DT7,JR04,7,37800,4536,0,5,1270.08,34534.08
EMP394C,DT1,JR03,4,24292.5,2915.1,0,4,1689.79,23067.19
EMP395C,DT1,JR13,1,125400,15048,0,2.8,767.45,111119.45
EMP396C,DT8,JR15,8,126900,15228,0,4.8,14568.12,126240.12
EMP397C,DT8,JR08,11,83875,10065,0,3.9,14443.27,88253.27
EMP398C,DT5,JR14,1,106500,12780,0,2.8,2547.48,96267.48
EMP399C,DT6,JR12,10,127925,15351,0,3.9,23256.76,135830.76
EMP400C,DT5,JR12,3,96050,11526,0,4,1798.06,86322.06
EMP401C,DT3,JR05,11,54775,6573,0,4,9655.74,57857.74
EMP402C,DT1,JR16,1,88825,10659,0,2.3,1343.03,79509.03
EMP403C,DT9,JR14,9,146000,17520,0,3.9,13432,141912
EMP404C,DT1,JR10,4,132550,15906,0,3.5,4999.79,121643.79
EMP405C,DT8,JR07,1,41000,4920,0,1.9,213.2,36293.2
EMP406C,DT1,JR10,6,143550,17226,0,4.5,10858.12,137182.12
EMP407C,DT5,JR01,1,15450,1854,115.88,2.8,140.9,13621.02
EMP408C,DT9,JR16,7,116025,13923,0,4.4,8131.03,110233.03
EMP409C,DT1,JR01,8,20925,2511,156.94,3.9,991.85,19248.91
EMP410C,DT1,JR03,3,23985,2878.2,0,2.7,1011.21,22118.01
EMP411C,DT9,JR13,2,132000,15840,0,4.4,1267.2,117427.2
EMP412C,DT7,JR16,11,131325,15759,0,4.4,18895.04,134461.04
EMP413C,DT3,JR10,5,136950,16434,0,3.2,4294.75,124810.75
EMP414C,DT5,JR15,6,118800,14256,0,5,8515.58,113059.58
EMP415C,DT2,JR13,9,173400,20808,0,4.8,29013.29,181605.29
EMP416C,DT3,JR04,9,41160,4939.2,0,4.5,6654.75,42875.55
EMP417C,DT1,JR14,7,134500,16140,0,4.6,8166.84,126526.84
EMP418C,DT6,JR04,5,34580,4149.6,0,4.2,650.1,31080.5
EMP419C,DT6,JR10,2,118800,14256,0,2.4,912.38,105456.38
EMP420C,DT4,JR15,7,121050,14526,0,4.7,4343.27,110867.27
EMP421C,DT8,JR15,4,109350,13122,0,3.1,6770.95,102998.95
EMP422C,DT9,JR09,6,90650,10878,0,5,7487.69,87259.69
EMP423C,DT7,JR10,10,163350,19602,0,4.4,10774.57,154522.57
EMP424C,DT9,JR12,6,112200,13464,0,4.4,13787.14,112523.14
EMP425C,DT2,JR13,4,145200,17424,0,3.8,5366.59,133142.59
EMP426C,DT5,JR10,3,124850,14982,0,3.1,3910.3,113778.3
EMP427C,DT8,JR04,11,43540,5224.8,0,4.1,9665.88,47981.08
EMP428C,DT1,JR10,7,149600,17952,0,4.4,18095.62,149743.62
EMP429C,DT1,JR02,11,27720,3326.4,0,4.2,2514.76,26908.36
EMP430C,DT4,JR15,5,114300,13716,0,4.3,4690.87,105274.87
EMP431C,DT1,JR08,9,80300,9636,0,4.7,8569.62,79233.62
EMP432C,DT6,JR06,3,36800,4416,0,3.9,1545.6,33929.6
EMP433C,DT5,JR15,7,120600,14472,0,4,15745.54,121873.54
EMP434C,DT4,JR12,3,98600,11832,0,3.9,5553.15,92321.15
EMP435C,DT4,JR03,6,26957.5,3234.9,0,4.2,1426.59,25149.19
EMP436C,DT4,JR12,9,124950,14994,0,3.9,13624.55,123580.55
EMP437C,DT6,JR13,7,164400,19728,0,4.8,22871.33,167543.33
EMP438C,DT6,JR01,9,22050,2646,0,4.6,3979.58,23383.58
EMP439C,DT3,JR13,3,136200,16344,0,2.3,7060.61,126916.61
EMP440C,DT2,JR02,10,26910,3229.2,0,4,4369.11,28049.91
EMP441C,DT5,JR15,7,122850,14742,0,4.7,11479.1,119587.1
EMP442C,DT5,JR05,7,47775,5733,0,4.5,4324.59,46366.59
EMP443C,DT4,JR05,7,47775,5733,0,4.6,5161.61,47203.61
EMP444C,DT2,JR12,5,104550,12546,0,3.4,7502.51,99506.51
EMP445C,DT9,JR14,7,134500,16140,0,4.3,14848.8,133208.8
EMP446C,DT2,JR05,7,47950,5754,0,4.3,3832.16,46028.16
EMP447C,DT1,JR14,1,106500,12780,0,2.4,1495.26,95215.26
EMP448C,DT9,JR11,9,92625,11115,0,4.7,13226.85,94736.85
EMP449C,DT6,JR15,6,116100,13932,0,4.6,9157.97,111325.97
EMP450C,DT7,JR09,6,91350,10962,0,4.8,9361.55,89749.55
EMP451C,DT1,JR08,11,84150,10098,0,3.9,9633.49,83685.49
EMP452C,DT7,JR12,10,129200,15504,0,4.6,22036.35,135732.35
EMP453C,DT5,JR04,8,39620,4754.4,0,4.2,1446.92,36312.52
EMP454C,DT9,JR07,8,56800,6816,0,4.7,3435.26,53419.26
EMP455C,DT8,JR16,1,90100,10812,0,2.1,1773.17,81061.17
EMP456C,DT8,JR03,8,29110,3493.2,0,5,1956.19,27572.99
EMP457C,DT7,JR14,8,141500,16980,0,4.2,22549.44,147069.44
EMP458C,DT9,JR07,11,62000,7440,0,4,11457.6,66017.6
EMP459C,DT4,JR09,9,99750,11970,0,4.7,10174.5,97954.5
EMP460C,DT8,JR07,10,59600,7152,0,4.7,3971.74,56419.74
EMP461C,DT8,JR16,9,121975,14637,0,4.8,4244.73,111582.73
EMP462C,DT4,JR16,2,93500,11220,0,4.4,2992,85272
EMP463C,DT2,JR01,11,23475,2817,0,4.1,5093.14,25751.14
EMP464C,DT1,JR06,7,43200,5184,0,4.9,4596.48,42612.48
EMP465C,DT4,JR08,12,86900,10428,0,4.7,15322.21,91794.21
EMP466C,DT3,JR04,2,30660,3679.2,0,2,955.37,27936.17
EMP467C,DT7,JR04,2,31080,3729.6,0,2.7,1203.42,28553.82
EMP468C,DT5,JR09,3,81550,9786,0,2,2260.57,74024.57
EMP469C,DT6,JR10,5,138600,16632,0,4.2,12108.1,134076.1
EMP470C,DT3,JR14,8,139500,16740,0,4.8,13665.42,136425.42
EMP471C,DT4,JR14,10,147500,17700,0,4.1,21859.5,151659.5
EMP472C,DT9,JR02,4,21960,2635.2,0,3.3,1159.49,20484.29
EMP473C,DT6,JR16,3,96050,11526,0,3.5,1698.16,86222.16
EMP474C,DT7,JR06,4,39040,4684.8,0,2.2,1580.34,35935.54
EMP475C,DT1,JR03,2,22242.5,2669.1,0,2.3,317.62,19891.02
EMP476C,DT7,JR16,9,123250,14790,0,4.8,19079.1,127539.1
EMP477C,DT3,JR10,4,129250,15510,0,3.8,6152.3,119892.3
EMP478C,DT8,JR03,9,30032.5,3603.9,0,3.9,4133.67,30562.27
EMP479C,DT2,JR15,6,117450,14094,0,4.8,6591.29,109947.29
EMP480C,DT3,JR02,9,26280,3153.6,0,4.9,4351.97,27478.37
EMP481C,DT2,JR07,6,51200,6144,0,3.9,3211.26,48267.26
EMP482C,DT8,JR04,6,36540,4384.8,0,4.8,3477.15,35632.35
EMP483C,DT8,JR08,7,73975,8877,0,4.7,6329.3,71427.3
EMP484C,DT9,JR13,0,121200,14544,0,2.8,349.06,107005.06
EMP485C,DT8,JR01,12,23700,2844,0,5,3189.07,24045.07
EMP486C,DT1,JR09,9,102200,12264,0,4.7,16548.22,106484.22
EMP487C,DT2,JR10,2,118250,14190,0,1.9,3050.85,107110.85
EMP488C,DT7,JR11,11,99125,11895,0,4.6,11657.1,98887.1
EMP489C,DT5,JR03,3,23780,2853.6,0,4,882.71,21809.11
EMP490C,DT7,JR04,1,29680,3561.6,0,2.3,413.15,26531.55
EMP491C,DT3,JR07,3,46000,5520,0,2.3,1821.6,42301.6
EMP492C,DT6,JR11,9,93600,11232,0,4.9,15814.66,98182.66
EMP493C,DT4,JR11,7,88725,10647,0,4.6,4145.23,82223.23
EMP494C,DT3,JR02,7,24660,2959.2,0,3.9,1167.9,22868.7
EMP495C,DT6,JR08,4,65175,7821,0,4.1,2218.56,59572.56
EMP496C,DT6,JR14,5,123500,14820,0,3.8,4875.78,113555.78
EMP497C,DT3,JR08,10,81400,9768,0,4.3,15003.65,86635.65
EMP498C,DT9,JR05,8,48825,5859,0,4.5,6942.91,49908.91
EMP499C,DT6,JR01,6,19425,2331,145.69,4.4,1146.08,18094.39
EMP500C,DT9,JR01,1,15375,1845,115.31,1.9,92.25,13506.94
EMP501C,DT7,JR07,10,60600,7272,0,4.6,5243.11,58571.11
EMP502C,DT3,JR14,11,156500,18780,0,4.7,12025.46,149745.46
EMP503C,DT8,JR02,2,19800,2376,148.5,4.2,570.24,17845.74
EMP504C,DT1,JR07,6,52000,6240,0,4.8,2745.6,48505.6
EMP505C,DT4,JR07,6,52600,6312,0,5,5302.08,51590.08
EMP506C,DT4,JR04,12,44240,5308.8,0,3.9,9032.04,47963.24
EMP507C,DT8,JR05,0,35350,4242,0,1.5,53.73,31161.73
EMP508C,DT9,JR16,2,92225,11067,0,2,2633.95,83791.95
EMP509C,DT9,JR06,2,35520,4262.4,0,3.5,1531.62,32789.22
EMP510C,DT7,JR09,1,72450,8694,0,2.9,527.44,64283.44
EMP511C,DT4,JR11,8,90025,10803,0,4.3,6654.65,85876.65
EMP512C,DT8,JR01,6,19125,2295,143.44,4.1,1136.03,17822.59
EMP513C,DT3,JR15,8,126900,15228,0,4.5,13319.42,124991.42
EMP514C,DT1,JR09,9,101500,12180,0,4.5,10231.2,99551.2
EMP515C,DT4,JR13,0,120600,14472,0,2.8,48.24,106176.24
EMP516C,DT3,JR15,7,123300,14796,0,4.4,16788.53,125292.53
EMP517C,DT2,JR13,11,187800,22536,0,4.4,11035.13,176299.13
EMP518C,DT7,JR16,12,134300,16116,0,4.4,23679.78,141863.78
EMP519C,DT4,JR10,10,167200,20064,0,4.9,14606.59,161742.59
EMP520C,DT6,JR14,10,149000,17880,0,3.9,21610.96,152730.96
EMP521C,DT6,JR02,9,26370,3164.4,0,4,2942.89,26148.49
EMP522C,DT3,JR06,7,42400,5088,0,4.7,4189.12,41501.12
EMP523C,DT6,JR09,1,74550,8946,0,1.6,1434.34,67038.34
EMP524C,DT5,JR06,4,38240,4588.8,0,2.7,954.47,34605.67
EMP525C,DT6,JR15,5,112950,13554,0,4.4,2765.02,102161.02
EMP526C,DT2,JR13,2,129600,15552,0,1.6,2073.6,116121.6
EMP527C,DT7,JR02,4,21150,2538,0,2.6,917.91,19529.91
EMP528C,DT1,JR13,8,166800,20016,0,4.9,10928.74,157712.74
EMP529C,DT4,JR07,8,55200,6624,0,4.6,3356.16,51932.16
EMP530C,DT7,JR03,6,26752.5,3210.3,0,3.9,1697.18,25239.38
EMP531C,DT4,JR14,9,145000,17400,0,4.8,15660,143260
EMP532C,DT7,JR02,8,25380,3045.6,0,4,1331.94,23666.34
EMP533C,DT8,JR06,0,32160,3859.2,0,2.5,57.89,28358.69
EMP534C,DT9,JR16,6,110075,13209,0,4.6,8832.42,105698.42
EMP535C,DT3,JR16,6,110500,13260,0,5,9812.4,107052.4
EMP536C,DT7,JR05,8,48300,5796,0,5,3964.46,46468.46
EMP537C,DT8,JR09,4,85050,10206,0,3.3,4534.87,79378.87
EMP538C,DT7,JR14,12,158000,18960,0,4.3,27858.56,166898.56
EMP539C,DT1,JR13,6,156600,18792,0,4.6,11845.22,149653.22
EMP540C,DT2,JR14,4,119000,14280,0,3.1,4702.88,109422.88
EMP541C,DT5,JR01,2,16725,2007,125.44,3.3,353.9,14946.46
EMP542C,DT1,JR15,5,112050,13446,0,2.1,4392.36,102996.36
EMP543C,DT8,JR14,8,140000,16800,0,4,9408,132608
EMP544C,DT3,JR07,11,62600,7512,0,3.9,8488.56,63576.56
EMP545C,DT4,JR11,0,65325,7839,0,2.5,67.94,57553.94
EMP546C,DT3,JR06,4,38560,4627.2,0,2.9,1011.81,34944.61
EMP547C,DT3,JR10,8,152350,18282,0,4.9,14546.38,148614.38
EMP548C,DT9,JR08,8,76725,9207,0,4.2,10425.39,77943.39
EMP549C,DT7,JR01,7,20250,2430,151.88,4,2551.5,20219.62
EMP550C,DT6,JR05,2,38675,4641,0,3.9,1559.38,35593.38
EMP551C,DT5,JR16,2,91800,11016,0,2.5,1880.06,82664.06
EMP552C,DT6,JR12,3,99450,11934,0,4.1,3922.31,91438.31
EMP553C,DT9,JR09,4,84700,10164,0,3.4,2703.62,77239.62
EMP554C,DT1,JR12,2,91800,11016,0,1.5,2761.34,83545.34
EMP555C,DT4,JR10,3,123750,14850,0,2.4,3836.25,112736.25
EMP556C,DT9,JR04,2,31220,3746.4,0,4.3,832.95,28306.55
EMP557C,DT1,JR13,4,144000,17280,0,3.4,5760,132480
EMP558C,DT3,JR06,10,48160,5779.2,0,4.7,9533.75,51914.55
EMP559C,DT5,JR14,8,140000,16800,0,4.6,8960,132160
EMP560C,DT3,JR11,7,87750,10530,0,4.5,2948.4,80168.4
EMP561C,DT7,JR16,10,125800,15096,0,4,21738.24,132442.24
EMP562C,DT6,JR02,11,28170,3380.4,0,3.9,6111.76,30901.36
EMP563C,DT9,JR05,2,37800,4536,0,2.7,725.76,33989.76
EMP564C,DT8,JR15,5,112500,13500,0,3.1,5400,104400
EMP565C,DT5,JR05,10,52150,6258,0,4,5723.98,51615.98
EMP566C,DT1,JR05,3,40950,4914,0,3.6,891.07,36927.07
EMP567C,DT6,JR06,10,47360,5683.2,0,4.8,4000.97,45677.77
EMP568C,DT5,JR16,3,97750,11730,0,3.8,4809.3,90829.3
EMP569C,DT5,JR03,8,28597.5,3431.7,0,4.3,3614.72,28780.52
EMP570C,DT2,JR10,11,171600,20592,0,4.3,25369.34,176377.34
EMP571C,DT1,JR16,5,104550,12546,0,4.1,6348.28,98352.28
EMP572C,DT1,JR05,4,42700,5124,0,3.8,1653.34,39229.34
EMP573C,DT8,JR09,0,71400,8568,0,2.9,434.11,63266.11
EMP574C,DT3,JR06,1,32960,3955.2,0,2.8,158.21,29163.01
EMP575C,DT5,JR03,7,27265,3271.8,0,4.3,863.76,24856.96
EMP576C,DT5,JR03,3,23677.5,2841.3,0,3.1,1086.32,21922.52
EMP577C,DT4,JR05,10,52675,6321,0,4.1,7873.86,54227.86
EMP578C,DT2,JR16,11,129625,15555,0,4.1,27221.25,141291.25
EMP579C,DT8,JR04,0,28420,3410.4,0,2.2,143.24,25152.84
EMP580C,DT7,JR09,6,90300,10836,0,4.1,7122.86,86586.86
EMP581C,DT3,JR15,4,107550,12906,0,2.5,6711.12,101355.12
EMP582C,DT8,JR13,11,186600,22392,0,4.3,35625.67,199833.67
EMP583C,DT7,JR15,11,139500,16740,0,4,29462.4,152222.4
EMP584C,DT7,JR09,3,79100,9492,0,3.3,3866.41,73474.41
EMP585C,DT6,JR02,11,27900,3348,0,4.4,3682.8,28234.8
EMP586C,DT4,JR14,7,136000,16320,0,4.4,7833.6,127513.6
EMP587C,DT6,JR07,8,55600,6672,0,5,3469.44,52397.44
EMP588C,DT2,JR11,6,82875,9945,0,3.9,4375.8,77305.8
EMP589C,DT9,JR06,6,42240,5068.8,0,4.7,2919.63,40090.83
EMP590C,DT4,JR01,11,23175,2781,0,3.9,2020.86,22414.86
EMP591C,DT8,JR09,10,103250,12390,0,4.6,10201.1,101061.1
EMP592C,DT2,JR15,1,94050,11286,0,1.9,880.31,83644.31
EMP593C,DT2,JR12,2,92650,11118,0,2.9,1134.04,82666.04
EMP594C,DT1,JR04,9,41160,4939.2,0,4,3404.76,39625.56
EMP595C,DT5,JR11,4,78000,9360,0,2.5,2995.2,71635.2
EMP596C,DT5,JR08,1,56375,6765,0,2.8,315.7,49925.7
EMP597C,DT7,JR11,4,77025,9243,0,2.9,4217.89,71999.89
EMP598C,DT9,JR16,8,120275,14433,0,4.9,19167.02,125009.02
EMP599C,DT1,JR13,7,159000,19080,0,4.1,12815.4,152735.4
EMP600C,DT6,JR03,3,23062.5,2767.5,0,3.2,853.31,21148.31
EMP601C,DT8,JR09,6,89600,10752,0,4.6,3612.67,82460.67
EMP602C,DT3,JR11,9,93925,11271,0,3.9,7356.21,90010.21
EMP603C,DT8,JR05,10,52150,6258,0,5,10016.97,55908.97
EMP604C,DT2,JR01,9,21825,2619,0,4,2144.96,21350.96
EMP605C,DT2,JR06,6,42240,5068.8,0,4.8,2487.09,39658.29
EMP606C,DT1,JR16,10,125800,15096,0,4.6,17873.66,128577.66
EMP607C,DT2,JR10,4,132550,15906,0,3,6086.7,122730.7
EMP608C,DT4,JR03,5,25830,3099.6,0,4.7,913.35,23643.75
EMP609C,DT7,JR06,1,33760,4051.2,0,2,579.32,30288.12
EMP610C,DT8,JR09,1,74900,8988,0,2.7,2013.31,67925.31
EMP611C,DT9,JR15,11,138600,16632,0,4.8,22153.82,144121.82
EMP612C,DT5,JR04,2,31220,3746.4,0,3.6,430.84,27904.44
EMP613C,DT8,JR08,10,83325,9999,0,4.3,13731.96,87057.96
EMP614C,DT8,JR11,8,89375,10725,0,3.9,5362.5,84012.5
EMP615C,DT2,JR11,6,85150,10218,0,4.1,3589.92,78521.92
EMP616C,DT7,JR02,3,20250,2430,151.88,3.3,749.25,18417.37
EMP617C,DT5,JR12,1,90950,10914,0,2.5,662.12,80698.12
EMP618C,DT1,JR16,11,133450,16014,0,4.5,26166.88,143602.88
EMP619C,DT8,JR14,7,133000,15960,0,4.3,5969.04,123009.04
EMP620C,DT7,JR09,8,98700,11844,0,4.9,11978.23,98834.23
EMP621C,DT5,JR02,1,18900,2268,141.75,3,317.52,16807.77
EMP622C,DT5,JR06,0,32640,3916.8,0,2.8,73.11,28796.31
EMP623C,DT7,JR05,8,49525,5943,0,3.9,1973.08,45555.08
EMP624C,DT4,JR06,3,37280,4473.6,0,2.9,2362.06,35168.46
EMP625C,DT6,JR11,10,96525,11583,0,4.2,10111.96,95053.96
EMP626C,DT1,JR07,1,41600,4992,0,1.5,532.48,37140.48
EMP627C,DT7,JR07,7,54600,6552,0,4.8,2391.48,50439.48
EMP628C,DT4,JR08,1,58300,6996,0,2.2,447.74,51751.74
EMP629C,DT5,JR16,11,129625,15555,0,4.1,5444.25,119514.25
EMP630C,DT4,JR07,7,54800,6576,0,4.2,3081.95,51305.95
EMP631C,DT4,JR16,11,133450,16014,0,4.2,12779.17,130215.17
EMP632C,DT7,JR13,11,187800,22536,0,4.7,39047.38,204311.38
EMP633C,DT3,JR16,7,113475,13617,0,4.4,8819.28,108677.28
EMP634C,DT3,JR12,7,115175,13821,0,5,6869.04,108223.04
EMP635C,DT4,JR15,0,90000,10800,0,2,0,79200
EMP636C,DT1,JR12,4,99875,11985,0,2.8,5732.83,93622.83
EMP637C,DT4,JR02,3,20340,2440.8,152.55,4.3,761.53,18508.18
EMP638C,DT6,JR08,9,78375,9405,0,4.3,8527.2,77497.2
EMP639C,DT6,JR06,8,45120,5414.4,0,4.1,2071.91,41777.51
EMP640C,DT5,JR08,6,71225,8547,0,4.2,5883.19,68561.19
EMP641C,DT9,JR07,10,60000,7200,0,4.1,6960,59760
EMP642C,DT4,JR07,3,46200,5544,0,3.1,2119.66,42775.66
EMP643C,DT8,JR07,5,50600,6072,0,4.5,5041.78,49569.78
EMP644C,DT7,JR01,5,18675,2241,140.06,3.9,1171.3,17465.24
EMP645C,DT9,JR10,2,118800,14256,0,2.5,3117.31,107661.31
EMP646C,DT1,JR16,2,93500,11220,0,2.8,3141.6,85421.6
EMP647C,DT8,JR04,11,43820,5258.4,0,4.9,4159.39,42720.99
EMP648C,DT1,JR08,2,59950,7194,0,2.8,1769.72,54525.72
EMP649C,DT2,JR14,4,119500,14340,0,2.2,8761.74,113921.74
EMP650C,DT5,JR08,2,59675,7161,0,2.5,852.16,53366.16
EMP651C,DT1,JR11,10,98800,11856,0,4.6,6576.13,93520.13
EMP652C,DT9,JR10,7,145750,17490,0,4.8,9094.8,137354.8
EMP653C,DT2,JR02,6,23760,2851.2,0,5,1824.77,22733.57
EMP654C,DT1,JR14,12,158000,18960,0,4,33723.52,172763.52
EMP655C,DT2,JR14,10,149000,17880,0,4.7,9929.36,141049.36
EMP656C,DT2,JR14,0,102000,12240,0,2,620.16,90380.16
EMP657C,DT3,JR08,7,73700,8844,0,4.5,3808.82,68664.82
EMP658C,DT8,JR01,8,20925,2511,156.94,4.9,2182.06,20439.12
EMP659C,DT9,JR12,1,90100,10812,0,3,605.47,79893.47
EMP660C,DT6,JR04,7,38360,4603.2,0,4.3,5336.64,39093.44
EMP661C,DT7,JR14,2,109000,13080,0,2.9,1020.24,96940.24
EMP662C,DT9,JR07,8,56000,6720,0,4.9,7168,56448
EMP663C,DT4,JR03,8,28905,3468.6,0,4.1,4645.61,30082.01
EMP664C,DT4,JR09,11,107450,12894,0,4.2,17015.78,111571.78
EMP665C,DT5,JR13,8,169200,20304,0,3.9,21644.06,170540.06
EMP666C,DT7,JR02,7,23850,2862,0,4.8,2914.47,23902.47
EMP667C,DT1,JR04,9,40600,4872,0,4.8,4677.12,40405.12
EMP668C,DT6,JR08,7,75075,9009,0,4,2630.63,68696.63
EMP669C,DT6,JR08,9,80025,9603,0,3.9,12234.22,82656.22
EMP670C,DT6,JR13,11,183600,22032,0,3.9,38144.74,199712.74
EMP671C,DT2,JR04,3,31640,3796.8,0,2,1349.13,29192.33
EMP672C,DT9,JR16,9,124950,14994,0,4.8,9396.24,119352.24
EMP673C,DT9,JR01,4,18150,2178,136.12,2.5,1311.16,17147.04
EMP674C,DT1,JR08,4,65725,7887,0,3.5,3383.52,61221.52
EMP675C,DT8,JR12,2,91375,10965,0,2.6,2576.78,82986.78
EMP676C,DT6,JR13,3,137400,16488,0,4.1,5419.06,126331.06
EMP677C,DT7,JR04,1,29540,3544.8,0,1.8,649.88,26645.08
EMP678C,DT7,JR15,3,103500,12420,0,2.6,1614.6,92694.6
EMP679C,DT7,JR09,3,79450,9534,0,4.5,3861.27,73777.27
EMP680C,DT6,JR02,8,25290,3034.8,0,4.5,1065.21,23320.41
EMP681C,DT6,JR06,7,43360,5203.2,0,4.9,2955.42,41112.22
EMP682C,DT2,JR13,10,181800,21816,0,4.7,20972.45,180956.45
EMP683C,DT2,JR07,10,59400,7128,0,5,4148.5,56420.5
EMP684C,DT2,JR08,8,77825,9339,0,4.2,3875.69,72361.69
EMP685C,DT1,JR09,10,105000,12600,0,4,8820,101220
EMP686C,DT5,JR16,8,120275,14433,0,5,15173.89,121015.89
EMP687C,DT9,JR07,1,41200,4944,0,2.7,346.08,36602.08
EMP688C,DT8,JR06,3,36000,4320,0,3.1,864,32544
EMP689C,DT7,JR10,4,131450,15774,0,3.7,9227.79,124903.79
EMP690C,DT3,JR05,5,43050,5166,0,2.9,1742.66,39626.66
EMP691C,DT4,JR01,4,18150,2178,136.12,4.5,365.9,16201.78
EMP692C,DT7,JR09,2,76300,9156,0,2.9,1428.34,68572.34
EMP693C,DT3,JR15,10,134550,16146,0,4,20779.9,139183.9
EMP694C,DT3,JR12,7,116450,13974,0,3.9,4825.69,107301.69
EMP695C,DT2,JR08,12,86900,10428,0,5,14112.56,90584.56
EMP696C,DT8,JR13,5,148800,17856,0,2.5,6856.7,137800.7
EMP697C,DT5,JR08,7,73150,8778,0,4.3,8303.99,72675.99
EMP698C,DT5,JR02,7,24300,2916,0,4,2857.68,24241.68
EMP699C,DT8,JR03,0,20807.5,2496.9,156.06,2,34.96,18189.5
EMP700C,DT4,JR07,1,42800,5136,0,2.7,647.14,38311.14
EMP701C,DT6,JR06,8,44000,5280,0,4.4,2508,41228
EMP702C,DT5,JR07,3,45600,5472,0,4,1634.3,41762.3
EMP703C,DT8,JR12,3,96050,11526,0,2.9,1098.81,85622.81
EMP704C,DT4,JR05,9,50750,6090,0,4.1,6029.1,50689.1
EMP705C,DT4,JR05,2,38675,4641,0,3.2,649.74,34683.74
EMP706C,DT7,JR06,11,49280,5913.6,0,5,9792.92,53159.32
EMP707C,DT6,JR09,6,89950,10794,0,4.5,3691.55,82847.55
EMP708C,DT5,JR14,4,119000,14280,0,2,2532.32,107252.32
EMP709C,DT5,JR10,7,146300,17556,0,4.9,16221.74,144965.74
EMP710C,DT4,JR12,6,110075,13209,0,4.2,4416.21,101282.21
EMP711C,DT8,JR16,8,117725,14127,0,4.2,10877.79,114475.79
EMP712C,DT5,JR07,5,49400,5928,0,3.5,1300.21,44772.21
EMP713C,DT8,JR10,8,151800,18216,0,4.5,12459.74,146043.74
EMP714C,DT2,JR01,11,23175,2781,0,4.1,1414.6,21808.6
EMP715C,DT3,JR14,6,130000,15600,0,4,9360,123760
EMP716C,DT1,JR09,1,74550,8946,0,1.9,1473.11,67077.11
EMP717C,DT7,JR13,2,129000,15480,0,2.2,2709,116229
EMP718C,DT8,JR02,8,24840,2980.8,0,4.7,3020.54,24879.74
EMP719C,DT6,JR15,8,126450,15174,0,4,18846.11,130122.11
EMP720C,DT8,JR07,8,56200,6744,0,4.8,7465.61,56921.61
EMP721C,DT7,JR07,8,55200,6624,0,4.3,6544.51,55120.51
EMP722C,DT9,JR14,10,151500,18180,0,4,6865.98,140185.98
EMP723C,DT7,JR07,7,54600,6552,0,4.6,7971.6,56019.6
EMP724C,DT5,JR14,4,119000,14280,0,4,6149.92,110869.92
EMP725C,DT4,JR15,10,134550,16146,0,4.4,12787.63,131191.63
EMP726C,DT8,JR01,4,17625,2115,132.19,3.5,493.5,15871.31
EMP727C,DT5,JR11,7,86450,10374,0,4.9,8216.21,84292.21
EMP728C,DT4,JR01,3,17475,2097,131.06,3.3,438.27,15685.21
EMP729C,DT5,JR08,3,61875,7425,0,3.8,2103.75,56553.75
EMP730C,DT5,JR07,10,60800,7296,0,4.7,12393.47,65897.47
EMP731C,DT3,JR04,11,42840,5140.8,0,4.3,7628.95,45328.15
EMP732C,DT7,JR10,3,125400,15048,0,2.8,4072.99,114424.99
EMP733C,DT8,JR16,7,116025,13923,0,4.8,14568.1,116670.1
EMP734C,DT8,JR03,11,31980,3837.6,0,4.3,2435.6,30578
EMP735C,DT8,JR09,1,74550,8946,0,2.7,1124.21,66728.21
EMP736C,DT6,JR11,2,70200,8424,0,1.5,1976.83,63752.83
EMP737C,DT1,JR02,8,24750,2970,0,4.9,2970,24750
EMP738C,DT4,JR04,8,39340,4720.8,0,4.6,4333.69,38952.89
EMP739C,DT9,JR09,4,82250,9870,0,3.9,3915.1,76295.1
EMP740C,DT9,JR15,12,141750,17010,0,5,14997.15,139737.15
EMP741C,DT8,JR01,2,16575,1989,124.31,4.4,292.38,14754.07
EMP742C,DT9,JR07,11,62800,7536,0,4,5440.99,60704.99
EMP743C,DT8,JR10,6,141900,17028,0,4.9,11522.28,136394.28
EMP744C,DT2,JR09,6,91700,11004,0,5,9096.64,89792.64
EMP745C,DT3,JR11,7,87100,10452,0,4.4,2606.03,79254.03
EMP746C,DT1,JR05,2,38850,4662,0,2.6,1196.58,35384.58
EMP747C,DT1,JR13,3,138600,16632,0,2.2,3093.55,125061.55
EMP748C,DT2,JR08,11,85250,10230,0,4.8,10502.8,85522.8
EMP749C,DT6,JR04,8,39760,4771.2,0,4.3,6011.71,41000.51
EMP750C,DT7,JR05,11,53900,6468,0,4,9313.92,56745.92
EMP751C,DT5,JR02,4,21510,2581.2,0,3.7,738.22,19667.02
EMP752C,DT6,JR05,6,44800,5376,0,4,4315.14,43739.14
EMP753C,DT3,JR05,8,48125,5775,0,4.1,5919.38,48269.38
EMP754C,DT7,JR12,4,99875,11985,0,2.7,5033.7,92923.7
EMP755C,DT6,JR04,2,31080,3729.6,0,2.5,1066.67,28417.07
EMP756C,DT6,JR10,9,160050,19206,0,4,26216.19,167060.19
EMP757C,DT7,JR11,11,101075,12129,0,4.8,12565.64,101511.64
EMP758C,DT3,JR03,10,31057.5,3726.9,0,4.8,3838.71,31169.31
EMP759C,DT3,JR09,3,81550,9786,0,4.5,3552.32,75316.32
EMP760C,DT1,JR08,1,57200,6864,0,2.6,622.34,50958.34
EMP761C,DT2,JR14,1,106500,12780,0,1.7,2547.48,96267.48
EMP762C,DT4,JR05,4,42525,5103,0,2.7,1828.57,39250.57
EMP763C,DT3,JR10,9,158950,19074,0,4.1,23200.34,163076.34
EMP764C,DT8,JR04,7,37940,4552.8,0,4.7,2262.74,35649.94
EMP765C,DT6,JR10,4,130350,15642,0,4.2,4630.03,119338.03
EMP766C,DT7,JR12,1,88400,10608,0,1.7,1074.94,78866.94
EMP767C,DT2,JR14,11,152500,18300,0,4,14091,148291
EMP768C,DT9,JR15,7,119250,14310,0,4.2,5890.95,110830.95
EMP769C,DT1,JR12,11,132175,15861,0,4.4,28755.99,145069.99
EMP770C,DT1,JR06,3,36160,4339.2,0,3.6,789.73,32610.53
EMP771C,DT4,JR02,8,24750,2970,0,4.8,3415.5,25195.5
EMP772C,DT8,JR07,5,50000,6000,0,2.3,2100,46100
EMP773C,DT2,JR01,6,19800,2376,148.5,4.2,1115.14,18390.64
EMP774C,DT5,JR10,6,140250,16830,0,4.6,13576.2,136996.2
EMP775C,DT6,JR08,2,59675,7161,0,3,1379.69,53893.69
EMP776C,DT2,JR10,3,126500,15180,0,3.6,4705.8,116025.8
EMP777C,DT7,JR03,4,24907.5,2988.9,0,2.7,985.34,22903.94
EMP778C,DT7,JR01,3,17475,2097,131.06,2.3,484.41,15731.35
EMP779C,DT3,JR05,6,45850,5502,0,5,4207.2,44555.2
EMP780C,DT7,JR16,6,108800,13056,0,4,2924.54,98668.54
EMP781C,DT5,JR16,0,86700,10404,0,1.7,277.44,76573.44
EMP782C,DT9,JR12,1,90525,10863,0,1.5,1412.19,81074.19
EMP783C,DT5,JR14,6,129000,15480,0,4.2,10774.08,124294.08
EMP784C,DT5,JR12,7,116025,13923,0,5,15245.68,117347.68
EMP785C,DT3,JR15,9,132300,15876,0,3.9,22385.16,138809.16
EMP786C,DT4,JR14,3,116500,13980,0,2.2,5382.3,107902.3
EMP787C,DT4,JR16,2,94350,11322,0,2.7,2158.73,85186.73
EMP788C,DT9,JR13,11,184800,22176,0,4.8,37521.79,200145.79
EMP789C,DT5,JR09,4,83300,9996,0,4.4,3545.25,76849.25
EMP790C,DT7,JR06,4,38080,4569.6,0,2.9,2025.86,35536.26
EMP791C,DT6,JR01,1,15600,1872,117,3,144.77,13755.77
EMP792C,DT4,JR13,1,128400,15408,0,1.5,1581.89,114573.89
EMP793C,DT4,JR03,9,29520,3542.4,0,4.1,2909.49,28887.09
EMP794C,DT6,JR13,10,178200,21384,0,4,31805.14,188621.14
EMP795C,DT1,JR14,1,107000,12840,0,1.5,2876.16,97036.16
EMP796C,DT7,JR01,4,17775,2133,133.31,4.3,1210.12,16718.81
EMP797C,DT8,JR03,10,30340,3640.8,0,4.9,5126.25,31825.45
EMP798C,DT6,JR08,11,86075,10329,0,4.3,13617.06,89363.06
EMP799C,DT2,JR15,5,112500,13500,0,3.3,4050,103050
EMP800C,DT1,JR11,4,78650,9438,0,4.1,5285.28,74497.28
EMP801C,DT4,JR02,5,22140,2656.8,0,3.2,570.33,20053.53
EMP802C,DT6,JR11,1,67925,8151,0,1.8,929.21,60703.21
EMP803C,DT8,JR13,6,154800,18576,0,4.8,6823.58,143047.58
EMP804C,DT3,JR04,8,38500,4620,0,5,2772,36652
EMP805C,DT2,JR15,3,104850,12582,0,4.2,3460.05,95728.05
EMP806C,DT2,JR08,11,85250,10230,0,4.1,15379.1,90399.1
EMP807C,DT2,JR07,6,52200,6264,0,4.1,4967.35,50903.35
EMP808C,DT5,JR02,3,20700,2484,155.25,2.8,596.16,18656.91
EMP809C,DT7,JR15,11,140400,16848,0,4.4,23272.7,146824.7
EMP810C,DT3,JR05,8,48300,5796,0,4.5,4111.3,46615.3
EMP811C,DT1,JR14,0,101000,12120,0,2.4,355.52,89235.52
EMP812C,DT1,JR01,10,22650,2718,0,4.2,3326.83,23258.83
EMP813C,DT8,JR15,1,95400,11448,0,2.1,1969.06,85921.06
EMP814C,DT7,JR04,9,41020,4922.4,0,4.4,5035.62,41133.22
EMP815C,DT2,JR12,3,97325,11679,0,3.7,4290.09,89936.09
EMP816C,DT9,JR08,1,58850,7062,0,2.8,1384.15,53172.15
EMP817C,DT4,JR09,2,78050,9366,0,3.5,2585.02,71269.02
EMP818C,DT4,JR10,1,112750,13530,0,2.2,631.4,99851.4
EMP819C,DT3,JR16,9,122825,14739,0,4.6,7433.37,115519.37
EMP820C,DT8,JR04,8,39620,4754.4,0,4.9,3288.46,38154.06
EMP821C,DT9,JR07,10,60000,7200,0,4.9,4800,57600
EMP822C,DT6,JR12,7,112625,13515,0,4.8,5563.68,104673.68
EMP823C,DT3,JR16,0,86700,10404,0,2,208.08,76504.08
EMP824C,DT2,JR05,9,50050,6006,0,4.6,5681.68,49725.68
EMP825C,DT1,JR15,3,104850,12582,0,2.3,5951.29,98219.29
EMP826C,DT5,JR07,10,60000,7200,0,4.7,11280,64080
EMP827C,DT3,JR16,4,101150,12138,0,2.9,1691.23,90703.23
EMP828C,DT6,JR13,3,139800,16776,0,2,5167.01,128191.01
EMP829C,DT7,JR01,5,18450,2214,138.38,4.4,780.8,16878.42
EMP830C,DT8,JR03,11,32082.5,3849.9,0,4.8,3190.28,31422.88
EMP831C,DT2,JR01,9,21975,2637,0,3.9,3596.87,22934.87
EMP832C,DT6,JR08,3,64350,7722,0,3.7,2450.45,59078.45
EMP833C,DT2,JR15,3,105300,12636,0,3.8,3723.41,96387.41
EMP834C,DT5,JR10,4,133100,15972,0,2,10285.97,127413.97
EMP835C,DT4,JR13,8,167400,20088,0,4.5,8463.74,155775.74
EMP836C,DT1,JR09,3,80500,9660,0,3.4,2415,73255
EMP837C,DT9,JR02,6,23490,2818.8,0,4.9,2693.83,23365.03
EMP838C,DT2,JR11,9,93275,11193,0,4.8,4219.76,86301.76
EMP839C,DT6,JR13,0,120600,14472,0,1.6,57.89,106185.89
EMP840C,DT6,JR07,7,54400,6528,0,5,4230.14,52102.14
EMP841C,DT2,JR11,9,94575,11349,0,4.6,9639.08,92865.08
EMP842C,DT2,JR06,8,44480,5337.6,0,3.9,1804.11,40946.51
EMP843C,DT2,JR10,9,160600,19272,0,4.7,12411.17,153739.17
EMP844C,DT7,JR04,5,35420,4250.4,0,4.5,3303.98,34473.58
EMP845C,DT9,JR02,8,25470,3056.4,0,4.2,1014.72,23428.32
EMP846C,DT9,JR12,5,106250,12750,0,4.1,6800,100300
EMP847C,DT2,JR14,5,123500,14820,0,3.2,11144.64,119824.64
EMP848C,DT6,JR04,7,38360,4603.2,0,4.6,1362.55,35119.35
EMP849C,DT1,JR06,6,41600,4992,0,4.7,4692.48,41300.48
EMP850C,DT5,JR01,9,21375,2565,0,3.9,1671.53,20481.53
EMP851C,DT4,JR10,9,157300,18876,0,4.6,18938.92,157362.92
EMP852C,DT8,JR10,11,167750,20130,0,4,34522.95,182142.95
EMP853C,DT1,JR01,6,19725,2367,147.94,4.9,2137.4,19347.46
EMP854C,DT3,JR10,1,117150,14058,0,1.5,2558.56,105650.56
EMP855C,DT7,JR07,8,55400,6648,0,4.7,4948.33,53700.33
EMP856C,DT7,JR06,0,32320,3878.4,0,2.4,85.32,28526.92
EMP857C,DT4,JR16,11,130900,15708,0,5,11875.25,127067.25
EMP858C,DT3,JR03,2,22652.5,2718.3,0,2.2,704.04,20638.24
EMP859C,DT1,JR01,1,15825,1899,118.69,2.3,341.19,14148.5
EMP860C,DT8,JR13,7,163200,19584,0,4.5,19270.66,162886.66
EMP861C,DT5,JR12,10,127500,15300,0,4,17340,129540
EMP862C,DT4,JR04,7,38220,4586.4,0,4.5,4798.9,38432.5
EMP863C,DT2,JR12,9,124100,14892,0,4.8,21464.34,130672.34
EMP864C,DT1,JR08,3,62425,7491,0,3.9,2696.76,57630.76
EMP865C,DT8,JR09,9,100450,12054,0,4.2,9438.28,97834.28
EMP866C,DT8,JR04,9,39900,4788,0,4.4,4205.46,39317.46
EMP867C,DT8,JR04,10,42140,5056.8,0,4.9,7831.3,44914.5
EMP868C,DT2,JR07,6,52600,6312,0,4.1,6627.6,52915.6
EMP869C,DT9,JR09,11,108850,13062,0,4.1,5316.23,101104.23
EMP870C,DT3,JR02,9,25920,3110.4,0,4.2,1186.1,23995.7
EMP871C,DT9,JR14,10,151500,18180,0,4.7,16852.86,150172.86
EMP872C,DT1,JR01,7,20250,2430,151.88,4.8,2097.9,19766.02
EMP873C,DT6,JR05,9,51275,6153,0,4.1,2288.92,47410.92
EMP874C,DT6,JR04,7,38080,4569.6,0,4.6,1645.06,35155.46
EMP875C,DT8,JR08,4,64900,7788,0,2.9,2523.31,59635.31
EMP876C,DT8,JR16,2,91375,10965,0,2.1,1644.75,82054.75
EMP877C,DT3,JR03,7,27367.5,3284.1,0,4.6,2567.07,26650.47
EMP878C,DT9,JR11,0,66300,7956,0,2.4,275.81,58619.81
EMP879C,DT1,JR16,3,96050,11526,0,2.1,4095.57,88619.57
EMP880C,DT9,JR07,9,58600,7032,0,4.8,8937.67,60505.67
EMP881C,DT6,JR08,8,75900,9108,0,4.6,6460.61,73252.61
EMP882C,DT4,JR15,10,135000,16200,0,3.9,22140,140940
EMP883C,DT1,JR08,5,67375,8085,0,4.2,2546.78,61836.78
EMP884C,DT2,JR06,9,45760,5491.2,0,4.5,7713.31,47982.11
EMP885C,DT2,JR10,1,113300,13596,0,1.7,1087.68,100791.68
EMP886C,DT1,JR01,5,19050,2286,142.88,4.5,576.07,17197.19
EMP887C,DT5,JR14,9,144000,17280,0,4.1,20782.08,147502.08
EMP888C,DT8,JR01,9,21750,2610,0,3.9,2349,21489
EMP889C,DT3,JR08,11,85250,10230,0,3.9,10877.9,85897.9
EMP890C,DT1,JR02,7,24210,2905.2,0,4.8,2405.51,23710.31
EMP891C,DT3,JR05,6,45150,5418,0,4.9,2723.45,42455.45
EMP892C,DT4,JR14,5,126000,15120,0,3.9,5241.6,116121.6
EMP893C,DT2,JR06,1,34080,4089.6,0,1.7,443.04,30433.44
EMP894C,DT8,JR12,3,98175,11781,0,2.4,5112.95,91506.95
EMP895C,DT6,JR07,9,57800,6936,0,5,2674.98,53538.98
EMP896C,DT4,JR13,11,188400,22608,0,4.4,25773.12,191565.12
EMP897C,DT7,JR09,8,98000,11760,0,4.7,11289.6,97529.6
EMP898C,DT7,JR11,2,71825,8619,0,3.5,905,64111
EMP899C,DT2,JR05,2,39200,4704,0,4,1580.54,36076.54
EMP900C,DT2,JR05,3,40950,4914,0,2.4,668.3,36704.3
EMP901C,DT9,JR12,7,112625,13515,0,4.6,12591.48,111701.48
EMP902C,DT8,JR16,5,104550,12546,0,2.1,2308.46,94312.46
EMP903C,DT6,JR09,5,87850,10542,0,3.9,8243.84,85551.84
EMP904C,DT7,JR09,6,91700,11004,0,3.9,2501.58,83197.58
EMP905C,DT8,JR10,2,120450,14454,0,2.8,1373.13,107369.13
EMP906C,DT1,JR01,9,22050,2646,0,4.3,1326.53,20730.53
EMP907C,DT7,JR14,11,153500,18420,0,4.8,9197.72,144277.72
EMP908C,DT6,JR05,3,39900,4788,0,4.5,2145.02,37257.02
EMP909C,DT4,JR07,9,57400,6888,0,4.2,4993.8,55505.8
EMP910C,DT6,JR05,1,37275,4473,0,2.1,620.26,33422.26
EMP911C,DT5,JR09,4,84350,10122,0,4,6501.7,80729.7
EMP912C,DT2,JR06,2,34560,4147.2,0,2.1,862.62,31275.42
EMP913C,DT5,JR08,9,78925,9471,0,4.6,12085,81539
EMP914C,DT5,JR04,1,29820,3578.4,0,2.2,403.17,26644.77
EMP915C,DT4,JR03,8,28700,3444,0,4.7,2938.88,28194.88
EMP916C,DT5,JR06,11,49280,5913.6,0,4.9,6173.8,49540.2
EMP917C,DT5,JR14,1,103500,12420,0,3,840.42,91920.42
EMP918C,DT9,JR07,9,57400,6888,0,4.9,7790.33,58302.33
EMP919C,DT1,JR02,11,28260,3391.2,0,4.1,2061.85,26930.65
EMP920C,DT6,JR13,3,138600,16632,0,4,8421.34,130389.34
EMP921C,DT9,JR06,12,50560,6067.2,0,4.3,7507.15,51999.95
EMP922C,DT4,JR07,6,52800,6336,0,4.3,3919.87,50383.87
EMP923C,DT3,JR11,11,99125,11895,0,3.9,19150.95,106380.95
EMP924C,DT1,JR14,11,156000,18720,0,3.9,6988.8,144268.8
EMP925C,DT6,JR09,4,83650,10038,0,3.4,2218.4,75830.4
EMP926C,DT6,JR15,4,107100,12852,0,4.1,2441.88,96689.88
EMP927C,DT5,JR14,12,158000,18960,0,5,32990.4,172030.4
EMP928C,DT9,JR01,11,22950,2754,0,4.9,2724.62,22920.62
EMP929C,DT2,JR01,4,18075,2169,135.56,3.6,978.22,16748.66
EMP930C,DT3,JR14,5,125500,15060,0,4.4,9472.74,119912.74
EMP931C,DT4,JR02,5,22230,2667.6,0,3.5,1755.28,21317.68
EMP932C,DT5,JR04,1,28980,3477.6,0,2.7,365.15,25867.55
EMP933C,DT8,JR15,6,116550,13986,0,5,13477.84,116041.84
EMP934C,DT2,JR15,6,115200,13824,0,4.2,9031.68,110407.68
EMP935C,DT8,JR15,6,118800,14256,0,5,10948.61,115492.61
EMP936C,DT6,JR04,2,30800,3696,0,3.9,985.6,28089.6
EMP937C,DT5,JR01,6,19200,2304,144,3.9,1204.22,17956.22
EMP938C,DT3,JR06,2,35200,4224,0,3.2,1295.36,32271.36
EMP939C,DT7,JR16,9,123250,14790,0,4.4,7099.2,115559.2
EMP940C,DT6,JR15,0,91350,10962,0,2.1,493.29,80881.29
EMP941C,DT9,JR13,11,187200,22464,0,4.9,8386.56,173122.56
EMP942C,DT5,JR02,7,24390,2926.8,0,4.3,761.94,22225.14
EMP943C,DT8,JR09,2,75950,9114,0,1.5,2324.07,69160.07
EMP944C,DT4,JR04,5,35560,4267.2,0,4.1,3149.19,34441.99
EMP945C,DT9,JR10,5,139150,16698,0,3.9,5309.96,127761.96
EMP946C,DT5,JR12,1,88825,10659,0,2.7,1215.13,79381.13
EMP947C,DT8,JR05,5,43925,5271,0,4.3,3584.28,42238.28
EMP948C,DT3,JR04,0,28560,3427.2,0,1.9,137.09,25269.89
EMP949C,DT1,JR08,8,77275,9273,0,4.5,3755.57,71757.57
EMP950C,DT6,JR09,0,70700,8484,0,2.6,113.12,62329.12
EMP951C,DT6,JR13,3,137400,16488,0,2.7,1593.84,122505.84
EMP952C,DT8,JR15,3,102150,12258,0,4.1,3309.66,93201.66
EMP953C,DT3,JR13,11,183600,22032,0,5,24910.85,186478.85
EMP954C,DT1,JR06,10,48160,5779.2,0,4.2,5836.99,48217.79
EMP955C,DT3,JR12,5,106250,12750,0,3.7,8500,102000
EMP956C,DT4,JR06,1,33920,4070.4,0,1.6,667.55,30517.15
EMP957C,DT4,JR14,7,135500,16260,0,3.9,12699.06,131939.06
EMP958C,DT2,JR08,6,72050,8646,0,4.6,7683.41,71087.41
EMP959C,DT3,JR11,1,66625,7995,0,2.6,306.47,58936.47
EMP960C,DT9,JR15,6,117000,14040,0,4.4,6739.2,109699.2
EMP961C,DT7,JR03,6,26855,3222.6,0,4.8,1531.81,25164.21
EMP962C,DT2,JR12,2,93075,11169,0,3,2617.27,84523.27
EMP963C,DT7,JR04,2,30800,3696,0,2.7,369.6,27473.6
EMP964C,DT6,JR10,9,157300,18876,0,4,14610.02,153034.02
EMP965C,DT8,JR01,9,21525,2583,0,4.1,2696.65,21638.65
EMP966C,DT3,JR07,2,43000,5160,0,2.1,412.8,38252.8
EMP967C,DT5,JR06,5,39680,4761.6,0,4.1,3275.98,38194.38
EMP968C,DT3,JR07,4,47600,5712,0,2.2,795.87,42683.87
EMP969C,DT8,JR01,6,19800,2376,148.5,4,608.26,17883.76
EMP970C,DT6,JR10,7,150700,18084,0,4.4,17842.88,150458.88
EMP971C,DT5,JR02,1,19080,2289.6,143.1,3,100.74,16748.04
EMP972C,DT4,JR06,6,42240,5068.8,0,4,4000.97,41172.17
EMP973C,DT8,JR09,2,76300,9156,0,2.5,1428.34,68572.34
EMP974C,DT7,JR15,10,132750,15930,0,4.8,8575.65,125395.65
EMP975C,DT1,JR05,6,44975,5397,0,4.9,1743.23,41321.23
EMP976C,DT8,JR08,11,83875,10065,0,4.8,9511.42,83321.42
EMP977C,DT1,JR03,9,29417.5,3530.1,0,4.6,3480.68,29368.08
EMP978C,DT2,JR11,1,69225,8307,0,1.5,1331.89,62249.89
EMP979C,DT6,JR02,3,20610,2473.2,154.57,4.1,1051.93,19034.16
EMP980C,DT4,JR13,6,154200,18504,0,4.4,7734.67,143430.67
EMP981C,DT3,JR02,1,19170,2300.4,143.78,1.5,348.89,17074.71
EMP982C,DT2,JR15,5,110250,13230,0,2.2,7342.65,104362.65
EMP983C,DT4,JR02,10,27270,3272.4,0,4.7,4157.04,28154.64
EMP984C,DT7,JR10,3,124300,14916,0,4.1,3231.8,112615.8
EMP985C,DT5,JR07,7,53400,6408,0,4.7,2432.9,49424.9
EMP986C,DT6,JR07,4,48400,5808,0,2.6,1219.68,43811.68
EMP987C,DT6,JR13,3,138000,16560,0,3.6,3974.4,125414.4
EMP988C,DT7,JR11,8,91650,10998,0,4.5,5110.4,85762.4
EMP989C,DT6,JR11,10,96200,11544,0,4.8,14406.91,99062.91
EMP990C,DT2,JR13,2,134400,16128,0,3.7,1548.29,119820.29
EMP991C,DT9,JR08,1,57200,6864,0,2.1,292.86,50628.86
EMP992C,DT6,JR05,8,48825,5859,0,4.3,5245.76,48211.76
EMP993C,DT1,JR14,4,121500,14580,0,4.1,3761.64,110681.64
EMP994C,DT8,JR01,11,22875,2745,0,4.4,4611.6,24741.6
EMP995C,DT1,JR08,2,60500,7260,0,3.9,2274.8,55514.8
EMP996C,DT3,JR01,4,18225,2187,136.69,3.5,720.98,16622.29
EMP997C,DT3,JR05,7,47075,5649,0,3.9,5456.93,46882.93
EMP998C,DT5,JR06,1,33600,4032,0,2.5,645.12,30213.12
EMP999C,DT5,JR02,4,21330,2559.6,0,2.8,441.96,19212.36
EMP001D,DT8,JR13,0,120000,14400,0,1.7,0,105600
EMP002D,DT7,JR12,10,126650,15198,0,5,15390.51,126842.51
EMP003D,DT9,JR08,6,72600,8712,0,4.9,8363.52,72251.52
EMP004D,DT4,JR03,9,29315,3517.8,0,5,3630.37,29427.57
EMP005D,DT4,JR06,11,49600,5952,0,4.5,2837.12,46485.12
EMP006D,DT4,JR12,8,120275,14433,0,4.9,7586.95,113428.95
EMP007D,DT1,JR06,10,47840,5740.8,0,4.3,3220.59,45319.79
EMP008D,DT8,JR01,6,19650,2358,147.38,4,682.25,17826.87
EMP009D,DT7,JR04,10,41860,5023.2,0,4.9,7956.75,44793.55
EMP010D,DT9,JR09,7,93800,11256,0,3.9,10460.58,93004.58
EMP011D,DT1,JR14,9,145500,17460,0,4.2,7944.3,135984.3
EMP012D,DT9,JR02,11,27540,3304.8,0,4.2,4086.94,28322.14
EMP013D,DT1,JR06,9,46560,5587.2,0,4,4236.96,45209.76
EMP014D,DT6,JR06,2,34560,4147.2,0,2.5,552.96,30965.76
EMP015D,DT4,JR12,5,107100,12852,0,4.4,3787.06,98035.06
EMP016D,DT8,JR04,9,40740,4888.8,0,4.3,6228.33,42079.53
EMP017D,DT5,JR11,7,89050,10686,0,4,7907.64,86271.64
EMP018D,DT6,JR10,10,163900,19668,0,4.3,18632.15,162864.15
EMP019D,DT6,JR09,10,105000,12600,0,4.5,5040,97440
EMP020D,DT4,JR14,1,103500,12420,0,1.8,811.44,91891.44
EMP021D,DT7,JR08,11,85525,10263,0,4.5,13670.32,88932.32
EMP022D,DT8,JR16,8,119000,14280,0,4.4,10662.4,115382.4
EMP023D,DT2,JR08,9,78925,9471,0,4.3,2746.59,72200.59
EMP024D,DT1,JR01,10,22500,2700,0,4.4,4050,23850
EMP025D,DT8,JR16,10,127075,15249,0,4.5,19625.46,131451.46
EMP026D,DT2,JR13,7,163800,19656,0,4.1,16740.36,160884.36
EMP027D,DT9,JR10,10,164450,19734,0,4.3,31258.66,175974.66
EMP028D,DT7,JR11,3,73125,8775,0,4.5,2193.75,66543.75
EMP029D,DT3,JR04,1,29120,3494.4,0,2,111.82,25737.42
EMP030D,DT5,JR05,7,47425,5691,0,4.6,4309.98,46043.98
EMP031D,DT1,JR11,7,89050,10686,0,4.3,10279.93,88643.93
EMP032D,DT3,JR16,8,117725,14127,0,4.2,17767.06,121365.06
EMP033D,DT4,JR09,11,108500,13020,0,4.6,21960.4,117440.4
EMP034D,DT8,JR10,6,141350,16962,0,4.6,4834.17,129222.17
EMP035D,DT7,JR03,2,22857.5,2742.9,0,4.1,757.04,20871.64
EMP036D,DT1,JR01,3,17175,2061,128.81,2.3,697.3,15682.49
EMP037D,DT4,JR03,3,23882.5,2865.9,0,2.3,819.65,21836.25
EMP038D,DT4,JR14,8,138000,16560,0,4.4,18878.4,140318.4
EMP039D,DT2,JR09,5,87850,10542,0,3.9,8423.06,85731.06
EMP040D,DT2,JR10,8,153450,18414,0,5,19880.98,154916.98
EMP041D,DT2,JR04,3,32760,3931.2,0,4.1,579.2,29408
EMP042D,DT9,JR10,8,152350,18282,0,4.9,15484.85,149552.85
EMP043D,DT2,JR16,3,99025,11883,0,2.5,5359.23,92501.23
EMP044D,DT3,JR08,5,69850,8382,0,4.5,4375.4,65843.4
EMP045D,DT9,JR07,10,60000,7200,0,4.5,2640,55440
EMP046D,DT1,JR13,8,167400,20088,0,4.7,11637.65,158949.65
EMP047D,DT7,JR13,9,174600,20952,0,5,24786.22,178434.22
EMP048D,DT1,JR03,0,20500,2460,153.75,1.8,0,17886.25
EMP049D,DT3,JR01,9,22050,2646,0,4.4,1160.71,20564.71
EMP050D,DT9,JR06,2,35680,4281.6,0,4.5,1378.68,32777.08
EMP051D,DT8,JR10,9,156750,18810,0,4.1,13323.75,151263.75
EMP052D,DT5,JR02,10,27270,3272.4,0,4.6,4044.69,28042.29
EMP053D,DT9,JR06,6,41760,5011.2,0,4.6,3871.99,40620.79
EMP054D,DT8,JR09,1,74900,8988,0,2.3,2055.26,67967.26
EMP055D,DT8,JR11,5,79950,9594,0,4.4,4413.24,74769.24
EMP056D,DT9,JR12,7,113900,13668,0,4.7,10533.47,110765.47
EMP057D,DT9,JR01,9,21525,2583,0,4,2322.12,21264.12
EMP058D,DT7,JR10,1,116600,13992,0,2,2574.53,105182.53
EMP059D,DT3,JR10,9,158400,19008,0,4,14496.77,153888.77
EMP060D,DT4,JR10,10,166650,19998,0,4.2,20597.94,167249.94
EMP061D,DT7,JR11,11,100100,12012,0,4.1,18594.58,106682.58
EMP062D,DT6,JR11,10,97500,11700,0,4.8,6630,92430
EMP063D,DT8,JR11,8,90675,10881,0,5,12607.45,92401.45
EMP064D,DT1,JR13,1,123000,14760,0,2.5,492,108732
EMP065D,DT2,JR09,10,103950,12474,0,4.8,9679.82,101155.82
EMP066D,DT4,JR11,10,97825,11739,0,3.9,15018.09,101104.09
EMP067D,DT7,JR03,5,25317.5,3038.1,0,2.1,713.95,22993.35
EMP068D,DT2,JR07,6,51600,6192,0,4.3,5387.04,50795.04
EMP069D,DT9,JR12,7,116450,13974,0,4.2,12408.91,114884.91
EMP070D,DT6,JR08,10,83325,9999,0,4.4,10298.97,83624.97
EMP071D,DT9,JR07,10,59400,7128,0,4.9,4378.97,56650.97
EMP072D,DT8,JR14,1,102500,12300,0,2.8,984,91184
EMP073D,DT1,JR10,4,133100,15972,0,3,7826.28,124954.28
EMP074D,DT3,JR04,9,40880,4905.6,0,4.7,6920.17,42894.57
EMP075D,DT2,JR07,6,52200,6264,0,3.9,2292.62,48228.62
EMP076D,DT1,JR01,9,21375,2565,0,4.8,1816.88,20626.88
EMP077D,DT8,JR10,5,136400,16368,0,2.6,11261.18,131293.18
EMP078D,DT3,JR15,2,96750,11610,0,2.1,1161,86301
EMP079D,DT6,JR06,7,42400,5088,0,4.4,4409.6,41721.6
EMP080D,DT5,JR09,10,104300,12516,0,4.7,13901.1,105685.1
EMP081D,DT7,JR09,5,86100,10332,0,2.4,6812.23,82580.23
EMP082D,DT6,JR01,11,23250,2790,0,4.2,2046,22506
EMP083D,DT1,JR12,4,103275,12393,0,3.6,3552.66,94434.66
EMP084D,DT4,JR13,2,129000,15480,0,3,3715.2,117235.2
EMP085D,DT1,JR10,10,164450,19734,0,5,18234.22,162950.22
EMP086D,DT5,JR14,10,147500,17700,0,4.7,10649.5,140449.5
EMP087D,DT5,JR11,8,90025,10803,0,4.3,8318.31,87540.31
EMP088D,DT7,JR03,4,24292.5,2915.1,0,2.5,1330.26,22707.66
EMP089D,DT7,JR14,2,111500,13380,0,2.5,1333.54,99453.54
EMP090D,DT6,JR09,3,78750,9450,0,2.2,2835,72135
EMP091D,DT3,JR11,2,72475,8697,0,3.9,3267.17,67045.17
EMP092D,DT7,JR05,10,52150,6258,0,4.9,9812.54,55704.54
EMP093D,DT9,JR10,1,114950,13794,0,1.9,1365.61,102521.61
EMP094D,DT4,JR16,11,129625,15555,0,4.3,10888.5,124958.5
EMP095D,DT2,JR09,9,100450,12054,0,4.5,6641.75,95037.75
EMP096D,DT2,JR07,9,58400,7008,0,4.7,8596.48,59988.48
EMP097D,DT1,JR12,7,113050,13566,0,4.3,12534.98,112018.98
EMP098D,DT7,JR12,1,87975,10557,0,1.9,689.72,78107.72
EMP099D,DT3,JR01,11,23175,2781,0,4.6,1919.82,22313.82
EMP100D,DT6,JR13,7,162000,19440,0,4.2,18144,160704
EMP101D,DT9,JR05,11,54950,6594,0,4.9,12278.03,60634.03
EMP102D,DT9,JR14,9,143000,17160,0,4,17709.12,143549.12
EMP103D,DT1,JR15,1,93600,11232,0,2.8,1257.98,83625.98
EMP104D,DT4,JR16,8,117725,14127,0,4.5,10877.79,114475.79
EMP105D,DT5,JR02,8,25020,3002.4,0,4.7,2888.31,24905.91
EMP106D,DT6,JR07,8,56400,6768,0,5,7029.7,56661.7
EMP107D,DT7,JR02,6,23490,2818.8,0,4.9,687.79,21358.99
EMP108D,DT2,JR10,5,138050,16566,0,5,11828.12,133312.12
EMP109D,DT8,JR11,9,94250,11310,0,4.9,7125.3,90065.3
EMP110D,DT3,JR15,2,100800,12096,0,4.3,4257.79,92961.79
EMP111D,DT3,JR09,11,108850,13062,0,4.9,22231.52,118019.52
EMP112D,DT7,JR15,1,94050,11286,0,2.1,1455.89,84219.89
EMP113D,DT6,JR02,10,26640,3196.8,0,4.5,3887.31,27330.51
EMP114D,DT2,JR07,3,46200,5544,0,2,2406.1,43062.1
EMP115D,DT9,JR11,7,86125,10335,0,5,5822.05,81612.05
EMP116D,DT3,JR07,9,58800,7056,0,3.9,10612.22,62356.22
EMP117D,DT5,JR07,2,43400,5208,0,1.7,560.73,38752.73
EMP118D,DT6,JR12,3,96050,11526,0,2.3,3596.11,88120.11
EMP119D,DT2,JR15,7,122400,14688,0,4,11985.41,119697.41
EMP120D,DT1,JR16,6,111775,13413,0,4.1,10985.25,109347.25
EMP121D,DT7,JR05,8,48475,5817,0,4.4,4031.18,46689.18
EMP122D,DT2,JR02,5,22320,2678.4,0,4,471.4,20113
EMP123D,DT1,JR01,10,22575,2709,0,4.6,4286.54,24152.54
EMP124D,DT5,JR08,5,67925,8151,0,3.5,4980.26,64754.26
EMP125D,DT9,JR04,7,37660,4519.2,0,5,1455.18,34595.98
EMP126D,DT9,JR12,5,106675,12801,0,4.2,3264.25,97138.25
EMP127D,DT1,JR07,4,47400,5688,0,3.5,2385.17,44097.17
EMP128D,DT3,JR02,7,23850,2862,0,4.2,2480.4,23468.4
EMP129D,DT2,JR06,5,39200,4704,0,3.2,3245.76,37741.76
EMP130D,DT4,JR15,5,113400,13608,0,4.6,5189.18,104981.18
EMP131D,DT7,JR15,12,141750,17010,0,4.5,11084.85,135824.85
EMP132D,DT2,JR11,9,94250,11310,0,4.5,6446.7,89386.7
EMP133D,DT9,JR03,9,29315,3517.8,0,4.2,5042.18,30839.38
EMP134D,DT9,JR15,6,115200,13824,0,4.7,2838.53,104214.53
EMP135D,DT3,JR16,1,88825,10659,0,2.5,447.68,78613.68
EMP136D,DT7,JR07,3,45200,5424,0,2.5,987.17,40763.17
EMP137D,DT5,JR06,4,37920,4550.4,0,2.2,1571.4,34941
EMP138D,DT6,JR02,9,26190,3142.8,0,4,4099.26,27146.46
EMP139D,DT7,JR12,10,127500,15300,0,4.8,11730,123930
EMP140D,DT4,JR01,7,20325,2439,152.44,4.5,1731.69,19465.25
EMP141D,DT1,JR11,0,65650,7878,0,3,252.1,58024.1
EMP142D,DT6,JR05,6,45850,5502,0,3.9,2501.58,42849.58
EMP143D,DT9,JR05,3,39550,4746,0,2,740.38,35544.38
EMP144D,DT9,JR03,3,23780,2853.6,0,4.4,426.14,21352.54
EMP145D,DT3,JR09,1,73150,8778,0,2.8,711.02,65083.02
EMP146D,DT2,JR15,8,123750,14850,0,4.4,10023.75,118923.75
EMP147D,DT3,JR09,10,103600,12432,0,4.5,16310.78,107478.78
EMP148D,DT5,JR06,4,38080,4569.6,0,2.1,1157.63,34668.03
EMP149D,DT9,JR06,5,39200,4704,0,3.7,2257.92,36753.92
EMP150D,DT3,JR01,7,20325,2439,152.44,3.9,2655.26,20388.82
EMP151D,DT7,JR13,4,141600,16992,0,2.2,5709.31,130317.31
EMP152D,DT9,JR02,2,20070,2408.4,150.53,2.7,313.89,17824.96
EMP153D,DT3,JR02,8,24930,2991.6,0,4.2,1382.12,23320.52
EMP154D,DT2,JR15,7,121050,14526,0,4.3,8686.55,115210.55
EMP155D,DT1,JR13,8,169200,20304,0,4,17204.26,166100.26
EMP156D,DT4,JR03,10,30340,3640.8,0,4.1,3145.65,29844.85
EMP157D,DT7,JR13,2,134400,16128,0,4.1,2451.46,120723.46
EMP158D,DT7,JR01,4,18150,2178,136.12,4.1,853.78,16689.66
EMP159D,DT7,JR14,10,149500,17940,0,4.3,6512.22,138072.22
EMP160D,DT6,JR01,9,21975,2637,0,5,2288.92,21626.92
EMP161D,DT8,JR03,11,31877.5,3825.3,0,4.9,3821.47,31873.67
EMP162D,DT3,JR03,2,22550,2706,0,4.1,432.96,20276.96
EMP163D,DT2,JR09,11,109900,13188,0,4,14032.03,110744.03
EMP164D,DT1,JR01,4,17925,2151,134.44,3.4,1006.67,16646.23
EMP165D,DT5,JR04,1,28700,3444,0,1.9,235.34,25491.34
EMP166D,DT3,JR06,5,40160,4819.2,0,4.1,3277.06,38617.86
EMP167D,DT6,JR02,0,18180,2181.6,136.35,2.3,48,15910.05
EMP168D,DT1,JR14,8,139500,16740,0,4.6,10138.86,132898.86
EMP169D,DT5,JR03,7,27162.5,3259.5,0,4.7,3178.01,27081.01
EMP170D,DT4,JR13,8,169800,20376,0,4.5,23676.91,173100.91
EMP171D,DT5,JR12,6,110075,13209,0,4.8,4675.99,101541.99
EMP172D,DT7,JR09,10,103250,12390,0,4.3,8239.35,99099.35
EMP173D,DT2,JR09,0,70700,8484,0,1.5,248.86,62464.86
EMP174D,DT8,JR04,10,42420,5090.4,0,4.7,6116.96,43446.56
EMP175D,DT1,JR04,1,29120,3494.4,0,1.9,447.28,26072.88
EMP176D,DT8,JR13,4,145800,17496,0,2.3,9278.71,137582.71
EMP177D,DT1,JR05,7,46725,5607,0,4.1,3255.8,44373.8
EMP178D,DT4,JR07,2,43800,5256,0,2.8,1031.93,39575.93
EMP179D,DT4,JR01,5,18600,2232,139.5,3.5,678.53,16907.03
EMP180D,DT7,JR12,9,121975,14637,0,4.4,16129.97,123467.97
EMP181D,DT5,JR03,1,21832.5,2619.9,0,1.6,261.12,19473.72
EMP182D,DT6,JR08,7,73425,8811,0,4.7,1967.79,66581.79
EMP183D,DT9,JR12,7,116450,13974,0,4.2,5859.76,108335.76
EMP184D,DT6,JR16,5,105400,12648,0,3.5,5666.3,98418.3
EMP185D,DT2,JR02,2,20070,2408.4,150.53,3.1,517,18028.07
EMP186D,DT1,JR13,10,177600,21312,0,4,27961.34,184249.34
EMP187D,DT1,JR02,0,18000,2160,135,3,0,15705
EMP188D,DT3,JR02,1,18900,2268,141.75,2.3,332.64,16822.89
EMP189D,DT8,JR04,3,32200,3864,0,2.4,888.72,29224.72
EMP190D,DT2,JR15,2,100350,12042,0,4.1,2585.02,90893.02
EMP191D,DT9,JR04,8,39060,4687.2,0,4.5,5430.9,39803.7
EMP192D,DT5,JR13,11,186600,22392,0,4.1,29826.14,194034.14
EMP193D,DT5,JR08,10,83325,9999,0,4.3,13045.36,86371.36
EMP194D,DT5,JR16,9,122825,14739,0,4.7,11805.94,119891.94
EMP195D,DT1,JR02,2,19530,2343.6,146.47,1.7,332.01,17371.94
EMP196D,DT9,JR16,8,119425,14331,0,3.9,12768.92,117862.92
EMP197D,DT6,JR16,8,120275,14433,0,5,18368.4,124210.4
EMP198D,DT8,JR15,3,105300,12636,0,3.9,4296.24,96960.24
EMP199D,DT1,JR07,9,57000,6840,0,3.9,4651.2,54811.2
EMP200D,DT4,JR04,1,29400,3528,0,1.5,258.72,26130.72
EMP201D,DT7,JR04,7,38080,4569.6,0,3.9,5044.84,38555.24
EMP202D,DT7,JR15,1,95400,11448,0,2.7,641.09,84593.09
EMP203D,DT9,JR01,5,18825,2259,141.19,4.6,691.25,17116.06
EMP204D,DT2,JR05,4,41825,5019,0,2.9,1435.43,38241.43
EMP205D,DT5,JR11,2,72475,8697,0,3,800.12,64578.12
EMP206D,DT6,JR13,9,175800,21096,0,4.9,15041.45,169745.45
EMP207D,DT3,JR08,10,81400,9768,0,4.6,14065.92,85697.92
EMP208D,DT6,JR11,5,81900,9828,0,4.3,6132.67,78204.67
EMP209D,DT3,JR09,7,93450,11214,0,4.7,5760.26,87996.26
EMP210D,DT9,JR03,6,26957.5,3234.9,0,5,3328.71,27051.31
EMP211D,DT6,JR13,5,150000,18000,0,3.3,7200,139200
EMP212D,DT3,JR01,4,17625,2115,132.19,4.3,1209.08,16586.89
EMP213D,DT9,JR07,4,48000,5760,0,3.3,3609.6,45849.6
EMP214D,DT1,JR08,5,67650,8118,0,3.3,3360.85,62892.85
EMP215D,DT4,JR15,4,105750,12690,0,4.4,1924.65,94984.65
EMP216D,DT6,JR09,6,91000,10920,0,4.7,9172.8,89252.8
EMP217D,DT7,JR09,2,78050,9366,0,2.8,2944.05,71628.05
EMP218D,DT5,JR05,9,50400,6048,0,3.9,7805.95,52157.95
EMP219D,DT8,JR04,8,39060,4687.2,0,4.9,4073.18,38445.98
EMP220D,DT2,JR15,5,112050,13446,0,2.7,7027.78,105631.78
EMP221D,DT1,JR01,4,18300,2196,137.25,4.3,998.45,16965.2
EMP222D,DT2,JR11,11,100425,12051,0,4.1,14011.3,102385.3
EMP223D,DT2,JR14,11,154000,18480,0,4.7,23284.8,158804.8
EMP224D,DT5,JR03,8,28802.5,3456.3,0,5,4386.04,29732.24
EMP225D,DT1,JR07,3,45600,5472,0,2.1,2093.95,42221.95
EMP226D,DT3,JR03,8,28495,3419.4,0,5,2311.51,27387.11
EMP227D,DT7,JR16,9,123250,14790,0,4.1,17748,126208
EMP228D,DT7,JR10,6,145200,17424,0,4.6,17470.46,145246.46
EMP229D,DT4,JR07,9,57400,6888,0,5,8189.83,58701.83
EMP230D,DT4,JR04,8,38500,4620,0,4,3118.5,36998.5
EMP231D,DT1,JR13,9,174000,20880,0,4.1,18792,171912
EMP232D,DT8,JR09,5,88900,10668,0,4.7,8449.06,86681.06
EMP233D,DT7,JR07,8,55400,6648,0,4.2,4265.8,53017.8
EMP234D,DT5,JR06,1,33760,4051.2,0,2.5,356.51,30065.31
EMP235D,DT8,JR05,0,35175,4221,0,1.8,15.48,30969.48
EMP236D,DT6,JR10,6,141350,16962,0,4.7,9023.78,133411.78
EMP237D,DT3,JR03,11,31775,3813,0,3.9,5592.4,33554.4
EMP238D,DT8,JR02,2,19890,2386.8,149.17,4.1,451.11,17805.14
EMP239D,DT4,JR02,5,22500,2700,0,4.5,450,20250
EMP240D,DT6,JR15,1,94950,11394,0,2.1,1587.56,85143.56
EMP241D,DT8,JR05,6,44975,5397,0,4.5,1538.14,41116.14
EMP242D,DT9,JR06,9,46880,5625.6,0,4.4,6278.17,47532.57
EMP243D,DT4,JR02,7,23940,2872.8,0,4.6,2401.66,23468.86
EMP244D,DT9,JR01,5,18975,2277,142.31,4.4,1126.36,17682.05
EMP245D,DT1,JR06,4,38400,4608,0,2.5,1228.8,35020.8
EMP246D,DT8,JR10,2,123200,14784,0,2.3,4730.88,113146.88
EMP247D,DT6,JR03,7,27265,3271.8,0,4.5,3239.08,27232.28
EMP248D,DT6,JR11,2,70850,8502,0,1.8,867.2,63215.2
EMP249D,DT9,JR05,3,39725,4767,0,2.7,1587.41,36545.41
EMP250D,DT3,JR03,1,21422.5,2570.7,0,3,246.79,19098.59
EMP251D,DT7,JR04,6,36260,4351.2,0,4.7,1454.75,33363.55
EMP252D,DT1,JR11,9,94900,11388,0,4.9,6984.64,90496.64
EMP253D,DT6,JR01,6,19275,2313,144.56,4.8,1538.14,18355.58
EMP254D,DT3,JR13,2,133200,15984,0,3.2,2813.18,120029.18
EMP255D,DT2,JR15,8,126900,15228,0,4.2,16649.28,128321.28
EMP256D,DT8,JR12,2,91800,11016,0,1.5,2173.82,82957.82
EMP257D,DT1,JR02,7,24300,2916,0,4.9,2517.48,23901.48
EMP258D,DT1,JR01,2,16800,2016,126,3.1,209.66,14867.66
EMP259D,DT2,JR16,8,120275,14433,0,5,16771.15,122613.15
EMP260D,DT4,JR02,7,24120,2894.4,0,4.2,1049.7,22275.3
EMP261D,DT1,JR16,7,114750,13770,0,4.2,7389.9,108369.9
EMP262D,DT5,JR10,1,117150,14058,0,2.2,2680.39,105772.39
EMP263D,DT7,JR13,6,158400,19008,0,4.4,5677.06,145069.06
EMP264D,DT6,JR11,10,98150,11778,0,4.3,14015.82,100387.82
EMP265D,DT2,JR04,11,42700,5124,0,4.8,4304.16,41880.16
EMP266D,DT6,JR04,10,41440,4972.8,0,4.4,2864.33,39331.53
EMP267D,DT8,JR14,4,117500,14100,0,4.5,7731.5,111131.5
EMP268D,DT1,JR15,1,95850,11502,0,2.8,1445.42,85793.42
EMP269D,DT9,JR04,4,34160,4099.2,0,3.8,1322.68,31383.48
EMP270D,DT4,JR07,9,57600,6912,0,4.4,5271.55,55959.55
EMP271D,DT2,JR03,4,24190,2902.8,0,4.1,1045.01,22332.21
EMP272D,DT8,JR12,2,95200,11424,0,2,3655.68,87431.68
EMP273D,DT1,JR05,4,42700,5124,0,2.3,2404.86,39980.86
EMP274D,DT3,JR08,6,72600,8712,0,4.3,4460.54,68348.54
EMP275D,DT3,JR14,5,124500,14940,0,2.5,7076.58,116636.58
EMP276D,DT9,JR02,2,19350,2322,145.12,1.7,429.57,17312.45
EMP277D,DT5,JR02,1,18810,2257.2,141.07,1.5,155.75,16567.48
EMP278D,DT9,JR01,9,21900,2628,0,4.6,805.92,20077.92
EMP279D,DT9,JR03,7,27572.5,3308.7,0,4.7,2130.8,26394.6
EMP280D,DT8,JR08,6,72600,8712,0,4.6,4088.83,67976.83
EMP281D,DT2,JR14,8,139000,16680,0,5,13010.4,135330.4
EMP282D,DT3,JR11,11,99125,11895,0,4.2,9575.48,96805.48
EMP283D,DT7,JR01,1,15675,1881,117.56,2.9,253.94,13930.38
EMP284D,DT9,JR01,5,18450,2214,138.38,2,1120.28,17217.9
EMP285D,DT5,JR15,4,107100,12852,0,2.9,5046.55,99294.55
EMP286D,DT7,JR09,6,90300,10836,0,4,4399.42,83863.42
EMP287D,DT8,JR16,1,88400,10608,0,1.6,594.05,78386.05
EMP288D,DT9,JR03,10,30545,3665.4,0,4.3,5627.61,32507.21
EMP289D,DT6,JR02,11,27900,3348,0,4.3,5769.72,30321.72
EMP290D,DT2,JR12,5,107525,12903,0,4,2507.48,97129.48
EMP291D,DT4,JR04,9,40040,4804.8,0,4.2,2479.28,37714.48
EMP292D,DT8,JR07,3,46800,5616,0,4,2227.68,43411.68
EMP293D,DT9,JR13,12,190200,22824,0,4.7,27594.22,194970.22
EMP294D,DT8,JR15,2,99450,11934,0,4.3,1670.76,89186.76
EMP295D,DT6,JR16,0,86700,10404,0,2.2,582.62,76878.62
EMP296D,DT1,JR05,3,39725,4767,0,3.7,686.45,35644.45
EMP297D,DT6,JR05,2,37800,4536,0,2,749.95,34013.95
EMP298D,DT8,JR16,9,123250,14790,0,4.3,5768.1,114228.1
EMP299D,DT9,JR15,11,139050,16686,0,4.3,29706.64,152070.64
EMP300D,DT8,JR07,3,45800,5496,0,4.1,1275.07,41579.07
EMP301D,DT1,JR12,10,126650,15198,0,4.1,20851.66,132303.66
EMP302D,DT3,JR08,2,59400,7128,0,1.6,1558.66,53830.66
EMP303D,DT8,JR06,5,39520,4742.4,0,2.1,965.87,35743.47
EMP304D,DT9,JR12,7,113900,13668,0,4.3,3407.89,103639.89
EMP305D,DT7,JR06,7,43520,5222.4,0,3.9,3885.47,42183.07
EMP306D,DT6,JR15,6,117900,14148,0,3.9,11403.29,115155.29
EMP307D,DT5,JR05,4,41475,4977,0,2.8,3007.77,39505.77
EMP308D,DT9,JR05,7,47075,5649,0,4.9,3118.25,44544.25
EMP309D,DT1,JR01,5,18900,2268,141.75,4.3,511.06,17001.31
EMP310D,DT6,JR14,9,145500,17460,0,4.6,6885.06,134925.06
EMP311D,DT5,JR02,11,27630,3315.6,0,4,1419.08,25733.48
EMP312D,DT1,JR01,3,16950,2034,127.12,3.7,793.26,15582.14
EMP313D,DT7,JR02,7,23940,2872.8,0,3.9,2654.47,23721.67
EMP314D,DT4,JR04,1,29120,3494.4,0,2.5,111.82,25737.42
EMP315D,DT1,JR13,6,156600,18792,0,4.1,14137.85,151945.85
EMP316D,DT6,JR14,1,102500,12300,0,1.5,717.5,90917.5
EMP317D,DT1,JR07,10,60000,7200,0,4.9,7200,60000
EMP318D,DT9,JR01,7,19875,2385,149.06,4.7,2273.7,19614.64
EMP319D,DT7,JR09,4,85400,10248,0,3.8,3006.08,78158.08
EMP320D,DT9,JR05,2,38150,4578,0,2.7,714.17,34286.17
EMP321D,DT1,JR10,1,113850,13662,0,2.3,669.44,100857.44
EMP322D,DT1,JR16,10,125800,15096,0,4.2,22704.38,133408.38
EMP323D,DT5,JR14,4,121000,14520,0,4,2236.08,108716.08
EMP324D,DT6,JR14,5,126500,15180,0,4.7,10459.02,121779.02
EMP325D,DT4,JR16,2,93925,11271,0,2.3,1183.46,83837.46
EMP326D,DT1,JR06,1,33600,4032,0,2.7,497.28,30065.28
EMP327D,DT4,JR06,2,35040,4204.8,0,2.2,1011.96,31847.16
EMP328D,DT4,JR14,8,141000,16920,0,4.8,19886.64,143966.64
EMP329D,DT8,JR05,4,41125,4935,0,3.8,2360.58,38550.58
EMP330D,DT8,JR06,11,50240,6028.8,0,4.7,6414.64,50625.84
EMP331D,DT4,JR16,9,124525,14943,0,4.3,18066.09,127648.09
EMP332D,DT6,JR14,2,109000,13080,0,1.6,1726.56,97646.56
EMP333D,DT5,JR10,8,155650,18678,0,4.7,25321.14,162293.14
EMP334D,DT1,JR13,3,135000,16200,0,3.4,4050,122850
EMP335D,DT7,JR06,11,49600,5952,0,4,3928.32,47576.32
EMP336D,DT9,JR10,11,168850,20262,0,4,33965.87,182553.87
EMP337D,DT5,JR01,9,21975,2637,0,4.5,2125.42,21463.42
EMP338D,DT6,JR08,0,56100,6732,0,1.5,278.26,49646.26
EMP339D,DT5,JR04,4,33040,3964.8,0,3.4,1379.75,30454.95
EMP340D,DT7,JR14,8,138000,16560,0,4,7970.88,129410.88
EMP341D,DT6,JR16,9,121975,14637,0,4.2,6791.57,114129.57
EMP342D,DT1,JR02,2,20070,2408.4,150.53,3.1,276.97,17788.04
EMP343D,DT9,JR13,9,171600,20592,0,4,22431.55,173439.55
EMP344D,DT4,JR12,11,130050,15606,0,4.8,27019.19,141463.19
EMP345D,DT4,JR15,7,119700,14364,0,5,9164.23,114500.23
EMP346D,DT1,JR01,8,21150,2538,0,4.7,763.09,19375.09
EMP347D,DT6,JR16,5,107525,12903,0,3.9,7066.54,101688.54
EMP348D,DT4,JR06,8,45120,5414.4,0,4.5,5031.78,44737.38
EMP349D,DT5,JR10,6,143550,17226,0,4,11208.38,137532.38
EMP350D,DT1,JR12,6,108800,13056,0,5,6823.94,102567.94
EMP351D,DT6,JR08,1,57475,6897,0,1.9,910.4,51488.4
EMP352D,DT8,JR16,4,100300,12036,0,4,1733.18,89997.18
EMP353D,DT9,JR08,4,64625,7755,0,2.2,4523.75,61393.75
EMP354D,DT1,JR14,6,128500,15420,0,4.9,3222.78,116302.78
EMP355D,DT7,JR06,12,50400,6048,0,4.1,10200.96,54552.96
EMP356D,DT4,JR05,3,40250,4830,0,3.6,1255.8,36675.8
EMP357D,DT8,JR03,1,21525,2583,0,2.4,111.93,19053.93
EMP358D,DT1,JR12,11,131750,15810,0,4.4,18550.4,134490.4
EMP359D,DT6,JR14,7,133000,15960,0,4.4,8778,125818
EMP360D,DT9,JR05,8,48125,5775,0,4.1,6063.75,48413.75
EMP361D,DT4,JR06,5,40160,4819.2,0,4.3,2703.57,38044.37
EMP362D,DT4,JR16,10,126225,15147,0,4,14692.59,125770.59
EMP363D,DT8,JR13,9,173400,20808,0,4.3,14197.99,166789.99
EMP364D,DT5,JR11,9,94575,11349,0,4.1,4819.54,88045.54
EMP365D,DT4,JR14,2,109000,13080,0,2,1491.12,97411.12
EMP366D,DT5,JR14,3,113000,13560,0,2.3,3995.68,103435.68
EMP367D,DT7,JR04,10,41440,4972.8,0,4.1,7479.09,43946.29
EMP368D,DT4,JR05,2,37625,4515,0,2.6,428.93,33538.93
EMP369D,DT7,JR13,4,141600,16992,0,4.4,9787.39,134395.39
EMP370D,DT8,JR05,3,39725,4767,0,2.9,1673.22,36631.22
EMP371D,DT5,JR10,10,165550,19866,0,3.9,28759.35,174443.35
EMP372D,DT1,JR05,9,50400,6048,0,3.9,3370.75,47722.75
EMP373D,DT6,JR13,10,182400,21888,0,4.5,14416.9,174928.9
EMP374D,DT8,JR05,10,52850,6342,0,4.9,9487.63,55995.63
EMP375D,DT6,JR11,11,102050,12246,0,4.6,12564.4,102368.4
EMP376D,DT4,JR10,2,121550,14586,0,2,4084.08,111048.08
EMP377D,DT7,JR14,5,122500,14700,0,3.7,6174,113974
EMP378D,DT8,JR10,1,113850,13662,0,3,701.32,100889.32
EMP379D,DT7,JR14,1,104500,12540,0,2.4,413.82,92373.82
EMP380D,DT1,JR11,11,99450,11934,0,4.9,8433.36,95949.36
EMP381D,DT1,JR13,2,129600,15552,0,1.6,1741.82,115789.82
EMP382D,DT3,JR12,1,88400,10608,0,1.8,1329.54,79121.54
EMP383D,DT7,JR07,8,55600,6672,0,4,3816.38,52744.38
EMP384D,DT1,JR06,1,33120,3974.4,0,1.6,287.48,29433.08
EMP385D,DT6,JR04,1,29820,3578.4,0,1.7,728.8,26970.4
EMP386D,DT3,JR11,3,74425,8931,0,3.2,2503.66,67997.66
EMP387D,DT5,JR15,9,130950,15714,0,5,22879.58,138115.58
EMP388D,DT5,JR16,7,112625,13515,0,4.6,11127.35,110237.35
EMP389D,DT4,JR06,11,49440,5932.8,0,4.3,6035.64,49542.84
EMP390D,DT6,JR10,8,156200,18744,0,3.9,12595.97,150051.97
EMP391D,DT4,JR12,1,87550,10506,0,2.5,630.36,77674.36
EMP392D,DT2,JR04,2,31080,3729.6,0,2.2,1312.82,28663.22
EMP393D,DT8,JR07,11,61000,7320,0,4.9,3586.8,57266.8
EMP394D,DT3,JR04,8,38920,4670.4,0,3.9,2185.75,36435.35
EMP395D,DT5,JR16,10,128775,15453,0,3.9,25466.54,138788.54
EMP396D,DT2,JR07,1,41800,5016,0,2.1,526.68,37310.68
EMP397D,DT6,JR01,7,20250,2430,151.88,4.4,1587.6,19255.72
EMP398D,DT5,JR08,12,86900,10428,0,4,7257.89,83729.89
EMP399D,DT6,JR09,3,79800,9576,0,4.4,1519.39,71743.39
EMP400D,DT9,JR12,4,103700,12444,0,3,6570.43,97826.43
EMP401D,DT4,JR01,8,20700,2484,155.25,4.4,2076.62,20137.37
EMP402D,DT6,JR06,4,38400,4608,0,3,1904.64,35696.64
EMP403D,DT7,JR15,11,140850,16902,0,3.9,15916.05,139864.05
EMP404D,DT2,JR04,10,42140,5056.8,0,5,6639.58,43722.78
EMP405D,DT1,JR04,7,38360,4603.2,0,4,2270.91,36027.71
EMP406D,DT9,JR01,2,16800,2016,126,4.3,225.79,14883.79
EMP407D,DT7,JR16,8,120700,14484,0,3.9,17033.18,123249.18
EMP408D,DT6,JR16,6,111350,13362,0,4.6,4418.37,102406.37
EMP409D,DT2,JR13,2,130800,15696,0,2.4,3296.16,118400.16
EMP410D,DT1,JR12,1,89250,10710,0,2.1,1142.4,79682.4
EMP411D,DT6,JR09,5,88900,10668,0,4.4,4416.55,82648.55
EMP412D,DT6,JR09,10,106400,12768,0,3.9,20803.33,114435.33
EMP413D,DT8,JR02,9,26100,3132,0,4.6,3664.44,26632.44
EMP414D,DT9,JR10,11,169950,20394,0,4,17783.57,167339.57
EMP415D,DT1,JR10,0,110000,13200,0,1.7,0,96800
EMP416D,DT4,JR15,3,103500,12420,0,2.1,3850.2,94930.2
EMP417D,DT3,JR05,5,44275,5313,0,3.9,2440.44,41402.44
EMP418D,DT9,JR11,10,97175,11661,0,4.5,5387.38,90901.38
EMP419D,DT6,JR02,9,26100,3132,0,4.9,2349,25317
EMP420D,DT8,JR03,2,22550,2706,0,2.2,667.48,20511.48
EMP421D,DT8,JR06,6,41760,5011.2,0,4.7,1528.42,38277.22
EMP422D,DT7,JR10,5,139700,16764,0,4.5,7543.8,130479.8
EMP423D,DT4,JR03,10,30442.5,3653.1,0,4.9,5197.14,31986.54
EMP424D,DT6,JR06,1,34240,4108.8,0,2.3,766.98,30898.18
EMP425D,DT9,JR01,5,18525,2223,138.94,2.1,870.67,17033.73
EMP426D,DT8,JR16,11,133025,15963,0,4.7,21645.83,138707.83
EMP427D,DT1,JR16,7,114750,13770,0,5,8996.4,109976.4
EMP428D,DT7,JR05,2,37975,4557,0,2.2,568.11,33986.11
EMP429D,DT3,JR04,7,38360,4603.2,0,4.3,5223.1,38979.9
EMP430D,DT1,JR14,1,102500,12300,0,1.6,902,91102
EMP431D,DT7,JR14,7,134500,16140,0,3.9,15591.24,133951.24
EMP432D,DT8,JR02,4,21330,2559.6,0,2.4,1325.87,20096.27
EMP433D,DT5,JR12,5,107525,12903,0,5,4559.06,99181.06
EMP434D,DT9,JR09,6,89950,10794,0,4.1,9639.04,88795.04
EMP435D,DT3,JR08,4,66275,7953,0,2.1,4130.26,62452.26
EMP436D,DT8,JR06,1,33760,4051.2,0,2,698.16,30406.96
EMP437D,DT3,JR02,6,22950,2754,0,4.4,2221.56,22417.56
EMP438D,DT7,JR01,8,20625,2475,154.69,4.4,2536.88,20532.19
EMP439D,DT7,JR02,10,27360,3283.2,0,4.5,5463.24,29540.04
EMP440D,DT7,JR05,5,44450,5334,0,3.9,2880.36,41996.36
EMP441D,DT6,JR01,1,15825,1899,118.69,2.8,292.45,14099.76
EMP442D,DT3,JR02,1,18810,2257.2,141.07,2.5,237.01,16648.74
EMP443D,DT8,JR01,9,21375,2565,0,4.4,1308.15,20118.15
EMP444D,DT6,JR01,10,22200,2664,0,4.8,3239.42,22775.42
EMP445D,DT2,JR02,6,23490,2818.8,0,4.4,745.1,21416.3
EMP446D,DT3,JR12,10,125375,15045,0,4.9,23344.83,133674.83
EMP447D,DT5,JR14,2,110000,13200,0,2.4,3168,99968
EMP448D,DT5,JR10,8,154550,18546,0,4.4,15523,151527
EMP449D,DT8,JR01,8,20700,2484,155.25,4.9,2831.76,20892.51
EMP450D,DT3,JR02,4,21870,2624.4,0,4.5,902.79,20148.39
EMP451D,DT9,JR15,8,127800,15336,0,4.6,11164.61,123628.61
EMP452D,DT9,JR09,10,104650,12558,0,4.5,17405.39,109497.39
EMP453D,DT8,JR03,11,31262.5,3751.5,0,4,2888.66,30399.66
EMP454D,DT2,JR04,5,34440,4132.8,0,4.4,1837.72,32144.92
EMP455D,DT5,JR04,10,42140,5056.8,0,4.7,2553.68,39636.88
EMP456D,DT4,JR04,5,35140,4216.8,0,4.8,2509,33432.2
EMP457D,DT9,JR01,9,21825,2619,0,4.9,3098.28,22304.28
EMP458D,DT2,JR02,11,27540,3304.8,0,4.2,4554.01,28789.21
EMP459D,DT2,JR16,6,112200,13464,0,4.7,2872.32,101608.32
EMP460D,DT5,JR01,10,22125,2655,0,4.5,3026.7,22496.7
EMP461D,DT7,JR09,11,109550,13146,0,3.9,24263.13,120667.13
EMP462D,DT5,JR06,5,39360,4723.2,0,3.6,3186.59,37823.39
EMP463D,DT6,JR01,11,23175,2781,0,4,4850.06,25244.06
EMP464D,DT4,JR02,8,25470,3056.4,0,4.9,2452.25,24865.85
EMP465D,DT5,JR14,11,152500,18300,0,4.6,28182,162382
EMP466D,DT5,JR06,5,39520,4742.4,0,3,1931.74,36709.34
EMP467D,DT3,JR09,9,102550,12306,0,4.1,15259.44,105503.44
EMP468D,DT8,JR12,11,132600,15912,0,3.9,28514.3,145202.3
EMP469D,DT5,JR13,4,146400,17568,0,4.4,11852.54,140684.54
EMP470D,DT8,JR09,8,99400,11928,0,4,13359.36,100831.36
EMP471D,DT7,JR08,2,59950,7194,0,2.3,1597.07,54353.07
EMP472D,DT9,JR05,6,45325,5439,0,4.7,1390.57,41276.57
EMP473D,DT5,JR02,2,19800,2376,148.5,3.2,491.04,17766.54
EMP474D,DT6,JR14,9,146500,17580,0,4.7,20164.26,149084.26
EMP475D,DT8,JR01,10,22425,2691,0,4.5,3374.51,23108.51
EMP476D,DT7,JR10,3,128700,15444,0,3,4375.8,117631.8
EMP477D,DT3,JR05,10,51800,6216,0,4.7,6763.01,52347.01
EMP478D,DT8,JR05,9,51100,6132,0,4,4513.15,49481.15
EMP479D,DT2,JR09,10,106400,12768,0,3.9,20360.7,113992.7
EMP480D,DT3,JR01,10,22200,2664,0,4.5,1449.22,20985.22
EMP481D,DT1,JR02,8,25470,3056.4,0,4.5,2029.45,24443.05
EMP482D,DT6,JR08,1,58850,7062,0,2.2,395.47,52183.47
EMP483D,DT7,JR13,10,179400,21528,0,4.2,19181.45,177053.45
EMP484D,DT4,JR02,9,25830,3099.6,0,3.9,3685.42,26415.82
EMP485D,DT9,JR11,6,82875,9945,0,5,4375.8,77305.8
EMP486D,DT9,JR16,10,125375,15045,0,4.3,20486.28,130816.28
EMP487D,DT9,JR13,4,146400,17568,0,3.6,8245.25,137077.25
EMP488D,DT9,JR11,2,72800,8736,0,3.7,698.88,64762.88
EMP489D,DT8,JR12,12,133875,16065,0,4.6,12932.33,130742.33
EMP490D,DT1,JR05,1,36225,4347,0,1.7,365.15,32243.15
EMP491D,DT2,JR11,11,99125,11895,0,4.4,19150.95,106380.95
EMP492D,DT5,JR01,5,18975,2277,142.31,4,683.86,17239.55
EMP493D,DT3,JR08,8,75625,9075,0,4.3,2495.63,69045.63
EMP494D,DT2,JR06,6,41600,4992,0,4.4,2895.36,39503.36
EMP495D,DT5,JR07,9,58000,6960,0,4.9,9396,60436
EMP496D,DT1,JR16,6,110075,13209,0,4.7,9092.19,105958.19
EMP497D,DT3,JR16,3,95625,11475,0,3.7,3633.75,87783.75
EMP498D,DT4,JR05,3,40950,4914,0,3.4,946.76,36982.76
EMP499D,DT4,JR10,9,158950,19074,0,4.5,10185.52,150061.52
EMP500D,DT7,JR13,5,151200,18144,0,4.5,14152.32,147208.32
EMP501D,DT9,JR09,3,81550,9786,0,3.6,5167.01,76931.01
EMP502D,DT9,JR08,9,80300,9636,0,4.7,9160.62,79824.62
EMP503D,DT4,JR01,5,19050,2286,142.88,4.8,658.37,17279.49
EMP504D,DT5,JR01,8,21150,2538,0,4,2081.16,20693.16
EMP505D,DT8,JR10,1,116600,13992,0,2,671.62,103279.62
EMP506D,DT9,JR14,2,110500,13260,0,2.7,1670.76,98910.76
EMP507D,DT1,JR07,11,61400,7368,0,4.9,8672.14,62704.14
EMP508D,DT1,JR04,3,31920,3830.4,0,2.4,572.01,28661.61
EMP509D,DT7,JR03,2,22755,2730.6,0,4,640.78,20665.18
EMP510D,DT3,JR02,5,22230,2667.6,0,3.4,1629.9,21192.3
EMP511D,DT5,JR15,9,129150,15498,0,4.1,7191.07,120843.07
EMP512D,DT1,JR02,7,24210,2905.2,0,4.3,1403.21,22708.01
EMP513D,DT9,JR02,6,23040,2764.8,0,4.6,2374.04,22649.24
EMP514D,DT4,JR13,10,181800,21816,0,4.4,12733.27,172717.27
EMP515D,DT5,JR11,1,68250,8190,0,1.9,955.5,61015.5
EMP516D,DT4,JR06,4,38720,4646.4,0,4.1,2471.88,36545.48
EMP517D,DT6,JR03,4,24805,2976.6,0,3.8,1708.57,23536.97
EMP518D,DT6,JR06,9,46400,5568,0,3.9,7349.76,48181.76
EMP519D,DT3,JR04,1,28700,3444,0,1.5,281.26,25537.26
EMP520D,DT8,JR02,5,22230,2667.6,0,3.4,1797.07,21359.47
EMP521D,DT3,JR10,3,124300,14916,0,2,6334.33,115718.33
EMP522D,DT6,JR11,5,80925,9711,0,4.3,2537.81,73751.81
EMP523D,DT7,JR06,9,45760,5491.2,0,4.4,7713.31,47982.11
EMP524D,DT4,JR06,2,34880,4185.6,0,1.6,979.43,31673.83
EMP525D,DT5,JR13,9,171600,20592,0,4.5,9444.86,160452.86
EMP526D,DT5,JR12,3,96475,11577,0,2,2604.83,87502.83
EMP527D,DT4,JR06,3,36000,4320,0,2.2,576,32256
EMP528D,DT1,JR10,3,125950,15114,0,3.7,5113.57,115949.57
EMP529D,DT6,JR04,2,30800,3696,0,4.3,640.64,27744.64
EMP530D,DT3,JR16,5,106250,12750,0,3.3,9350,102850
EMP531D,DT4,JR15,7,122400,14688,0,4.2,4230.14,111942.14
EMP532D,DT7,JR15,10,136350,16362,0,4.3,19661.67,139649.67
EMP533D,DT7,JR12,11,131325,15759,0,4,27483.7,143049.7
EMP534D,DT7,JR10,2,123200,14784,0,2.7,2838.53,111254.53
EMP535D,DT1,JR03,10,30545,3665.4,0,4.6,5986.82,32866.42
EMP536D,DT3,JR12,1,87550,10506,0,2.3,987.56,78031.56
EMP537D,DT2,JR08,11,83875,10065,0,5,14795.55,88605.55
EMP538D,DT5,JR15,5,114300,13716,0,4.6,5431.54,106015.54
EMP539D,DT1,JR16,5,107525,12903,0,4.1,10257.89,104879.89
EMP540D,DT9,JR16,8,120275,14433,0,5,16371.83,122213.83
EMP541D,DT5,JR02,2,19530,2343.6,146.47,2.9,424.97,17464.9
EMP542D,DT7,JR04,9,40320,4838.4,0,4.8,4257.79,39739.39
EMP543D,DT6,JR03,12,32390,3886.8,0,4.7,3606.95,32110.15
EMP544D,DT6,JR09,4,83300,9996,0,3.2,5824.34,79128.34
EMP545D,DT9,JR02,1,19080,2289.6,143.1,2.1,348.02,16995.32
EMP546D,DT9,JR08,4,67100,8052,0,2.7,5550.51,64598.51
EMP547D,DT2,JR05,8,49000,5880,0,4.6,2038.4,45158.4
EMP548D,DT9,JR09,6,90300,10836,0,4.6,8589.34,88053.34
EMP549D,DT1,JR15,11,139950,16794,0,4.9,21748.23,144904.23
EMP550D,DT3,JR05,2,38675,4641,0,3.9,747.2,34781.2
EMP551D,DT9,JR08,2,59950,7194,0,1.6,1467.58,54223.58
EMP552D,DT2,JR14,7,136500,16380,0,4.7,10363.08,130483.08
EMP553D,DT3,JR12,2,91375,10965,0,1.5,2686.43,83096.43
EMP554D,DT5,JR11,8,90675,10881,0,4.4,8309.46,88103.46
EMP555D,DT8,JR07,10,60200,7224,0,4.4,11917.19,64893.19
EMP556D,DT7,JR13,10,181200,21744,0,4.7,25875.36,185331.36
EMP557D,DT9,JR01,11,23025,2763,0,4.3,1675.3,21937.3
EMP558D,DT6,JR12,9,123250,14790,0,4.9,15529.5,123989.5
EMP559D,DT7,JR11,7,87100,10452,0,4.7,10661.04,87309.04
EMP560D,DT3,JR10,3,126500,15180,0,3.6,6223.8,117543.8
EMP561D,DT1,JR07,1,41200,4944,0,3,148.32,36404.32
EMP562D,DT7,JR09,9,101850,12222,0,4.8,12604.96,102232.96
EMP563D,DT2,JR05,1,36050,4326,0,2.5,242.26,31966.26
EMP564D,DT3,JR11,9,94900,11388,0,4,16064.67,99576.67
EMP565D,DT8,JR15,9,129150,15498,0,3.9,22472.1,136124.1
EMP566D,DT7,JR14,3,113000,13560,0,3.2,4583.28,104023.28
EMP567D,DT6,JR06,3,36640,4396.8,0,4.5,1530.09,33773.29
EMP568D,DT8,JR07,9,57000,6840,0,4,6589.2,56749.2
EMP569D,DT1,JR01,8,21225,2547,0,4.9,1409.34,20087.34
EMP570D,DT6,JR14,10,147500,17700,0,4.9,24662,154462
EMP571D,DT9,JR06,12,50720,6086.4,0,4.8,11393.74,56027.34
EMP572D,DT1,JR12,10,129200,15504,0,4.6,15586.69,129282.69
EMP573D,DT8,JR02,6,23040,2764.8,0,4.3,774.14,21049.34
EMP574D,DT7,JR10,2,123200,14784,0,2.6,3311.62,111727.62
EMP575D,DT8,JR08,11,86075,10329,0,4.6,12060.83,87806.83
EMP576D,DT7,JR07,2,43000,5160,0,2.3,619.2,38459.2
EMP577D,DT1,JR06,6,42240,5068.8,0,4.6,1081.34,38252.54
EMP578D,DT4,JR04,7,38220,4586.4,0,4,4910.51,38544.11
EMP579D,DT3,JR03,6,26137.5,3136.5,0,4.2,632.53,23633.53
EMP580D,DT6,JR15,10,134550,16146,0,4.8,14386.09,132790.09
EMP581D,DT9,JR14,6,132000,15840,0,3.9,9799.68,125959.68
EMP582D,DT1,JR03,6,26957.5,3234.9,0,4.7,1698.32,25420.92
EMP583D,DT4,JR12,10,128350,15402,0,4.7,12044.36,124992.36
EMP584D,DT9,JR06,2,35040,4204.8,0,1.5,1118.48,31953.68
EMP585D,DT7,JR10,10,164450,19734,0,4,17582.99,162298.99
EMP586D,DT8,JR06,12,50560,6067.2,0,5,6099.56,50592.36
EMP587D,DT8,JR01,6,19425,2331,145.69,5,1604.51,18552.82
EMP588D,DT9,JR07,10,59600,7152,0,4.8,5840.8,58288.8
EMP589D,DT2,JR10,1,116600,13992,0,2.7,1511.14,104119.14
EMP590D,DT7,JR02,10,26820,3218.4,0,4.8,1051.34,24652.94
EMP591D,DT3,JR11,5,80600,9672,0,4.2,6809.09,77737.09
EMP592D,DT3,JR09,6,90650,10878,0,4,6845.89,86617.89
EMP593D,DT6,JR09,9,102900,12348,0,4.7,14315.45,104867.45
EMP594D,DT9,JR07,1,42200,5064,0,3,445.63,37581.63
EMP595D,DT5,JR08,8,78100,9372,0,4.2,5510.74,74238.74
EMP596D,DT8,JR14,8,139500,16740,0,4.1,14106.24,136866.24
EMP597D,DT3,JR02,5,22320,2678.4,0,4,1757.03,21398.63
EMP598D,DT3,JR12,4,101575,12189,0,3.3,4912.17,94298.17
EMP599D,DT9,JR15,7,120600,14472,0,3.9,8200.8,114328.8
EMP600D,DT1,JR14,1,106500,12780,0,1.5,1384.5,95104.5
EMP601D,DT5,JR10,10,162250,19470,0,4.3,26511.65,169291.65
EMP602D,DT8,JR07,1,41400,4968,0,2.7,162.29,36594.29
EMP603D,DT3,JR06,10,48000,5760,0,4.7,8064,50304
EMP604D,DT7,JR07,1,41400,4968,0,3,486.86,36918.86
EMP605D,DT7,JR01,7,20325,2439,152.44,4.6,2366.64,20100.2
EMP606D,DT2,JR07,0,40200,4824,0,2.5,19.3,35395.3
EMP607D,DT7,JR09,4,84000,10080,0,4.2,1747.2,75667.2
EMP608D,DT3,JR13,11,187800,22536,0,3.9,18674.83,183938.83
EMP609D,DT6,JR01,4,17700,2124,132.75,4.4,637.2,16080.45
EMP610D,DT6,JR10,10,165000,19800,0,4.7,10560,155760
EMP611D,DT1,JR03,10,30340,3640.8,0,5,5242.75,31941.95
EMP612D,DT9,JR01,0,15225,1827,114.19,2.1,65.77,13349.58
EMP613D,DT8,JR06,2,35200,4224,0,3.7,1239.04,32215.04
EMP614D,DT5,JR03,0,20910,2509.2,156.82,2.8,40.15,18284.13
EMP615D,DT5,JR13,0,121200,14544,0,1.7,378.14,107034.14
EMP616D,DT2,JR09,1,74550,8946,0,2.8,659.02,66263.02
EMP617D,DT1,JR10,3,126500,15180,0,2.3,1518,112838
EMP618D,DT3,JR10,8,152350,18282,0,4.8,17831.04,151899.04
EMP619D,DT2,JR07,11,62200,7464,0,3.9,12151.39,66887.39
EMP620D,DT1,JR12,7,113050,13566,0,4.5,4178.33,103662.33
EMP621D,DT3,JR08,3,62700,7524,0,2.2,3160.08,58336.08
EMP622D,DT5,JR03,5,25317.5,3038.1,0,3.6,475.97,22755.37
EMP623D,DT5,JR05,1,36225,4347,0,2,162.29,32040.29
EMP624D,DT6,JR08,6,72325,8679,0,4.8,8748.43,72394.43
EMP625D,DT8,JR09,3,81200,9744,0,4.5,4988.93,76444.93
EMP626D,DT8,JR05,11,54250,6510,0,4.2,8115.8,55855.8
EMP627D,DT4,JR14,2,112000,13440,0,2.6,2472.96,101032.96
EMP628D,DT9,JR08,9,80850,9702,0,4.2,10335.86,81483.86
EMP629D,DT5,JR12,11,130475,15657,0,4.2,7818.06,122636.06
EMP630D,DT5,JR12,4,100300,12036,0,3.1,4332.96,92596.96
EMP631D,DT2,JR05,7,47075,5649,0,4.7,2208.76,43634.76
EMP632D,DT1,JR04,1,29120,3494.4,0,2.1,382.05,26007.65
EMP633D,DT5,JR16,4,100725,12087,0,2.2,6261.07,94899.07
EMP634D,DT9,JR07,2,44000,5280,0,3,844.8,39564.8
EMP635D,DT4,JR16,10,127075,15249,0,5,23147.98,134973.98
EMP636D,DT8,JR05,1,36925,4431,0,3,243.71,32737.71
EMP637D,DT1,JR02,11,27450,3294,0,4.9,1844.64,26000.64
EMP638D,DT4,JR15,9,128250,15390,0,4.4,14825.7,127685.7
EMP639D,DT2,JR11,10,98800,11856,0,4.6,14796.29,101740.29
EMP640D,DT7,JR10,9,160050,19206,0,4.1,17477.46,158321.46
EMP641D,DT8,JR07,6,52000,6240,0,4.6,4992,50752
EMP642D,DT8,JR02,10,26550,3186,0,4.6,2623.14,25987.14
EMP643D,DT2,JR07,3,45200,5424,0,4.4,1645.28,41421.28
EMP644D,DT7,JR05,10,53025,6363,0,4.4,8956.98,55618.98
EMP645D,DT1,JR12,3,98175,11781,0,3.9,2069.53,88463.53
EMP646D,DT1,JR05,4,41475,4977,0,3.9,1780.11,38278.11
EMP647D,DT3,JR04,6,36400,4368,0,5,1747.2,33779.2
EMP648D,DT2,JR11,9,94250,11310,0,5,10518.3,93458.3
EMP649D,DT7,JR11,7,88725,10647,0,4.4,2849.85,80927.85
EMP650D,DT7,JR10,11,171600,20592,0,4.5,10762.75,161770.75
EMP651D,DT8,JR01,4,18225,2187,136.69,3.7,344.82,16246.13
EMP652D,DT2,JR09,11,108850,13062,0,3.9,21264.94,117052.94
EMP653D,DT6,JR04,5,34300,4116,0,2.3,2469.6,32653.6
EMP654D,DT8,JR14,7,133000,15960,0,4,5969.04,123009.04
EMP655D,DT6,JR02,4,21870,2624.4,0,4.2,978.03,20223.63
EMP656D,DT9,JR08,8,77825,9339,0,3.9,12402.19,80888.19
EMP657D,DT3,JR04,1,29540,3544.8,0,1.7,545.9,26541.1
EMP658D,DT2,JR08,11,84425,10131,0,4.1,4697.41,78991.41
EMP659D,DT2,JR05,2,39200,4704,0,2.2,564.48,35060.48
EMP660D,DT4,JR15,1,94050,11286,0,2.6,1523.61,84287.61
EMP661D,DT7,JR07,10,60400,7248,0,4.8,8871.55,62023.55
EMP662D,DT1,JR09,7,93450,11214,0,4.3,8014.27,90250.27
EMP663D,DT1,JR01,0,15000,1800,112.5,2.7,0,13087.5
EMP664D,DT3,JR10,3,124300,14916,0,3.1,5429.42,114813.42
EMP665D,DT7,JR15,7,120600,14472,0,4,13449.31,119577.31
EMP666D,DT4,JR05,8,49525,5943,0,5,5590.38,49172.38
EMP667D,DT2,JR08,5,69850,8382,0,4.3,4978.91,66446.91
EMP668D,DT8,JR04,7,37940,4552.8,0,3.9,4848.73,38235.93
EMP669D,DT3,JR12,4,101575,12189,0,3.4,7289.02,96675.02
EMP670D,DT4,JR14,11,152500,18300,0,4.6,23058,157258
EMP671D,DT7,JR10,11,172150,20658,0,4.4,22565.42,174057.42
EMP672D,DT2,JR03,2,22857.5,2742.9,0,2.5,609.84,20724.44
EMP673D,DT3,JR08,10,83600,10032,0,4.7,14258.82,87826.82
EMP674D,DT4,JR12,6,110925,13311,0,5,9202.34,106816.34
EMP675D,DT2,JR10,0,111100,13332,0,2.5,239.98,98007.98
EMP676D,DT5,JR01,10,22650,2718,0,4.3,3419.24,23351.24
EMP677D,DT3,JR10,2,120450,14454,0,1.6,1281.59,107277.59
EMP678D,DT8,JR11,3,73450,8814,0,3.8,1298.6,65934.6
EMP679D,DT1,JR15,1,96300,11556,0,2.2,2642.47,87386.47
EMP680D,DT8,JR14,11,153000,18360,0,4.8,17515.44,152155.44
EMP681D,DT6,JR08,6,71775,8613,0,5,5078.8,68240.8
EMP682D,DT5,JR12,9,121550,14586,0,4.8,15889.02,122853.02
EMP683D,DT3,JR10,5,135850,16302,0,4.1,8172.74,127720.74
EMP684D,DT1,JR12,3,97325,11679,0,4.3,3386.91,89032.91
EMP685D,DT4,JR13,9,175200,21024,0,4.1,25144.7,179320.7
EMP686D,DT5,JR01,5,18600,2232,139.5,4.2,678.53,16907.03
EMP687D,DT1,JR11,5,79625,9555,0,2.2,6306.3,76376.3
EMP688D,DT4,JR07,7,54000,6480,0,4,5594.4,53114.4
EMP689D,DT7,JR12,11,130475,15657,0,4.6,7259.63,122077.63
EMP690D,DT8,JR03,11,32185,3862.2,0,4.9,5430.25,33753.05
EMP691D,DT7,JR10,9,160050,19206,0,4.9,6990.98,147834.98
EMP692D,DT7,JR07,10,59800,7176,0,4.7,6630.62,59254.62
EMP693D,DT4,JR03,0,20705,2484.6,155.29,2.2,21.53,18086.64
EMP694D,DT7,JR09,3,79800,9576,0,3.7,3664.42,73888.42
EMP695D,DT7,JR06,5,39520,4742.4,0,3.6,2526.12,37303.72
EMP696D,DT1,JR15,5,110250,13230,0,4.2,6151.95,103171.95
EMP697D,DT7,JR11,9,95225,11427,0,4.9,5667.79,89465.79
EMP698D,DT5,JR07,11,62400,7488,0,4.9,9504.77,64416.77
EMP699D,DT6,JR01,11,23025,2763,0,4.7,2857.86,23119.86
EMP700D,DT4,JR12,2,91800,11016,0,2,2643.84,83427.84
EMP701D,DT7,JR16,2,91375,10965,0,2.8,1589.92,81999.92
EMP702D,DT8,JR09,3,80850,9702,0,2.9,2907.37,74055.37
EMP703D,DT1,JR10,4,133100,15972,0,3.7,4695.77,121823.77
EMP704D,DT2,JR15,3,101700,12204,0,2.9,3490.34,92986.34
EMP705D,DT8,JR13,12,189000,22680,0,4.5,26951.4,193271.4
EMP706D,DT5,JR02,5,22770,2732.4,0,4.8,1641.26,21678.86
EMP707D,DT8,JR09,4,84000,10080,0,3.7,5241.6,79161.6
EMP708D,DT2,JR09,10,106400,12768,0,3.9,12393.47,106025.47
EMP709D,DT7,JR06,11,49600,5952,0,5,4146.56,47794.56
EMP710D,DT8,JR16,1,88825,10659,0,2.7,895.36,79061.36
EMP711D,DT8,JR06,4,39040,4684.8,0,3.1,1786.47,36141.67
EMP712D,DT3,JR16,10,128350,15402,0,4.1,16233.71,129181.71
EMP713D,DT9,JR08,3,62975,7557,0,2.3,1314.92,56732.92
EMP714D,DT5,JR14,5,124500,14940,0,4.1,2684.22,112244.22
EMP715D,DT6,JR09,6,91350,10962,0,4.5,9584.44,89972.44
EMP716D,DT4,JR03,8,28392.5,3407.1,0,4.9,3935.2,28920.6
EMP717D,DT6,JR12,6,110925,13311,0,4.9,11908.91,109522.91
EMP718D,DT4,JR03,8,28597.5,3431.7,0,4.6,4066.56,29232.36
EMP719D,DT3,JR11,0,65325,7839,0,2.8,99.29,57585.29
EMP720D,DT6,JR07,6,52400,6288,0,4.9,2469.09,48581.09
EMP721D,DT2,JR15,3,102600,12312,0,4.4,5630.69,95918.69
EMP722D,DT2,JR10,10,166100,19932,0,5,7454.57,153622.57
EMP723D,DT7,JR07,6,51800,6216,0,4.1,4278.68,49862.68
EMP724D,DT3,JR09,2,78400,9408,0,2.1,2107.39,71099.39
EMP725D,DT6,JR04,5,34860,4183.2,0,3.7,2528.05,33204.85
EMP726D,DT9,JR14,12,158000,18960,0,4.5,21993.6,161033.6
EMP727D,DT5,JR03,6,26855,3222.6,0,4.5,2664.02,26296.42
EMP728D,DT6,JR05,6,45150,5418,0,4.4,1256.98,40988.98
EMP729D,DT6,JR01,2,16500,1980,123.75,3.7,184.8,14581.05
EMP730D,DT7,JR04,5,34440,4132.8,0,2.1,1964.46,32271.66
EMP731D,DT3,JR09,11,109550,13146,0,4.2,5941.99,102345.99
EMP732D,DT6,JR08,11,86075,10329,0,4.6,17507.65,93253.65
EMP733D,DT6,JR06,3,36800,4416,0,3.9,706.56,33090.56
EMP734D,DT6,JR10,1,112750,13530,0,3,563.75,99783.75
EMP735D,DT6,JR10,7,148500,17820,0,3.9,5405.4,136085.4
EMP736D,DT9,JR11,1,67600,8112,0,1.5,367.74,59855.74
EMP737D,DT1,JR12,5,106675,12801,0,4.3,5658.04,99532.04
EMP738D,DT8,JR01,7,20250,2430,151.88,4.7,2608.2,20276.32
EMP739D,DT6,JR02,9,25830,3099.6,0,4.5,988.77,23719.17
EMP740D,DT5,JR07,11,62400,7488,0,4.5,9784.32,64696.32
EMP741D,DT8,JR09,6,89600,10752,0,4.8,2207.74,81055.74
EMP742D,DT4,JR03,8,28290,3394.8,0,4.4,1032.02,25927.22
EMP743D,DT2,JR09,9,101150,12138,0,3.9,16564.32,105576.32
EMP744D,DT6,JR08,4,65725,7887,0,2.6,1743.03,59581.03
EMP745D,DT9,JR03,3,23575,2829,0,2.3,367.77,21113.77
EMP746D,DT7,JR10,10,165550,19866,0,4.9,28090.52,173774.52
EMP747D,DT3,JR08,10,81125,9735,0,3.9,8015.15,79405.15
EMP748D,DT1,JR13,11,183600,22032,0,4.4,32695.49,194263.49
EMP749D,DT1,JR09,9,101150,12138,0,4.5,11523.01,100535.01
EMP750D,DT6,JR04,1,29960,3595.2,0,1.9,201.33,26566.13
EMP751D,DT1,JR15,4,105750,12690,0,4.4,4145.4,97205.4
EMP752D,DT1,JR16,10,126650,15198,0,4.7,21348.12,132800.12
EMP753D,DT1,JR11,8,91000,10920,0,4.7,5532.8,85612.8
EMP754D,DT1,JR06,11,49760,5971.2,0,4.6,9279.24,53068.04
EMP755D,DT2,JR07,2,43800,5256,0,1.7,1398.1,39942.1
EMP756D,DT6,JR02,7,24570,2948.4,0,4.7,3156.75,24778.35
EMP757D,DT1,JR02,6,23310,2797.2,0,4.8,1760.37,22273.17
EMP758D,DT4,JR01,5,18675,2241,140.06,4.3,805.27,17099.21
EMP759D,DT9,JR13,0,120600,14472,0,3,67.54,106195.54
EMP760D,DT7,JR03,4,24805,2976.6,0,3,666.76,22495.16
EMP761D,DT5,JR14,2,109500,13140,0,2.8,1747.62,98107.62
EMP762D,DT5,JR11,7,89050,10686,0,4.9,9225.58,87589.58
EMP763D,DT4,JR16,1,88400,10608,0,2.9,1188.1,78980.1
EMP764D,DT1,JR08,1,57475,6897,0,2.4,827.64,51405.64
EMP765D,DT7,JR12,10,125375,15045,0,4.5,16674.88,127004.88
EMP766D,DT2,JR11,2,72475,8697,0,4.3,866.8,64644.8
EMP767D,DT1,JR10,10,162800,19536,0,4.7,16253.95,159517.95
EMP768D,DT2,JR01,10,22800,2736,0,4.8,2276.35,22340.35
EMP769D,DT9,JR11,2,71175,8541,0,2.8,1676.88,64310.88
EMP770D,DT9,JR15,3,103500,12420,0,3.4,1987.2,93067.2
EMP771D,DT4,JR07,9,57000,6840,0,4,5038.8,55198.8
EMP772D,DT9,JR04,2,31080,3729.6,0,2.5,1011.96,28362.36
EMP773D,DT3,JR16,7,114750,13770,0,4.3,6104.7,107084.7
EMP774D,DT2,JR08,6,70675,8481,0,4.8,1611.39,63805.39
EMP775D,DT7,JR10,3,124850,14982,0,2.4,5932.87,115800.87
EMP776D,DT3,JR04,6,36540,4384.8,0,4.9,2228.94,34384.14
EMP777D,DT8,JR01,4,17775,2133,133.31,3.9,1104.89,16613.58
EMP778D,DT4,JR04,7,37240,4468.8,0,4.5,3146.04,35917.24
EMP779D,DT3,JR10,8,152350,18282,0,4.4,16423.33,150491.33
EMP780D,DT4,JR01,7,20550,2466,154.12,4.2,2737.26,20667.14
EMP781D,DT2,JR04,9,40880,4905.6,0,4.3,1654.82,37629.22
EMP782D,DT5,JR08,5,67650,8118,0,2,3858.76,63390.76
EMP783D,DT7,JR16,9,124525,14943,0,4.8,21771.95,131353.95
EMP784D,DT5,JR09,1,72450,8694,0,3,669.44,64425.44
EMP785D,DT2,JR02,3,20340,2440.8,152.55,3.3,423.07,18169.72
EMP786D,DT6,JR08,1,58300,6996,0,2.2,755.57,52059.57
EMP787D,DT7,JR13,5,147000,17640,0,2.1,7144.2,136504.2
EMP788D,DT1,JR01,12,23625,2835,0,4.8,4129.65,24919.65
EMP789D,DT4,JR05,11,53375,6405,0,4.9,10312.05,57282.05
EMP790D,DT7,JR07,1,42400,5088,0,1.6,508.8,37820.8
EMP791D,DT3,JR02,2,19530,2343.6,146.47,1.8,132.8,17172.73
EMP792D,DT4,JR07,4,48400,5808,0,3.4,2601.98,45193.98
EMP793D,DT1,JR11,4,77350,9282,0,3.9,3997.45,72065.45
EMP794D,DT5,JR05,0,35175,4221,0,1.8,50.65,31004.65
EMP795D,DT3,JR16,4,99875,11985,0,4.1,2516.85,90406.85
EMP796D,DT6,JR10,10,166100,19932,0,4.2,18297.58,164465.58
EMP797D,DT2,JR11,6,83850,10062,0,4.1,9143,82931
EMP798D,DT1,JR16,6,108800,13056,0,4.9,8042.5,103786.5
EMP799D,DT1,JR01,1,15450,1854,115.88,2.1,133.49,13613.61
EMP800D,DT3,JR07,4,48800,5856,0,2,2404.86,45348.86
EMP801D,DT1,JR01,6,19200,2304,144,4,1161.22,17913.22
EMP802D,DT1,JR10,5,139150,16698,0,4.1,12094.92,134546.92
EMP803D,DT6,JR09,2,77350,9282,0,2.1,779.69,68847.69
EMP804D,DT1,JR15,3,103500,12420,0,3.9,2484,93564
EMP805D,DT7,JR04,10,42560,5107.2,0,4.7,1947.55,39400.35
EMP806D,DT3,JR05,11,53550,6426,0,4.2,8400.92,55524.92
EMP807D,DT7,JR06,0,32640,3916.8,0,2.7,229.79,28952.99
EMP808D,DT6,JR11,3,74750,8970,0,3.2,4036.5,69816.5
EMP809D,DT4,JR10,0,111100,13332,0,2.4,257.75,98025.75
EMP810D,DT9,JR08,5,69575,8349,0,4.1,4129.97,65355.97
EMP811D,DT5,JR10,9,159500,19140,0,4.5,21819.6,162179.6
EMP812D,DT7,JR04,10,42280,5073.6,0,4.2,5347.57,42553.97
EMP813D,DT9,JR09,8,98000,11760,0,4.9,5331.2,91571.2
EMP814D,DT2,JR15,1,95850,11502,0,2.9,1943.84,86291.84
EMP815D,DT9,JR13,11,183000,21960,0,4.9,33049.8,194089.8
EMP816D,DT4,JR09,1,73850,8862,0,2,649.88,65637.88
EMP817D,DT2,JR14,10,149000,17880,0,4.9,15186.08,146306.08
EMP818D,DT7,JR10,7,150700,18084,0,4.5,5798.94,138414.94
EMP819D,DT3,JR11,7,88725,10647,0,4.3,9585.85,87663.85
EMP820D,DT9,JR10,4,132550,15906,0,2.2,7608.37,124252.37
EMP821D,DT9,JR03,7,27265,3271.8,0,3.9,791.78,24784.98
EMP822D,DT4,JR10,9,160600,19272,0,4.3,10047.14,151375.14
EMP823D,DT6,JR02,8,24840,2980.8,0,4.5,1661.3,23520.5
EMP824D,DT5,JR11,9,95550,11466,0,4.5,16526.33,100610.33
EMP825D,DT1,JR15,6,116550,13986,0,4.7,9627.03,112191.03
EMP826D,DT5,JR10,6,140250,16830,0,4.9,5553.9,128973.9
EMP827D,DT7,JR12,3,96475,11577,0,4.5,2188.05,87086.05
EMP828D,DT2,JR09,7,93100,11172,0,4.6,11797.63,93725.63
EMP829D,DT3,JR12,8,118575,14229,0,4.1,9742.12,114088.12
EMP830D,DT7,JR12,6,111775,13413,0,4.3,3380.08,101742.08
EMP831D,DT3,JR05,1,36750,4410,0,1.5,367.5,32707.5
EMP832D,DT7,JR11,4,76375,9165,0,3.5,5132.4,72342.4
EMP833D,DT7,JR15,5,112500,13500,0,2.8,6975,105975
EMP834D,DT3,JR01,1,15975,1917,119.81,2.8,290.75,14228.94
EMP835D,DT6,JR01,9,22050,2646,0,4,2321.42,21725.42
EMP836D,DT8,JR11,3,74100,8892,0,3.3,3734.64,68942.64
EMP837D,DT2,JR01,10,22725,2727,0,4.1,2434.3,22432.3
EMP838D,DT2,JR08,4,66000,7920,0,4.1,3590.4,61670.4
EMP839D,DT9,JR05,8,49700,5964,0,4.5,3172.85,46908.85
EMP840D,DT3,JR10,9,157300,18876,0,3.9,8657.79,147081.79
EMP841D,DT9,JR04,7,38360,4603.2,0,4.5,1703.18,35459.98
EMP842D,DT3,JR04,6,36960,4435.2,0,4,2176.2,34701
EMP843D,DT7,JR09,3,78750,9450,0,2.1,3071.25,72371.25
EMP844D,DT8,JR01,7,20550,2466,154.12,5,608.28,18538.16
EMP845D,DT6,JR07,9,57800,6936,0,4.1,8024.95,58888.95
EMP846D,DT9,JR05,5,43925,5271,0,4,2060.96,40714.96
EMP847D,DT5,JR07,0,40800,4896,0,1.7,104.45,36008.45
EMP848D,DT6,JR03,7,27880,3345.6,0,4.6,2408.83,26943.23
EMP849D,DT2,JR10,11,168850,20262,0,4.6,32520.51,181108.51
EMP850D,DT1,JR09,3,81900,9828,0,2.8,2895.98,74967.98
EMP851D,DT4,JR09,2,78400,9408,0,4.1,3462.14,72454.14
EMP852D,DT6,JR15,0,91350,10962,0,2.2,394.63,80782.63
EMP853D,DT1,JR16,4,100300,12036,0,4.4,4766.26,93030.26
EMP854D,DT9,JR01,12,23625,2835,0,4.8,3151.57,23941.57
EMP855D,DT6,JR15,5,113850,13662,0,4.5,6999.5,107187.5
EMP856D,DT3,JR02,3,20790,2494.8,155.92,3.2,850.73,18990.01
EMP857D,DT1,JR09,9,102550,12306,0,3.9,16022.41,106266.41
EMP858D,DT9,JR14,3,112500,13500,0,4.5,3150,102150
EMP859D,DT5,JR02,6,23490,2818.8,0,4.5,1031.68,21702.88
EMP860D,DT7,JR09,7,93100,11172,0,4.6,3932.54,85860.54
EMP861D,DT5,JR12,8,120275,14433,0,4.9,18368.4,124210.4
EMP862D,DT2,JR12,6,111775,13413,0,5,10985.25,109347.25
EMP863D,DT1,JR10,2,119900,14388,0,2.8,2762.5,108274.5
EMP864D,DT2,JR15,11,139500,16740,0,4.7,17186.4,139946.4
EMP865D,DT5,JR12,3,97325,11679,0,4.2,3838.5,89484.5
EMP866D,DT1,JR09,6,90650,10878,0,4,7059.82,86831.82
EMP867D,DT4,JR06,11,49600,5952,0,4,4583.04,48231.04
EMP868D,DT4,JR02,6,22950,2754,0,4.4,1868.13,22064.13
EMP869D,DT7,JR15,5,110700,13284,0,2.6,2444.26,99860.26
EMP870D,DT6,JR08,4,65725,7887,0,3.8,4818.96,62656.96
EMP871D,DT9,JR03,4,24600,2952,0,3.5,1613.76,23261.76
EMP872D,DT6,JR04,6,36260,4351.2,0,4.6,1540.32,33449.12
EMP873D,DT6,JR16,8,116875,14025,0,4,16830,119680
EMP874D,DT1,JR15,8,127800,15336,0,4,9876.38,122340.38
EMP875D,DT7,JR14,11,154500,18540,0,3.9,26944.8,162904.8
EMP876D,DT2,JR01,6,19725,2367,147.94,4.4,2037.99,19248.05
EMP877D,DT2,JR06,2,34400,4128,0,2.9,990.72,31262.72
EMP878D,DT6,JR15,5,111600,13392,0,3.4,8356.61,106564.61
EMP879D,DT7,JR11,11,99775,11973,0,4,6832.59,94634.59
EMP880D,DT2,JR14,5,127000,15240,0,5,8778.24,120538.24
EMP881D,DT8,JR07,11,62400,7488,0,5,10902.53,65814.53
EMP882D,DT3,JR01,0,15150,1818,113.62,1.6,46.06,13264.44
EMP883D,DT1,JR12,2,91375,10965,0,2.3,1809.22,82219.22
EMP884D,DT3,JR03,2,22242.5,2669.1,0,2.1,650.37,20223.77
EMP885D,DT1,JR14,9,146000,17520,0,4.9,26326.72,154806.72
EMP886D,DT7,JR13,1,124800,14976,0,2.1,758.78,110582.78
EMP887D,DT7,JR12,11,130475,15657,0,4.7,14519.26,129337.26
EMP888D,DT1,JR02,4,21600,2592,0,3.1,1486.08,20494.08
EMP889D,DT6,JR02,4,21420,2570.4,0,2,1595.36,20444.96
EMP890D,DT7,JR09,7,94150,11298,0,4,7016.06,89868.06
EMP891D,DT9,JR13,10,177600,21312,0,4,22505.47,178793.47
EMP892D,DT2,JR03,2,22140,2656.8,0,2.2,396.75,19879.95
EMP893D,DT6,JR09,7,95900,11508,0,4.4,12206.15,96598.15
EMP894D,DT4,JR11,11,99125,11895,0,4.1,16236.67,103466.67
EMP895D,DT6,JR10,2,121000,14520,0,3.5,2710.4,109190.4
EMP896D,DT3,JR09,1,72100,8652,0,2.8,363.38,63811.38
EMP897D,DT1,JR07,1,41200,4944,0,1.6,316.42,36572.42
EMP898D,DT1,JR04,3,31640,3796.8,0,3.1,329.06,28172.26
EMP899D,DT7,JR03,11,31980,3837.6,0,4.1,4298.11,32440.51
EMP900D,DT3,JR14,9,142500,17100,0,3.9,7267.5,132667.5
EMP901D,DT3,JR13,11,187200,22464,0,4,33546.24,198282.24
EMP902D,DT7,JR11,3,75075,9009,0,2.1,2978.98,69044.98
EMP903D,DT9,JR03,11,31467.5,3776.1,0,4.8,2289.58,29980.98
EMP904D,DT1,JR15,7,119250,14310,0,4.1,7751.25,112691.25
EMP905D,DT4,JR10,2,119350,14322,0,1.7,2110.11,107138.11
EMP906D,DT9,JR10,8,153450,18414,0,4.8,17456.47,152492.47
EMP907D,DT7,JR03,8,28802.5,3456.3,0,5,1306.48,26652.68
EMP908D,DT9,JR13,2,132600,15912,0,2.4,5012.28,121700.28
EMP909D,DT6,JR05,7,46900,5628,0,4.5,4082.18,45354.18
EMP910D,DT4,JR08,3,62425,7491,0,2.1,1213.54,56147.54
EMP911D,DT7,JR13,11,184200,22104,0,4.4,11825.64,173921.64
EMP912D,DT8,JR07,11,62400,7488,0,4,8107.01,63019.01
EMP913D,DT1,JR14,11,156000,18720,0,4.6,9085.44,146365.44
EMP914D,DT2,JR05,6,45500,5460,0,4.4,2620.8,42660.8
EMP915D,DT5,JR12,11,132175,15861,0,4.4,16432,132746
EMP916D,DT8,JR15,0,91350,10962,0,3,295.97,80683.97
EMP917D,DT8,JR02,7,24030,2883.6,0,4.9,1674.41,22820.81
EMP918D,DT3,JR03,2,22447.5,2693.7,0,1.8,665.34,20419.14
EMP919D,DT6,JR08,2,61325,7359,0,4.3,1241.22,55207.22
EMP920D,DT7,JR02,3,20700,2484,155.25,2.9,322.92,18383.67
EMP921D,DT9,JR05,4,42525,5103,0,2.3,1901.72,39323.72
EMP922D,DT7,JR08,1,57750,6930,0,2.8,669.9,51489.9
EMP923D,DT1,JR04,7,38220,4586.4,0,4.6,3124.87,36758.47
EMP924D,DT7,JR08,3,63800,7656,0,3.6,2368.26,58512.26
EMP925D,DT6,JR08,2,59400,7128,0,2.8,912.38,53184.38
EMP926D,DT5,JR15,11,139050,16686,0,4.9,13943.93,136307.93
EMP927D,DT3,JR03,1,21730,2607.6,0,2.6,260.76,19383.16
EMP928D,DT6,JR15,10,136350,16362,0,4.5,24717.53,144705.53
EMP929D,DT5,JR15,6,118350,14202,0,3.9,9543.74,113691.74
EMP930D,DT7,JR10,2,121550,14586,0,2.7,3165.16,110129.16
EMP931D,DT8,JR06,1,33120,3974.4,0,1.7,157.65,29303.25
EMP932D,DT2,JR03,4,24600,2952,0,3.3,1810.56,23458.56
EMP933D,DT1,JR16,7,115600,13872,0,4.1,4328.06,106056.06
EMP934D,DT7,JR14,8,139500,16740,0,4,9698.04,132458.04
EMP935D,DT3,JR05,8,48300,5796,0,4.1,3230.3,45734.3
EMP936D,DT8,JR15,9,132300,15876,0,4.5,12933.65,129357.65
EMP937D,DT9,JR07,5,49200,5904,0,2.7,4526.4,47822.4
EMP938D,DT8,JR09,9,100800,12096,0,5,17740.8,106444.8
EMP939D,DT6,JR03,9,29827.5,3579.3,0,4,4668.6,30916.8
EMP940D,DT7,JR07,9,58000,6960,0,4.6,3758.4,54798.4
EMP941D,DT6,JR11,12,102375,12285,0,4.5,20720.7,110810.7
EMP942D,DT2,JR13,2,129000,15480,0,1.7,1780.2,115300.2
EMP943D,DT7,JR04,1,29260,3511.2,0,1.9,105.34,25854.14
EMP944D,DT4,JR11,5,80600,9672,0,2.5,3868.8,74796.8
EMP945D,DT5,JR08,2,61325,7359,0,4.1,1974.66,55940.66
EMP946D,DT8,JR07,9,57400,6888,0,4.2,8189.83,58701.83
EMP947D,DT3,JR10,8,156200,18744,0,3.9,18369.12,155825.12
EMP948D,DT8,JR02,2,19800,2376,148.5,4.2,538.56,17814.06
EMP949D,DT4,JR04,9,40040,4804.8,0,4.6,6473.67,41708.87
EMP950D,DT5,JR01,3,17550,2106,131.62,2.4,835.38,16147.76
EMP951D,DT1,JR02,6,23670,2840.4,0,4.8,715.78,21545.38
EMP952D,DT4,JR04,6,35700,4284,0,4.6,1413.72,32829.72
EMP953D,DT3,JR09,4,84700,10164,0,2,4980.36,79516.36
EMP954D,DT2,JR03,6,27060,3247.2,0,4.6,1731.84,25544.64
EMP955D,DT1,JR10,7,149050,17886,0,4.8,17355.38,148519.38
EMP956D,DT7,JR07,2,44600,5352,0,4.5,451.35,39699.35
EMP957D,DT1,JR16,7,114750,13770,0,5,4819.5,105799.5
EMP958D,DT6,JR08,8,75900,9108,0,4.7,9690.91,76482.91
EMP959D,DT8,JR01,5,18675,2241,140.06,4.4,1830.15,18124.09
EMP960D,DT1,JR07,8,56000,6720,0,4.5,6988.8,56268.8
EMP961D,DT2,JR07,3,46800,5616,0,2.3,1145.66,42329.66
EMP962D,DT9,JR12,8,119850,14382,0,4.5,5110.4,110578.4
EMP963D,DT1,JR09,8,99400,11928,0,4.3,11355.46,98827.46
EMP964D,DT1,JR07,11,61400,7368,0,4.2,4730.26,58762.26
EMP965D,DT1,JR10,0,110000,13200,0,1.5,0,96800
EMP966D,DT1,JR12,9,123250,14790,0,4.7,20853.9,129313.9
EMP967D,DT5,JR02,12,28440,3412.8,0,4.8,1451.58,26478.78
EMP968D,DT5,JR04,12,44100,5292,0,3.9,9128.7,47936.7
EMP969D,DT5,JR12,2,93500,11220,0,2.5,972.4,83252.4
EMP970D,DT5,JR04,4,33880,4065.6,0,4.1,910.69,30725.09
EMP971D,DT6,JR09,11,107800,12936,0,3.9,15833.66,110697.66
EMP972D,DT2,JR03,10,31057.5,3726.9,0,4.5,1279.57,28610.17
EMP973D,DT7,JR11,3,76050,9126,0,3.2,3619.98,70543.98
EMP974D,DT5,JR04,5,35140,4216.8,0,4.3,1433.71,32356.91
EMP975D,DT1,JR11,7,88400,10608,0,5,7637.76,85429.76
EMP976D,DT7,JR03,2,22447.5,2693.7,0,1.5,545.92,20299.72
EMP977D,DT6,JR10,9,158950,19074,0,4.8,27161.38,167037.38
EMP978D,DT5,JR11,4,78325,9399,0,3.9,1798.34,70724.34
EMP979D,DT3,JR05,10,51625,6195,0,4.5,5689.07,51119.07
EMP980D,DT3,JR02,8,25200,3024,0,3.9,887.04,23063.04
EMP981D,DT6,JR09,8,99400,11928,0,4.5,3673.82,91145.82
EMP982D,DT1,JR12,7,113050,13566,0,4.2,3581.42,103065.42
EMP983D,DT3,JR14,5,124500,14940,0,2.8,10492.86,120052.86
EMP984D,DT8,JR05,9,50225,6027,0,5,8040.02,52238.02
EMP985D,DT3,JR16,0,85000,10200,0,1.5,0,74800
EMP986D,DT7,JR15,2,98550,11826,0,2.2,3070.82,89794.82
EMP987D,DT2,JR02,2,19530,2343.6,146.47,2,199.21,17239.14
EMP988D,DT8,JR02,10,26550,3186,0,5,1311.57,24675.57
EMP989D,DT2,JR05,7,47075,5649,0,4.9,5327.01,46753.01
EMP990D,DT7,JR16,5,105400,12648,0,4,7487.62,100239.62
EMP991D,DT8,JR03,9,29930,3591.6,0,4.9,1652.14,27990.54
EMP992D,DT3,JR12,0,85425,10251,0,2.7,88.84,75262.84
EMP993D,DT4,JR10,3,127600,15312,0,4.4,6533.12,118821.12
EMP994D,DT2,JR12,1,90950,10914,0,2.7,1782.62,81818.62
EMP995D,DT5,JR16,6,109650,13158,0,4.7,10429.91,106921.91
EMP996D,DT7,JR10,5,135850,16302,0,3,8172.74,127720.74
EMP997D,DT4,JR06,1,33120,3974.4,0,2.6,361.67,29507.27
EMP998D,DT4,JR05,1,37275,4473,0,2.3,891.62,33693.62
EMP999D,DT2,JR16,4,103275,12393,0,3.4,7815.85,98697.85
EMP001E,DT1,JR15,11,139500,16740,0,5,23938.2,146698.2
EMP002E,DT2,JR01,10,22575,2709,0,4.3,2644.89,22510.89
EMP003E,DT3,JR06,4,37760,4531.2,0,2.4,1359.36,34588.16
EMP004E,DT9,JR16,1,89675,10761,0,1.5,868.05,79782.05
EMP005E,DT9,JR07,2,43600,5232,0,2.1,690.62,39058.62
EMP006E,DT3,JR10,3,124300,14916,0,3.3,1551.26,110935.26
EMP007E,DT7,JR15,2,100350,12042,0,4,1107.86,89415.86
EMP008E,DT4,JR11,3,74425,8931,0,3.3,3366.99,68860.99
EMP009E,DT6,JR13,9,174600,20952,0,5,23515.13,177163.13
EMP010E,DT1,JR09,10,105000,12600,0,4.8,5880,98280
EMP011E,DT3,JR02,2,20160,2419.2,151.2,3.9,309.66,17899.26
EMP012E,DT7,JR16,8,117725,14127,0,4.8,16679.28,120277.28
EMP013E,DT1,JR06,8,44160,5299.2,0,3.9,1476.71,40337.51
EMP014E,DT6,JR05,1,37100,4452,0,1.8,356.16,33004.16
EMP015E,DT7,JR02,10,26820,3218.4,0,4.2,3048.9,26650.5
EMP016E,DT4,JR02,9,26100,3132,0,4.4,1315.44,24283.44
EMP017E,DT8,JR06,8,45280,5433.6,0,4.9,2705.93,42552.33
EMP018E,DT7,JR09,5,88900,10668,0,4.8,6144.77,84376.77
EMP019E,DT5,JR13,3,140400,16848,0,4.5,4391.71,127943.71
EMP020E,DT7,JR10,3,127050,15246,0,4,2048.05,113852.05
EMP021E,DT2,JR14,3,117000,14040,0,2.2,3341.52,106301.52
EMP022E,DT4,JR15,11,139050,16686,0,4,13943.93,136307.93
EMP023E,DT7,JR09,4,85400,10248,0,3.3,7364.9,82516.9
EMP024E,DT3,JR13,6,158400,19008,0,4.4,6893.57,146285.57
EMP025E,DT3,JR06,4,38240,4588.8,0,4.4,2028.25,35679.45
EMP026E,DT5,JR05,4,41825,5019,0,3.5,1304.94,38110.94
EMP027E,DT5,JR12,1,88400,10608,0,2.6,452.61,78244.61
EMP028E,DT4,JR10,11,168300,20196,0,4.8,22121.35,170225.35
EMP029E,DT9,JR14,3,113000,13560,0,3.7,2938,102378
EMP030E,DT6,JR06,9,45600,5472,0,4.9,4496.16,44624.16
EMP031E,DT8,JR02,6,23760,2851.2,0,4.7,2797.98,23706.78
EMP032E,DT3,JR16,7,113050,13566,0,4.1,9848.92,109332.92
EMP033E,DT4,JR05,6,45675,5481,0,4.6,4346.43,44540.43
EMP034E,DT2,JR03,4,24497.5,2939.7,0,2.4,1299.35,22857.15
EMP035E,DT4,JR01,10,22725,2727,0,4.6,1966.17,21964.17
EMP036E,DT3,JR16,4,100300,12036,0,4,4910.69,93174.69
EMP037E,DT4,JR04,5,34440,4132.8,0,4,3168.48,33475.68
EMP038E,DT2,JR15,6,117000,14040,0,3.9,6739.2,109699.2
EMP039E,DT5,JR13,8,166800,20016,0,3.9,21337.06,168121.06
EMP040E,DT3,JR11,1,69225,8307,0,2.6,827.93,61745.93
EMP041E,DT3,JR03,7,27572.5,3308.7,0,4.4,3576.7,27840.5
EMP042E,DT6,JR09,3,79450,9534,0,2,1973.54,71889.54
EMP043E,DT7,JR03,3,23780,2853.6,0,3.6,852.28,21778.68
EMP044E,DT3,JR14,2,108500,13020,0,1.6,1918.28,97398.28
EMP045E,DT5,JR08,2,59400,7128,0,1.6,1406.59,53678.59
EMP046E,DT8,JR14,7,136000,16320,0,4.8,5875.2,125555.2
EMP047E,DT9,JR04,1,29260,3511.2,0,3,189.6,25938.4
EMP048E,DT6,JR04,11,43400,5208,0,4.7,6874.56,45066.56
EMP049E,DT6,JR01,5,18750,2250,140.62,3.4,862.5,17221.88
EMP050E,DT2,JR03,2,22345,2681.4,0,1.6,788.33,20451.93
EMP051E,DT4,JR12,6,109650,13158,0,4,11447.46,107939.46
EMP052E,DT9,JR05,11,54075,6489,0,4.9,6129.94,53715.94
EMP053E,DT9,JR12,1,90525,10863,0,2.2,706.1,80368.1
EMP054E,DT4,JR12,5,106675,12801,0,3.9,7398.98,101272.98
EMP055E,DT7,JR14,9,146000,17520,0,4.8,22028.48,150508.48
EMP056E,DT8,JR08,2,59125,7095,0,2.6,1312.58,53342.58
EMP057E,DT6,JR01,2,16725,2007,125.44,2.2,523.16,15115.72
EMP058E,DT7,JR13,2,129000,15480,0,2.2,1238.4,114758.4
EMP059E,DT9,JR04,3,32480,3897.6,0,2.1,1912.42,30494.82
EMP060E,DT2,JR09,11,109550,13146,0,5,22777.64,119181.64
EMP061E,DT7,JR09,3,80150,9618,0,3,4090.86,74622.86
EMP062E,DT8,JR15,9,129600,15552,0,4.5,20072.45,134120.45
EMP063E,DT1,JR09,9,100800,12096,0,4.6,8515.58,97219.58
EMP064E,DT3,JR06,0,32480,3897.6,0,2.3,155.9,28738.3
EMP065E,DT6,JR07,4,47200,5664,0,4.1,2107.01,43643.01
EMP066E,DT5,JR13,8,169800,20376,0,4.6,9019.78,158443.78
EMP067E,DT7,JR15,9,130950,15714,0,4.5,23356.24,138592.24
EMP068E,DT9,JR02,2,19890,2386.8,149.17,3.5,618.18,17972.21
EMP069E,DT6,JR15,8,127350,15282,0,4,13106.86,125174.86
EMP070E,DT2,JR10,9,159500,19140,0,4.4,12058.2,152418.2
EMP071E,DT5,JR12,1,87550,10506,0,1.7,420.24,77464.24
EMP072E,DT8,JR07,3,46800,5616,0,2.3,1272.96,42456.96
EMP073E,DT1,JR16,5,104125,12495,0,2.8,2436.53,94066.53
EMP074E,DT4,JR01,1,15525,1863,116.44,2.5,73.9,13619.46
EMP075E,DT3,JR02,0,18180,2181.6,136.35,2.2,23.27,15885.32
EMP076E,DT6,JR01,8,20700,2484,155.25,4.4,2076.62,20137.37
EMP077E,DT6,JR02,4,21510,2581.2,0,2.5,1677.78,20606.58
EMP078E,DT9,JR10,5,135300,16236,0,2.7,6223.8,125287.8
EMP079E,DT1,JR10,2,123200,14784,0,4.1,2838.53,111254.53
EMP080E,DT7,JR04,2,31080,3729.6,0,3.1,1148.72,28499.12
EMP081E,DT2,JR08,5,69025,8283,0,4.9,6618.12,67360.12
EMP082E,DT3,JR02,2,19350,2322,145.12,2,162.54,17045.42
EMP083E,DT7,JR06,7,42720,5126.4,0,4.4,1488.36,39081.96
EMP084E,DT9,JR05,6,46200,5544,0,5,5558.78,46214.78
EMP085E,DT6,JR15,5,110700,13284,0,4,4073.76,101489.76
EMP086E,DT4,JR15,8,123750,14850,0,4.6,11508.75,120408.75
EMP087E,DT2,JR09,8,99400,11928,0,5,4007.81,91479.81
EMP088E,DT3,JR07,4,47000,5640,0,4.1,2697.8,44057.8
EMP089E,DT9,JR16,7,113050,13566,0,3.9,5670.59,105154.59
EMP090E,DT3,JR10,3,125950,15114,0,2.2,3798.65,114634.65
EMP091E,DT6,JR01,9,21900,2628,0,4.7,3949.01,23221.01
EMP092E,DT9,JR09,10,106400,12768,0,4.3,11065.6,104697.6
EMP093E,DT1,JR15,4,109350,13122,0,3.5,6582.87,102810.87
EMP094E,DT5,JR01,7,20250,2430,151.88,4,963.9,18632.02
EMP095E,DT8,JR15,8,125100,15012,0,4,13270.61,123358.61
EMP096E,DT1,JR14,7,134500,16140,0,4.9,6681.96,125041.96
EMP097E,DT8,JR06,9,46400,5568,0,4.2,7683.84,48515.84
EMP098E,DT6,JR06,3,37440,4492.8,0,4.2,2444.08,35391.28
EMP099E,DT5,JR10,5,137500,16500,0,4.2,3575,124575
EMP100E,DT6,JR14,5,125500,15060,0,5,10496.82,120936.82
EMP101E,DT7,JR01,5,18375,2205,137.81,4.2,496.12,16528.31
EMP102E,DT1,JR03,9,30135,3616.2,0,4.6,2832.69,29351.49
EMP103E,DT1,JR13,1,123000,14760,0,2.4,861,109101
EMP104E,DT3,JR08,0,55825,6699,0,3,254.56,49380.56
EMP105E,DT3,JR01,8,21075,2529,0,4.8,1160.81,19706.81
EMP106E,DT7,JR13,9,171600,20592,0,4.9,27153.98,178161.98
EMP107E,DT3,JR03,5,25215,3025.8,0,4.2,1716.64,23905.84
EMP108E,DT5,JR08,7,73150,8778,0,4.2,4441.67,68813.67
EMP109E,DT8,JR05,9,50225,6027,0,4.7,5593.06,49791.06
EMP110E,DT8,JR03,1,21012.5,2521.5,0,2.2,155.49,18646.49
EMP111E,DT1,JR01,10,22125,2655,0,4.7,3951.53,23421.53
EMP112E,DT6,JR15,6,115200,13824,0,4.6,3096.58,104472.58
EMP113E,DT5,JR06,10,47520,5702.4,0,4.1,2028.15,43845.75
EMP114E,DT8,JR11,6,83200,9984,0,4,6150.14,79366.14
EMP115E,DT8,JR02,7,24390,2926.8,0,4.6,1939.49,23402.69
EMP116E,DT2,JR03,2,22755,2730.6,0,4.1,660.81,20685.21
EMP117E,DT6,JR11,4,76700,9204,0,2.8,3755.23,71251.23
EMP118E,DT2,JR05,2,39025,4683,0,3.5,1220.7,35562.7
EMP119E,DT1,JR16,2,93925,11271,0,3.8,1183.46,83837.46
EMP120E,DT6,JR12,3,98175,11781,0,4.5,4017.32,90411.32
EMP121E,DT9,JR07,7,54200,6504,0,4.2,4463.91,52159.91
EMP122E,DT2,JR01,9,21825,2619,0,4.3,2542.18,21748.18
EMP123E,DT4,JR07,7,54200,6504,0,3.9,2154.99,49850.99
EMP124E,DT9,JR16,2,94775,11373,0,3.8,1743.86,85145.86
EMP125E,DT3,JR02,0,18270,2192.4,137.03,2.1,105.24,16045.81
EMP126E,DT9,JR16,0,85425,10251,0,3,140.1,75314.1
EMP127E,DT3,JR11,11,101725,12207,0,4.7,5057.77,94575.77
EMP128E,DT8,JR08,10,81125,9735,0,4.5,6165.5,77555.5
EMP129E,DT2,JR06,4,38720,4646.4,0,2.6,2471.88,36545.48
EMP130E,DT6,JR06,11,48960,5875.2,0,4.6,2698.68,45783.48
EMP131E,DT1,JR03,3,23575,2829,0,4.2,1357.92,22103.92
EMP132E,DT7,JR01,1,16050,1926,120.38,1.8,395.47,14399.09
EMP133E,DT6,JR04,6,36680,4401.6,0,4.2,4184.45,36462.85
EMP134E,DT2,JR11,11,101075,12129,0,4,15258.28,104204.28
EMP135E,DT5,JR09,2,76300,9156,0,2.7,878.98,68022.98
EMP136E,DT5,JR12,2,95200,11424,0,3.5,1736.45,85512.45
EMP137E,DT2,JR12,1,88400,10608,0,2.1,622.34,78414.34
EMP138E,DT1,JR10,3,127600,15312,0,4.1,3756.54,116044.54
EMP139E,DT2,JR05,10,52325,6279,0,4,4144.14,50190.14
EMP140E,DT8,JR16,9,121975,14637,0,4.3,16978.92,124316.92
EMP141E,DT2,JR07,7,53800,6456,0,4.8,3118.25,50462.25
EMP142E,DT6,JR10,10,165550,19866,0,4.9,22739.95,168423.95
EMP143E,DT6,JR16,1,90950,10914,0,1.8,916.78,80952.78
EMP144E,DT3,JR06,2,35840,4300.8,0,2.1,1651.51,33190.71
EMP145E,DT9,JR12,0,86275,10353,0,3,341.65,76263.65
EMP146E,DT9,JR04,1,28700,3444,0,1.5,246.82,25502.82
EMP147E,DT5,JR07,5,49400,5928,0,3.8,1671.7,45143.7
EMP148E,DT5,JR07,8,55000,6600,0,4.1,3630,52030
EMP149E,DT4,JR08,9,80300,9636,0,4.1,7387.6,78051.6
EMP150E,DT1,JR09,1,73150,8778,0,1.5,790.02,65162.02
EMP151E,DT5,JR14,10,149500,17940,0,3.9,7104.24,138664.24
EMP152E,DT2,JR06,11,49280,5913.6,0,4.1,5960.91,49327.31
EMP153E,DT6,JR12,9,124525,14943,0,4.6,12507.29,122089.29
EMP154E,DT1,JR05,1,37100,4452,0,2.3,498.62,33146.62
EMP155E,DT7,JR01,11,23175,2781,0,3.9,1111.47,21505.47
EMP156E,DT2,JR09,2,75250,9030,0,1.7,2212.35,68432.35
EMP157E,DT2,JR02,8,24930,2991.6,0,4.2,1074.98,23013.38
EMP158E,DT9,JR03,9,29212.5,3505.5,0,4.8,3376.97,29083.97
EMP159E,DT1,JR08,2,59950,7194,0,1.9,474.8,53230.8
EMP160E,DT7,JR06,4,39040,4684.8,0,3.1,1442.92,35798.12
EMP161E,DT1,JR10,3,128700,15444,0,3.5,4200.77,117456.77
EMP162E,DT8,JR06,6,41440,4972.8,0,4.8,2640.56,39107.76
EMP163E,DT5,JR10,2,119900,14388,0,1.8,2935.15,108447.15
EMP164E,DT3,JR12,2,93925,11271,0,3.1,1577.94,84231.94
EMP165E,DT4,JR13,11,184800,22176,0,4.3,30336.77,192960.77
EMP166E,DT4,JR12,3,98175,11781,0,2.1,5356.43,91750.43
EMP167E,DT6,JR06,6,41440,4972.8,0,4.4,977.98,37445.18
EMP168E,DT9,JR01,0,15150,1818,113.62,3,24.24,13242.62
EMP169E,DT8,JR09,2,75600,9072,0,1.8,1209.6,67737.6
EMP170E,DT3,JR10,7,147950,17754,0,4.2,10208.55,140404.55
EMP171E,DT7,JR02,2,19350,2322,145.12,2.7,359.91,17242.79
EMP172E,DT9,JR01,3,16950,2034,127.12,4.1,863.77,15652.65
EMP173E,DT3,JR14,1,104000,12480,0,3,432.64,91952.64
EMP174E,DT2,JR12,3,97750,11730,0,3,2111.4,88131.4
EMP175E,DT1,JR08,3,63800,7656,0,2.5,1061.63,57205.63
EMP176E,DT4,JR10,10,165550,19866,0,3.9,24077.59,169761.59
EMP177E,DT2,JR09,11,107800,12936,0,4.9,6054.05,100918.05
EMP178E,DT7,JR15,9,132300,15876,0,4.7,15420.89,131844.89
EMP179E,DT3,JR04,2,31220,3746.4,0,2.3,1206.34,28679.94
EMP180E,DT1,JR13,2,130200,15624,0,1.7,2567.54,117143.54
EMP181E,DT7,JR13,10,180600,21672,0,4.2,23347.97,182275.97
EMP182E,DT3,JR01,9,22050,2646,0,4.2,829.08,20233.08
EMP183E,DT1,JR11,10,95875,11505,0,5,16030.3,100400.3
EMP184E,DT2,JR07,6,51200,6144,0,4.6,4472.83,49528.83
EMP185E,DT7,JR10,5,136400,16368,0,2.9,3404.54,123436.54
EMP186E,DT2,JR11,0,65975,7917,0,1.9,277.1,58335.1
EMP187E,DT7,JR11,6,84500,10140,0,4.3,8923.2,83283.2
EMP188E,DT5,JR05,4,42700,5124,0,2,3231.54,40807.54
EMP189E,DT3,JR10,9,156750,18810,0,4.1,26114.55,164054.55
EMP190E,DT4,JR15,1,92250,11070,0,2.6,885.6,82065.6
EMP191E,DT7,JR08,9,80575,9669,0,4,12289.3,83195.3
EMP192E,DT1,JR01,1,15375,1845,115.31,1.5,141.45,13556.14
EMP193E,DT7,JR13,2,129600,15552,0,2.3,3317.76,117365.76
EMP194E,DT8,JR03,11,31467.5,3776.1,0,4.7,2693.62,30385.02
EMP195E,DT8,JR10,3,123750,14850,0,4.2,2970,111870
EMP196E,DT4,JR09,8,97650,11718,0,5,8948.65,94880.65
EMP197E,DT9,JR14,5,122500,14700,0,3.7,4410,112210
EMP198E,DT1,JR09,10,106050,12726,0,4.4,7864.67,101188.67
EMP199E,DT9,JR12,7,115600,13872,0,4.6,10653.7,112381.7
EMP200E,DT3,JR12,3,97750,11730,0,3.1,3167.1,89187.1
EMP201E,DT4,JR05,12,55125,6615,0,4.8,12425.18,60935.18
EMP202E,DT8,JR03,4,24087.5,2890.5,0,4.2,1247.73,22444.73
EMP203E,DT4,JR04,3,32340,3880.8,0,4,1764.47,30223.67
EMP204E,DT2,JR11,11,100100,12012,0,3.9,14270.26,102358.26
EMP205E,DT9,JR04,3,32760,3931.2,0,2.6,579.2,29408
EMP206E,DT3,JR05,1,37450,4494,0,1.9,629.16,33585.16
EMP207E,DT9,JR07,12,63000,7560,0,3.9,12461.4,67901.4
EMP208E,DT1,JR03,5,25317.5,3038.1,0,2.2,951.94,23231.34
EMP209E,DT7,JR05,7,46725,5607,0,5,1377.45,42495.45
EMP210E,DT3,JR03,2,22960,2755.2,0,2,661.25,20866.05
EMP211E,DT5,JR09,6,91350,10962,0,4,7132.61,87520.61
EMP212E,DT5,JR15,8,124650,14958,0,4.1,6526.67,116218.67
EMP213E,DT7,JR01,9,21825,2619,0,4,1747.75,20953.75
EMP214E,DT9,JR02,4,21510,2581.2,0,4.4,939.56,19868.36
EMP215E,DT3,JR08,12,86625,10395,0,4.3,4383.23,80613.23
EMP216E,DT8,JR07,2,43000,5160,0,1.8,1135.2,38975.2
EMP217E,DT2,JR02,9,26010,3121.2,0,4.6,1759.32,24648.12
EMP218E,DT5,JR07,2,44800,5376,0,3.7,688.13,40112.13
EMP219E,DT8,JR08,1,56650,6798,0,2.6,611.82,50463.82
EMP220E,DT5,JR03,10,31160,3739.2,0,3.9,6092.4,33513.2
EMP221E,DT4,JR09,7,95200,11424,0,3.9,10144.51,93920.51
EMP222E,DT3,JR14,1,105000,12600,0,2.3,1344,93744
EMP223E,DT6,JR02,2,19620,2354.4,147.15,2.3,621.56,17740.01
EMP224E,DT5,JR13,0,120000,14400,0,2.9,0,105600
EMP225E,DT9,JR11,3,75075,9009,0,2,3723.72,69789.72
EMP226E,DT7,JR01,6,19650,2358,147.38,4.5,1949.28,19093.9
EMP227E,DT4,JR14,4,118500,14220,0,3.8,4559.88,108839.88
EMP228E,DT6,JR10,0,111100,13332,0,2.9,195.54,97963.54
EMP229E,DT5,JR16,5,106675,12801,0,4.3,3264.25,97138.25
EMP230E,DT4,JR06,3,37440,4492.8,0,2.9,967.45,33914.65
EMP231E,DT1,JR13,10,182400,21888,0,4.3,21245.95,181757.95
EMP232E,DT6,JR13,4,142200,17064,0,3,2315.02,127451.02
EMP233E,DT5,JR07,9,57200,6864,0,3.9,4919.2,55255.2
EMP234E,DT9,JR09,7,95550,11466,0,4.9,9207.2,93291.2
EMP235E,DT9,JR03,8,28905,3468.6,0,4.1,948.08,26384.48
EMP236E,DT9,JR16,10,126650,15198,0,4.6,16383.44,127835.44
EMP237E,DT1,JR05,10,51625,6195,0,4.6,5296.73,50726.73
EMP238E,DT8,JR02,0,18000,2160,135,3,0,15705
EMP239E,DT7,JR08,8,76725,9207,0,4.4,7273.53,74791.53
EMP240E,DT2,JR15,5,113400,13608,0,3.9,7783.78,107575.78
EMP241E,DT7,JR11,6,84825,10179,0,5,9934.7,84580.7
EMP242E,DT2,JR04,3,32340,3880.8,0,3.7,761.93,29221.13
EMP243E,DT4,JR03,7,27982.5,3357.9,0,4.1,1715.89,26340.49
EMP244E,DT8,JR14,0,101500,12180,0,2.5,341.04,89661.04
EMP245E,DT8,JR04,0,28140,3376.8,0,2.9,49.53,24812.73
EMP246E,DT1,JR16,1,89675,10761,0,1.9,828.6,79742.6
EMP247E,DT7,JR12,11,129625,15555,0,4.6,17421.6,131491.6
EMP248E,DT2,JR16,10,127075,15249,0,4.7,9561.12,121387.12
EMP249E,DT8,JR03,11,31877.5,3825.3,0,5,3821.47,31873.67
EMP250E,DT4,JR16,11,130050,15606,0,4.8,24813.54,139257.54
EMP251E,DT2,JR09,7,94850,11382,0,4.7,8889.34,92357.34
EMP252E,DT4,JR09,11,108150,12978,0,4.7,16503.69,111675.69
EMP253E,DT7,JR07,10,59800,7176,0,4.7,8761.9,61385.9
EMP254E,DT9,JR16,1,90100,10812,0,1.8,1340.69,80628.69
EMP255E,DT2,JR03,9,30135,3616.2,0,5,2492.77,29011.57
EMP256E,DT6,JR06,7,42560,5107.2,0,4.3,4044.9,41497.7
EMP257E,DT1,JR14,5,124500,14940,0,3.6,3904.32,113464.32
EMP258E,DT3,JR09,10,103600,12432,0,3.9,5569.54,96737.54
EMP259E,DT1,JR10,3,128150,15378,0,4.5,4905.58,117677.58
EMP260E,DT6,JR06,1,33440,4012.8,0,2.8,144.46,29571.66
EMP261E,DT4,JR13,8,169200,20304,0,3.9,8324.64,157220.64
EMP262E,DT9,JR12,7,115600,13872,0,4.3,15647.62,117375.62
EMP263E,DT1,JR03,8,28392.5,3407.1,0,4.8,3935.2,28920.6
EMP264E,DT8,JR09,9,102550,12306,0,4.5,18692.81,108936.81
EMP265E,DT3,JR03,7,27777.5,3333.3,0,4.3,1735.54,26179.74
EMP266E,DT5,JR16,1,89675,10761,0,1.7,1341.54,80255.54
EMP267E,DT2,JR05,10,52325,6279,0,4.2,7873.87,53919.87
EMP268E,DT5,JR08,10,82225,9867,0,4.2,6186.61,78544.61
EMP269E,DT2,JR13,3,137400,16488,0,2.5,2709.53,123621.53
EMP270E,DT4,JR14,8,140000,16800,0,4.5,19264,142464
EMP271E,DT8,JR07,10,59400,7128,0,4.1,6914.16,59186.16
EMP272E,DT5,JR14,8,140500,16860,0,4.1,17753.58,141393.58
EMP273E,DT1,JR16,0,86700,10404,0,2.3,485.52,76781.52
EMP274E,DT9,JR14,5,124000,14880,0,2.5,8094.72,117214.72
EMP275E,DT1,JR13,3,135600,16272,0,2.9,4230.72,123558.72
EMP276E,DT7,JR10,4,133650,16038,0,3.1,6666.46,124278.46
EMP277E,DT3,JR04,7,37380,4485.6,0,4.5,1502.68,34397.08
EMP278E,DT1,JR08,3,64075,7689,0,4.5,3298.58,59684.58
EMP279E,DT7,JR10,8,155650,18678,0,4.6,18603.29,155575.29
EMP280E,DT1,JR02,1,18810,2257.2,141.07,2.5,325.04,16736.77
EMP281E,DT4,JR04,1,29960,3595.2,0,2,603.99,26968.79
EMP282E,DT4,JR07,6,52400,6288,0,4.9,3898.56,50010.56
EMP283E,DT8,JR05,4,41825,5019,0,2,2022.66,38828.66
EMP284E,DT4,JR08,4,66550,7986,0,2.2,1229.84,59793.84
EMP285E,DT5,JR01,3,17400,2088,130.5,3.5,1069.06,16250.56
EMP286E,DT8,JR12,10,129200,15504,0,4.6,17199.1,130895.1
EMP287E,DT8,JR15,3,101700,12204,0,4.4,2961.5,92457.5
EMP288E,DT1,JR03,10,30852.5,3702.3,0,4.5,6107.56,33257.76
EMP289E,DT8,JR02,4,21240,2548.8,0,2.4,581.13,19272.33
EMP290E,DT9,JR08,8,77825,9339,0,4.8,5425.96,73911.96
EMP291E,DT3,JR14,3,114000,13680,0,2.9,1659.84,101979.84
EMP292E,DT6,JR13,7,162600,19512,0,4.1,15700.66,158788.66
EMP293E,DT6,JR10,7,146300,17556,0,4.9,11586.96,140330.96
EMP294E,DT6,JR06,6,41120,4934.4,0,4.4,3375.13,39560.73
EMP295E,DT4,JR12,1,87975,10557,0,1.6,615.82,78033.82
EMP296E,DT8,JR04,10,42420,5090.4,0,4.9,5068.34,42397.94
EMP297E,DT1,JR08,6,72325,8679,0,4.4,8748.43,72394.43
EMP298E,DT7,JR14,1,105500,12660,0,1.6,1903.22,94743.22
EMP299E,DT9,JR01,9,21750,2610,0,4.4,3680.1,22820.1
EMP300E,DT2,JR01,3,16950,2034,127.12,4,599.35,15388.23
EMP301E,DT7,JR09,6,90650,10878,0,5,4920.48,84692.48
EMP302E,DT6,JR03,7,28085,3370.2,0,4.3,2909.61,27624.41
EMP303E,DT1,JR11,2,71175,8541,0,2.7,1785.07,64419.07
EMP304E,DT2,JR14,9,146000,17520,0,4.2,19342.08,147822.08
EMP305E,DT7,JR15,7,123300,14796,0,4.5,17883.43,126387.43
EMP306E,DT7,JR15,0,90000,10800,0,2.6,0,79200
EMP307E,DT1,JR05,10,52500,6300,0,3.9,6300,52500
EMP308E,DT9,JR14,11,152500,18300,0,4.6,13450.5,147650.5
EMP309E,DT4,JR09,11,109550,13146,0,4.6,16835.64,113239.64
EMP310E,DT6,JR16,11,129625,15555,0,4.8,20143.72,134213.72
EMP311E,DT7,JR01,11,22950,2754,0,4.2,4184.24,24380.24
EMP312E,DT1,JR05,7,46725,5607,0,4.2,5885.48,47003.48
EMP313E,DT9,JR01,4,17850,2142,133.88,2.7,949.62,16523.74
EMP314E,DT5,JR16,6,110925,13311,0,4.9,8931.68,106545.68
EMP315E,DT7,JR05,10,52150,6258,0,4.1,7768.26,53660.26
EMP316E,DT4,JR06,6,41600,4992,0,4.9,3694.08,40302.08
EMP317E,DT4,JR05,6,46200,5544,0,4.1,3429.89,44085.89
EMP318E,DT6,JR08,10,81125,9735,0,4.6,15413.75,86803.75
EMP319E,DT3,JR07,7,54600,6552,0,4,6377.28,54425.28
EMP320E,DT1,JR02,4,21780,2613.6,0,3.2,1719.75,20886.15
EMP321E,DT6,JR04,4,34020,4082.4,0,3.1,1696.92,31634.52
EMP322E,DT8,JR04,11,42840,5140.8,0,4.7,8718.8,46418
EMP323E,DT2,JR04,4,33460,4015.2,0,2.2,1931.31,31376.11
EMP324E,DT1,JR04,2,30100,3612,0,2.6,252.84,26740.84
EMP325E,DT6,JR12,5,106675,12801,0,4.2,9575.15,103449.15
EMP326E,DT4,JR12,11,130050,15606,0,4.5,9374,123818
EMP327E,DT5,JR06,3,36960,4435.2,0,2.3,1237.42,33762.22
EMP328E,DT6,JR08,3,62150,7458,0,3.2,1228.08,55920.08
EMP329E,DT2,JR03,7,27880,3345.6,0,4.7,1927.07,26461.47
EMP330E,DT3,JR15,7,123300,14796,0,4.6,10219.1,118723.1
EMP331E,DT9,JR06,8,44480,5337.6,0,4,3330.66,42473.06
EMP332E,DT5,JR10,11,172150,20658,0,4.8,24121.66,175613.66
EMP333E,DT8,JR16,4,101575,12189,0,3.4,4119.88,93505.88
EMP334E,DT9,JR05,4,42525,5103,0,3.3,1097.14,38519.14
EMP335E,DT7,JR12,9,122400,14688,0,4,13356.29,121068.29
EMP336E,DT2,JR13,6,156000,18720,0,4.4,12729.6,150009.6
EMP337E,DT5,JR12,3,98175,11781,0,2.6,4260.8,90654.8
EMP338E,DT9,JR07,1,42000,5040,0,2.5,453.6,37413.6
EMP339E,DT6,JR01,1,15525,1863,116.44,2.7,60.86,13606.42
EMP340E,DT4,JR12,4,103275,12393,0,4.5,5506.62,96388.62
EMP341E,DT9,JR14,10,149500,17940,0,4.2,26048.88,157608.88
EMP342E,DT3,JR10,9,156750,18810,0,4.9,23449.8,161389.8
EMP343E,DT4,JR09,6,91000,10920,0,4.2,5241.6,85321.6
EMP344E,DT9,JR02,0,18180,2181.6,136.35,2.1,18.91,15880.96
EMP345E,DT8,JR06,8,44640,5356.8,0,4.7,2539.12,41822.32
EMP346E,DT5,JR02,4,21780,2613.6,0,2.9,1207.48,20373.88
EMP347E,DT6,JR07,11,61000,7320,0,4.6,12553.8,66233.8
EMP348E,DT1,JR14,5,125000,15000,0,3.6,4000,114000
EMP349E,DT6,JR15,6,116550,13986,0,4.3,12377.61,114941.61
EMP350E,DT7,JR03,7,27880,3345.6,0,4.7,2167.95,26702.35
EMP351E,DT3,JR14,9,144000,17280,0,4.9,16220.16,142940.16
EMP352E,DT9,JR11,5,80925,9711,0,2.4,3965.33,75179.33
EMP353E,DT7,JR09,2,75950,9114,0,2.6,1446.09,68282.09
EMP354E,DT7,JR14,7,135500,16260,0,4.4,11929.42,131169.42
EMP355E,DT4,JR06,9,46080,5529.6,0,4.2,5677.06,46227.46
EMP356E,DT4,JR10,5,138600,16632,0,5,11243.23,133211.23
EMP357E,DT4,JR08,2,60775,7293,0,2.5,2297.3,55779.3
EMP358E,DT6,JR11,6,84825,10179,0,4.6,9727.73,84373.73
EMP359E,DT5,JR14,8,141500,16980,0,3.9,23019.22,147539.22
EMP360E,DT1,JR03,11,31570,3788.4,0,4.7,5728.06,33509.66
EMP361E,DT4,JR04,2,31220,3746.4,0,4.4,976.56,28450.16
EMP362E,DT3,JR08,9,78925,9471,0,4.4,7141.13,76595.13
EMP363E,DT7,JR11,9,93925,11271,0,4.2,14378.04,97032.04
EMP364E,DT2,JR04,4,33180,3981.6,0,4.1,1964.26,31162.66
EMP365E,DT7,JR11,4,77025,9243,0,2.3,4787.87,72569.87
EMP366E,DT8,JR02,4,21600,2592,0,2.5,967.68,19975.68
EMP367E,DT1,JR14,8,140000,16800,0,4.6,15680,138880
EMP368E,DT2,JR14,0,101500,12180,0,2.3,414.12,89734.12
EMP369E,DT2,JR07,9,58400,7008,0,4.3,10745.6,62137.6
EMP370E,DT2,JR04,8,38920,4670.4,0,3.9,2307.18,36556.78
EMP371E,DT4,JR11,0,65000,7800,0,2.2,0,57200
EMP372E,DT9,JR13,3,135000,16200,0,4.4,6615,125415
EMP373E,DT1,JR13,8,168000,20160,0,4.3,25267.2,173107.2
EMP374E,DT7,JR09,1,74550,8946,0,2.1,697.79,66301.79
EMP375E,DT1,JR03,11,31467.5,3776.1,0,4.7,6330,34021.4
EMP376E,DT4,JR11,3,75075,9009,0,4,3165.16,69231.16
EMP377E,DT2,JR09,4,84700,10164,0,2.9,2419.03,76955.03
EMP378E,DT1,JR04,11,42980,5157.6,0,4.8,6806.31,44628.71
EMP379E,DT9,JR01,4,17700,2124,132.75,4,1070.5,16513.75
EMP380E,DT5,JR13,7,160200,19224,0,4.3,17602.78,158578.78
EMP381E,DT4,JR08,8,76175,9141,0,4.1,4927,71961
EMP382E,DT5,JR15,5,113850,13662,0,4.9,9171.76,109359.76
EMP383E,DT7,JR06,2,34400,4128,0,1.8,866.88,31138.88
EMP384E,DT5,JR10,3,126500,15180,0,3.6,3946.8,115266.8
EMP385E,DT6,JR01,2,16425,1971,123.19,2.2,461.87,14792.68
EMP386E,DT6,JR04,2,30520,3662.4,0,2.5,263.69,27121.29
EMP387E,DT9,JR15,1,94050,11286,0,2,1591.33,84355.33
EMP388E,DT1,JR11,7,86125,10335,0,3.9,4478.5,80268.5
EMP389E,DT4,JR03,7,28085,3370.2,0,3.9,3907.19,28621.99
EMP390E,DT7,JR10,8,154550,18546,0,3.9,8011.87,144015.87
EMP391E,DT7,JR04,6,36540,4384.8,0,4.8,1159.05,33314.25
EMP392E,DT5,JR11,10,96850,11622,0,4.6,15186.08,100414.08
EMP393E,DT8,JR11,8,89375,10725,0,5,11529.38,90179.38
EMP394E,DT4,JR11,6,85475,10257,0,4.2,10769.85,85987.85
EMP395E,DT2,JR03,8,29110,3493.2,0,4,1760.57,27377.37
EMP396E,DT4,JR11,11,101725,12207,0,4.5,6437.16,95955.16
EMP397E,DT7,JR01,4,17925,2151,134.44,4.1,419.44,16059
EMP398E,DT4,JR09,5,86100,10332,0,2.8,7604.35,83372.35
EMP399E,DT7,JR06,3,36800,4416,0,2,1501.44,33885.44
EMP400E,DT1,JR05,10,51625,6195,0,3.9,8435.52,53865.52
EMP401E,DT6,JR10,10,162800,19536,0,4.9,27506.69,170770.69
EMP402E,DT3,JR10,4,133650,16038,0,3.8,11264.02,128876.02
EMP403E,DT2,JR11,3,73450,8814,0,3.1,993.04,65629.04
EMP404E,DT8,JR07,8,56200,6744,0,3.9,7101.43,56557.43
EMP405E,DT8,JR08,5,69575,8349,0,4,5752.46,66978.46
EMP406E,DT6,JR08,4,64625,7755,0,2.7,3257.1,60127.1
EMP407E,DT4,JR05,8,49700,5964,0,4.5,3005.86,46741.86
EMP408E,DT8,JR04,9,40600,4872,0,4.6,7015.68,42743.68
EMP409E,DT9,JR15,3,103050,12366,0,3.4,5857.36,96541.36
EMP410E,DT5,JR13,3,135000,16200,0,3.2,3105,121905
EMP411E,DT5,JR01,3,17325,2079,129.94,2.6,665.97,15782.03
EMP412E,DT9,JR05,11,53375,6405,0,4.5,3810.97,50780.97
EMP413E,DT9,JR04,5,35280,4233.6,0,5,3375.59,34421.99
EMP414E,DT5,JR01,2,16125,1935,120.94,2.9,387,14456.06
EMP415E,DT9,JR06,12,50400,6048,0,4.7,3709.44,48061.44
EMP416E,DT5,JR07,3,45000,5400,0,2.5,1890,41490
EMP417E,DT4,JR05,6,46025,5523,0,4.2,3479.49,43981.49
EMP418E,DT6,JR14,8,140500,16860,0,4.5,7738.74,131378.74
EMP419E,DT8,JR03,2,22550,2706,0,4,342.76,20186.76
EMP420E,DT4,JR09,1,73150,8778,0,1.6,368.68,64740.68
EMP421E,DT6,JR04,4,33740,4048.8,0,3.2,1715.34,31406.54
EMP422E,DT4,JR10,3,127050,15246,0,3.7,1890.5,113694.5
EMP423E,DT1,JR01,10,22125,2655,0,4.6,3447.07,22917.07
EMP424E,DT3,JR16,3,98175,11781,0,2.2,3165.16,89559.16
EMP425E,DT4,JR15,10,133650,16038,0,4.7,16593.98,134205.98
EMP426E,DT5,JR03,11,32185,3862.2,0,4.3,5283.49,33606.29
EMP427E,DT2,JR10,0,111100,13332,0,2.2,151.1,97919.1
EMP428E,DT7,JR10,8,156200,18744,0,4.8,22042.94,159498.94
EMP429E,DT1,JR08,6,71775,8613,0,4.4,3677.75,66839.75
EMP430E,DT2,JR15,3,103050,12366,0,3.6,5259.67,95943.67
EMP431E,DT1,JR10,9,157300,18876,0,4.7,22726.7,161150.7
EMP432E,DT4,JR13,3,136800,16416,0,3.5,5209.34,125593.34
EMP433E,DT4,JR15,8,125100,15012,0,4.7,5074.06,115162.06
EMP434E,DT5,JR14,12,157500,18900,0,3.9,34776,173376
EMP435E,DT7,JR03,2,22345,2681.4,0,1.7,193.06,19856.66
EMP436E,DT5,JR07,4,47800,5736,0,3,2311.61,44375.61
EMP437E,DT3,JR15,10,133650,16038,0,4.5,22298.17,139910.17
EMP438E,DT8,JR11,3,74100,8892,0,3.1,2157.79,67365.79
EMP439E,DT9,JR04,11,43820,5258.4,0,4.1,7526.52,46088.12
EMP440E,DT8,JR12,4,102425,12291,0,3.7,2519.65,92653.65
EMP441E,DT7,JR09,11,107100,12852,0,4.9,19980.58,114228.58
EMP442E,DT2,JR16,3,99025,11883,0,2.6,2483.55,89625.55
EMP443E,DT1,JR01,11,23550,2826,0,3.9,2255.15,22979.15
EMP444E,DT6,JR04,5,34720,4166.4,0,3.7,799.95,31353.55
EMP445E,DT3,JR02,4,21960,2635.2,0,2.4,1314.09,20638.89
EMP446E,DT9,JR04,0,28140,3376.8,0,2.2,46.15,24809.35
EMP447E,DT8,JR13,2,130200,15624,0,1.8,3275.83,117851.83
EMP448E,DT6,JR06,3,36800,4416,0,3.3,1545.6,33929.6
EMP449E,DT3,JR04,9,40040,4804.8,0,4.2,2754.75,37989.95
EMP450E,DT5,JR02,4,21960,2635.2,0,3.4,1043.54,20368.34
EMP451E,DT6,JR13,2,130800,15696,0,2.5,2919.46,118023.46
EMP452E,DT2,JR02,2,19620,2354.4,147.15,2.6,663.94,17782.39
EMP453E,DT2,JR07,8,55600,6672,0,3.9,5551.1,54479.1
EMP454E,DT3,JR12,2,92650,11118,0,1.8,3135.28,84667.28
EMP455E,DT5,JR01,6,19650,2358,147.38,4.7,1072.1,18216.72
EMP456E,DT7,JR11,5,81250,9750,0,3.8,7800,79300
EMP457E,DT9,JR01,10,22500,2700,0,5,3420,23220
EMP458E,DT1,JR12,9,123250,14790,0,4.8,6211.8,114671.8
EMP459E,DT1,JR03,10,31160,3739.2,0,4.1,6351.65,33772.45
EMP460E,DT5,JR01,11,23325,2799,0,3.9,4349.65,24875.65
EMP461E,DT8,JR12,2,91800,11016,0,2,2702.59,83486.59
EMP462E,DT8,JR07,11,62400,7488,0,5,6429.7,61341.7
EMP463E,DT4,JR06,12,50560,6067.2,0,4.9,8680.14,53172.94
EMP464E,DT8,JR16,4,99875,11985,0,3.2,3775.28,91665.28
EMP465E,DT3,JR04,5,35140,4216.8,0,4.1,2150.57,33073.77
EMP466E,DT8,JR12,4,102425,12291,0,3.7,6215.15,96349.15
EMP467E,DT9,JR15,6,117900,14148,0,4.9,6140.23,109892.23
EMP468E,DT9,JR07,4,48600,5832,0,4.5,1170.29,43938.29
EMP469E,DT8,JR16,1,88400,10608,0,1.9,792.06,78584.06
EMP470E,DT7,JR15,8,124200,14904,0,4.8,11327.04,120623.04
EMP471E,DT6,JR10,8,152350,18282,0,4,22523.42,156591.42
EMP472E,DT7,JR13,7,162000,19440,0,4.4,9072,151632
EMP473E,DT4,JR03,5,25727.5,3087.3,0,4.3,2414.27,25054.47
EMP474E,DT5,JR11,9,94900,11388,0,4.9,16413.9,99925.9
EMP475E,DT2,JR08,2,61600,7392,0,4.4,1714.94,55922.94
EMP476E,DT6,JR05,6,45150,5418,0,4.1,5237.4,44969.4
EMP477E,DT3,JR13,6,157800,18936,0,4.5,6362.5,145226.5
EMP478E,DT5,JR02,9,25650,3078,0,4.4,1133.73,23705.73
EMP479E,DT4,JR12,2,91800,11016,0,2.2,2173.82,82957.82
EMP480E,DT5,JR03,6,26957.5,3234.9,0,4.4,1834.19,25556.79
EMP481E,DT8,JR16,7,114750,13770,0,4.1,5140.8,106120.8
EMP482E,DT5,JR02,8,25560,3067.2,0,4.2,1717.63,24210.43
EMP483E,DT1,JR02,3,20880,2505.6,156.6,3.5,694.89,18912.69
EMP484E,DT6,JR10,3,124300,14916,0,3.3,5041.61,114425.61
EMP485E,DT1,JR05,5,44450,5334,0,4.6,4032.5,43148.5
EMP486E,DT1,JR03,10,30647.5,3677.7,0,4.8,1941.83,28911.63
EMP487E,DT9,JR12,10,127075,15249,0,4.9,9057.91,120883.91
EMP488E,DT9,JR16,12,133875,16065,0,4.3,6158.25,123968.25
EMP489E,DT7,JR06,8,44960,5395.2,0,4.2,7137.85,46702.65
EMP490E,DT9,JR14,1,106000,12720,0,2.4,2442.24,95722.24
EMP491E,DT7,JR12,6,110075,13209,0,4.5,5195.54,102061.54
EMP492E,DT7,JR14,5,127000,15240,0,4,10972.8,122732.8
EMP493E,DT9,JR12,4,99875,11985,0,4.5,6711.6,94601.6
EMP494E,DT7,JR05,4,42525,5103,0,3.3,2121.15,39543.15
EMP495E,DT8,JR09,4,84000,10080,0,3.4,2956.8,76876.8
EMP496E,DT1,JR16,7,114325,13719,0,4.8,4733.06,105339.06
EMP497E,DT6,JR09,2,77350,9282,0,2.2,2014.19,70082.19
EMP498E,DT3,JR12,0,86700,10404,0,2.8,527.14,76823.14
EMP499E,DT3,JR03,8,28905,3468.6,0,5,2465.02,27901.42
EMP500E,DT7,JR01,1,15525,1863,116.44,2.3,86.94,13632.5
EMP501E,DT7,JR01,9,21750,2610,0,3.9,2583.9,21723.9
EMP502E,DT1,JR05,7,47950,5754,0,3.9,4683.76,46879.76
EMP503E,DT3,JR01,11,23100,2772,0,4.7,3193.34,23521.34
EMP504E,DT1,JR12,3,98175,11781,0,3.4,5965.11,92359.11
EMP505E,DT3,JR10,1,116050,13926,0,1.6,2297.79,104421.79
EMP506E,DT7,JR07,11,61400,7368,0,4.8,11037.26,65069.26
EMP507E,DT4,JR02,8,24840,2980.8,0,4.5,2189.89,24049.09
EMP508E,DT4,JR01,3,17100,2052,128.25,2.1,823.54,15743.29
EMP509E,DT6,JR14,6,129500,15540,0,4.7,12530.42,126490.42
EMP510E,DT9,JR04,5,35560,4267.2,0,4.8,1305.76,32598.56
EMP511E,DT5,JR09,7,95900,11508,0,4,7948.19,92340.19
EMP512E,DT7,JR11,7,86775,10413,0,4.3,4418.58,80780.58
EMP513E,DT8,JR04,4,33600,4032,0,3.3,1128.96,30696.96
EMP514E,DT2,JR02,11,28080,3369.6,0,4.9,5660.93,30371.33
EMP515E,DT9,JR07,7,54000,6480,0,4,7257.6,54777.6
EMP516E,DT6,JR03,5,25112.5,3013.5,0,3.4,2214.92,24313.92
EMP517E,DT4,JR11,10,95875,11505,0,4.7,17487.6,101857.6
EMP518E,DT9,JR09,6,89250,10710,0,4.5,3927,82467
EMP519E,DT9,JR12,5,106250,12750,0,4.4,9350,102850
EMP520E,DT8,JR03,1,21627.5,2595.3,0,1.7,418.71,19450.91
EMP521E,DT8,JR02,4,21510,2581.2,0,2.8,738.22,19667.02
EMP522E,DT1,JR16,1,90100,10812,0,1.9,994.7,80282.7
EMP523E,DT2,JR13,3,135600,16272,0,2,6346.08,125674.08
EMP524E,DT4,JR11,0,66300,7956,0,2.2,286.42,58630.42
EMP525E,DT3,JR07,9,58200,6984,0,4.1,10168.7,61384.7
EMP526E,DT4,JR11,3,74100,8892,0,3.2,2655.74,67863.74
EMP527E,DT3,JR01,2,16725,2007,125.44,2.4,646.25,15238.81
EMP528E,DT4,JR15,3,105300,12636,0,3.8,3723.41,96387.41
EMP529E,DT3,JR10,6,144650,17358,0,3.9,17132.35,144424.35
EMP530E,DT4,JR02,1,18450,2214,138.38,1.8,121.77,16219.39
EMP531E,DT4,JR15,10,133200,15984,0,4.7,7672.32,124888.32
EMP532E,DT5,JR10,5,134750,16170,0,3.8,6791.4,125371.4
EMP533E,DT2,JR01,11,23475,2817,0,4.7,4774.82,25432.82
EMP534E,DT4,JR01,10,22425,2691,0,4.9,1243.24,20977.24
EMP535E,DT3,JR05,1,37100,4452,0,2.3,730.13,33378.13
EMP536E,DT2,JR10,2,121550,14586,0,4,3267.26,110231.26
EMP537E,DT2,JR16,11,130475,15657,0,4.3,26246.35,141064.35
EMP538E,DT7,JR08,9,78925,9471,0,5,12085,81539
EMP539E,DT2,JR05,3,40600,4872,0,2.1,1351.17,37079.17
EMP540E,DT5,JR14,3,116000,13920,0,3,3563.52,105643.52
EMP541E,DT4,JR15,1,93150,11178,0,2.2,704.21,82676.21
EMP542E,DT4,JR05,7,47950,5754,0,4.7,5109.55,47305.55
EMP543E,DT7,JR14,1,102500,12300,0,1.8,656,90856
EMP544E,DT8,JR01,4,17700,2124,132.75,4.2,407.81,15851.06
EMP545E,DT1,JR06,0,32480,3897.6,0,2.9,120.83,28703.23
EMP546E,DT9,JR07,10,60800,7296,0,4.2,7587.84,61091.84
EMP547E,DT2,JR14,9,144000,17280,0,4.7,9123.84,135843.84
EMP548E,DT9,JR10,2,118250,14190,0,2.7,709.5,104769.5
EMP549E,DT4,JR11,3,75400,9048,0,2.8,1930.24,68282.24
EMP550E,DT7,JR06,6,41120,4934.4,0,4.6,937.54,37123.14
EMP551E,DT1,JR12,3,96475,11577,0,4.4,2813.21,87711.21
EMP552E,DT2,JR06,11,49120,5894.4,0,4.6,6096.77,49322.37
EMP553E,DT5,JR02,5,22140,2656.8,0,3.8,448.11,19931.31
EMP554E,DT6,JR09,3,78750,9450,0,2,3386.25,72686.25
EMP555E,DT5,JR12,10,127500,15300,0,4.9,13770,125970
EMP556E,DT5,JR07,6,52800,6336,0,3.9,4190.21,50654.21
EMP557E,DT2,JR11,12,102700,12324,0,4.1,6194.86,96570.86
EMP558E,DT2,JR14,1,104500,12540,0,1.6,1090.98,93050.98
EMP559E,DT2,JR14,6,127500,15300,0,4.3,11500.5,123700.5
EMP560E,DT5,JR12,10,127500,15300,0,4.3,21930,134130
EMP561E,DT4,JR12,10,125375,15045,0,4.3,19533.42,129863.42
EMP562E,DT4,JR14,5,127000,15240,0,4.2,13441.68,125201.68
EMP563E,DT2,JR01,4,17625,2115,132.19,2.7,296.1,15673.91
EMP564E,DT4,JR05,5,42875,5145,0,2,2546.77,40276.77
EMP565E,DT2,JR06,5,40160,4819.2,0,4.1,4014.39,39355.19
EMP566E,DT3,JR04,0,28280,3393.6,0,1.7,40.72,24927.12
EMP567E,DT2,JR14,12,157500,18900,0,4.6,21735,160335
EMP568E,DT2,JR08,7,74250,8910,0,3.9,4989.6,70329.6
EMP569E,DT1,JR12,11,132600,15912,0,4,24355.97,141043.97
EMP570E,DT3,JR06,8,44480,5337.6,0,3.9,1804.11,40946.51
EMP571E,DT7,JR16,12,134300,16116,0,4.5,11216.74,129400.74
EMP572E,DT7,JR05,6,45500,5460,0,4.2,1747.2,41787.2
EMP573E,DT9,JR10,4,132000,15840,0,2.8,10560,126720
EMP574E,DT4,JR03,2,22242.5,2669.1,0,2,408.37,19981.77
EMP575E,DT4,JR11,8,89700,10764,0,4.6,10907.52,89843.52
EMP576E,DT6,JR12,9,123250,14790,0,4.1,14642.1,123102.1
EMP577E,DT1,JR04,4,34160,4099.2,0,3.8,2224.5,32285.3
EMP578E,DT8,JR06,11,49760,5971.2,0,5,4860.56,48649.36
EMP579E,DT6,JR09,9,100800,12096,0,4.1,9580.03,98284.03
EMP580E,DT8,JR02,0,18270,2192.4,137.03,1.5,37.27,15977.84
EMP581E,DT2,JR05,4,41475,4977,0,3.2,1043.51,37541.51
EMP582E,DT3,JR03,7,27572.5,3308.7,0,5,913.2,25177
EMP583E,DT3,JR01,11,23475,2817,0,4.9,4456.49,25114.49
EMP584E,DT5,JR08,4,66550,7986,0,2.6,4695.77,63259.77
EMP585E,DT1,JR01,1,15900,1908,119.25,1.5,221.33,14094.08
EMP586E,DT1,JR11,8,91975,11037,0,4.2,6717.85,87655.85
EMP587E,DT3,JR04,4,33040,3964.8,0,4.5,618.51,29693.71
EMP588E,DT2,JR15,5,113400,13608,0,4.4,7783.78,107575.78
EMP589E,DT6,JR16,6,110925,13311,0,3.9,7849.05,105463.05
EMP590E,DT4,JR09,7,94850,11382,0,4.6,5656.85,89124.85
EMP591E,DT6,JR10,8,151250,18150,0,4.8,19057.5,152157.5
EMP592E,DT2,JR02,11,27630,3315.6,0,4.7,3429.44,27743.84
EMP593E,DT8,JR05,9,50925,6111,0,4.3,6487.85,51301.85
EMP594E,DT2,JR14,2,111000,13320,0,2,1953.6,99633.6
EMP595E,DT2,JR11,5,80600,9672,0,3.4,2476.03,73404.03
EMP596E,DT4,JR11,4,78325,9399,0,2.8,1926.79,70852.79
EMP597E,DT1,JR15,6,115650,13878,0,5,2900.5,104672.5
EMP598E,DT5,JR06,8,44160,5299.2,0,4.4,2819.17,41679.97
EMP599E,DT6,JR04,1,28980,3477.6,0,2.5,243.43,25745.83
EMP600E,DT5,JR02,7,24210,2905.2,0,4.2,1403.21,22708.01
EMP601E,DT1,JR02,10,27090,3250.8,0,4.6,1203.88,25043.08
EMP602E,DT3,JR07,10,59400,7128,0,4.2,5992.27,58264.27
EMP603E,DT1,JR12,12,134300,16116,0,4.9,14332.5,132516.5
EMP604E,DT6,JR04,2,30520,3662.4,0,2,769.1,27626.7
EMP605E,DT5,JR07,1,41000,4920,0,3,180.4,36260.4
EMP606E,DT4,JR11,6,84175,10101,0,4.4,8939.39,83013.39
EMP607E,DT9,JR04,12,44100,5292,0,4,5882.94,44690.94
EMP608E,DT7,JR16,9,123250,14790,0,3.9,12867.3,121327.3
EMP609E,DT8,JR04,8,39200,4704,0,4.2,5017.6,39513.6
EMP610E,DT7,JR05,6,45150,5418,0,4,2723.45,42455.45
EMP611E,DT2,JR15,2,100800,12096,0,2.6,2225.66,90929.66
EMP612E,DT1,JR13,10,181200,21744,0,4.3,14785.92,174241.92
EMP613E,DT6,JR10,2,122100,14652,0,3.9,1826.62,109274.62
EMP614E,DT7,JR02,1,19260,2311.2,144.45,2.6,496.14,17300.49
EMP615E,DT6,JR08,9,80575,9669,0,5,13188.52,84094.52
EMP616E,DT1,JR05,5,44450,5334,0,4.5,2400.3,41516.3
EMP617E,DT3,JR02,9,26460,3175.2,0,4.3,3283.16,26567.96
EMP618E,DT8,JR06,2,35680,4281.6,0,3.3,328.26,31726.66
EMP619E,DT5,JR14,10,147500,17700,0,4,10089,139889
EMP620E,DT3,JR05,7,47075,5649,0,4.3,2338.69,43764.69
EMP621E,DT1,JR13,1,126600,15192,0,3,2172.46,113580.46
EMP622E,DT3,JR08,4,67100,8052,0,3.5,5196.22,64244.22
EMP623E,DT3,JR08,3,63800,7656,0,3.4,1796.61,57940.61
EMP624E,DT4,JR07,7,54000,6480,0,4.2,5896.8,53416.8
EMP625E,DT2,JR01,10,22125,2655,0,4.3,2522.25,21992.25
EMP626E,DT9,JR04,8,38780,4653.6,0,5,1672.19,35798.59
EMP627E,DT6,JR10,6,141350,16962,0,4.6,16113.9,140501.9
EMP628E,DT2,JR12,7,115175,13821,0,4.2,8504.52,109858.52
EMP629E,DT6,JR04,2,30380,3645.6,0,1.8,495.8,27230.2
EMP630E,DT8,JR05,7,46375,5565,0,4,5908.18,46718.18
EMP631E,DT2,JR15,8,126450,15174,0,4.3,19255.81,130531.81
EMP632E,DT7,JR02,2,19980,2397.6,149.85,4.3,738.46,18171.01
EMP633E,DT2,JR16,6,111350,13362,0,4.3,3589.92,101577.92
EMP634E,DT1,JR11,8,89375,10725,0,4.4,9652.5,88302.5
EMP635E,DT6,JR01,7,20400,2448,153,4.1,1880.06,19679.06
EMP636E,DT4,JR01,8,20925,2511,156.94,4.7,1586.95,19844.01
EMP637E,DT6,JR15,1,94950,11394,0,2.6,1754.68,85310.68
EMP638E,DT3,JR14,6,132000,15840,0,4.7,13854.72,130014.72
EMP639E,DT9,JR03,3,23165,2779.8,0,4.3,265.01,20650.21
EMP640E,DT5,JR07,6,51400,6168,0,4.3,4336.1,49568.1
EMP641E,DT5,JR10,4,133650,16038,0,3.9,2988.41,120600.41
EMP642E,DT4,JR13,10,182400,21888,0,4.5,22004.74,182516.74
EMP643E,DT3,JR13,9,174600,20952,0,4.9,30506.11,184154.11
EMP644E,DT1,JR04,7,37800,4536,0,4.3,2963.52,36227.52
EMP645E,DT4,JR01,6,19725,2367,147.94,4.8,2187.11,19397.17
EMP646E,DT3,JR03,7,28085,3370.2,0,4.3,2660.21,27375.01
EMP647E,DT6,JR08,0,56100,6732,0,1.9,197.47,49565.47
EMP648E,DT9,JR14,9,143500,17220,0,3.9,13982.64,140262.64
EMP649E,DT9,JR06,5,39520,4742.4,0,2.6,1411.65,36189.25
EMP650E,DT1,JR15,4,108000,12960,0,4.1,3110.4,98150.4
EMP651E,DT3,JR11,12,102700,12324,0,3.9,6671.39,97047.39
EMP652E,DT9,JR08,10,83600,10032,0,4.4,11128.83,84696.83
EMP653E,DT8,JR06,5,39520,4742.4,0,3.6,3343.39,38120.99
EMP654E,DT7,JR06,8,44800,5376,0,4.6,3584,43008
EMP655E,DT7,JR11,5,81575,9789,0,4.3,5491.63,77277.63
EMP656E,DT3,JR11,7,89050,10686,0,4.2,3163.06,81527.06
EMP657E,DT6,JR02,2,19890,2386.8,149.17,2.3,484.52,17838.55
EMP658E,DT5,JR04,10,42000,5040,0,4.9,5880,42840
EMP659E,DT9,JR06,9,47040,5644.8,0,4.7,4598.63,45993.83
EMP660E,DT1,JR12,7,114750,13770,0,4.3,12530.7,113510.7
EMP661E,DT9,JR14,3,115000,13800,0,3.2,4140,105340
EMP662E,DT1,JR10,5,135850,16302,0,4.1,9960.52,129508.52
EMP663E,DT3,JR15,11,140850,16902,0,5,17825.98,141773.98
EMP664E,DT1,JR06,5,40160,4819.2,0,4.8,3440.91,38781.71
EMP665E,DT2,JR02,6,23220,2786.4,0,4.9,1616.11,22049.71
EMP666E,DT5,JR15,5,113850,13662,0,4.2,8447.67,108635.67
EMP667E,DT2,JR16,4,101150,12138,0,3.5,6764.91,95776.91
EMP668E,DT9,JR02,10,27270,3272.4,0,5,2921.16,26918.76
EMP669E,DT2,JR10,1,116050,13926,0,2.2,2093.54,104217.54
EMP670E,DT7,JR16,1,90950,10914,0,2.6,1069.57,81105.57
EMP671E,DT2,JR14,7,135000,16200,0,4.7,13986,132786
EMP672E,DT3,JR12,3,99025,11883,0,3.5,6535.65,93677.65
EMP673E,DT4,JR14,6,130500,15660,0,4.4,6686.82,121526.82
EMP674E,DT2,JR07,9,58000,6960,0,4.1,8560.8,59600.8
EMP675E,DT2,JR15,6,116550,13986,0,4.6,10452.2,113016.2
EMP676E,DT3,JR02,8,24750,2970,0,5,2970,24750
EMP677E,DT8,JR16,11,130475,15657,0,3.9,18428.29,133246.29
EMP678E,DT5,JR11,6,82875,9945,0,4.8,3099.52,76029.52
EMP679E,DT3,JR13,2,131400,15768,0,1.5,3395.38,119027.38
EMP680E,DT9,JR04,2,30520,3662.4,0,1.7,1076.75,27934.35
EMP681E,DT1,JR15,4,106200,12744,0,2.1,6881.76,100337.76
EMP682E,DT5,JR02,9,25740,3088.8,0,3.9,2833.46,25484.66
EMP683E,DT5,JR09,5,87500,10500,0,3,2450,79450
EMP684E,DT1,JR06,3,36320,4358.4,0,4.5,1804.38,33765.98
EMP685E,DT1,JR05,11,54950,6594,0,5,12027.46,60383.46
EMP686E,DT6,JR05,6,44975,5397,0,3.9,2768.66,42346.66
EMP687E,DT4,JR04,3,31780,3813.6,0,3,1201.28,29167.68
EMP688E,DT5,JR16,8,120700,14484,0,4.3,7705.49,113921.49
EMP689E,DT3,JR09,8,97650,11718,0,3.9,15428.7,101360.7
EMP690E,DT2,JR15,10,134100,16092,0,4.6,6308.06,124316.06
EMP691E,DT3,JR15,5,110250,13230,0,2.7,7739.55,104759.55
EMP692E,DT5,JR16,11,131750,15810,0,4,22608.3,138548.3
EMP693E,DT8,JR15,7,122400,14688,0,4.6,3877.63,111589.63
EMP694E,DT1,JR02,11,27450,3294,0,4,2997.54,27153.54
EMP695E,DT6,JR16,4,99875,11985,0,2.3,6711.6,94601.6
EMP696E,DT4,JR08,6,72600,8712,0,4.4,4274.69,68162.69
EMP697E,DT5,JR11,2,71175,8541,0,1.7,1839.16,64473.16
EMP698E,DT1,JR04,8,39480,4737.6,0,4.8,5179.78,39922.18
EMP699E,DT8,JR06,6,41280,4953.6,0,4.1,3447.71,39774.11
EMP700E,DT8,JR16,11,132600,15912,0,4.9,7722.62,124410.62
EMP701E,DT8,JR04,11,42980,5157.6,0,3.9,8461.9,46284.3
EMP702E,DT8,JR16,9,122825,14739,0,4.3,16615.77,124701.77
EMP703E,DT4,JR01,11,23550,2826,0,5,3436.42,24160.42
EMP704E,DT4,JR07,7,54600,6552,0,4.3,1913.18,49961.18
EMP705E,DT6,JR15,7,120150,14418,0,4.7,4508.03,110240.03
EMP706E,DT8,JR16,4,99875,11985,0,3.4,4614.22,92504.22
EMP707E,DT9,JR05,6,46200,5544,0,4.5,5322.24,45978.24
EMP708E,DT4,JR14,7,136500,16380,0,4.8,18334.68,138454.68
EMP709E,DT9,JR02,1,19080,2289.6,143.1,2.7,329.7,16977
EMP710E,DT5,JR03,11,31467.5,3776.1,0,4.6,1885.53,29576.93
EMP711E,DT9,JR02,1,18540,2224.8,139.05,2,66.74,16242.89
EMP712E,DT6,JR12,8,119425,14331,0,3.9,5804.06,110898.06
EMP713E,DT2,JR04,6,35980,4317.6,0,4.9,1558.65,33221.05
EMP714E,DT2,JR05,1,37100,4452,0,2.8,498.62,33146.62
EMP715E,DT1,JR15,5,113400,13608,0,4.8,10850.11,110642.11
EMP716E,DT5,JR16,10,125800,15096,0,4.2,13042.94,123746.94
EMP717E,DT1,JR01,4,18300,2196,137.25,4.2,644.16,16610.91
EMP718E,DT9,JR08,9,79750,9570,0,4.2,14355,84535
EMP719E,DT3,JR02,7,24300,2916,0,4.4,3129.84,24513.84
EMP720E,DT5,JR09,5,87850,10542,0,4.2,8064.63,85372.63
EMP721E,DT8,JR06,5,40320,4838.4,0,4,1761.18,37242.78
EMP722E,DT5,JR13,2,129600,15552,0,3,2737.15,116785.15
EMP723E,DT9,JR15,3,104400,12528,0,3.1,1737.22,93609.22
EMP724E,DT2,JR03,8,28392.5,3407.1,0,4.9,2623.47,27608.87
EMP725E,DT3,JR14,1,104500,12540,0,1.9,489.06,92449.06
EMP726E,DT9,JR07,5,49200,5904,0,2.1,2444.26,45740.26
EMP727E,DT6,JR01,9,22050,2646,0,4.8,3730.86,23134.86
EMP728E,DT2,JR06,0,32640,3916.8,0,1.8,208.9,28932.1
EMP729E,DT8,JR01,7,20475,2457,153.56,4.1,2929.56,20794
EMP730E,DT9,JR16,2,94775,11373,0,4.5,3923.68,87325.68
EMP731E,DT2,JR04,5,35140,4216.8,0,5,3082.48,34005.68
EMP732E,DT7,JR03,6,26445,3173.4,0,4,736.23,24007.83
EMP733E,DT6,JR04,11,42840,5140.8,0,3.9,7810.59,45509.79
EMP734E,DT6,JR11,1,68575,8229,0,2.2,1237.09,61583.09
EMP735E,DT5,JR16,8,118575,14229,0,4.3,9367.42,113713.42
EMP736E,DT7,JR11,9,93275,11193,0,4.9,7465.73,89547.73
EMP737E,DT2,JR01,2,16275,1953,122.06,2,254.54,14454.48
EMP738E,DT3,JR02,1,19260,2311.2,144.45,2.6,194.14,16998.49
EMP739E,DT1,JR10,4,130350,15642,0,2,4244.2,118952.2
EMP740E,DT5,JR09,5,87150,10458,0,2.8,2220.58,78912.58
EMP741E,DT2,JR05,6,46200,5544,0,4.5,5795.33,46451.33
EMP742E,DT5,JR08,11,84150,10098,0,4.4,8563.1,82615.1
EMP743E,DT2,JR16,3,99025,11883,0,4.3,4444.24,91586.24
EMP744E,DT5,JR07,10,60000,7200,0,4.1,9600,62400
EMP745E,DT9,JR16,4,100300,12036,0,4,7221.6,95485.6
EMP746E,DT7,JR14,0,100500,12060,0,2.8,140.7,88580.7
EMP747E,DT6,JR16,2,91375,10965,0,2.4,2741.25,83151.25
EMP748E,DT9,JR11,4,78325,9399,0,2.6,4110.5,73036.5
EMP749E,DT2,JR12,5,105400,12648,0,4.5,2630.78,95382.78
EMP750E,DT9,JR13,8,168000,20160,0,4.4,13977.6,161817.6
EMP751E,DT2,JR11,6,84175,10101,0,4.1,5164.98,79238.98
EMP752E,DT4,JR10,7,149600,17952,0,4.6,18957.31,150605.31
EMP753E,DT6,JR09,6,91350,10962,0,4.4,8024.18,88412.18
EMP754E,DT4,JR13,2,132000,15840,0,2.4,2851.2,119011.2
EMP755E,DT1,JR05,10,52150,6258,0,4.9,2044.28,47936.28
EMP756E,DT2,JR13,6,155400,18648,0,4.3,8068.37,144820.37
EMP757E,DT2,JR10,8,154000,18480,0,4.3,11827.2,147347.2
EMP758E,DT8,JR06,1,33440,4012.8,0,2.4,156.5,29583.7
EMP759E,DT1,JR07,11,62200,7464,0,4.8,3866.35,58602.35
EMP760E,DT7,JR08,5,68750,8250,0,2.8,6875,67375
EMP761E,DT6,JR07,7,53400,6408,0,5,2146.68,49138.68
EMP762E,DT4,JR03,11,31775,3813,0,5,6151.64,34113.64
EMP763E,DT8,JR06,7,43840,5260.8,0,4.1,4412.06,42991.26
EMP764E,DT6,JR10,2,123200,14784,0,3.6,2247.17,110663.17
EMP765E,DT4,JR09,4,83650,10038,0,2,1957.41,75569.41
EMP766E,DT5,JR16,10,129200,15504,0,4.2,12361.86,126057.86
EMP767E,DT8,JR07,0,40800,4896,0,1.5,208.9,36112.9
EMP768E,DT2,JR03,9,29212.5,3505.5,0,4.4,4767.48,30474.48
EMP769E,DT9,JR03,11,31570,3788.4,0,4.5,6273.59,34055.19
EMP770E,DT1,JR13,9,171000,20520,0,4.6,9883.8,160363.8
EMP771E,DT3,JR12,3,98175,11781,0,2.8,3652.11,90046.11
EMP772E,DT6,JR16,9,121125,14535,0,4.1,16061.18,122651.18
EMP773E,DT1,JR15,4,105750,12690,0,2.1,5181.75,98241.75
EMP774E,DT3,JR05,1,37275,4473,0,2.7,872.24,33674.24
EMP775E,DT6,JR13,8,168000,20160,0,4.7,24192,172032
EMP776E,DT7,JR08,12,86900,10428,0,4.8,5241.81,81713.81
EMP777E,DT2,JR11,5,81250,9750,0,2.4,7475,78975
EMP778E,DT4,JR01,6,19125,2295,143.44,4,1683,18369.56
EMP779E,DT1,JR02,3,20250,2430,151.88,3.5,769.5,18437.62
EMP780E,DT3,JR10,8,155100,18612,0,4.5,8648.38,145136.38
EMP781E,DT8,JR10,9,156750,18810,0,4.4,17587.35,155527.35
EMP782E,DT3,JR10,5,139700,16764,0,4.4,4828.03,127764.03
EMP783E,DT8,JR04,6,35700,4284,0,4.9,2670.36,34086.36
EMP784E,DT2,JR16,2,91800,11016,0,3,2056.32,82840.32
EMP785E,DT6,JR08,10,82775,9933,0,4.9,15717.32,88559.32
EMP786E,DT7,JR07,10,60600,7272,0,4.6,11235.24,64563.24
EMP787E,DT9,JR03,4,24497.5,2939.7,0,3.2,1414,22971.8
EMP788E,DT3,JR09,5,86450,10374,0,3.4,5850.94,81926.94
EMP789E,DT2,JR11,11,101075,12129,0,4.3,10321.78,99267.78
EMP790E,DT7,JR04,3,31780,3813.6,0,4.1,1441.54,29407.94
EMP791E,DT1,JR15,9,129600,15552,0,3.9,15510.53,129558.53
EMP792E,DT7,JR06,6,41280,4953.6,0,3.9,1628.08,37954.48
EMP793E,DT3,JR11,6,83525,10023,0,4.7,3808.74,77310.74
EMP794E,DT3,JR01,9,21525,2583,0,4.2,2771.56,21713.56
EMP795E,DT3,JR12,9,121125,14535,0,3.9,6177.38,112767.38
EMP796E,DT4,JR14,6,130000,15600,0,4.4,14976,129376
EMP797E,DT2,JR13,7,162000,19440,0,4.9,18597.6,161157.6
EMP798E,DT6,JR16,7,114750,13770,0,4.6,7711.2,108691.2
EMP799E,DT1,JR12,5,106675,12801,0,4.9,10010.38,103884.38
EMP800E,DT8,JR11,5,82550,9906,0,4.7,6775.7,79419.7
EMP801E,DT2,JR09,7,95900,11508,0,3.9,7380.46,91772.46
EMP802E,DT8,JR15,9,129150,15498,0,4.2,18427.12,132079.12
EMP803E,DT3,JR10,11,167750,20130,0,4.7,11977.35,159597.35
EMP804E,DT8,JR16,9,122400,14688,0,4.5,9909.5,117621.5
EMP805E,DT5,JR02,3,20340,2440.8,152.55,3.7,592.3,18338.95
EMP806E,DT8,JR09,5,87500,10500,0,2.7,3150,80150
EMP807E,DT6,JR08,1,58575,7029,0,1.9,1492.49,53038.49
EMP808E,DT6,JR07,8,55800,6696,0,4.5,2821.25,51925.25
EMP809E,DT9,JR13,12,189000,22680,0,4.5,15649.2,181969.2
EMP810E,DT3,JR16,4,102850,12342,0,3,2764.61,93272.61
EMP811E,DT5,JR05,7,46900,5628,0,5,4592.45,45864.45
EMP812E,DT4,JR10,3,128150,15378,0,3.8,7950.43,120722.43
EMP813E,DT5,JR07,3,45200,5424,0,3.7,1175.2,40951.2
EMP814E,DT6,JR03,1,21422.5,2570.7,0,3,246.79,19098.59
EMP815E,DT4,JR06,3,36640,4396.8,0,3.3,1275.07,33518.27
EMP816E,DT7,JR13,9,175200,21024,0,4.7,16763.14,170939.14
EMP817E,DT7,JR11,6,83850,10062,0,4.7,7586.75,81374.75
EMP818E,DT7,JR03,6,26445,3173.4,0,4.7,2760.86,26032.46
EMP819E,DT4,JR09,11,109550,13146,0,4,13864.65,110268.65
EMP820E,DT6,JR08,5,68475,8217,0,4.1,4965.81,65223.81
EMP821E,DT6,JR10,1,113850,13662,0,1.7,828.83,101016.83
EMP822E,DT5,JR09,7,93800,11256,0,4.9,4847.58,87391.58
EMP823E,DT2,JR05,3,40775,4893,0,2.4,1991.45,37873.45
EMP824E,DT2,JR02,0,18000,2160,135,2.2,0,15705
EMP825E,DT8,JR15,2,98550,11826,0,1.8,3220.61,89944.61
EMP826E,DT3,JR09,9,101850,12222,0,4.2,13717.16,103345.16
EMP827E,DT9,JR04,4,33600,4032,0,2.8,1021.44,30589.44
EMP828E,DT2,JR10,5,134750,16170,0,3.7,8731.8,127311.8
EMP829E,DT3,JR01,5,18750,2250,140.62,3.1,900,17259.38
EMP830E,DT4,JR01,9,21825,2619,0,4.5,953.32,20159.32
EMP831E,DT1,JR10,8,151800,18216,0,3.9,9229.44,142813.44
EMP832E,DT4,JR15,8,124650,14958,0,4.1,9981.97,119673.97
EMP833E,DT6,JR09,9,100800,12096,0,4.5,13837.82,102541.82
EMP834E,DT6,JR05,8,49175,5901,0,4.6,3027.21,46301.21
EMP835E,DT9,JR14,5,126500,15180,0,4.8,13140.82,124460.82
EMP836E,DT4,JR02,4,21420,2570.4,0,3.4,1106.99,19956.59
EMP837E,DT4,JR07,3,46200,5544,0,3.1,802.03,41458.03
EMP838E,DT6,JR06,0,32480,3897.6,0,1.9,81.85,28664.25
EMP839E,DT5,JR14,9,145000,17400,0,4.2,10962,138562
EMP840E,DT8,JR14,2,107500,12900,0,2.2,3160.5,97760.5
EMP841E,DT7,JR07,11,61400,7368,0,4.8,4993.05,59025.05
EMP842E,DT5,JR04,3,32620,3914.4,0,3.4,1679.28,30384.88
EMP843E,DT2,JR07,2,43000,5160,0,2.9,335.4,38175.4
EMP844E,DT6,JR09,2,78400,9408,0,4.1,1806.34,70798.34
EMP845E,DT3,JR04,7,37800,4536,0,5,4974.48,38238.48
EMP846E,DT9,JR04,10,42560,5107.2,0,3.9,3363.94,40816.74
EMP847E,DT4,JR02,10,26640,3196.8,0,4.6,1739.06,25182.26
EMP848E,DT3,JR01,10,22425,2691,0,4.3,1509.65,21243.65
EMP849E,DT8,JR01,5,18975,2277,142.31,4.4,925.22,17480.91
EMP850E,DT2,JR10,10,164450,19734,0,4,30607.43,175323.43
EMP851E,DT9,JR08,8,78100,9372,0,4.6,10759.06,79487.06
EMP852E,DT4,JR08,2,60225,7227,0,1.5,1830.84,54828.84
EMP853E,DT7,JR10,4,129250,15510,0,3.7,8323.7,122063.7
EMP854E,DT3,JR10,8,155650,18678,0,5,21703.84,158675.84
EMP855E,DT1,JR07,8,56800,6816,0,4.4,2290.18,52274.18
EMP856E,DT8,JR16,5,105825,12699,0,2.1,10370.85,103496.85
EMP857E,DT5,JR07,5,49600,5952,0,3.2,3809.28,47457.28
EMP858E,DT8,JR11,6,83850,10062,0,4,5641.43,79429.43
EMP859E,DT2,JR12,2,92650,11118,0,2.6,3135.28,84667.28
EMP860E,DT3,JR10,10,162800,19536,0,4,6876.67,150140.67
EMP861E,DT7,JR02,3,20880,2505.6,156.6,3.1,1095.78,19313.58
EMP862E,DT7,JR14,10,148500,17820,0,4.5,21894.84,152574.84
EMP863E,DT9,JR16,3,99450,11934,0,3.7,5680.58,93196.58
EMP864E,DT3,JR05,4,41825,5019,0,3,3066.61,39872.61
EMP865E,DT9,JR11,8,91975,11037,0,4.3,14046.42,94984.42
EMP866E,DT1,JR14,11,155500,18660,0,5,17260.5,154100.5
EMP867E,DT1,JR02,5,22770,2732.4,0,4.8,1399.9,21437.5
EMP868E,DT9,JR06,8,44800,5376,0,4.8,6451.2,45875.2
EMP869E,DT8,JR03,10,31057.5,3726.9,0,4.6,2431.18,29761.78
EMP870E,DT2,JR14,8,139000,16680,0,4.5,12576.72,134896.72
EMP871E,DT7,JR13,11,185400,22248,0,4.5,16975.22,180127.22
EMP872E,DT6,JR05,5,43400,5208,0,4.1,3583.1,41775.1
EMP873E,DT1,JR01,7,20100,2412,150.75,4,2514.91,20052.16
EMP874E,DT7,JR12,6,112200,13464,0,4.8,6893.57,105629.57
EMP875E,DT5,JR09,10,106050,12726,0,4,21409.37,114733.37
EMP876E,DT9,JR12,4,102425,12291,0,3.3,4367.4,94501.4
EMP877E,DT5,JR12,7,116450,13974,0,4.6,11030.14,113506.14
EMP878E,DT4,JR13,4,146400,17568,0,3.5,3349.63,132181.63
EMP879E,DT9,JR02,2,19350,2322,145.12,2.7,394.74,17277.62
EMP880E,DT9,JR02,9,26460,3175.2,0,4.3,3880.09,27164.89
EMP881E,DT6,JR14,7,135500,16260,0,4.1,6541.94,125781.94
EMP882E,DT9,JR11,9,93275,11193,0,4.3,13957.67,96039.67
EMP883E,DT4,JR02,9,25740,3088.8,0,3.9,2036.55,24687.75
EMP884E,DT5,JR06,8,45440,5452.8,0,4.2,4885.71,44872.91
EMP885E,DT9,JR08,4,65725,7887,0,4,1332.9,59170.9
EMP886E,DT7,JR05,0,35350,4242,0,3,62.22,31170.22
EMP887E,DT3,JR14,7,136000,16320,0,4.6,13708.8,133388.8
EMP888E,DT4,JR09,4,82950,9954,0,2.5,5524.47,78520.47
EMP889E,DT5,JR05,3,40075,4809,0,3.8,1441.1,36707.1
EMP890E,DT1,JR01,7,19950,2394,149.62,4,2580.73,19987.11
EMP891E,DT8,JR16,4,101575,12189,0,2.6,3961.43,93347.43
EMP892E,DT6,JR10,6,145200,17424,0,4.8,17842.18,145618.18
EMP893E,DT9,JR08,8,78100,9372,0,4.8,8134.9,76862.9
EMP894E,DT3,JR01,1,15525,1863,116.44,2.6,82.59,13628.15
EMP895E,DT4,JR14,0,100000,12000,0,1.8,0,88000
EMP896E,DT5,JR05,9,50400,6048,0,4.7,5144.83,49496.83
EMP897E,DT5,JR11,4,79300,9516,0,3.6,4884.88,74668.88
EMP898E,DT1,JR12,5,107950,12954,0,4.3,9093.71,104089.71
EMP899E,DT5,JR08,1,56925,6831,0,2,557.86,50651.86
EMP900E,DT1,JR07,8,56800,6816,0,4.2,4198.66,54182.66
EMP901E,DT4,JR09,2,76300,9156,0,2.1,988.85,68132.85
EMP902E,DT6,JR04,6,35980,4317.6,0,4.8,1230.52,32892.92
EMP903E,DT7,JR05,7,47950,5754,0,4.8,4967.62,47163.62
EMP904E,DT8,JR06,2,34560,4147.2,0,3,464.49,30877.29
EMP905E,DT4,JR16,2,93500,11220,0,3.1,3366,85646
EMP906E,DT5,JR16,9,123675,14841,0,4.8,7653.01,116487.01
EMP907E,DT9,JR01,6,19425,2331,145.69,4.3,779.33,17727.64
EMP908E,DT5,JR16,5,107950,12954,0,4.4,6761.99,101757.99
EMP909E,DT9,JR08,5,68750,8250,0,3.8,1650,62150
EMP910E,DT4,JR13,5,152400,18288,0,4.2,9546.34,143658.34
EMP911E,DT7,JR05,2,39025,4683,0,4,538.54,34880.54
EMP912E,DT8,JR03,10,30340,3640.8,0,4.6,3029.15,29728.35
EMP913E,DT8,JR09,10,105700,12684,0,4.7,9487.63,102503.63
EMP914E,DT3,JR15,9,132300,15876,0,5,18903.02,135327.02
EMP915E,DT9,JR02,11,27720,3326.4,0,5,5867.77,30261.37
EMP916E,DT4,JR16,0,86700,10404,0,2.5,416.16,76712.16
EMP917E,DT9,JR04,3,32200,3864,0,2.8,618.24,28954.24
EMP918E,DT7,JR15,7,121050,14526,0,3.9,7350.16,113874.16
EMP919E,DT7,JR06,6,42240,5068.8,0,4.6,4757.91,41929.11
EMP920E,DT3,JR02,2,19530,2343.6,146.47,2.3,438.25,17478.18
EMP921E,DT7,JR14,7,132500,15900,0,4.9,12057.5,128657.5
EMP922E,DT1,JR12,3,99450,11934,0,2.6,1352.52,88868.52
EMP923E,DT6,JR02,10,26550,3186,0,4,1311.57,24675.57
EMP924E,DT9,JR16,1,88400,10608,0,2.4,1244.67,79036.67
EMP925E,DT3,JR14,6,129000,15480,0,4.2,3591.36,117111.36
EMP926E,DT7,JR10,3,126500,15180,0,3.2,4098.6,115418.6
EMP927E,DT4,JR16,11,129625,15555,0,4.6,11977.35,126047.35
EMP928E,DT2,JR09,11,108850,13062,0,4.7,16915.29,112703.29
EMP929E,DT4,JR15,5,112500,13500,0,2.7,3825,102825
EMP930E,DT3,JR10,1,116600,13992,0,2.5,895.49,103503.49
EMP931E,DT2,JR09,1,73850,8862,0,1.5,454.92,65442.92
EMP932E,DT8,JR03,2,22140,2656.8,0,2.2,467.6,19950.8
EMP933E,DT3,JR10,9,157850,18942,0,4.5,10437.04,149345.04
EMP934E,DT2,JR11,3,73775,8853,0,2,1354.51,66276.51
EMP935E,DT7,JR04,10,41860,5023.2,0,4.5,7459.45,44296.25
EMP936E,DT6,JR08,2,61050,7326,0,3.9,1181.93,54905.93
EMP937E,DT4,JR05,10,53025,6363,0,4.2,10704.69,57366.69
EMP938E,DT6,JR06,0,32320,3878.4,0,2.1,77.57,28519.17
EMP939E,DT8,JR04,9,40320,4838.4,0,4.6,2696.6,38178.2
EMP940E,DT1,JR09,2,77700,9324,0,3.4,2188.03,70564.03
EMP941E,DT8,JR05,1,37275,4473,0,2.3,814.09,33616.09
EMP942E,DT5,JR11,7,87425,10491,0,5,9410.43,86344.43
EMP943E,DT1,JR07,7,53000,6360,0,4.4,6614.4,53254.4
EMP944E,DT1,JR10,5,136950,16434,0,2.5,4026.33,124542.33
EMP945E,DT3,JR13,4,141000,16920,0,3.7,6316.8,130396.8
EMP946E,DT2,JR08,5,68750,8250,0,2.1,6050,66550
EMP947E,DT5,JR11,10,96850,11622,0,4.4,14426.78,99654.78
EMP948E,DT8,JR05,9,50925,6111,0,3.9,7229.31,52043.31
EMP949E,DT4,JR09,11,107100,12852,0,4,8627.98,102875.98
EMP950E,DT7,JR16,7,114325,13719,0,4.5,6626.28,107232.28
EMP951E,DT9,JR04,5,34300,4116,0,4,2901.78,33085.78
EMP952E,DT8,JR03,7,27265,3271.8,0,4.6,1295.63,25288.83
EMP953E,DT4,JR16,8,119000,14280,0,3.9,13328,118048
EMP954E,DT3,JR04,2,30520,3662.4,0,1.5,813.05,27670.65
EMP955E,DT7,JR02,8,25380,3045.6,0,4.2,2414.15,24748.55
EMP956E,DT7,JR05,10,53200,6384,0,3.9,11065.6,57881.6
EMP957E,DT2,JR11,7,87425,10491,0,4.8,3136.81,80070.81
EMP958E,DT3,JR07,6,51400,6168,0,4.4,1523.5,46755.5
EMP959E,DT7,JR06,6,41600,4992,0,4.5,2795.52,39403.52
EMP960E,DT1,JR11,0,65325,7839,0,1.9,114.97,57600.97
EMP961E,DT1,JR10,5,136400,16368,0,4.3,10737.41,130769.41
EMP962E,DT3,JR10,11,168300,20196,0,4.6,17126.21,165230.21
EMP963E,DT6,JR02,0,18360,2203.2,137.7,2.4,132.19,16151.29
EMP964E,DT6,JR05,1,36050,4326,0,1.5,285.52,32009.52
EMP965E,DT4,JR08,8,78100,9372,0,4.2,6560.4,75288.4
EMP966E,DT3,JR14,8,139000,16680,0,4.2,12576.72,134896.72
EMP967E,DT5,JR12,11,133025,15963,0,4.3,9620.37,126682.37
EMP968E,DT8,JR16,9,124950,14994,0,4.4,9396.24,119352.24
EMP969E,DT4,JR10,3,125400,15048,0,3.4,1404.48,111756.48
EMP970E,DT1,JR01,5,18975,2277,142.31,4.8,884.99,17440.68
EMP971E,DT6,JR07,3,45400,5448,0,2.2,637.42,40589.42
EMP972E,DT8,JR14,2,110500,13260,0,4.5,2506.14,99746.14
EMP973E,DT3,JR08,7,74250,8910,0,4,8523.9,73863.9
EMP974E,DT1,JR01,1,15825,1899,118.69,2.4,334.22,14141.53
EMP975E,DT3,JR16,7,112625,13515,0,4.8,13469.95,112579.95
EMP976E,DT9,JR06,4,38720,4646.4,0,3.6,2667.03,36740.63
EMP977E,DT8,JR14,5,124000,14880,0,4.4,11665.92,120785.92
EMP978E,DT4,JR06,8,44640,5356.8,0,4.5,5078.25,44361.45
EMP979E,DT3,JR13,11,187200,22464,0,4.9,20127.74,184863.74
EMP980E,DT7,JR06,3,36960,4435.2,0,2.5,595.8,33120.6
EMP981E,DT7,JR11,11,99450,11934,0,4.9,7168.36,94684.36
EMP982E,DT5,JR10,8,156200,18744,0,4.8,11021.47,148477.47
EMP983E,DT1,JR09,3,79100,9492,0,4.4,1809.81,71417.81
EMP984E,DT8,JR07,10,60200,7224,0,4.6,10701.15,63677.15
EMP985E,DT3,JR16,1,88825,10659,0,1.6,1470.94,79636.94
EMP986E,DT2,JR16,2,95200,11424,0,3.7,3747.07,87523.07
EMP987E,DT5,JR15,2,97200,11664,0,1.8,2115.07,87651.07
EMP988E,DT6,JR04,8,38780,4653.6,0,4.2,5255.47,39381.87
EMP989E,DT5,JR11,3,74425,8931,0,3.5,2589.99,68083.99
EMP990E,DT2,JR07,2,44600,5352,0,3.2,1887.47,41135.47
EMP991E,DT8,JR14,5,125000,15000,0,2.9,7250,117250
EMP992E,DT1,JR13,9,172800,20736,0,4.3,18247.68,170311.68
EMP993E,DT6,JR13,9,171600,20592,0,4.8,27744.29,178752.29
EMP994E,DT6,JR14,7,134000,16080,0,4.6,13850.24,131770.24
EMP995E,DT1,JR11,10,96525,11583,0,4.5,14980.68,99922.68
EMP996E,DT4,JR11,8,91650,10998,0,4.3,10822.03,91474.03
EMP997E,DT2,JR12,1,87975,10557,0,2.5,295.6,77713.6
EMP998E,DT9,JR06,10,47360,5683.2,0,4.9,3637.25,45314.05
EMP999E,DT9,JR04,4,32900,3948,0,4.3,2303,31255
EMP001F,DT5,JR13,3,137400,16488,0,3.3,6375.36,127287.36
EMP002F,DT5,JR14,1,106000,12720,0,2.5,1628.16,94908.16
EMP003F,DT2,JR12,3,96475,11577,0,2.7,3334.18,88232.18
EMP004F,DT2,JR14,11,155000,18600,0,4.4,27280,163680
EMP005F,DT5,JR16,7,113050,13566,0,5,3282.97,102766.97
EMP006F,DT7,JR07,11,62800,7536,0,4.9,4009.15,59273.15
EMP007F,DT9,JR12,3,97325,11679,0,2,2596.63,88242.63
EMP008F,DT5,JR13,6,153000,18360,0,3.9,4712.4,139352.4
EMP009F,DT8,JR03,4,24600,2952,0,2.2,1377.6,23025.6
EMP010F,DT4,JR01,9,21675,2601,0,4.8,3858.15,22932.15
EMP011F,DT8,JR10,1,112750,13530,0,2.7,405.9,99625.9
EMP012F,DT4,JR03,1,21320,2558.4,0,2.3,163.74,18925.34
EMP013F,DT6,JR04,10,41580,4989.6,0,4.6,6775.88,43366.28
EMP014F,DT3,JR04,3,32340,3880.8,0,4.4,1724.37,30183.57
EMP015F,DT4,JR06,8,44320,5318.4,0,4,3412.64,42414.24
EMP016F,DT1,JR03,9,29520,3542.4,0,4.3,4779.88,30757.48
EMP017F,DT1,JR10,1,116600,13992,0,2.9,2350.66,104958.66
EMP018F,DT1,JR03,3,23677.5,2841.3,0,4.3,616.56,21452.76
EMP019F,DT1,JR06,4,38720,4646.4,0,2.6,2992.28,37065.88
EMP020F,DT3,JR06,8,45280,5433.6,0,3.9,2405.27,42251.67
EMP021F,DT5,JR15,5,111600,13392,0,2.2,7713.79,105921.79
EMP022F,DT9,JR01,3,17400,2088,130.5,4.5,1113.6,16295.1
EMP023F,DT9,JR16,11,131750,15810,0,4.1,27825.6,143765.6
EMP024F,DT6,JR08,11,84700,10164,0,4.4,7683.98,82219.98
EMP025F,DT2,JR14,4,118000,14160,0,3.8,5437.44,109277.44
EMP026F,DT3,JR13,10,181800,21816,0,4.1,27713.59,187697.59
EMP027F,DT5,JR09,1,72800,8736,0,2.4,745.47,64809.47
EMP028F,DT8,JR10,11,172150,20658,0,4.7,38905.9,190397.9
EMP029F,DT2,JR13,2,132000,15840,0,2.1,4646.4,120806.4
EMP030F,DT8,JR12,11,133450,16014,0,4.5,9127.98,126563.98
EMP031F,DT8,JR01,1,16050,1926,120.38,2.9,143.81,14147.43
EMP032F,DT5,JR07,10,60600,7272,0,4.4,8488.85,61816.85
EMP033F,DT1,JR08,11,86350,10362,0,4.4,8268.88,84256.88
EMP034F,DT6,JR03,2,22345,2681.4,0,2.9,723.98,20387.58
EMP035F,DT1,JR08,0,55275,6633,0,2.3,48.64,48690.64
EMP036F,DT5,JR06,6,41120,4934.4,0,5,3093.87,39279.47
EMP037F,DT8,JR06,9,46080,5529.6,0,4.1,2433.02,42983.42
EMP038F,DT2,JR12,4,102425,12291,0,2.1,6383.13,96517.13
EMP039F,DT3,JR02,4,21510,2581.2,0,3.9,436.22,19365.02
EMP040F,DT4,JR16,9,124100,14892,0,4.2,8220.38,117428.38
EMP041F,DT7,JR15,10,136350,16362,0,3.9,22470.48,142458.48
EMP042F,DT5,JR16,8,119425,14331,0,4.2,13155.86,118249.86
EMP043F,DT3,JR03,7,27265,3271.8,0,4,2087.41,26080.61
EMP044F,DT5,JR02,8,25470,3056.4,0,4,1352.97,23766.57
EMP045F,DT2,JR07,8,55000,6600,0,4.5,1815,50215
EMP046F,DT9,JR03,10,30852.5,3702.3,0,4.5,4736.48,31886.68
EMP047F,DT8,JR16,8,117300,14076,0,4.4,11054.35,114278.35
EMP048F,DT8,JR01,12,23625,2835,0,4.3,1195.43,21985.43
EMP049F,DT4,JR15,3,105300,12636,0,4.5,2291.33,94955.33
EMP050F,DT6,JR15,6,116100,13932,0,4.5,5387.04,107555.04
EMP051F,DT9,JR09,11,107450,12894,0,4.4,7818.06,102374.06
EMP052F,DT9,JR15,10,132750,15930,0,4,25222.5,142042.5
EMP053F,DT9,JR10,3,125400,15048,0,4,5337.02,115689.02
EMP054F,DT9,JR08,0,55550,6666,0,2.1,177.76,49061.76
EMP055F,DT2,JR03,9,29930,3591.6,0,4.7,1101.42,27439.82
EMP056F,DT2,JR07,10,59200,7104,0,4.9,6137.86,58233.86
EMP057F,DT5,JR01,1,15450,1854,115.88,2,44.5,13524.62
EMP058F,DT1,JR13,2,132600,15912,0,2.8,1447.99,118135.99
EMP059F,DT8,JR09,3,78750,9450,0,2,3465,72765
EMP060F,DT6,JR01,1,15675,1881,117.56,2,135.43,13811.87
EMP061F,DT4,JR12,9,123675,14841,0,4.2,8553.36,117387.36
EMP062F,DT4,JR06,6,40800,4896,0,4.3,2423.52,38327.52
EMP063F,DT5,JR16,8,119425,14331,0,4.1,15477.48,120571.48
EMP064F,DT7,JR15,9,131400,15768,0,4.1,18858.53,134490.53
EMP065F,DT8,JR01,7,20325,2439,152.44,4.9,2770.7,20504.26
EMP066F,DT5,JR13,0,120600,14472,0,2.1,231.55,106359.55
EMP067F,DT9,JR01,10,22500,2700,0,4.7,1260,21060
EMP068F,DT6,JR01,4,17775,2133,133.31,2.2,1289.04,16797.73
EMP069F,DT2,JR03,2,22550,2706,0,4,234.52,20078.52
EMP070F,DT2,JR02,4,21240,2548.8,0,4.3,1223.42,19914.62
EMP071F,DT9,JR08,9,79750,9570,0,4.7,8900.1,79080.1
EMP072F,DT4,JR14,7,133500,16020,0,4.6,15384.54,132864.54
EMP073F,DT2,JR16,9,121975,14637,0,4.4,21223.65,128561.65
EMP074F,DT2,JR03,11,31980,3837.6,0,3.9,2292.33,30434.73
EMP075F,DT4,JR11,3,75400,9048,0,3.4,1544.19,67896.19
EMP076F,DT7,JR11,6,83525,10023,0,4,3427.87,76929.87
EMP077F,DT1,JR16,7,114750,13770,0,4,6426,107406
EMP078F,DT1,JR10,8,152350,18282,0,4,11730.95,145798.95
EMP079F,DT9,JR12,9,121975,14637,0,4.8,5093.68,112431.68
EMP080F,DT5,JR02,1,18540,2224.8,139.05,1.8,48.95,16225.1
EMP081F,DT6,JR08,3,64075,7689,0,3.3,4059.79,60445.79
EMP082F,DT8,JR13,3,138000,16560,0,4.1,1821.6,123261.6
EMP083F,DT2,JR04,7,37240,4468.8,0,4.6,2457.84,35229.04
EMP084F,DT7,JR10,0,111100,13332,0,2.3,444.4,98212.4
EMP085F,DT6,JR13,1,127200,15264,0,1.9,2930.69,114866.69
EMP086F,DT5,JR05,8,48475,5817,0,4.7,5076.3,47734.3
EMP087F,DT2,JR01,10,22125,2655,0,4.7,1345.2,20815.2
EMP088F,DT2,JR05,5,43750,5250,0,2.4,4287.5,42787.5
EMP089F,DT1,JR08,2,59675,7161,0,2.8,649.26,53163.26
EMP090F,DT8,JR15,1,95400,11448,0,2.3,915.84,84867.84
EMP091F,DT6,JR11,6,84825,10179,0,4.7,8692.87,83338.87
EMP092F,DT3,JR10,6,144650,17358,0,4.5,11664.58,138956.58
EMP093F,DT5,JR09,9,101500,12180,0,4.8,17173.8,106493.8
EMP094F,DT6,JR07,6,52200,6264,0,4.8,5222.09,51158.09
EMP095F,DT9,JR14,7,135500,16260,0,4.3,12699.06,131939.06
EMP096F,DT1,JR13,4,144000,17280,0,4.2,4608,131328
EMP097F,DT1,JR13,6,158400,19008,0,3.9,18653.18,158045.18
EMP098F,DT2,JR09,1,72450,8694,0,2.8,750.58,64506.58
EMP099F,DT2,JR08,5,68750,8250,0,3.5,1512.5,62012.5
EMP100F,DT4,JR13,11,186600,22392,0,4.3,21541.1,185749.1
EMP101F,DT1,JR04,2,31360,3763.2,0,3.4,752.64,28349.44
EMP102F,DT4,JR12,4,102425,12291,0,4.5,6047.17,96181.17
EMP103F,DT2,JR03,11,31365,3763.8,0,4,4255.6,31856.8
EMP104F,DT9,JR15,1,92250,11070,0,1.6,756.45,81936.45
EMP105F,DT9,JR13,2,132000,15840,0,3.6,3168,119328
EMP106F,DT8,JR08,10,83050,9966,0,4.4,12537.23,85621.23
EMP107F,DT9,JR08,5,69850,8382,0,4.7,3771.9,65239.9
EMP108F,DT6,JR07,1,41400,4968,0,1.9,197.06,36629.06
EMP109F,DT1,JR10,2,123200,14784,0,3.9,1892.35,110308.35
EMP110F,DT8,JR13,10,181800,21816,0,4.3,32956.7,192940.7
EMP111F,DT7,JR03,1,21730,2607.6,0,2.6,458.94,19581.34
EMP112F,DT1,JR14,1,103000,12360,0,2.1,716.88,91356.88
EMP113F,DT6,JR09,9,102900,12348,0,4.1,6964.27,97516.27
EMP114F,DT6,JR05,3,40775,4893,0,4,861.17,36743.17
EMP115F,DT7,JR15,8,124650,14958,0,3.9,19196.1,128888.1
EMP116F,DT1,JR03,10,31057.5,3726.9,0,4.7,1407.53,28738.13
EMP117F,DT7,JR15,3,104400,12528,0,3.3,5612.54,97484.54
EMP118F,DT9,JR10,9,160600,19272,0,3.9,8274.11,149602.11
EMP119F,DT5,JR05,10,52325,6279,0,4.8,10153.14,56199.14
EMP120F,DT2,JR14,1,104500,12540,0,2.3,526.68,92486.68
EMP121F,DT4,JR03,8,28905,3468.6,0,4.8,2370.21,27806.61
EMP122F,DT4,JR01,1,15900,1908,119.25,2.5,152.64,14025.39
EMP123F,DT5,JR12,8,119850,14382,0,4.3,11793.24,117261.24
EMP124F,DT7,JR09,1,73150,8778,0,2.5,526.68,64898.68
EMP125F,DT9,JR06,10,48000,5760,0,3.9,9408,51648
EMP126F,DT9,JR14,3,115000,13800,0,3.9,1518,102718
EMP127F,DT5,JR11,8,91000,10920,0,4.6,4950.4,85030.4
EMP128F,DT2,JR04,10,42560,5107.2,0,4.2,7613.13,45065.93
EMP129F,DT2,JR02,0,18180,2181.6,136.35,1.9,20.36,15882.41
EMP130F,DT4,JR04,2,30520,3662.4,0,2.6,878.98,27736.58
EMP131F,DT6,JR12,2,91800,11016,0,1.9,1821.31,82605.31
EMP132F,DT2,JR05,3,40250,4830,0,3.4,966,36386
EMP133F,DT5,JR06,9,46080,5529.6,0,5,5514.85,46065.25
EMP134F,DT1,JR01,4,18150,2178,136.12,3.3,640.33,16476.21
EMP135F,DT8,JR09,8,98350,11802,0,4.9,3505.19,90053.19
EMP136F,DT2,JR14,4,121500,14580,0,2.6,8359.2,115279.2
EMP137F,DT2,JR11,2,70200,8424,0,2.2,2066.69,63842.69
EMP138F,DT9,JR14,2,110000,13200,0,3.7,2640,99440
EMP139F,DT1,JR12,1,90100,10812,0,2.2,1470.43,80758.43
EMP140F,DT9,JR13,0,120600,14472,0,2.3,197.78,106325.78
EMP141F,DT9,JR09,0,70700,8484,0,1.9,282.8,62498.8
EMP142F,DT5,JR04,3,32340,3880.8,0,3,1323.35,29782.55
EMP143F,DT6,JR07,3,46200,5544,0,2.6,1947.79,42603.79
EMP144F,DT5,JR03,8,29110,3493.2,0,4.5,1662.76,27279.56
EMP145F,DT8,JR07,9,58200,6984,0,4.2,9745.01,60961.01
EMP146F,DT6,JR06,8,45280,5433.6,0,4.9,3607.91,43454.31
EMP147F,DT3,JR06,2,34720,4166.4,0,2.5,354.14,30907.74
EMP148F,DT4,JR16,7,114325,13719,0,4.9,15461.31,116067.31
EMP149F,DT9,JR07,12,63200,7584,0,4.7,11436.67,67052.67
EMP150F,DT3,JR16,8,120275,14433,0,4.8,13177.33,119019.33
EMP151F,DT8,JR01,11,23175,2781,0,4.4,2121.9,22515.9
EMP152F,DT2,JR15,1,94500,11340,0,1.8,453.6,83613.6
EMP153F,DT2,JR05,7,46900,5628,0,4.6,5357.86,46629.86
EMP154F,DT1,JR11,6,83850,10062,0,4.7,3112.51,76900.51
EMP155F,DT8,JR09,7,95900,11508,0,4.4,3122.5,87514.5
EMP156F,DT9,JR05,1,36050,4326,0,2.5,302.82,32026.82
EMP157F,DT5,JR10,2,122650,14718,0,3.5,4062.17,111994.17
EMP158F,DT8,JR01,5,18675,2241,140.06,2.3,951.68,17245.62
EMP159F,DT3,JR14,2,109500,13140,0,1.9,3495.24,99855.24
EMP160F,DT7,JR04,9,41020,4922.4,0,4,2136.32,38233.92
EMP161F,DT5,JR06,10,47360,5683.2,0,4.5,4546.56,46223.36
EMP162F,DT4,JR02,9,25830,3099.6,0,4,1887.66,24618.06
EMP163F,DT8,JR05,3,39900,4788,0,3.1,1787.52,36899.52
EMP164F,DT1,JR16,11,130900,15708,0,4.6,15268.18,130460.18
EMP165F,DT8,JR03,10,30750,3690,0,3.9,4551,31611
EMP166F,DT2,JR01,1,15975,1917,119.81,2.6,299.05,14237.24
EMP167F,DT5,JR07,0,40200,4824,0,1.9,67.54,35443.54
EMP168F,DT6,JR05,9,50400,6048,0,4.9,7628.54,51980.54
EMP169F,DT5,JR12,8,119000,14280,0,3.9,7996.8,112716.8
EMP170F,DT2,JR03,0,20910,2509.2,156.82,2.8,40.15,18284.13
EMP171F,DT6,JR16,6,108375,13005,0,4.2,8106.45,103476.45
EMP172F,DT2,JR15,6,116550,13986,0,4.9,13477.84,116041.84
EMP173F,DT3,JR06,5,39840,4780.8,0,2.7,3201.54,38260.74
EMP174F,DT7,JR10,9,157850,18942,0,4.3,8239.77,147147.77
EMP175F,DT2,JR04,7,38360,4603.2,0,4.4,3065.73,36822.53
EMP176F,DT1,JR12,7,115175,13821,0,4,11448.39,112802.39
EMP177F,DT4,JR02,4,21780,2613.6,0,2.4,439.08,19605.48
EMP178F,DT3,JR10,8,152350,18282,0,4.1,22992.66,157060.66
EMP179F,DT6,JR04,4,33040,3964.8,0,3.1,1094.28,30169.48
EMP180F,DT6,JR04,2,30660,3679.2,0,1.9,605.84,27586.64
EMP181F,DT1,JR01,7,20325,2439,152.44,4.1,865.84,18599.4
EMP182F,DT2,JR04,1,29540,3544.8,0,2.9,428.92,26424.12
EMP183F,DT3,JR10,3,123750,14850,0,3.1,3960,112860
EMP184F,DT4,JR09,4,83300,9996,0,4.1,1519.39,74823.39
EMP185F,DT2,JR04,7,37940,4552.8,0,3.9,4525.48,37912.68
EMP186F,DT7,JR05,9,51100,6132,0,3.9,9026.3,53994.3
EMP187F,DT2,JR03,5,25727.5,3087.3,0,3.9,1417.07,24057.27
EMP188F,DT4,JR15,3,104850,12582,0,4.4,2629.64,94897.64
EMP189F,DT4,JR12,6,112200,13464,0,4,5170.18,103906.18
EMP190F,DT9,JR15,4,107100,12852,0,4.5,4069.8,98317.8
EMP191F,DT6,JR05,7,47600,5712,0,3.9,6306.05,48194.05
EMP192F,DT5,JR02,1,18810,2257.2,141.07,2.7,304.72,16716.45
EMP193F,DT4,JR07,10,59000,7080,0,4.8,10537.4,62457.4
EMP194F,DT1,JR15,4,108900,13068,0,3.3,4024.94,99856.94
EMP195F,DT8,JR08,6,70950,8514,0,4.9,2633.66,65069.66
EMP196F,DT1,JR12,3,98175,11781,0,3,1339.11,87733.11
EMP197F,DT8,JR03,7,27777.5,3333.3,0,4,1577.76,26021.96
EMP198F,DT4,JR13,0,120600,14472,0,2.8,106.13,106234.13
EMP199F,DT5,JR08,9,80300,9636,0,4.5,10047.14,80711.14
EMP200F,DT7,JR04,2,31360,3763.2,0,4.3,903.17,28499.97
EMP201F,DT5,JR14,5,125500,15060,0,4.7,5888.46,116328.46
EMP202F,DT4,JR04,6,36120,4334.4,0,4,1173.18,32958.78
EMP203F,DT2,JR10,11,168850,20262,0,4,28184.44,176772.44
EMP204F,DT6,JR04,1,29540,3544.8,0,1.9,467.91,26463.11
EMP205F,DT5,JR04,0,28420,3410.4,0,2,150.06,25159.66
EMP206F,DT8,JR06,9,46720,5606.4,0,4.4,6017.54,47131.14
EMP207F,DT4,JR11,9,93925,11271,0,5,14712.41,97366.41
EMP208F,DT7,JR04,8,39200,4704,0,4.8,3136,37632
EMP209F,DT8,JR04,6,36820,4418.4,0,4.1,4546.53,36948.13
EMP210F,DT6,JR12,8,120275,14433,0,4.7,8385.57,114227.57
EMP211F,DT3,JR11,4,76700,9204,0,2.6,1767.17,69263.17
EMP212F,DT6,JR10,4,130350,15642,0,2.7,6173.38,120881.38
EMP213F,DT9,JR06,9,46720,5606.4,0,4.3,2922.8,44036.4
EMP214F,DT3,JR01,2,16575,1989,124.31,4.1,556.92,15018.61
EMP215F,DT6,JR14,7,137000,16440,0,4.6,6082.8,126642.8
EMP216F,DT5,JR09,3,81200,9744,0,4.4,1870.85,73326.85
EMP217F,DT9,JR02,9,25920,3110.4,0,4.6,2280.96,25090.56
EMP218F,DT3,JR14,4,121000,14520,0,3.8,6504.96,112984.96
EMP219F,DT5,JR02,11,28260,3391.2,0,5,2577.31,27446.11
EMP220F,DT8,JR01,6,19800,2376,148.5,4.9,1267.2,18542.7
EMP221F,DT5,JR01,1,15750,1890,118.12,1.5,75.6,13817.48
EMP222F,DT2,JR08,5,69300,8316,0,3.9,7063.06,68047.06
EMP223F,DT6,JR15,8,123750,14850,0,5,4455,113355
EMP224F,DT7,JR07,9,58400,7008,0,4.5,2793.86,54185.86
EMP225F,DT8,JR14,11,155000,18600,0,4.6,25234,161634
EMP226F,DT7,JR02,3,20700,2484,155.25,4.2,1018.44,19079.19
EMP227F,DT5,JR08,8,76175,9141,0,4.6,7507.81,74541.81
EMP228F,DT4,JR09,7,94850,11382,0,4.4,12391.2,95859.2
EMP229F,DT2,JR12,8,119850,14382,0,4.4,6289.73,111757.73
EMP230F,DT4,JR05,3,40250,4830,0,2.8,1207.5,36627.5
EMP231F,DT7,JR11,3,73125,8775,0,3.9,804.38,65154.38
EMP232F,DT8,JR07,10,59800,7176,0,4.5,8288.28,60912.28
EMP233F,DT1,JR09,6,90650,10878,0,4.9,7487.69,87259.69
EMP234F,DT4,JR02,8,25110,3013.2,0,3.9,3332.6,25429.4
EMP235F,DT1,JR02,8,25470,3056.4,0,3.9,2705.93,25119.53
EMP236F,DT1,JR04,7,37520,4502.4,0,4.9,2959.58,35977.18
EMP237F,DT4,JR09,5,86100,10332,0,3,6970.66,82738.66
EMP238F,DT2,JR11,10,97500,11700,0,4.5,18720,104520
EMP239F,DT6,JR05,10,52675,6321,0,4,5532.98,51886.98
EMP240F,DT2,JR16,2,94350,11322,0,4.5,1826.62,84854.62
EMP241F,DT5,JR07,10,59800,7176,0,4.2,10419.55,63043.55
EMP242F,DT2,JR05,1,37275,4473,0,3,523.34,33325.34
EMP243F,DT6,JR01,8,20925,2511,156.94,4.8,2843.29,21100.35
EMP244F,DT6,JR11,9,94575,11349,0,4,13081.61,96307.61
EMP245F,DT8,JR16,9,121975,14637,0,4.5,8064.99,115402.99
EMP246F,DT1,JR15,3,104400,12528,0,4,5879.81,97751.81
EMP247F,DT8,JR09,8,99400,11928,0,4.3,8349.6,95821.6
EMP248F,DT8,JR13,11,186000,22320,0,4.9,37646.4,201326.4
EMP249F,DT3,JR01,4,17700,2124,132.75,2.1,713.66,16156.91
EMP250F,DT1,JR08,6,70675,8481,0,3.9,2739.36,64933.36
EMP251F,DT9,JR01,3,16950,2034,127.12,4,881.4,15670.28
EMP252F,DT5,JR07,11,62000,7440,0,4.5,12821.6,67381.6
EMP253F,DT5,JR09,4,83300,9996,0,3.8,5064.64,78368.64
EMP254F,DT7,JR13,7,160800,19296,0,4.2,6123.26,147627.26
EMP255F,DT8,JR01,6,19425,2331,145.69,5,2246.31,19194.62
EMP256F,DT9,JR12,0,86700,10404,0,2.1,152.59,76448.59
EMP257F,DT9,JR02,0,18360,2203.2,137.7,2.6,132.19,16151.29
EMP258F,DT7,JR15,1,95850,11502,0,2.4,797.47,85145.47
EMP259F,DT1,JR02,10,26730,3207.6,0,4.5,4044.78,27567.18
EMP260F,DT3,JR03,2,22447.5,2693.7,0,1.5,784.76,20538.56
EMP261F,DT8,JR16,9,122825,14739,0,4.8,13554.97,121640.97
EMP262F,DT5,JR01,10,22575,2709,0,5,3739.32,23605.32
EMP263F,DT9,JR03,3,23062.5,2767.5,0,3.3,415.12,20710.12
EMP264F,DT6,JR12,3,97325,11679,0,4.5,3725.6,89371.6
EMP265F,DT1,JR13,8,168000,20160,0,4.4,25267.2,173107.2
EMP266F,DT7,JR12,0,86275,10353,0,1.6,455.53,76377.53
EMP267F,DT5,JR14,3,115000,13800,0,2.1,5658,106858
EMP268F,DT4,JR15,5,112050,13446,0,2,8784.72,107388.72
EMP269F,DT6,JR03,9,29417.5,3530.1,0,4,2252.2,28139.6
EMP270F,DT7,JR15,7,121500,14580,0,3.9,3742.2,110662.2
EMP271F,DT8,JR15,7,119700,14364,0,3.9,9164.23,114500.23
EMP272F,DT6,JR02,1,18810,2257.2,141.07,2.3,101.57,16513.3
EMP273F,DT9,JR08,11,85525,10263,0,4.2,17847.36,93109.36
EMP274F,DT3,JR10,6,142450,17094,0,4,14119.64,139475.64
EMP275F,DT7,JR12,5,104550,12546,0,2.2,5963.53,97967.53
EMP276F,DT2,JR04,7,37240,4468.8,0,4.2,1376.39,34147.59
EMP277F,DT2,JR02,0,18180,2181.6,136.35,2.1,24.72,15886.77
EMP278F,DT1,JR03,9,30032.5,3603.9,0,4.1,3463.35,29891.95
EMP279F,DT2,JR08,7,74250,8910,0,4.7,2494.8,67834.8
EMP280F,DT9,JR05,3,39375,4725,0,3.1,1417.5,36067.5
EMP281F,DT6,JR06,6,41760,5011.2,0,4.8,4585.25,41334.05
EMP282F,DT8,JR02,1,19260,2311.2,144.45,1.6,280.43,17084.78
EMP283F,DT1,JR13,6,153600,18432,0,5,10665.98,145833.98
EMP284F,DT3,JR12,6,110075,13209,0,4.3,12729.07,109595.07
EMP285F,DT2,JR07,3,45400,5448,0,4.3,882.58,40834.58
EMP286F,DT5,JR09,11,106750,12810,0,4.5,18382.35,112322.35
EMP287F,DT5,JR06,2,35680,4281.6,0,2.5,590.86,31989.26
EMP288F,DT5,JR14,10,148500,17820,0,4.9,27656.64,158336.64
EMP289F,DT8,JR12,1,89675,10761,0,1.8,591.86,79505.86
EMP290F,DT6,JR11,2,72475,8697,0,4,666.77,64444.77
EMP291F,DT1,JR10,5,138600,16632,0,3.9,5477.47,127445.47
EMP292F,DT8,JR04,1,28700,3444,0,2.4,120.54,25376.54
EMP293F,DT8,JR01,11,23175,2781,0,4.6,4647.98,25041.98
EMP294F,DT5,JR15,6,114750,13770,0,4,6816.15,107796.15
EMP295F,DT4,JR01,9,21900,2628,0,4,3062.5,22334.5
EMP296F,DT7,JR16,5,107100,12852,0,3.9,7796.88,102044.88
EMP297F,DT6,JR04,4,33880,4065.6,0,3.8,2276.74,32091.14
EMP298F,DT9,JR11,1,68575,8229,0,2.5,875.02,61221.02
EMP299F,DT9,JR03,0,20500,2460,153.75,2.6,0,17886.25
EMP300F,DT8,JR03,5,25932.5,3111.9,0,4.3,1814.24,24634.84
EMP301F,DT5,JR04,7,38220,4586.4,0,4.9,4464.1,38097.7
EMP302F,DT2,JR14,6,132000,15840,0,4.4,8448,124608
EMP303F,DT2,JR15,5,113850,13662,0,4.5,5551.33,105739.33
EMP304F,DT9,JR07,9,57800,6936,0,4.6,9259.56,60123.56
EMP305F,DT3,JR11,4,77025,9243,0,2.6,2393.94,70175.94
EMP306F,DT6,JR04,6,36400,4368,0,4.1,3756.48,35788.48
EMP307F,DT9,JR02,3,20430,2451.6,153.22,4.5,441.29,18266.47
EMP308F,DT1,JR10,8,155650,18678,0,4.4,6717.85,143689.85
EMP309F,DT7,JR03,3,23165,2779.8,0,3.3,939.57,21324.77
EMP310F,DT8,JR13,11,185400,22248,0,4.7,36375.48,199527.48
EMP311F,DT9,JR06,11,50080,6009.6,0,4.8,6790.85,50861.25
EMP312F,DT9,JR13,9,172200,20664,0,4.4,12584.38,164120.38
EMP313F,DT6,JR16,5,107525,12903,0,4.8,10257.89,104879.89
EMP314F,DT7,JR01,4,17625,2115,132.19,2.5,542.85,15920.66
EMP315F,DT3,JR11,6,83850,10062,0,4.7,5641.43,79429.43
EMP316F,DT5,JR10,8,152350,18282,0,4.6,20646.47,154714.47
EMP317F,DT7,JR06,5,40000,4800,0,3.5,3440,38640
EMP318F,DT1,JR04,8,38780,4653.6,0,4.7,5613.79,39740.19
EMP319F,DT3,JR01,8,20775,2493,155.81,4.7,3007.39,21133.58
EMP320F,DT9,JR15,11,140850,16902,0,4.1,7639.7,131587.7
EMP321F,DT4,JR11,3,76050,9126,0,2.4,1241.14,68165.14
EMP322F,DT7,JR09,9,101150,12138,0,3.9,6841.79,95853.79
EMP323F,DT7,JR07,3,45000,5400,0,2.3,900,40500
EMP324F,DT3,JR06,5,40320,4838.4,0,4.6,1257.98,36739.58
EMP325F,DT3,JR04,7,37520,4502.4,0,4,3367.8,36385.4
EMP326F,DT3,JR08,5,67650,8118,0,4.5,1369.24,60901.24
EMP327F,DT2,JR11,7,86450,10374,0,4.4,8444.44,84520.44
EMP328F,DT2,JR10,6,143550,17226,0,4.6,12259.17,138583.17
EMP329F,DT1,JR03,1,21320,2558.4,0,2,177.38,18938.98
EMP330F,DT5,JR15,11,137250,16470,0,4.1,7493.85,128273.85
EMP331F,DT7,JR14,6,129000,15480,0,4.4,11073.36,124593.36
EMP332F,DT3,JR07,2,43800,5256,0,2.7,1364.81,39908.81
EMP333F,DT8,JR11,3,75400,9048,0,2.3,2316.29,68668.29
EMP334F,DT2,JR10,6,140800,16896,0,4.6,11984.9,135888.9
EMP335F,DT8,JR10,2,118250,14190,0,2.1,2979.9,107039.9
EMP336F,DT1,JR04,8,38640,4636.8,0,4.8,5638.35,39641.55
EMP337F,DT2,JR09,11,109900,13188,0,4,8018.3,104730.3
EMP338F,DT1,JR11,6,83850,10062,0,4.7,6030.49,79818.49
EMP339F,DT1,JR03,5,25932.5,3111.9,0,4.1,2528.94,25349.54
EMP340F,DT9,JR04,8,38920,4670.4,0,4.6,3157.19,37406.79
EMP341F,DT3,JR10,7,148500,17820,0,4.5,4573.8,135253.8
EMP342F,DT6,JR11,8,91650,10998,0,4,3607.34,84259.34
EMP343F,DT6,JR14,4,118500,14220,0,4.3,6839.82,111119.82
EMP344F,DT3,JR10,5,136950,16434,0,2.6,12078.99,132594.99
EMP345F,DT8,JR07,10,60000,7200,0,4.2,10320,63120
EMP346F,DT6,JR08,9,78375,9405,0,4.8,9326.62,78296.62
EMP347F,DT6,JR01,5,19050,2286,142.88,3.9,1440.18,18061.3
EMP348F,DT4,JR10,10,166100,19932,0,4.6,30495.96,176663.96
EMP349F,DT2,JR06,4,38240,4588.8,0,4.5,835.16,34486.36
EMP350F,DT7,JR12,3,99450,11934,0,2.2,3516.55,91032.55
EMP351F,DT5,JR02,10,26910,3229.2,0,4.2,2557.53,26238.33
EMP352F,DT8,JR03,6,26342.5,3161.1,0,5,2822.86,26004.26
EMP353F,DT5,JR12,1,89250,10710,0,2.4,1606.5,80146.5
EMP354F,DT1,JR11,1,69225,8307,0,2.8,935.92,61853.92
EMP355F,DT7,JR02,2,19980,2397.6,149.85,2.4,580.22,18012.77
EMP356F,DT7,JR08,5,67925,8151,0,3.1,2681.68,62455.68
EMP357F,DT5,JR10,2,119350,14322,0,2.5,2272.42,107300.42
EMP358F,DT1,JR16,2,93925,11271,0,3.9,2288.01,84942.01
EMP359F,DT9,JR12,5,104975,12597,0,4.3,6710,99088
EMP360F,DT9,JR16,3,98600,11832,0,3.8,1262.08,88030.08
EMP361F,DT3,JR07,8,55800,6696,0,4.7,7934.76,57038.76
EMP362F,DT6,JR15,7,119700,14364,0,4.1,8216.21,113552.21
EMP363F,DT3,JR06,1,32800,3936,0,1.6,242.72,29106.72
EMP364F,DT8,JR14,2,112000,13440,0,3.6,2580.48,101140.48
EMP365F,DT6,JR09,6,90650,10878,0,4.9,9199.16,88971.16
EMP366F,DT9,JR06,2,35520,4262.4,0,3.2,437.61,31695.21
EMP367F,DT4,JR01,1,15450,1854,115.88,1.7,185.4,13665.52
EMP368F,DT6,JR08,11,84700,10164,0,4.9,11343.02,85879.02
EMP369F,DT2,JR10,4,129250,15510,0,3.5,4885.65,118625.65
EMP370F,DT1,JR13,7,161400,19368,0,4.5,14254.85,156286.85
EMP371F,DT7,JR04,7,38080,4569.6,0,4.1,4606.16,38116.56
EMP372F,DT9,JR10,0,110550,13266,0,2.2,181.3,97465.3
EMP373F,DT5,JR16,4,100300,12036,0,2.4,4477.39,92741.39
EMP374F,DT4,JR07,9,57000,6840,0,4.8,5426.4,55586.4
EMP375F,DT4,JR11,2,70850,8502,0,1.9,2346.55,64694.55
EMP376F,DT7,JR06,5,40000,4800,0,2,2000,37200
EMP377F,DT2,JR15,2,98550,11826,0,2.4,1423.06,88147.06
EMP378F,DT6,JR08,3,62700,7524,0,3.3,2317.39,57493.39
EMP379F,DT7,JR09,7,94850,11382,0,4.7,4040.61,87508.61
EMP380F,DT8,JR07,6,52600,6312,0,4.7,3313.8,49601.8
EMP381F,DT7,JR03,7,27367.5,3284.1,0,4.1,2640.42,26723.82
EMP382F,DT5,JR15,11,139050,16686,0,4.7,9700.13,132064.13
EMP383F,DT1,JR16,3,96475,11577,0,2.9,3750.95,88648.95
EMP384F,DT8,JR11,7,86450,10374,0,4.8,4792.79,80868.79
EMP385F,DT2,JR08,3,62975,7557,0,2.7,803.56,56221.56
EMP386F,DT8,JR01,7,19950,2394,149.62,4.1,2422.73,19829.11
EMP387F,DT4,JR02,7,24480,2937.6,0,4.4,1692.06,23234.46
EMP388F,DT9,JR01,6,19125,2295,143.44,5,631.12,17317.68
EMP389F,DT5,JR06,10,48000,5760,0,4.7,8256,50496
EMP390F,DT8,JR13,3,139200,16704,0,2.1,8374.27,130870.27
EMP391F,DT9,JR07,1,42200,5064,0,2.8,204.25,37340.25
EMP392F,DT6,JR01,0,15000,1800,112.5,1.8,0,13087.5
EMP393F,DT9,JR08,3,64350,7722,0,3.2,3063.06,59691.06
EMP394F,DT8,JR12,5,107525,12903,0,4.8,8434.26,103056.26
EMP395F,DT1,JR14,11,153000,18360,0,4.7,29841.12,164481.12
EMP396F,DT7,JR12,3,98600,11832,0,3.3,3533.82,90301.82
EMP397F,DT9,JR11,5,81575,9789,0,4.3,6490.11,78276.11
EMP398F,DT7,JR01,3,17550,2106,131.62,3.9,453.49,15765.87
EMP399F,DT5,JR15,10,136350,16362,0,4.6,13482.29,133470.29
EMP400F,DT5,JR10,12,173250,20790,0,4.9,25502.4,177962.4
EMP401F,DT9,JR12,1,88825,10659,0,2.9,831.4,78997.4
EMP402F,DT8,JR16,10,128775,15453,0,3.9,10611.06,123933.06
EMP403F,DT3,JR11,3,73775,8853,0,3.4,2071.6,66993.6
EMP404F,DT4,JR16,2,95200,11424,0,3.9,2102.02,85878.02
EMP405F,DT2,JR08,8,78100,9372,0,4.1,11808.72,80536.72
EMP406F,DT2,JR10,6,141350,16962,0,4.6,12246.56,136634.56
EMP407F,DT9,JR14,9,142500,17100,0,4.4,20349,145749
EMP408F,DT9,JR01,8,21000,2520,157.5,4.9,1209.6,19532.1
EMP409F,DT2,JR16,5,104550,12546,0,3.1,9233.86,101237.86
EMP410F,DT8,JR12,10,127925,15351,0,4.4,7752.25,120326.25
EMP411F,DT8,JR02,3,20430,2451.6,153.22,4,353.03,18178.21
EMP412F,DT5,JR08,5,69850,8382,0,4,6185.92,67653.92
EMP413F,DT4,JR15,5,113850,13662,0,4.1,8447.67,108635.67
EMP414F,DT6,JR06,12,50560,6067.2,0,4.4,5161.16,49653.96
EMP415F,DT9,JR15,5,110700,13284,0,2.7,3870.07,101286.07
EMP416F,DT4,JR10,10,163350,19602,0,4.8,31056.1,174804.1
EMP417F,DT9,JR04,5,35000,4200,0,3.8,1540,32340
EMP418F,DT8,JR04,9,40320,4838.4,0,4.9,1986.97,37468.57
EMP419F,DT1,JR14,10,149500,17940,0,4.5,24864.84,156424.84
EMP420F,DT5,JR02,3,20880,2505.6,156.6,4.2,427.62,18645.42
EMP421F,DT5,JR12,3,96050,11526,0,3.5,1598.27,86122.27
EMP422F,DT7,JR12,6,109650,13158,0,4,6359.7,102851.7
EMP423F,DT6,JR02,10,27180,3261.6,0,5,4768.46,28686.86
EMP424F,DT8,JR05,4,42000,5040,0,2.4,2755.2,39715.2
EMP425F,DT2,JR12,3,96050,11526,0,2.2,3496.22,88020.22
EMP426F,DT4,JR04,2,30800,3696,0,4.2,394.24,27498.24
EMP427F,DT3,JR12,3,96050,11526,0,3.5,4894.71,89418.71
EMP428F,DT6,JR10,11,168850,20262,0,4.3,19512.31,168100.31
EMP429F,DT5,JR14,10,151000,18120,0,4.4,28955.76,161835.76
EMP430F,DT9,JR07,1,42200,5064,0,2.2,779.86,37915.86
EMP431F,DT1,JR03,8,29110,3493.2,0,3.9,2543.05,28159.85
EMP432F,DT7,JR13,8,168000,20160,0,4.7,24729.6,172569.6
EMP433F,DT9,JR14,7,132500,15900,0,4.4,3789.5,120389.5
EMP434F,DT2,JR11,7,89050,10686,0,4.7,6589.7,84953.7
EMP435F,DT2,JR05,5,43750,5250,0,3.9,2012.5,40512.5
EMP436F,DT3,JR07,9,57400,6888,0,3.9,6392.06,56904.06
EMP437F,DT6,JR16,11,130050,15606,0,3.9,13785.3,128229.3
EMP438F,DT2,JR07,8,55200,6624,0,4.9,3691.78,52267.78
EMP439F,DT1,JR04,5,35560,4267.2,0,4.9,2841.96,34134.76
EMP440F,DT1,JR12,7,115175,13821,0,3.9,12429.69,113783.69
EMP441F,DT4,JR16,3,99450,11934,0,2.3,2569.79,90085.79
EMP442F,DT8,JR09,5,86450,10374,0,3.4,3413.05,79489.05
EMP443F,DT1,JR08,2,61325,7359,0,2.7,1918.25,55884.25
EMP444F,DT1,JR02,9,25740,3088.8,0,4,3010.55,25661.75
EMP445F,DT4,JR14,6,129000,15480,0,4.4,3292.08,116812.08
EMP446F,DT3,JR08,1,56925,6831,0,1.9,398.47,50492.47
EMP447F,DT8,JR01,5,18825,2259,141.19,4.9,1420.91,17845.72
EMP448F,DT1,JR09,11,109900,13188,0,4.8,13029.74,109741.74
EMP449F,DT2,JR01,4,17625,2115,132.19,3.9,296.1,15673.91
EMP450F,DT8,JR01,5,18525,2223,138.94,3.7,1009.98,17173.04
EMP451F,DT4,JR03,2,22755,2730.6,0,2.5,440.54,20464.94
EMP452F,DT9,JR15,6,117000,14040,0,4,12355.2,115315.2
EMP453F,DT4,JR04,1,29960,3595.2,0,1.6,721.44,27086.24
EMP454F,DT5,JR13,5,147600,17712,0,2.7,11949.7,141837.7
EMP455F,DT3,JR01,3,16875,2025,126.56,3.5,371.25,15094.69
EMP456F,DT1,JR10,10,163900,19668,0,4.1,25057.03,169289.03
EMP457F,DT3,JR14,5,123500,14820,0,3.6,9287.2,117967.2
EMP458F,DT8,JR11,10,96850,11622,0,4.4,14426.78,99654.78
EMP459F,DT6,JR04,9,40320,4838.4,0,4.6,2696.6,38178.2
EMP460F,DT4,JR04,8,38500,4620,0,4.5,5428.5,39308.5
EMP461F,DT5,JR05,8,48825,5859,0,4.4,2005.73,44971.73
EMP462F,DT1,JR15,6,114750,13770,0,4.6,5806.35,106786.35
EMP463F,DT9,JR04,5,34300,4116,0,4.2,1852.2,32036.2
EMP464F,DT6,JR06,8,44800,5376,0,4.9,5591.04,45015.04
EMP465F,DT1,JR06,3,36480,4377.6,0,4.2,1184.87,33287.27
EMP466F,DT2,JR08,1,56650,6798,0,2.5,625.42,50477.42
EMP467F,DT7,JR04,1,28840,3460.8,0,2.1,159.2,25538.4
EMP468F,DT4,JR03,8,28802.5,3456.3,0,4.2,2706.28,28052.48
EMP469F,DT5,JR06,7,42400,5088,0,3.9,4078.88,41390.88
EMP470F,DT6,JR13,6,153600,18432,0,4.6,15138.82,150306.82
EMP471F,DT6,JR01,2,16275,1953,122.06,2.3,486.95,14686.89
EMP472F,DT1,JR04,11,43260,5191.2,0,4.7,3960.89,42029.69
EMP473F,DT8,JR05,0,35700,4284,0,2.7,74.26,31490.26
EMP474F,DT6,JR01,10,22725,2727,0,4.5,4025.96,24023.96
EMP475F,DT4,JR09,5,87500,10500,0,4.5,8225,85225
EMP476F,DT9,JR07,4,48000,5760,0,3.1,1075.2,43315.2
EMP477F,DT6,JR10,10,164450,19734,0,4.3,14978.11,159694.11
EMP478F,DT7,JR12,2,95200,11424,0,2.5,1370.88,85146.88
EMP479F,DT9,JR15,10,135900,16308,0,4,23287.82,142879.82
EMP480F,DT8,JR02,10,27360,3283.2,0,4.3,5349.43,29426.23
EMP481F,DT1,JR14,8,137500,16500,0,4.2,14437.5,135437.5
EMP482F,DT3,JR14,0,100500,12060,0,2.1,132.66,88572.66
EMP483F,DT1,JR15,6,116100,13932,0,4.1,2962.87,105130.87
EMP484F,DT4,JR16,2,91800,11016,0,2.8,2937.6,83721.6
EMP485F,DT3,JR02,9,26190,3142.8,0,5,3527.27,26574.47
EMP486F,DT8,JR06,7,43360,5203.2,0,4.5,1600.85,39757.65
EMP487F,DT8,JR12,11,129625,15555,0,4.5,10344.07,124414.07
EMP488F,DT2,JR14,8,142000,17040,0,4.7,20516.16,145476.16
EMP489F,DT8,JR14,1,105500,12660,0,2,1531.86,94371.86
EMP490F,DT8,JR01,11,23325,2799,0,3.9,2796.2,23322.2
EMP491F,DT2,JR07,9,58000,6960,0,4.4,7308,58348
EMP492F,DT4,JR03,10,31057.5,3726.9,0,3.9,4350.53,31681.13
EMP493F,DT4,JR03,0,20705,2484.6,155.29,2.7,74.54,18139.65
EMP494F,DT1,JR05,4,41475,4977,0,3.1,1473.19,37971.19
EMP495F,DT9,JR14,6,128500,15420,0,4.8,14063.04,127143.04
EMP496F,DT2,JR11,5,79950,9594,0,2.2,5001.67,75357.67
EMP497F,DT9,JR16,12,134300,16116,0,4.7,27418.69,145602.69
EMP498F,DT1,JR11,5,81900,9828,0,4.8,3236.69,75308.69
EMP499F,DT8,JR05,6,45150,5418,0,4.5,3456.68,43188.68
EMP500F,DT9,JR04,7,37380,4485.6,0,4.8,1402.5,34296.9
EMP501F,DT6,JR04,9,39900,4788,0,4,5562.06,40674.06
EMP502F,DT6,JR14,4,118000,14160,0,3.3,7476.48,111316.48
EMP503F,DT8,JR15,6,115650,13878,0,4.9,8701.51,110473.51
EMP504F,DT5,JR10,2,119350,14322,0,2.7,2191.27,107219.27
EMP505F,DT7,JR03,10,30545,3665.4,0,4.7,2394.73,29274.33
EMP506F,DT1,JR16,8,117725,14127,0,4.7,6164.08,109762.08
EMP507F,DT5,JR14,2,112000,13440,0,3.9,3333.12,101893.12
EMP508F,DT5,JR16,8,116875,14025,0,4.2,5960.62,108810.62
EMP509F,DT7,JR16,8,119425,14331,0,4.7,19346.85,124440.85
EMP510F,DT3,JR13,5,151200,18144,0,4.2,6604.42,139660.42
EMP511F,DT6,JR01,5,18525,2223,138.94,4.5,592.06,16755.12
EMP512F,DT2,JR15,7,119250,14310,0,4.9,15192.45,120132.45
EMP513F,DT8,JR16,2,92650,11118,0,1.8,1734.41,83266.41
EMP514F,DT1,JR16,4,102000,12240,0,4.3,5548.8,95308.8
EMP515F,DT5,JR06,6,40800,4896,0,4.4,2423.52,38327.52
EMP516F,DT1,JR13,2,129000,15480,0,2.9,928.8,114448.8
EMP517F,DT7,JR03,11,31775,3813,0,4.3,5592.4,33554.4
EMP518F,DT7,JR05,9,50050,6006,0,4.2,4476.47,48520.47
EMP519F,DT3,JR04,1,29400,3528,0,2.2,282.24,26154.24
EMP520F,DT5,JR11,2,70200,8424,0,2.1,1437.7,63213.7
EMP521F,DT4,JR16,9,121550,14586,0,4,15052.75,122016.75
EMP522F,DT1,JR16,5,107950,12954,0,4.3,10725.91,105721.91
EMP523F,DT8,JR07,8,55800,6696,0,4.1,8463.74,57567.74
EMP524F,DT3,JR05,5,44275,5313,0,4.3,4036.11,42998.11
EMP525F,DT7,JR10,6,145200,17424,0,4.7,5947.39,133723.39
EMP526F,DT5,JR16,4,100725,12087,0,3.7,4621.26,93259.26
EMP527F,DT3,JR03,8,29110,3493.2,0,4.8,2151.81,27768.61
EMP528F,DT9,JR06,9,45760,5491.2,0,4.2,4879.85,45148.65
EMP529F,DT8,JR06,7,42400,5088,0,3.9,2866.24,40178.24
EMP530F,DT3,JR10,6,140250,16830,0,4.8,12033.45,135453.45
EMP531F,DT5,JR08,7,74525,8943,0,4.5,10370.9,75952.9
EMP532F,DT4,JR11,10,96200,11544,0,4.8,7018.75,91674.75
EMP533F,DT7,JR14,6,130000,15600,0,5,7488,121888
EMP534F,DT2,JR04,1,29260,3511.2,0,1.8,147.47,25896.27
EMP535F,DT6,JR11,11,101725,12207,0,3.9,6896.95,96414.95
EMP536F,DT3,JR03,6,27060,3247.2,0,5,1939.66,25752.46
EMP537F,DT1,JR05,2,38500,4620,0,4.2,1262.8,35142.8
EMP538F,DT1,JR08,12,86900,10428,0,4.8,16128.64,92600.64
EMP539F,DT9,JR15,5,110700,13284,0,2.3,9777.02,107193.02
EMP540F,DT4,JR05,5,43400,5208,0,3.2,2749.82,40941.82
EMP541F,DT7,JR07,9,57600,6912,0,4.7,7096.32,57784.32
EMP542F,DT6,JR08,11,86350,10362,0,4.3,17325.26,93313.26
EMP543F,DT2,JR13,3,138600,16632,0,3.2,3781.01,125749.01
EMP544F,DT7,JR11,8,92300,11076,0,4.8,5582.3,86806.3
EMP545F,DT4,JR01,5,18975,2277,142.31,4.7,1126.36,17682.05
EMP546F,DT5,JR03,7,27880,3345.6,0,4.8,3051.19,27585.59
EMP547F,DT1,JR08,9,80850,9702,0,3.9,12463.84,83611.84
EMP548F,DT2,JR04,2,30800,3696,0,4,271.04,27375.04
EMP549F,DT2,JR06,10,48160,5779.2,0,4.7,2918.5,45299.3
EMP550F,DT8,JR16,0,85425,10251,0,2.6,75.17,75249.17
EMP551F,DT1,JR08,9,80850,9702,0,4.8,14895.8,86043.8
EMP552F,DT4,JR05,7,47075,5649,0,3.9,3248.18,44674.18
EMP553F,DT4,JR16,3,98600,11832,0,4.2,5300.74,92068.74
EMP554F,DT8,JR09,0,70350,8442,0,2.8,53.47,61961.47
EMP555F,DT9,JR13,10,178800,21456,0,4,18924.19,176268.19
EMP556F,DT9,JR05,5,43050,5166,0,2.5,2297.15,40181.15
EMP557F,DT6,JR04,12,44100,5292,0,5,3245.76,42053.76
EMP558F,DT3,JR14,9,143000,17160,0,4.2,9346.48,135186.48
EMP559F,DT3,JR04,6,36260,4351.2,0,4,2995.08,34903.88
EMP560F,DT3,JR01,3,16950,2034,127.12,2.1,246.79,15035.67
EMP561F,DT4,JR08,0,55550,6666,0,1.7,208.87,49092.87
EMP562F,DT3,JR14,0,100500,12060,0,2.7,40.2,88480.2
EMP563F,DT7,JR15,2,99900,11988,0,4.2,3252.74,91164.74
EMP564F,DT7,JR15,3,104400,12528,0,4.2,3608.06,95480.06
EMP565F,DT7,JR16,2,91375,10965,0,2.3,2083.35,82493.35
EMP566F,DT5,JR15,3,104400,12528,0,2.6,2672.64,94544.64
EMP567F,DT3,JR08,4,64625,7755,0,2.6,4252.33,61122.33
EMP568F,DT6,JR14,3,117000,14040,0,3.9,3023.28,105983.28
EMP569F,DT1,JR15,7,122850,14742,0,4.1,16142.49,124250.49
EMP570F,DT2,JR15,11,140850,16902,0,4.8,24829.04,148777.04
EMP571F,DT7,JR11,3,76050,9126,0,2.9,2482.27,69406.27
EMP572F,DT9,JR12,5,107525,12903,0,4.2,4787.01,99409.01
EMP573F,DT7,JR02,2,19980,2397.6,149.85,3.9,404.4,17836.95
EMP574F,DT2,JR09,8,98000,11760,0,5,12857.6,99097.6
EMP575F,DT6,JR01,12,23625,2835,0,4,3586.27,24376.27
EMP576F,DT2,JR08,7,74250,8910,0,4.8,6444.9,71784.9
EMP577F,DT4,JR02,3,20610,2473.2,154.57,2.9,382.52,18364.75
EMP578F,DT7,JR08,1,58025,6963,0,1.6,485.09,51547.09
EMP579F,DT1,JR01,2,16200,1944,121.5,1.7,404.35,14538.85
EMP580F,DT5,JR09,7,95900,11508,0,4.8,13909.34,98301.34
EMP581F,DT3,JR15,8,127350,15282,0,4.1,11415.65,123483.65
EMP582F,DT1,JR12,11,130475,15657,0,5,17311.42,132129.42
EMP583F,DT2,JR03,2,22857.5,2742.9,0,2.9,693.95,20808.55
EMP584F,DT7,JR09,7,93450,11214,0,4.9,4508.03,86744.03
EMP585F,DT9,JR04,4,34020,4082.4,0,3.6,2633.15,32570.75
EMP586F,DT5,JR01,1,15525,1863,116.44,2.1,165.19,13710.75
EMP587F,DT3,JR15,10,136350,16362,0,4.4,14605.81,134593.81
EMP588F,DT7,JR10,1,115500,13860,0,2.8,554.4,102194.4
EMP589F,DT8,JR06,9,46560,5587.2,0,4.6,6270.7,47243.5
EMP590F,DT6,JR14,11,155000,18600,0,4.6,8866,145266
EMP591F,DT3,JR05,3,40775,4893,0,2.6,699.7,36581.7
EMP592F,DT8,JR10,1,112750,13530,0,2.2,473.55,99693.55
EMP593F,DT7,JR01,6,19125,2295,143.44,4.6,883.58,17570.14
EMP594F,DT2,JR03,2,22140,2656.8,0,2.7,198.37,19681.57
EMP595F,DT4,JR10,10,166100,19932,0,4.8,22363.7,168531.7
EMP596F,DT8,JR10,6,142450,17094,0,3.9,9076.91,134432.91
EMP597F,DT4,JR11,8,91000,10920,0,4,4368,84448
EMP598F,DT1,JR16,2,91375,10965,0,2.7,1918.87,82328.87
EMP599F,DT5,JR11,7,86125,10335,0,3.9,7389.52,83179.52
EMP600F,DT9,JR07,1,42800,5136,0,2.5,910.78,38574.78
EMP601F,DT4,JR14,5,127000,15240,0,4.3,4663.44,116423.44
EMP602F,DT3,JR14,7,136000,16320,0,4.9,6266.88,125946.88
EMP603F,DT3,JR02,1,19170,2300.4,143.78,2.9,199.37,16925.19
EMP604F,DT9,JR16,8,120275,14433,0,4,5191.07,111033.07
EMP605F,DT1,JR12,3,99450,11934,0,2.1,2569.79,90085.79
EMP606F,DT6,JR15,2,97650,11718,0,2.1,1527.25,87459.25
EMP607F,DT5,JR14,0,100500,12060,0,1.8,56.28,88496.28
EMP608F,DT3,JR10,6,140250,16830,0,4.1,10490.7,133910.7
EMP609F,DT6,JR14,9,144500,17340,0,4.9,7716.3,134876.3
EMP610F,DT7,JR08,2,59675,7161,0,2,1298.53,53812.53
EMP611F,DT4,JR02,7,24660,2959.2,0,4.3,1532.87,23233.67
EMP612F,DT1,JR05,1,36400,4368,0,3,198.02,32230.02
EMP613F,DT2,JR03,11,31365,3763.8,0,5,1462.86,29064.06
EMP614F,DT6,JR03,10,30237.5,3628.5,0,4.7,1149.03,27758.03
EMP615F,DT5,JR06,10,48640,5836.8,0,4.6,9510.09,52313.29
EMP616F,DT5,JR10,4,134200,16104,0,3.4,4723.84,122819.84
EMP617F,DT4,JR01,7,20550,2466,154.12,4.8,2737.26,20667.14
EMP618F,DT8,JR03,11,32185,3862.2,0,4.6,7044.65,35367.45
EMP619F,DT6,JR10,3,125400,15048,0,3,2949.41,113301.41
EMP620F,DT3,JR14,2,108500,13020,0,2.6,1623.16,97103.16
EMP621F,DT6,JR05,10,51625,6195,0,4.1,7258.48,52688.48
EMP622F,DT5,JR14,2,111500,13380,0,3.1,3179.98,101299.98
EMP623F,DT3,JR07,8,56600,6792,0,4.6,3946.15,53754.15
EMP624F,DT6,JR15,9,131850,15822,0,4,24033.62,140061.62
EMP625F,DT1,JR10,9,157850,18942,0,4.7,20324.77,159232.77
EMP626F,DT4,JR04,8,38780,4653.6,0,4.9,5613.79,39740.19
EMP627F,DT2,JR01,8,20775,2493,155.81,4.2,2879.41,21005.6
EMP628F,DT8,JR14,9,142500,17100,0,4,16473,141873
EMP629F,DT3,JR16,8,117725,14127,0,4.9,4713.71,108311.71
EMP630F,DT4,JR10,8,152350,18282,0,4.7,14546.38,148614.38
EMP631F,DT4,JR04,10,41580,4989.6,0,4.5,2097.3,38687.7
EMP632F,DT3,JR10,7,146300,17556,0,4.7,5793.48,134537.48
EMP633F,DT1,JR08,8,78100,9372,0,4.3,9184.56,77912.56
EMP634F,DT9,JR02,1,18990,2278.8,142.42,1.7,125.33,16694.11
EMP635F,DT8,JR16,9,124950,14994,0,4.4,19262.29,129218.29
EMP636F,DT3,JR04,10,42000,5040,0,4.1,4032,40992
EMP637F,DT1,JR08,8,75625,9075,0,4.7,2495.63,69045.63
EMP638F,DT2,JR04,1,29960,3595.2,0,1.9,553.66,26918.46
EMP639F,DT8,JR13,1,128400,15408,0,1.8,3307.58,116299.58
EMP640F,DT9,JR09,10,105700,12684,0,4.5,11643.91,104659.91
EMP641F,DT3,JR05,2,37625,4515,0,1.6,293.47,33403.47
EMP642F,DT7,JR05,1,37450,4494,0,2,398.47,33354.47
EMP643F,DT2,JR16,0,85000,10200,0,2.8,0,74800
EMP644F,DT7,JR01,3,16875,2025,126.56,4,236.25,14959.69
EMP645F,DT6,JR16,9,124950,14994,0,4.8,21611.35,131567.35
EMP646F,DT2,JR12,0,86275,10353,0,3,196.71,76118.71
EMP647F,DT3,JR03,10,30647.5,3677.7,0,4.8,5582.75,32552.55
EMP648F,DT7,JR05,1,36575,4389,0,2.2,381.84,32567.84
EMP649F,DT3,JR15,7,119250,14310,0,4.5,14882.4,119822.4
EMP650F,DT3,JR07,11,62000,7440,0,4.6,3546.4,58106.4
EMP651F,DT7,JR15,10,135000,16200,0,4.1,20520,139320
EMP652F,DT7,JR14,11,155000,18600,0,4.2,24552,160952
EMP653F,DT6,JR16,8,120700,14484,0,4.6,14194.32,120410.32
EMP654F,DT1,JR01,3,16950,2034,127.12,3.6,564.1,15352.98
EMP655F,DT3,JR13,7,160800,19296,0,4.5,16182.91,157686.91
EMP656F,DT1,JR05,8,48125,5775,0,5,5630.62,47980.62
EMP657F,DT8,JR13,0,120600,14472,0,2.6,86.83,106214.83
EMP658F,DT2,JR01,1,15825,1899,118.69,1.7,250.67,14057.98
EMP659F,DT6,JR12,3,97750,11730,0,2.4,3519,89539
EMP660F,DT7,JR01,2,16125,1935,120.94,1.5,222.52,14291.58
EMP661F,DT5,JR04,3,31920,3830.4,0,4.4,786.51,28876.11
EMP662F,DT3,JR03,2,22652.5,2718.3,0,2.9,228.34,20162.54
EMP663F,DT5,JR06,2,35520,4262.4,0,3.8,781.44,32039.04
EMP664F,DT9,JR02,3,20610,2473.2,154.57,2.6,573.78,18556.01
EMP665F,DT6,JR08,3,63525,7623,0,2.8,2520.67,58422.67
EMP666F,DT8,JR09,6,89950,10794,0,4.1,4511.89,83667.89
EMP667F,DT9,JR09,11,107800,12936,0,5,14902.27,109766.27
EMP668F,DT4,JR06,1,33920,4070.4,0,2.6,179.1,30028.7
EMP669F,DT4,JR11,7,86125,10335,0,4.2,10748.4,86538.4
EMP670F,DT1,JR14,4,121500,14580,0,3.8,5433.48,112353.48
EMP671F,DT1,JR03,9,29725,3567,0,5,3745.35,29903.35
EMP672F,DT2,JR15,2,97650,11718,0,2.7,2456.87,88388.87
EMP673F,DT9,JR10,2,121000,14520,0,3.6,2904,109384
EMP674F,DT2,JR13,11,186000,22320,0,4.7,18823.2,182503.2
EMP675F,DT9,JR16,8,120700,14484,0,4.9,17438.74,123654.74
EMP676F,DT3,JR14,2,111000,13320,0,3.9,2930.4,100610.4
EMP677F,DT6,JR11,8,89375,10725,0,4.7,11797.5,90447.5
EMP678F,DT3,JR10,7,150150,18018,0,4.7,19729.71,151861.71
EMP679F,DT7,JR08,4,66825,8019,0,2.6,4482.62,63288.62
EMP680F,DT1,JR05,9,50575,6069,0,4.5,7561.97,52067.97
EMP681F,DT6,JR03,4,24087.5,2890.5,0,2.4,809.34,22006.34
EMP682F,DT8,JR03,5,25932.5,3111.9,0,4.6,2364.01,25184.61
EMP683F,DT1,JR11,10,98475,11817,0,4,9737.21,96395.21
EMP684F,DT4,JR02,6,23760,2851.2,0,4.2,851.56,21760.36
EMP685F,DT7,JR16,2,94775,11373,0,4.3,3226.14,86628.14
EMP686F,DT3,JR02,10,27180,3261.6,0,4.9,1108.94,25027.34
EMP687F,DT4,JR11,2,70200,8424,0,2.6,494.21,62270.21
EMP688F,DT1,JR11,1,66950,8034,0,1.6,787.33,59703.33
EMP689F,DT6,JR08,1,56925,6831,0,1.7,334.72,50428.72
EMP690F,DT4,JR13,7,162600,19512,0,4.4,11544.6,154632.6
EMP691F,DT1,JR04,3,31780,3813.6,0,3.8,823.74,28790.14
EMP692F,DT5,JR13,2,132600,15912,0,2.5,2784.6,119472.6
EMP693F,DT3,JR02,10,27270,3272.4,0,4.6,3707.63,27705.23
EMP694F,DT8,JR12,7,116450,13974,0,4.2,9306.68,111782.68
EMP695F,DT4,JR04,8,39340,4720.8,0,4.1,5480.85,40100.05
EMP696F,DT4,JR04,6,36960,4435.2,0,4.7,1324.65,33849.45
EMP697F,DT1,JR10,9,161700,19404,0,4.6,9727.87,152023.87
EMP698F,DT3,JR02,3,20520,2462.4,153.9,4.3,459.65,18363.35
EMP699F,DT2,JR05,10,52850,6342,0,5,8840.75,55348.75
EMP700F,DT2,JR05,1,36750,4410,0,2.4,573.3,32913.3
EMP701F,DT1,JR03,8,28290,3394.8,0,5,4214.08,29109.28
EMP702F,DT3,JR16,0,86275,10353,0,3,445.18,76367.18
EMP703F,DT5,JR14,2,109500,13140,0,2.9,3495.24,99855.24
EMP704F,DT3,JR15,11,138150,16578,0,4.7,7686.67,129258.67
EMP705F,DT4,JR02,10,27270,3272.4,0,4.4,2584.11,26581.71
EMP706F,DT5,JR08,8,77550,9306,0,4.3,7122.19,75366.19
EMP707F,DT5,JR10,1,114950,13794,0,2.9,1117.31,102273.31
EMP708F,DT3,JR16,1,89250,10710,0,1.7,1285.2,79825.2
EMP709F,DT7,JR10,4,129800,15576,0,4.1,8597.95,122821.95
EMP710F,DT9,JR11,10,95875,11505,0,4.2,14208.67,98578.67
EMP711F,DT2,JR12,4,102850,12342,0,3.5,3110.18,93618.18
EMP712F,DT7,JR06,9,46880,5625.6,0,4.1,7673.32,48927.72
EMP713F,DT2,JR15,7,121500,14580,0,4.7,14968.8,121888.8
EMP714F,DT8,JR04,12,44240,5308.8,0,4.3,10263.68,49194.88
EMP715F,DT9,JR09,6,91350,10962,0,4.8,10030.23,90418.23
EMP716F,DT4,JR08,3,63800,7656,0,2.1,1306.62,57450.62
EMP717F,DT3,JR10,2,121000,14520,0,2.3,4549.6,111029.6
EMP718F,DT1,JR03,3,23062.5,2767.5,0,3.5,392.06,20687.06
EMP719F,DT3,JR13,2,133800,16056,0,2.9,1969.54,119713.54
EMP720F,DT9,JR10,11,168300,20196,0,4,20694.17,168798.17
EMP721F,DT6,JR08,10,83050,9966,0,4.3,10165.32,83249.32
EMP722F,DT1,JR16,3,96050,11526,0,3.3,2796.98,87320.98
EMP723F,DT8,JR05,11,53900,6468,0,5,4191.26,51623.26
EMP724F,DT3,JR11,1,67600,8112,0,3,670.59,60158.59
EMP725F,DT7,JR10,11,168300,20196,0,4.6,19266.98,167370.98
EMP726F,DT5,JR15,5,112950,13554,0,4.2,5530.03,104926.03
EMP727F,DT8,JR02,7,24570,2948.4,0,5,1219.65,22841.25
EMP728F,DT4,JR12,9,122400,14688,0,4.2,18526.46,126238.46
EMP729F,DT8,JR01,7,20475,2457,153.56,4.4,717.44,18581.88
EMP730F,DT4,JR02,7,24480,2937.6,0,4.4,3384.12,24926.52
EMP731F,DT3,JR02,7,24480,2937.6,0,5,2679.09,24221.49
EMP732F,DT9,JR08,6,72325,8679,0,4.4,4738.73,68384.73
EMP733F,DT9,JR15,10,135900,16308,0,4.1,17188.63,136780.63
EMP734F,DT7,JR04,6,35700,4284,0,4.9,1335.18,32751.18
EMP735F,DT2,JR13,5,150000,18000,0,3.1,7800,139800
EMP736F,DT6,JR09,9,101150,12138,0,3.9,10442.73,99454.73
EMP737F,DT5,JR02,5,22590,2710.8,0,4.8,1612.93,21492.13
EMP738F,DT3,JR08,9,80300,9636,0,4.9,7683.1,78347.1
EMP739F,DT6,JR09,9,101500,12180,0,5,14250.6,103570.6
EMP740F,DT3,JR07,4,47600,5712,0,2.5,2532.32,44420.32
EMP741F,DT1,JR05,2,39025,4683,0,3.5,718.06,35060.06
EMP742F,DT5,JR14,6,129000,15480,0,4,4788.48,118308.48
EMP743F,DT2,JR04,8,39060,4687.2,0,4.5,2221.73,36594.53
EMP744F,DT5,JR08,10,82225,9867,0,4.9,15954.94,88312.94
EMP745F,DT7,JR10,10,167200,20064,0,4.8,11128.83,158264.83
EMP746F,DT6,JR05,7,46725,5607,0,4.9,2629.68,43747.68
EMP747F,DT2,JR04,3,32200,3864,0,4.4,656.88,28992.88
EMP748F,DT5,JR14,8,141500,16980,0,4.5,6107.14,130627.14
EMP749F,DT2,JR03,11,31980,3837.6,0,4.8,3581.76,31724.16
EMP750F,DT5,JR06,12,50400,6048,0,5,2550.24,46902.24
EMP751F,DT8,JR10,3,123750,14850,0,3.5,2846.25,111746.25
EMP752F,DT4,JR08,8,76725,9207,0,4.9,9698.04,77216.04
EMP753F,DT2,JR05,4,41475,4977,0,2.8,2332.55,38830.55
EMP754F,DT6,JR12,3,99025,11883,0,3,6143.51,93285.51
EMP755F,DT9,JR01,9,22050,2646,0,4.3,2155.61,21559.61
EMP756F,DT1,JR03,9,29417.5,3530.1,0,4.9,2559.32,28446.72
EMP757F,DT8,JR16,6,109225,13107,0,4.2,11953.58,108071.58
EMP758F,DT6,JR07,5,49600,5952,0,2.6,3047.42,46695.42
EMP759F,DT5,JR04,5,34300,4116,0,4.2,1420.02,31604.02
EMP760F,DT9,JR13,6,158400,19008,0,4.5,5677.06,145069.06
EMP761F,DT5,JR07,8,56200,6744,0,4.8,4734.29,54190.29
EMP762F,DT6,JR01,9,21900,2628,0,4.3,3384.86,22656.86
EMP763F,DT3,JR08,7,74250,8910,0,4.6,7900.2,73240.2
EMP764F,DT4,JR13,1,126000,15120,0,3,2268,113148
EMP765F,DT4,JR12,6,110500,13260,0,4.6,2917.2,100157.2
EMP766F,DT9,JR07,6,51000,6120,0,3.9,2917.2,47797.2
EMP767F,DT3,JR11,5,81900,9828,0,4.3,8006.54,80078.54
EMP768F,DT1,JR15,8,126900,15228,0,4.4,4578.55,116250.55
EMP769F,DT4,JR14,6,127500,15300,0,4.8,5329.5,117529.5
EMP770F,DT2,JR09,6,91000,10920,0,4.1,8517.6,88597.6
EMP771F,DT1,JR07,3,46000,5520,0,2.8,1435.2,41915.2
EMP772F,DT1,JR14,1,105500,12660,0,3,928.4,93768.4
EMP773F,DT8,JR12,4,102850,12342,0,4.4,6565.94,97073.94
EMP774F,DT6,JR02,4,21240,2548.8,0,4.2,825.81,19517.01
EMP775F,DT3,JR07,7,54200,6504,0,4.3,4771.77,52467.77
EMP776F,DT4,JR12,8,117725,14127,0,4.6,7614.45,111212.45
EMP777F,DT8,JR03,11,31570,3788.4,0,4.1,3545.94,31327.54
EMP778F,DT6,JR11,6,83850,10062,0,4.1,3501.58,77289.58
EMP779F,DT9,JR09,10,106050,12726,0,5,19661.67,112985.67
EMP780F,DT4,JR15,7,120150,14418,0,4,4830.03,110562.03
EMP781F,DT6,JR10,6,140250,16830,0,4.9,3394.05,126814.05
EMP782F,DT9,JR07,7,54000,6480,0,4.2,4233.6,51753.6
EMP783F,DT9,JR11,0,66300,7956,0,2.4,137.9,58481.9
EMP784F,DT1,JR05,8,48300,5796,0,4.1,4258.13,46762.13
EMP785F,DT9,JR05,11,53725,6447,0,4.8,11267.21,58545.21
EMP786F,DT8,JR07,7,54600,6552,0,4.9,5580.12,53628.12
EMP787F,DT7,JR01,7,20400,2448,153,4.7,2937.6,20736.6
EMP788F,DT8,JR01,4,18150,2178,136.12,2.9,853.78,16689.66
EMP789F,DT9,JR06,5,39200,4704,0,3.4,1764,36260
EMP790F,DT7,JR14,10,150500,18060,0,4.2,19456.64,151896.64
EMP791F,DT5,JR11,1,66625,7995,0,2,213.2,58843.2
EMP792F,DT2,JR13,0,121800,14616,0,2.7,716.18,107900.18
EMP793F,DT4,JR10,8,151800,18216,0,3.9,21227.71,154811.71
EMP794F,DT4,JR12,3,96050,11526,0,3.3,2397.41,86921.41
EMP795F,DT2,JR08,3,63800,7656,0,4.5,1224.96,57368.96
EMP796F,DT3,JR05,2,37625,4515,0,2.9,428.93,33538.93
EMP797F,DT9,JR13,10,181200,21744,0,5,13307.33,172763.33
EMP798F,DT6,JR10,5,134750,16170,0,4,2425.5,121005.5
EMP799F,DT7,JR11,1,68250,8190,0,1.9,955.5,61015.5
EMP800F,DT6,JR10,7,146850,17622,0,5,5116.25,134344.25
EMP801F,DT4,JR02,3,20340,2440.8,152.55,3.5,528.84,18275.49
EMP802F,DT1,JR06,11,48800,5856,0,3.9,4509.12,47453.12
EMP803F,DT1,JR10,0,112200,13464,0,1.9,879.65,99615.65
EMP804F,DT9,JR05,11,53375,6405,0,4.3,9863.7,56833.7
EMP805F,DT5,JR10,6,140250,16830,0,4.4,11107.8,134527.8
EMP806F,DT4,JR14,4,120000,14400,0,4.5,9024,114624
EMP807F,DT8,JR01,8,20850,2502,156.38,4,1821.46,20013.08
EMP808F,DT2,JR13,0,122400,14688,0,2.8,685.44,108397.44
EMP809F,DT9,JR03,2,22857.5,2742.9,0,3.5,946.3,21060.9
EMP810F,DT1,JR01,9,21825,2619,0,4.3,1350.53,20556.53
EMP811F,DT6,JR13,4,144600,17352,0,2.3,11382.91,138630.91
EMP812F,DT4,JR06,10,48320,5798.4,0,4.3,9265.84,51787.44
EMP813F,DT5,JR14,11,156500,18780,0,4.8,27587.82,165307.82
EMP814F,DT5,JR12,3,97325,11679,0,2.2,2145.04,87791.04
EMP815F,DT8,JR04,4,33600,4032,0,2.9,2204.16,31772.16
EMP816F,DT9,JR11,6,85475,10257,0,4.3,9046.67,84264.67
EMP817F,DT5,JR01,1,15825,1899,118.69,2,250.67,14057.98
EMP818F,DT4,JR06,9,46240,5548.8,0,4.5,6749.19,47440.39
EMP819F,DT7,JR16,10,128775,15453,0,4.8,19630.46,132952.46
EMP820F,DT7,JR10,9,160600,19272,0,4.4,26595.36,167923.36
EMP821F,DT8,JR13,7,164400,19728,0,3.9,18005.09,162677.09
EMP822F,DT1,JR06,0,32160,3859.2,0,2.1,50.17,28350.97
EMP823F,DT2,JR02,2,19710,2365.2,147.82,1.6,509.31,17706.29
EMP824F,DT4,JR05,2,37800,4536,0,2.4,991.87,34255.87
EMP825F,DT9,JR08,3,63250,7590,0,3.7,3111.9,58771.9
EMP826F,DT7,JR08,10,82775,9933,0,4.2,12373.21,85215.21
EMP827F,DT4,JR16,8,120700,14484,0,4.7,13788.77,120004.77
EMP828F,DT5,JR12,1,88400,10608,0,2.3,1131.52,78923.52
EMP829F,DT1,JR16,6,109225,13107,0,4.2,7221.96,103339.96
EMP830F,DT4,JR16,6,110925,13311,0,4.5,7037.08,104651.08
EMP831F,DT4,JR13,3,135600,16272,0,4.2,6064.03,125392.03
EMP832F,DT6,JR14,9,142500,17100,0,4.7,12112.5,137512.5
EMP833F,DT4,JR07,5,50200,6024,0,4.2,3379.46,47555.46
EMP834F,DT1,JR09,5,87150,10458,0,3.3,5466.05,82158.05
EMP835F,DT8,JR03,7,27265,3271.8,0,4.2,2519.29,26512.49
EMP836F,DT8,JR16,7,116025,13923,0,4.4,7453.45,109555.45
EMP837F,DT3,JR06,2,35360,4243.2,0,2.9,653.45,31770.25
EMP838F,DT8,JR15,3,102600,12312,0,3.9,2757.89,93045.89
EMP839F,DT8,JR09,1,74550,8946,0,1.7,1860.77,67464.77
EMP840F,DT1,JR15,2,99450,11934,0,3.9,1253.07,88769.07
EMP841F,DT1,JR09,4,83300,9996,0,3.3,5950.95,79254.95
EMP842F,DT3,JR12,3,99025,11883,0,2.2,3529.25,90671.25
EMP843F,DT8,JR01,6,19275,2313,144.56,4.5,1186.57,18004.01
EMP844F,DT7,JR13,8,168600,20232,0,4.8,20211.77,168579.77
EMP845F,DT2,JR15,5,110700,13284,0,3.4,2647.94,100063.94
EMP846F,DT4,JR14,5,122500,14700,0,2.3,3748.5,111548.5
EMP847F,DT9,JR10,1,115500,13860,0,2.5,1894.2,103534.2
EMP848F,DT8,JR03,8,28597.5,3431.7,0,4.1,1897.73,27063.53
EMP849F,DT4,JR13,5,151200,18144,0,3.9,7547.9,140603.9
EMP850F,DT2,JR13,11,186600,22392,0,4.2,40596.7,204804.7
EMP851F,DT2,JR03,6,26240,3148.8,0,5,2703.77,25794.97
EMP852F,DT4,JR15,9,128250,15390,0,4.8,5232.6,118092.6
EMP853F,DT1,JR10,3,124850,14982,0,2.3,4045.14,113913.14
EMP854F,DT5,JR01,1,16050,1926,120.38,1.5,98.87,14102.49
EMP855F,DT4,JR07,11,61000,7320,0,4.5,3586.8,57266.8
EMP856F,DT7,JR14,11,154000,18480,0,4.1,19958.4,155478.4
EMP857F,DT5,JR04,6,36120,4334.4,0,5,1759.77,33545.37
EMP858F,DT9,JR07,4,48800,5856,0,2.5,2490.75,45434.75
EMP859F,DT9,JR04,4,33460,4015.2,0,2,678.57,30123.37
EMP860F,DT8,JR16,3,97750,11730,0,2.6,5278.5,91298.5
EMP861F,DT2,JR14,2,109500,13140,0,1.6,1997.28,98357.28
EMP862F,DT9,JR13,6,153600,18432,0,4.1,17203.2,152371.2
EMP863F,DT3,JR10,9,158950,19074,0,4.3,22634.48,162510.48
EMP864F,DT7,JR01,7,20025,2403,150.19,4.7,1288.01,18759.82
EMP865F,DT8,JR01,2,16425,1971,123.19,2.9,474.35,14805.16
EMP866F,DT2,JR06,3,36160,4339.2,0,2.5,1842.71,33663.51
EMP867F,DT4,JR08,8,75900,9108,0,4.2,4614.72,71406.72
EMP868F,DT2,JR16,7,114325,13719,0,5,4733.06,105339.06
EMP869F,DT2,JR16,5,106250,12750,0,4.1,7862.5,101362.5
EMP870F,DT6,JR09,11,109550,13146,0,4.5,16835.64,113239.64
EMP871F,DT7,JR14,9,142500,17100,0,5,9690,135090
EMP872F,DT2,JR14,7,135500,16260,0,4.1,6926.76,126166.76
EMP873F,DT2,JR01,7,20475,2457,153.56,4.9,777.23,18641.67
EMP874F,DT5,JR03,6,26547.5,3185.7,0,4.1,1503.65,24865.45
EMP875F,DT1,JR11,2,70850,8502,0,2.1,816.19,63164.19
EMP876F,DT4,JR15,11,140850,16902,0,4.7,21009.19,144957.19
EMP877F,DT6,JR08,7,73425,8811,0,4.9,6493.71,71107.71
EMP878F,DT9,JR01,9,21750,2610,0,4.8,1331.1,20471.1
EMP879F,DT2,JR02,3,20700,2484,155.25,3.4,720.36,18781.11
EMP880F,DT3,JR13,4,143400,17208,0,2.9,5816.3,132008.3
EMP881F,DT8,JR02,2,19710,2365.2,147.82,2.4,479.35,17676.33
EMP882F,DT4,JR16,10,129200,15504,0,5,26336.13,140032.13
EMP883F,DT9,JR07,9,58400,7008,0,4.5,5587.71,56979.71
EMP884F,DT1,JR10,9,157850,18942,0,4.7,20324.77,159232.77
EMP885F,DT3,JR11,3,74750,8970,0,3.3,2152.8,67932.8
EMP886F,DT5,JR04,12,44100,5292,0,3.9,8722.98,47530.98
EMP887F,DT9,JR11,12,102700,12324,0,5,5718.34,96094.34
EMP888F,DT6,JR12,9,122400,14688,0,4.4,18957.31,126669.31
EMP889F,DT8,JR16,6,109650,13158,0,4.2,4324.6,100816.6
EMP890F,DT6,JR16,5,104975,12597,0,3,5328.53,97706.53
EMP891F,DT9,JR01,7,20325,2439,152.44,4.6,981.29,18714.85
EMP892F,DT4,JR04,1,28840,3460.8,0,1.7,103.82,25483.02
EMP893F,DT1,JR07,10,59000,7080,0,4.6,4932.4,56852.4
EMP894F,DT7,JR01,5,18900,2268,141.75,4.2,628.99,17119.24
EMP895F,DT8,JR16,12,134725,16167,0,4.3,20806.93,139364.93
EMP896F,DT8,JR04,8,39620,4754.4,0,4.1,6313.84,41179.44
EMP897F,DT3,JR16,6,108800,13056,0,4.5,9748.48,105492.48
EMP898F,DT6,JR03,10,30340,3640.8,0,5,3262.16,29961.36
EMP899F,DT5,JR15,11,141300,16956,0,4.5,14175.22,138519.22
EMP900F,DT4,JR07,10,60000,7200,0,4,11280,64080
EMP901F,DT2,JR04,4,33040,3964.8,0,2.1,1237.02,30312.22
EMP902F,DT1,JR14,5,125500,15060,0,4.9,12801,123241
EMP903F,DT3,JR12,9,124950,14994,0,4.9,18322.67,128278.67
EMP904F,DT7,JR03,9,29930,3591.6,0,4.4,4846.27,31184.67
EMP905F,DT9,JR11,1,66950,8034,0,2.8,353.5,59269.5
EMP906F,DT3,JR09,3,81900,9828,0,3.3,4566.74,76638.74
EMP907F,DT3,JR12,2,93500,11220,0,3.5,2393.6,84673.6
EMP908F,DT8,JR05,4,42525,5103,0,4,2121.15,39543.15
EMP909F,DT2,JR16,2,94350,11322,0,2.5,3985.34,87013.34
EMP910F,DT3,JR15,8,124200,14904,0,4.9,15857.86,125153.86
EMP911F,DT4,JR04,5,35420,4250.4,0,3.9,2327.8,33497.4
EMP912F,DT5,JR01,10,22650,2718,0,3.9,2033.06,21965.06
EMP913F,DT1,JR12,3,97325,11679,0,4.1,1467.66,87113.66
EMP914F,DT6,JR13,6,156000,18720,0,5,16099.2,153379.2
EMP915F,DT1,JR16,7,116450,13974,0,4.5,13098.3,115574.3
EMP916F,DT2,JR14,10,148000,17760,0,4.2,24437.76,154677.76
EMP917F,DT2,JR06,8,44640,5356.8,0,4.3,3949.75,43232.95
EMP918F,DT1,JR16,6,112200,13464,0,4.6,12063.74,110799.74
EMP919F,DT1,JR08,3,62975,7557,0,4.2,3214.24,58632.24
EMP920F,DT1,JR06,3,36000,4320,0,2.7,720,32400
EMP921F,DT7,JR09,10,105000,12600,0,4.5,20160,112560
EMP922F,DT8,JR16,7,113900,13668,0,4.5,4647.12,104879.12
EMP923F,DT8,JR16,8,119425,14331,0,4.6,8125.68,113219.68
EMP924F,DT7,JR01,3,17550,2106,131.62,3.6,453.49,15765.87
EMP925F,DT1,JR11,7,89050,10686,0,4.6,10016.34,88380.34
EMP926F,DT9,JR08,8,78100,9372,0,4,4198.66,72926.66
EMP927F,DT4,JR04,6,35980,4317.6,0,5,984.41,32646.81
EMP928F,DT4,JR13,2,130200,15624,0,2.7,3629.98,118205.98
EMP929F,DT3,JR04,7,37800,4536,0,4.7,3175.2,36439.2
EMP930F,DT9,JR09,2,75250,9030,0,1.6,1038.45,67258.45
EMP931F,DT7,JR06,8,44160,5299.2,0,5,3758.9,42619.7
EMP932F,DT1,JR06,0,32480,3897.6,0,1.5,89.64,28672.04
EMP933F,DT4,JR14,7,132500,15900,0,4.3,8612.5,125212.5
EMP934F,DT2,JR03,6,26547.5,3185.7,0,4.7,2443.43,25805.23
EMP935F,DT5,JR04,6,36120,4334.4,0,4.8,3268.14,35053.74
EMP936F,DT3,JR11,0,66300,7956,0,2.6,127.3,58471.3
EMP937F,DT5,JR01,3,16875,2025,126.56,4.5,219.38,14942.82
EMP938F,DT9,JR16,7,113050,13566,0,4.1,2984.52,102468.52
EMP939F,DT7,JR11,5,80600,9672,0,4.1,6809.09,77737.09
EMP940F,DT7,JR14,12,158000,18960,0,4.6,19061.12,158101.12
EMP941F,DT3,JR04,2,30240,3628.8,0,2.3,735.44,27346.64
EMP942F,DT5,JR14,1,104500,12540,0,1.7,526.68,92486.68
EMP943F,DT5,JR13,3,138600,16632,0,4.5,4812.19,126780.19
EMP944F,DT7,JR13,4,141000,16920,0,3.1,3553.2,127633.2
EMP945F,DT1,JR13,4,141600,16992,0,3.2,7748.35,132356.35
EMP946F,DT2,JR07,0,40200,4824,0,2.8,49.85,35425.85
EMP947F,DT7,JR06,3,36960,4435.2,0,2,549.96,33074.76
EMP948F,DT2,JR11,8,92300,11076,0,5,4962.05,86186.05
EMP949F,DT2,JR07,11,62800,7536,0,4.1,10881.98,66145.98
EMP950F,DT9,JR08,7,73975,8877,0,3.9,5512.62,70610.62
EMP951F,DT8,JR06,1,33920,4070.4,0,2.1,260.51,30110.11
EMP952F,DT8,JR02,8,25290,3034.8,0,4.2,2130.43,24385.63
EMP953F,DT2,JR14,5,127000,15240,0,5,3566.16,115326.16
EMP954F,DT3,JR08,2,60500,7260,0,3.8,2226.4,55466.4
EMP955F,DT1,JR10,1,114400,13728,0,2.7,585.73,101257.73
EMP956F,DT8,JR03,2,22550,2706,0,3.6,451,20295
EMP957F,DT9,JR03,5,25625,3075,0,3.2,973.75,23523.75
EMP958F,DT1,JR07,3,46400,5568,0,2.3,2375.68,43207.68
EMP959F,DT3,JR06,1,33120,3974.4,0,1.5,111.28,29256.88
EMP960F,DT6,JR07,2,43200,5184,0,1.8,580.61,38596.61
EMP961F,DT3,JR01,10,22350,2682,0,3.9,2891.2,22559.2
EMP962F,DT3,JR10,2,118250,14190,0,3,2412.3,106472.3
EMP963F,DT7,JR12,5,104550,12546,0,4.4,5578.79,97582.79
EMP964F,DT9,JR04,1,29820,3578.4,0,1.6,170.57,26412.17
EMP965F,DT6,JR15,3,102600,12312,0,4.2,1493.86,91781.86
EMP966F,DT8,JR11,4,78000,9360,0,2.7,2745.6,71385.6
EMP967F,DT9,JR05,11,54075,6489,0,5,3300.74,50886.74
EMP968F,DT6,JR13,3,135000,16200,0,3.5,6615,125415
EMP969F,DT6,JR13,4,142200,17064,0,2.8,2946.38,128082.38
EMP970F,DT1,JR02,11,27450,3294,0,4.6,3112.83,27268.83
EMP971F,DT5,JR01,11,23100,2772,0,4.2,3193.34,23521.34
EMP972F,DT4,JR08,1,56650,6798,0,1.6,421.48,50273.48
EMP973F,DT7,JR06,10,48320,5798.4,0,4.1,6505.8,49027.4
EMP974F,DT4,JR16,8,116875,14025,0,4.9,4908.75,107758.75
EMP975F,DT6,JR02,8,24750,2970,0,4,742.5,22522.5
EMP976F,DT3,JR01,10,22800,2736,0,4.5,3414.53,23478.53
EMP977F,DT4,JR07,6,51800,6216,0,3.9,4156.43,49740.43
EMP978F,DT4,JR11,0,65325,7839,0,1.5,94.07,57580.07
EMP979F,DT8,JR01,6,19425,2331,145.69,4.9,1971.25,18919.56
EMP980F,DT8,JR04,9,40600,4872,0,3.9,6431.04,42159.04
EMP981F,DT4,JR10,4,132000,15840,0,3.2,3801.6,119961.6
EMP982F,DT2,JR15,11,138600,16632,0,4,24548.83,146516.83
EMP983F,DT6,JR07,1,41800,5016,0,1.9,571.82,37355.82
EMP984F,DT8,JR13,6,158400,19008,0,4.8,17031.17,156423.17
EMP985F,DT4,JR06,4,38080,4569.6,0,3.4,2662.55,36172.95
EMP986F,DT3,JR06,9,46080,5529.6,0,4.6,4217.24,44767.64
EMP987F,DT8,JR01,11,23475,2817,0,4.8,3501.53,24159.53
EMP988F,DT8,JR01,2,16800,2016,126,2.3,387.07,15045.07
EMP989F,DT1,JR03,2,22345,2681.4,0,2.9,209.15,19872.75
EMP990F,DT4,JR07,5,50200,6024,0,4.3,3993.91,48169.91
EMP991F,DT7,JR10,8,154000,18480,0,3.9,17248,152768
EMP992F,DT8,JR06,11,49760,5971.2,0,4.4,3755.88,47544.68
EMP993F,DT1,JR03,0,20705,2484.6,155.29,2.5,82.82,18147.93
EMP994F,DT4,JR10,5,136950,16434,0,3.9,5100.02,125616.02
EMP995F,DT4,JR02,1,18630,2235.6,139.72,1.9,130.41,16385.09
EMP996F,DT2,JR16,6,110075,13209,0,4.4,8312.86,105178.86
EMP997F,DT4,JR10,10,166650,19998,0,4.5,28837.12,175489.12
EMP998F,DT4,JR06,3,37440,4492.8,0,2.2,1018.37,33965.57
EMP999F,DT9,JR12,2,95200,11424,0,2.1,3381.5,87157.5
EMP001G,DT9,JR03,3,23165,2779.8,0,3.4,505.92,20891.12
EMP002G,DT4,JR09,1,73500,8820,0,2,1264.2,65944.2
EMP003G,DT6,JR09,8,98000,11760,0,4.1,13171.2,99411.2
EMP004G,DT7,JR03,7,27265,3271.8,0,4.7,1727.51,25720.71
EMP005G,DT2,JR14,4,121000,14520,0,2.8,5082,111562
EMP006G,DT5,JR03,1,21422.5,2570.7,0,1.6,115.68,18967.48
EMP007G,DT8,JR09,5,88900,10668,0,4.6,4800.6,83032.6
EMP008G,DT2,JR14,1,103500,12420,0,2.3,637.56,91717.56
EMP009G,DT5,JR03,9,30032.5,3603.9,0,4.4,1228.93,27657.53
EMP010G,DT9,JR01,10,22725,2727,0,4.6,3838.71,23836.71
EMP011G,DT3,JR09,10,105000,12600,0,4.1,15960,108360
EMP012G,DT3,JR03,6,26752.5,3210.3,0,4.6,2676.32,26218.52
EMP013G,DT3,JR14,2,110000,13200,0,3.2,2464,99264
EMP014G,DT9,JR10,3,125400,15048,0,2.5,2668.51,113020.51
EMP015G,DT9,JR16,9,121975,14637,0,4.9,8913.93,116251.93
EMP016G,DT3,JR15,6,116100,13932,0,3.9,12928.9,115096.9
EMP017G,DT4,JR08,2,61325,7359,0,2.3,733.45,54699.45
EMP018G,DT6,JR05,11,54250,6510,0,3.9,6922.3,54662.3
EMP019G,DT4,JR11,9,94900,11388,0,4.7,13620.05,97132.05
EMP020G,DT5,JR05,4,42000,5040,0,3.4,2956.8,39916.8
EMP021G,DT3,JR02,3,20790,2494.8,155.92,3.1,1237.42,19376.7
EMP022G,DT5,JR05,8,48125,5775,0,4.9,3031.88,45381.88
EMP023G,DT2,JR01,2,16275,1953,122.06,1.9,320.94,14520.88
EMP024G,DT3,JR02,6,23760,2851.2,0,4.6,2493.85,23402.65
EMP025G,DT1,JR03,9,30032.5,3603.9,0,4.6,3128.19,29556.79
EMP026G,DT1,JR16,9,123250,14790,0,4.9,12867.3,121327.3
EMP027G,DT2,JR07,10,59200,7104,0,4,5455.87,57551.87
EMP028G,DT4,JR13,10,177600,21312,0,4.1,17049.6,173337.6
EMP029G,DT7,JR10,4,134200,16104,0,3.8,5904.8,124000.8
EMP030G,DT2,JR10,8,152900,18348,0,4.2,15265.54,149817.54
EMP031G,DT2,JR12,5,107100,12852,0,3.9,4009.82,98257.82
EMP032G,DT9,JR10,5,134750,16170,0,2.9,5336.1,123916.1
EMP033G,DT4,JR08,11,84700,10164,0,4.4,14270.26,88806.26
EMP034G,DT7,JR15,3,102150,12258,0,3.7,3089.02,92981.02
EMP035G,DT1,JR14,10,148500,17820,0,5,12675.96,143355.96
EMP036G,DT5,JR07,4,47800,5736,0,2.2,3728.4,45792.4
EMP037G,DT3,JR05,5,43050,5166,0,3.8,2534.78,40418.78
EMP038G,DT8,JR02,3,20790,2494.8,155.92,4,1056.96,19196.24
EMP039G,DT1,JR01,3,17100,2052,128.25,4,363.89,15283.64
EMP040G,DT7,JR14,0,101500,12180,0,2.6,353.22,89673.22
EMP041G,DT2,JR06,11,48800,5856,0,4.2,2459.52,45403.52
EMP042G,DT9,JR09,1,74550,8946,0,2.3,1356.81,66960.81
EMP043G,DT1,JR04,11,43960,5275.2,0,5,7016.02,45700.82
EMP044G,DT8,JR06,6,42080,5049.6,0,4.9,2651.04,39681.44
EMP045G,DT9,JR11,11,100750,12090,0,5,15958.8,104618.8
EMP046G,DT8,JR13,1,124200,14904,0,1.5,1669.25,110965.25
EMP047G,DT1,JR07,1,41000,4920,0,2.3,123,36203
EMP048G,DT4,JR12,2,92650,11118,0,2.3,1467.58,82999.58
EMP049G,DT2,JR01,12,23700,2844,0,4.3,2089.39,22945.39
EMP050G,DT1,JR12,7,115175,13821,0,3.9,4252.26,105606.26
EMP051G,DT7,JR10,8,151250,18150,0,4.6,10436.25,143536.25
EMP052G,DT8,JR07,8,55000,6600,0,4.7,6765,55165
EMP053G,DT7,JR05,6,45150,5418,0,4.4,3875.68,43607.68
EMP054G,DT1,JR01,6,19425,2331,145.69,4.9,1833.72,18782.03
EMP055G,DT5,JR08,8,75625,9075,0,4.4,4764.38,71314.38
EMP056G,DT3,JR12,10,127500,15300,0,4.1,8160,120360
EMP057G,DT7,JR06,9,47040,5644.8,0,4.9,8666.65,50061.85
EMP058G,DT3,JR11,11,100425,12051,0,3.9,5692.09,94066.09
EMP059G,DT5,JR09,0,70700,8484,0,2.9,90.5,62306.5
EMP060G,DT4,JR12,4,103700,12444,0,2,8395.55,99651.55
EMP061G,DT7,JR12,11,130475,15657,0,4.1,8376.49,123194.49
EMP062G,DT6,JR11,7,87100,10452,0,4.7,9950.3,86598.3
EMP063G,DT8,JR02,6,23490,2818.8,0,4,1547.52,22218.72
EMP064G,DT8,JR16,1,88400,10608,0,2.2,1386.11,79178.11
EMP065G,DT2,JR01,4,17700,2124,132.75,4,407.81,15851.06
EMP066G,DT8,JR15,0,90900,10908,0,2,116.35,80108.35
EMP067G,DT6,JR12,5,105825,12699,0,3.6,2489,95615
EMP068G,DT7,JR12,10,128775,15453,0,4.6,22813.78,136135.78
EMP069G,DT2,JR11,10,97825,11739,0,4.6,4347.34,90433.34
EMP070G,DT1,JR06,8,44640,5356.8,0,4.1,6347.81,45631.01
EMP071G,DT9,JR15,1,93600,11232,0,2.9,1018.37,83386.37
EMP072G,DT1,JR13,8,165600,19872,0,3.9,8054.78,153782.78
EMP073G,DT4,JR02,8,24930,2991.6,0,3.9,1382.12,23320.52
EMP074G,DT8,JR14,11,152500,18300,0,4.7,24979.5,159179.5
EMP075G,DT3,JR06,4,39040,4684.8,0,3.8,2336.15,36691.35
EMP076G,DT5,JR05,5,43925,5271,0,4.7,3315.46,41969.46
EMP077G,DT4,JR10,1,115500,13860,0,2.6,1432.2,103072.2
EMP078G,DT2,JR08,9,80025,9603,0,4.4,12816.8,83238.8
EMP079G,DT8,JR02,5,22140,2656.8,0,3.8,1710.98,21194.18
EMP080G,DT4,JR07,7,54800,6576,0,5,5677.28,53901.28
EMP081G,DT9,JR11,7,87425,10491,0,4.8,9893.01,86827.01
EMP082G,DT4,JR15,5,110250,13230,0,2.2,8930.25,105950.25
EMP083G,DT6,JR14,8,139000,16680,0,4.9,4336.8,126656.8
EMP084G,DT3,JR13,8,166800,20016,0,4.1,17694.14,164478.14
EMP085G,DT3,JR07,5,50200,6024,0,4.8,2457.79,46633.79
EMP086G,DT6,JR04,4,33180,3981.6,0,2.1,1964.26,31162.66
EMP087G,DT8,JR02,2,19710,2365.2,147.82,2.3,344.53,17541.51
EMP088G,DT2,JR13,2,132600,15912,0,3.8,2895.98,119583.98
EMP089G,DT9,JR01,11,23550,2826,0,4.8,2899.48,23623.48
EMP090G,DT7,JR11,8,89375,10725,0,4,4021.88,82671.88
EMP091G,DT9,JR14,4,122000,14640,0,2,4723.84,112083.84
EMP092G,DT2,JR15,1,92700,11124,0,1.7,1067.9,82643.9
EMP093G,DT4,JR06,9,46560,5587.2,0,4.5,2711.65,43684.45
EMP094G,DT3,JR11,8,89375,10725,0,4.7,12601.88,91251.88
EMP095G,DT6,JR16,7,114325,13719,0,4.5,12305.94,112911.94
EMP096G,DT4,JR14,11,157000,18840,0,3.9,24341.28,162501.28
EMP097G,DT1,JR08,7,75075,9009,0,4.6,9864.85,75930.85
EMP098G,DT7,JR03,4,24190,2902.8,0,3.4,1532.68,22819.88
EMP099G,DT2,JR13,6,158400,19008,0,4.6,19464.19,158856.19
EMP100G,DT5,JR09,8,98350,11802,0,4.8,8285,94833
EMP101G,DT2,JR08,8,77550,9306,0,4.9,4324.19,72568.19
EMP102G,DT1,JR03,1,21730,2607.6,0,1.6,302.48,19424.88
EMP103G,DT9,JR13,1,123000,14760,0,2.3,762.6,109002.6
EMP104G,DT7,JR10,9,160600,19272,0,3.9,14184.19,155512.19
EMP105G,DT2,JR06,5,40160,4819.2,0,4.3,3932.47,39273.27
EMP106G,DT5,JR12,0,86700,10404,0,1.9,291.31,76587.31
EMP107G,DT5,JR03,7,27880,3345.6,0,4.6,1124.12,25658.52
EMP108G,DT4,JR09,5,85750,10290,0,3.9,3241.35,78701.35
EMP109G,DT3,JR09,2,75600,9072,0,2.9,822.53,67350.53
EMP110G,DT2,JR03,7,27470,3296.4,0,4.9,3212.89,27386.49
EMP111G,DT2,JR09,8,99050,11886,0,5,7892.3,95056.3
EMP112G,DT2,JR11,0,65975,7917,0,2.2,150.42,58208.42
EMP113G,DT9,JR01,2,16275,1953,122.06,1.6,486.95,14686.89
EMP114G,DT4,JR09,9,102550,12306,0,3.9,12207.55,102451.55
EMP115G,DT3,JR13,5,147600,17712,0,3.7,4073.76,133961.76
EMP116G,DT1,JR10,8,154550,18546,0,4.7,18026.71,154030.71
EMP117G,DT2,JR03,9,29930,3591.6,0,4.5,5066.55,31404.95
EMP118G,DT6,JR16,5,106250,12750,0,3.5,6375,99875
EMP119G,DT4,JR02,10,26910,3229.2,0,4.6,2877.22,26558.02
EMP120G,DT8,JR16,9,124100,14892,0,4.8,15070.7,124278.7
EMP121G,DT5,JR11,5,81900,9828,0,4.9,6984.43,79056.43
EMP122G,DT4,JR13,5,150600,18072,0,4.9,13517.86,146045.86
EMP123G,DT4,JR14,2,108500,13020,0,2.2,3541.44,99021.44
EMP124G,DT3,JR07,8,55200,6624,0,4.2,2349.31,50925.31
EMP125G,DT9,JR10,4,134200,16104,0,3.3,11573.41,129669.41
EMP126G,DT4,JR06,2,35040,4204.8,0,2.4,1251.63,32086.83
EMP127G,DT6,JR16,11,133450,16014,0,4.6,27992.47,145428.47
EMP128G,DT2,JR04,0,28420,3410.4,0,2.7,57.98,25067.58
EMP129G,DT5,JR04,4,33460,4015.2,0,4.3,1826.92,31271.72
EMP130G,DT3,JR07,6,52600,6312,0,4.8,6097.39,52385.39
EMP131G,DT8,JR12,8,119850,14382,0,4.3,13758.78,119226.78
EMP132G,DT9,JR06,6,42080,5049.6,0,4.2,2438.96,39469.36
EMP133G,DT2,JR13,10,181800,21816,0,4.7,20972.45,180956.45
EMP134G,DT5,JR14,11,152500,18300,0,4.3,26901,161101
EMP135G,DT9,JR11,6,83850,10062,0,4.5,5057.83,78845.83
EMP136G,DT5,JR14,4,118000,14160,0,4,3058.56,106898.56
EMP137G,DT8,JR05,1,36925,4431,0,2,568.65,33062.65
EMP138G,DT1,JR10,3,127600,15312,0,3.1,7676.42,119964.42
EMP139G,DT6,JR15,4,108000,12960,0,2.4,2764.8,97804.8
EMP140G,DT6,JR02,8,25110,3013.2,0,4.5,3253.25,25350.05
EMP141G,DT4,JR12,5,104975,12597,0,2.8,8091.47,100469.47
EMP142G,DT1,JR05,2,38150,4578,0,1.5,1345.93,34917.93
EMP143G,DT2,JR08,7,75075,9009,0,4.8,6357.35,72423.35
EMP144G,DT4,JR03,6,26445,3173.4,0,4.7,2208.69,25480.29
EMP145G,DT1,JR11,8,89700,10764,0,4.4,3544.94,82480.94
EMP146G,DT1,JR10,1,113300,13596,0,2.1,734.18,100438.18
EMP147G,DT8,JR02,11,28170,3380.4,0,4.2,5093.14,29882.74
EMP148G,DT4,JR05,5,43050,5166,0,3.6,3326.9,41210.9
EMP149G,DT8,JR06,11,50080,6009.6,0,4.1,8375.38,52445.78
EMP150G,DT8,JR11,2,72475,8697,0,2.7,1000.15,64778.15
EMP151G,DT4,JR08,5,69300,8316,0,4.7,6198.19,67182.19
EMP152G,DT2,JR12,1,89250,10710,0,2.2,856.8,79396.8
EMP153G,DT2,JR05,1,36400,4368,0,2.8,302.85,32334.85
EMP154G,DT8,JR04,8,38920,4670.4,0,4.3,5100.08,39349.68
EMP155G,DT9,JR08,0,55275,6633,0,1.6,30.95,48672.95
EMP156G,DT8,JR08,3,62700,7524,0,2.8,842.69,56018.69
EMP157G,DT4,JR16,2,91375,10965,0,2.3,932.02,81342.02
EMP158G,DT9,JR11,2,70200,8424,0,2.4,1527.55,63303.55
EMP159G,DT6,JR06,10,47680,5721.6,0,4.8,4298.83,46257.23
EMP160G,DT5,JR01,12,23700,2844,0,4.5,4838.59,25694.59
EMP161G,DT4,JR12,1,90100,10812,0,2,1686.67,80974.67
EMP162G,DT8,JR07,11,61600,7392,0,5,3193.34,57401.34
EMP163G,DT7,JR08,7,73425,8811,0,4.1,8461.5,73075.5
EMP164G,DT2,JR15,4,108900,13068,0,3.6,4024.94,99856.94
EMP165G,DT3,JR13,11,183600,22032,0,4.2,12455.42,174023.42
EMP166G,DT6,JR16,10,126225,15147,0,5,15672.1,126750.1
EMP167G,DT9,JR15,11,140850,16902,0,4.1,20372.54,144320.54
EMP168G,DT5,JR07,2,43800,5256,0,2.4,1131.79,39675.79
EMP169G,DT9,JR06,9,46240,5548.8,0,4.6,1975.37,42666.57
EMP170G,DT9,JR08,6,72050,8646,0,4.4,2322.89,65726.89
EMP171G,DT2,JR07,1,41400,4968,0,2.8,463.68,36895.68
EMP172G,DT2,JR08,12,86625,10395,0,4.8,18728.33,94958.33
EMP173G,DT9,JR05,9,50925,6111,0,4.4,2595.14,47409.14
EMP174G,DT2,JR10,0,111100,13332,0,2.9,142.21,97910.21
EMP175G,DT7,JR01,10,22575,2709,0,4.7,3374.51,23240.51
EMP176G,DT2,JR16,4,103275,12393,0,2.5,4440.82,95322.82
EMP177G,DT9,JR09,7,92750,11130,0,4.5,8199.1,89819.1
EMP178G,DT5,JR06,2,35200,4224,0,2.1,478.72,31454.72
EMP179G,DT3,JR07,12,63000,7560,0,4.2,9273.6,64713.6
EMP180G,DT5,JR12,5,107100,12852,0,3.9,2227.68,96475.68
EMP181G,DT6,JR16,1,87125,10455,0,2.9,818.98,77488.98
EMP182G,DT4,JR10,6,142450,17094,0,4.2,4706.55,130062.55
EMP183G,DT3,JR08,11,84150,10098,0,4.1,11774.27,85826.27
EMP184G,DT1,JR14,7,136000,16320,0,4.9,4308.48,123988.48
EMP185G,DT5,JR13,3,135000,16200,0,4,5940,124740
EMP186G,DT3,JR08,11,83875,10065,0,4.9,3875.03,77685.03
EMP187G,DT3,JR11,11,99775,11973,0,4,12384.07,100186.07
EMP188G,DT1,JR09,11,108500,13020,0,4.6,23870,119350
EMP189G,DT7,JR02,7,23940,2872.8,0,4.8,3033.68,24100.88
EMP190G,DT7,JR14,8,139500,16740,0,5,16751.16,139511.16
EMP191G,DT8,JR14,8,137500,16500,0,4.2,18150,139150
EMP192G,DT6,JR15,5,113850,13662,0,4,7723.58,107911.58
EMP193G,DT5,JR15,4,106200,12744,0,2.9,1988.06,95444.06
EMP194G,DT4,JR02,8,25560,3067.2,0,4.9,3607.03,26099.83
EMP195G,DT4,JR03,1,21422.5,2570.7,0,2.9,239.08,19090.88
EMP196G,DT3,JR15,7,119250,14310,0,4.5,4960.8,109900.8
EMP197G,DT2,JR13,7,162000,19440,0,4.6,7711.2,150271.2
EMP198G,DT6,JR03,0,20602.5,2472.3,154.52,1.8,17.31,17992.99
EMP199G,DT8,JR07,5,50200,6024,0,4.1,3277.06,47453.06
EMP200G,DT8,JR05,9,50575,6069,0,4.6,3600.94,48106.94
EMP201G,DT8,JR04,2,30660,3679.2,0,2.2,792.25,27773.05
EMP202G,DT1,JR12,10,126650,15198,0,4.1,12411.7,123863.7
EMP203G,DT8,JR10,9,159500,19140,0,4,14355,154715
EMP204G,DT4,JR01,7,20025,2403,150.19,4.6,2415.02,19886.83
EMP205G,DT6,JR15,8,124200,14904,0,4.2,3775.68,113071.68
EMP206G,DT8,JR06,9,45600,5472,0,4.4,6821.76,46949.76
EMP207G,DT1,JR04,10,41580,4989.6,0,4.3,6130.56,42720.96
EMP208G,DT5,JR07,1,41200,4944,0,2.1,385.63,36641.63
EMP209G,DT3,JR16,5,104975,12597,0,2.4,8880.89,101258.89
EMP210G,DT8,JR06,7,42560,5107.2,0,4.4,5168.49,42621.29
EMP211G,DT4,JR13,10,182400,21888,0,4.8,31868.93,192380.93
EMP212G,DT6,JR02,10,26910,3229.2,0,3.9,2770.65,26451.45
EMP213G,DT3,JR07,8,56400,6768,0,4.7,2219.9,51851.9
EMP214G,DT3,JR01,10,22425,2691,0,4.7,2042.47,21776.47
EMP215G,DT4,JR11,2,70200,8424,0,2.2,1617.41,63393.41
EMP216G,DT9,JR06,2,35040,4204.8,0,2.5,479.35,31314.55
EMP217G,DT5,JR07,11,61000,7320,0,4.2,2818.2,56498.2
EMP218G,DT3,JR03,0,20602.5,2472.3,154.52,2.7,37.91,18013.59
EMP219G,DT8,JR06,2,34880,4185.6,0,1.8,401.82,31096.22
EMP220G,DT4,JR06,9,46080,5529.6,0,4.2,5352.65,45903.05
EMP221G,DT2,JR07,5,49400,5928,0,2.3,4550.73,48022.73
EMP222G,DT5,JR16,7,113900,13668,0,4.9,9604.05,109836.05
EMP223G,DT9,JR13,5,150000,18000,0,2.9,9000,141000
EMP224G,DT4,JR13,5,149400,17928,0,3.6,4392.36,135864.36
EMP225G,DT2,JR02,8,25200,3024,0,4.9,3709.44,25885.44
EMP226G,DT9,JR09,12,110250,13230,0,4.9,19271.7,116291.7
EMP227G,DT4,JR09,10,104650,12558,0,5,10774.76,102866.76
EMP228G,DT4,JR05,9,50925,6111,0,4.6,8897.62,53711.62
EMP229G,DT9,JR04,3,31500,3780,0,2.5,1323,29043
EMP230G,DT4,JR05,0,35525,4263,0,2.7,115.1,31377.1
EMP231G,DT4,JR01,5,18750,2250,140.62,3,1800,18159.38
EMP232G,DT8,JR11,6,85800,10296,0,4.3,9664.51,85168.51
EMP233G,DT5,JR08,7,75075,9009,0,4.6,10084.07,76150.07
EMP234G,DT9,JR10,5,136400,16368,0,2.1,5237.76,125269.76
EMP235G,DT5,JR01,3,17100,2052,128.25,2.3,478.8,15398.55
EMP236G,DT9,JR06,3,36320,4358.4,0,3.8,1569.02,33530.62
EMP237G,DT4,JR07,2,44400,5328,0,4.2,468.86,39540.86
EMP238G,DT2,JR12,3,95625,11475,0,2.8,3633.75,87783.75
EMP239G,DT5,JR03,5,25420,3050.4,0,2.5,1122.55,23492.15
EMP240G,DT2,JR03,12,32287.5,3874.5,0,4.6,7277.6,35690.6
EMP241G,DT9,JR14,5,124000,14880,0,4.2,11427.84,120547.84
EMP242G,DT7,JR04,1,28980,3477.6,0,2.3,332.69,25835.09
EMP243G,DT6,JR14,9,143000,17160,0,4.2,18692.96,144532.96
EMP244G,DT1,JR04,10,41580,4989.6,0,4.1,4033.26,40623.66
EMP245G,DT8,JR06,11,48960,5875.2,0,4.1,3113.86,46198.66
EMP246G,DT4,JR08,9,80575,9669,0,4.8,11090.34,81996.34
EMP247G,DT4,JR11,8,90025,10803,0,4.8,4159.15,83381.15
EMP248G,DT4,JR07,1,42400,5088,0,2.7,488.45,37800.45
EMP249G,DT8,JR13,9,171000,20520,0,4.3,26163,176643
EMP250G,DT6,JR02,2,19530,2343.6,146.47,2.4,438.25,17478.18
EMP251G,DT9,JR14,8,138000,16560,0,4.6,15102.72,136542.72
EMP252G,DT6,JR15,5,111600,13392,0,4.1,2142.72,100350.72
EMP253G,DT5,JR12,1,87975,10557,0,1.7,985.32,78403.32
EMP254G,DT7,JR16,6,111775,13413,0,5,6760.15,105122.15
EMP255G,DT2,JR02,5,22230,2667.6,0,2.3,877.64,20440.04
EMP256G,DT6,JR09,3,79800,9576,0,2.4,1340.64,71564.64
EMP257G,DT2,JR08,4,66000,7920,0,2.3,4118.4,62198.4
EMP258G,DT6,JR08,6,70675,8481,0,3.9,6445.56,68639.56
EMP259G,DT9,JR05,10,52150,6258,0,4,10221.4,56113.4
EMP260G,DT6,JR02,1,18540,2224.8,139.05,2.5,200.23,16376.38
EMP261G,DT8,JR06,2,35520,4262.4,0,3.3,1094.02,32351.62
EMP262G,DT5,JR01,3,17325,2079,129.94,3.6,343.73,15459.79
EMP263G,DT7,JR12,7,116025,13923,0,3.9,13890.51,115992.51
EMP264G,DT6,JR08,12,86625,10395,0,4.5,6774.07,83004.07
EMP265G,DT1,JR14,1,107000,12840,0,2.9,958.72,95118.72
EMP266G,DT4,JR03,10,30647.5,3677.7,0,4,2184.55,29154.35
EMP267G,DT9,JR12,5,107950,12954,0,4.6,7228.33,102224.33
EMP268G,DT7,JR08,5,69575,8349,0,4,6047.46,67273.46
EMP269G,DT5,JR13,9,174000,20880,0,4.5,18165.6,171285.6
EMP270G,DT9,JR12,9,123250,14790,0,4.7,9761.4,118221.4
EMP271G,DT1,JR03,11,32185,3862.2,0,4.6,6897.89,35220.69
EMP272G,DT5,JR15,6,118800,14256,0,4.9,10036.22,114580.22
EMP273G,DT2,JR15,1,94500,11340,0,2.5,1625.4,84785.4
EMP274G,DT9,JR11,10,98800,11856,0,4.3,15207.3,102151.3
EMP275G,DT3,JR07,1,42200,5064,0,2.4,408.5,37544.5
EMP276G,DT4,JR07,0,40600,4872,0,2.4,77.95,35805.95
EMP277G,DT3,JR06,9,45760,5491.2,0,4.1,4092.77,44361.57
EMP278G,DT8,JR16,4,103275,12393,0,3.7,4618.46,95500.46
EMP279G,DT7,JR10,5,136400,16368,0,2.3,9951.74,129983.74
EMP280G,DT8,JR02,9,26370,3164.4,0,4.1,4316.24,27521.84
EMP281G,DT6,JR01,11,22875,2745,0,4.8,1537.2,21667.2
EMP282G,DT4,JR03,11,31980,3837.6,0,4.6,3295.22,31437.62
EMP283G,DT2,JR16,8,120275,14433,0,4.1,16771.15,122613.15
EMP284G,DT3,JR03,8,28495,3419.4,0,5,2756.04,27831.64
EMP285G,DT9,JR08,6,70950,8514,0,4.2,4938.12,67374.12
EMP286G,DT1,JR03,2,22960,2755.2,0,3.6,242.46,20447.26
EMP287G,DT1,JR01,1,15975,1917,119.81,2.9,224.29,14162.48
EMP288G,DT3,JR14,5,126500,15180,0,4,6704.5,118024.5
EMP289G,DT6,JR08,7,73700,8844,0,4.3,8018.56,72874.56
EMP290G,DT6,JR03,9,29520,3542.4,0,4,2493.85,28471.45
EMP291G,DT7,JR06,1,34240,4108.8,0,3,441.01,30572.21
EMP292G,DT2,JR01,8,20700,2484,155.25,4.7,1761.98,19822.73
EMP293G,DT4,JR03,12,32390,3886.8,0,4.5,2855.5,31358.7
EMP294G,DT5,JR07,9,58400,7008,0,3.9,7521.92,58913.92
EMP295G,DT7,JR16,10,125800,15096,0,4.2,23187.46,133891.46
EMP296G,DT7,JR02,3,20610,2473.2,154.57,3.5,1099.75,19081.98
EMP297G,DT6,JR04,7,37520,4502.4,0,4.2,1326.71,34344.31
EMP298G,DT2,JR03,9,29725,3567,0,4.6,5243.49,31401.49
EMP299G,DT8,JR12,5,104975,12597,0,2.9,8880.89,101258.89
EMP300G,DT6,JR05,5,42875,5145,0,2.7,2623.95,40353.95
EMP301G,DT8,JR06,8,44480,5337.6,0,5,1665.33,40807.73
EMP302G,DT2,JR09,11,106750,12810,0,4.2,17934,111874
EMP303G,DT1,JR12,9,124950,14994,0,4.8,18792.48,128748.48
EMP304G,DT5,JR12,2,93925,11271,0,4.5,2288.01,84942.01
EMP305G,DT8,JR11,3,73125,8775,0,4.4,1316.25,65666.25
EMP306G,DT5,JR01,12,23625,2835,0,4.4,2825.55,23615.55
EMP307G,DT7,JR05,7,46550,5586,0,4.5,5038.57,46002.57
EMP308G,DT9,JR07,1,42400,5088,0,2.8,630.91,37942.91
EMP309G,DT4,JR07,12,63000,7560,0,3.9,11881.8,67321.8
EMP310G,DT4,JR04,8,39200,4704,0,4.4,5268.48,39764.48
EMP311G,DT1,JR03,3,23882.5,2865.9,0,4,409.82,21426.42
EMP312G,DT2,JR12,7,113050,13566,0,4.9,7162.85,106646.85
EMP313G,DT3,JR13,11,188400,22608,0,3.9,22336.7,188128.7
EMP314G,DT5,JR06,9,45760,5491.2,0,4.1,3463.12,43731.92
EMP315G,DT2,JR15,3,102600,12312,0,3.1,3792.1,94080.1
EMP316G,DT6,JR02,2,20070,2408.4,150.53,2,369.29,17880.36
EMP317G,DT6,JR10,5,135300,16236,0,2.5,6472.75,125536.75
EMP318G,DT9,JR07,7,54400,6528,0,4.8,3603.46,51475.46
EMP319G,DT9,JR13,9,171000,20520,0,4.3,15697.8,166177.8
EMP320G,DT2,JR07,8,56800,6816,0,4.7,8588.16,58572.16
EMP321G,DT3,JR12,3,95625,11475,0,3.4,3251.25,87401.25
EMP322G,DT2,JR03,7,27367.5,3284.1,0,4,2200.35,26283.75
EMP323G,DT1,JR08,2,61325,7359,0,4.3,1297.64,55263.64
EMP324G,DT3,JR06,5,39360,4723.2,0,3.1,2245.09,36881.89
EMP325G,DT7,JR13,11,183600,22032,0,4,13233.89,174801.89
EMP326G,DT4,JR15,8,127350,15282,0,4.6,18603.29,130671.29
EMP327G,DT3,JR09,12,110600,13272,0,4.4,15908.7,113236.7
EMP328G,DT7,JR01,3,17400,2088,130.5,2.9,534.53,15716.03
EMP329G,DT5,JR13,0,121800,14616,0,3,686.95,107870.95
EMP330G,DT2,JR15,8,126900,15228,0,3.9,15816.82,127488.82
EMP331G,DT8,JR06,3,36160,4339.2,0,2.2,1241.01,33061.81
EMP332G,DT9,JR09,2,77000,9240,0,4.1,2833.6,70593.6
EMP333G,DT6,JR04,6,36820,4418.4,0,4.3,1299.01,33700.61
EMP334G,DT9,JR07,7,53000,6360,0,4.9,5098.6,51738.6
EMP335G,DT7,JR14,1,106000,12720,0,1.6,2035.2,95315.2
EMP336G,DT6,JR10,11,168300,20196,0,4.6,24975.72,173079.72
EMP337G,DT1,JR09,4,82250,9870,0,3.3,4951.45,77331.45
EMP338G,DT8,JR14,11,154500,18540,0,4.5,12125.16,148085.16
EMP339G,DT9,JR11,2,71825,8619,0,2.4,1387.66,64593.66
EMP340G,DT8,JR08,6,70675,8481,0,4.7,2094.81,64288.81
EMP341G,DT3,JR09,10,105700,12684,0,5,6037.58,99053.58
EMP342G,DT5,JR16,2,92650,11118,0,2.5,3068.57,84600.57
EMP343G,DT1,JR01,4,17925,2151,134.44,4.5,307.59,15947.15
EMP344G,DT2,JR13,8,165000,19800,0,4.7,5940,151140
EMP345G,DT3,JR02,11,27450,3294,0,4.7,4842.18,28998.18
EMP346G,DT5,JR09,11,108150,12978,0,4.8,17918.29,113090.29
EMP347G,DT7,JR11,9,93275,11193,0,4.4,3570.57,85652.57
EMP348G,DT6,JR07,1,42200,5064,0,2.2,222.82,37358.82
EMP349G,DT9,JR10,4,134200,16104,0,2.4,9211.49,127307.49
EMP350G,DT6,JR14,10,147500,17700,0,4.4,16815,146615
EMP351G,DT5,JR11,11,100750,12090,0,4,20835.1,109495.1
EMP352G,DT2,JR15,4,108900,13068,0,4.3,6037.42,101869.42
EMP353G,DT2,JR11,4,78975,9477,0,3.1,3803.44,73301.44
EMP354G,DT4,JR10,8,153450,18414,0,4.2,11637.65,146673.65
EMP355G,DT5,JR12,4,103700,12444,0,4.4,6570.43,97826.43
EMP356G,DT5,JR05,9,50925,6111,0,4,6673.21,51487.21
EMP357G,DT6,JR16,9,121550,14586,0,4.1,15052.75,122016.75
EMP358G,DT7,JR03,11,31672.5,3800.7,0,4.4,2347.57,30219.37
EMP359G,DT6,JR16,11,133450,16014,0,4,17038.9,134474.9
EMP360G,DT6,JR15,11,139050,16686,0,4.1,24856.58,147220.58
EMP361G,DT9,JR05,8,49175,5901,0,4,4461.16,47735.16
EMP362G,DT7,JR04,7,37100,4452,0,4,1350.44,33998.44
EMP363G,DT4,JR12,0,86700,10404,0,1.9,402.29,76698.29
EMP364G,DT5,JR03,9,30032.5,3603.9,0,4.4,4804,31232.6
EMP365G,DT8,JR01,3,17550,2106,131.62,3.2,286.42,15598.8
EMP366G,DT1,JR03,11,31980,3837.6,0,4.8,5157.73,33300.13
EMP367G,DT4,JR15,8,125100,15012,0,4.7,12099.67,122187.67
EMP368G,DT9,JR02,11,27630,3315.6,0,4.8,5439.79,29754.19
EMP369G,DT8,JR10,3,124300,14916,0,3.2,4524.52,113908.52
EMP370G,DT3,JR07,0,40200,4824,0,2.7,51.46,35427.46
EMP371G,DT5,JR14,0,101500,12180,0,2.3,487.2,89807.2
EMP372G,DT3,JR05,9,50400,6048,0,4,1951.49,46303.49
EMP373G,DT3,JR12,3,97750,11730,0,4,3870.9,89890.9
EMP374G,DT1,JR01,8,21000,2520,157.5,4.1,1411.2,19733.7
EMP375G,DT3,JR15,6,118800,14256,0,4.1,7603.2,112147.2
EMP376G,DT6,JR03,1,21627.5,2595.3,0,2.7,237.9,19270.1
EMP377G,DT4,JR02,9,25650,3078,0,4.7,1133.73,23705.73
EMP378G,DT5,JR15,5,114300,13716,0,5,12097.51,112681.51
EMP379G,DT8,JR14,2,110000,13200,0,2.4,880,97680
EMP380G,DT6,JR16,1,87975,10557,0,1.7,344.86,77762.86
EMP381G,DT7,JR11,9,94250,11310,0,4.8,4750.2,87690.2
EMP382G,DT8,JR13,9,171000,20520,0,4,13953.6,164433.6
EMP383G,DT2,JR01,4,17625,2115,132.19,3.4,690.9,16068.71
EMP384G,DT5,JR12,10,128775,15453,0,4.4,6897.19,120219.19
EMP385G,DT3,JR12,7,113900,13668,0,4.3,6196.16,106428.16
EMP386G,DT8,JR14,12,158000,18960,0,4.7,12463.04,151503.04
EMP387G,DT6,JR15,7,122400,14688,0,5,16568.06,124280.06
EMP388G,DT3,JR14,7,136000,16320,0,4.3,19584,139264
EMP389G,DT9,JR12,10,127075,15249,0,5,16102.94,127928.94
EMP390G,DT9,JR13,8,168000,20160,0,4.7,18816,166656
EMP391G,DT8,JR08,6,71500,8580,0,4.7,4461.6,67381.6
EMP392G,DT7,JR05,1,36050,4326,0,2.2,328.78,32052.78
EMP393G,DT6,JR01,0,15150,1818,113.62,1.7,25.45,13243.83
EMP394G,DT2,JR04,8,39620,4754.4,0,4.1,2630.77,37496.37
EMP395G,DT1,JR03,4,24805,2976.6,0,4,1458.53,23286.93
EMP396G,DT2,JR01,6,19125,2295,143.44,4.6,757.35,17443.91
EMP397G,DT2,JR03,12,32390,3886.8,0,4.1,5861.29,34364.49
EMP398G,DT2,JR16,1,89250,10710,0,2.8,999.6,79539.6
EMP399G,DT6,JR11,7,88725,10647,0,4.7,12435.7,90513.7
EMP400G,DT6,JR07,1,41200,4944,0,3,158.21,36414.21
EMP401G,DT2,JR01,9,21975,2637,0,4.6,1798.43,21136.43
EMP402G,DT8,JR13,4,142800,17136,0,4.3,10852.8,136516.8
EMP403G,DT6,JR12,5,104975,12597,0,3.9,9275.59,101653.59
EMP404G,DT9,JR13,7,160800,19296,0,4.9,10059.65,151563.65
EMP405G,DT5,JR11,10,97175,11661,0,4.5,8081.07,93595.07
EMP406G,DT8,JR04,6,36260,4351.2,0,4.4,3679.66,35588.46
EMP407G,DT4,JR11,8,91975,11037,0,4.9,12824.99,93762.99
EMP408G,DT6,JR06,6,41120,4934.4,0,4.1,1406.3,37591.9
EMP409G,DT9,JR13,9,172800,20736,0,4,12773.38,164837.38
EMP410G,DT9,JR06,1,33760,4051.2,0,1.5,282.23,29991.03
EMP411G,DT6,JR06,10,48320,5798.4,0,4.5,6308.66,48830.26
EMP412G,DT4,JR11,6,85475,10257,0,4,9046.67,84264.67
EMP413G,DT3,JR08,3,61875,7425,0,4,1918.12,56368.12
EMP414G,DT4,JR04,1,29400,3528,0,2.9,376.32,26248.32
EMP415G,DT9,JR13,1,124800,14976,0,2.6,1757.18,111581.18
EMP416G,DT3,JR08,11,86075,10329,0,4.2,15562.36,91308.36
EMP417G,DT7,JR07,3,45000,5400,0,4,2115,41715
EMP418G,DT9,JR05,10,53025,6363,0,4.9,9830.84,56492.84
EMP419G,DT9,JR16,10,128775,15453,0,4,7427.74,120749.74
EMP420G,DT7,JR01,8,21000,2520,157.5,4.4,2486.4,20808.9
EMP421G,DT1,JR14,2,109500,13140,0,2.7,2080.5,98440.5
EMP422G,DT7,JR03,2,22345,2681.4,0,1.9,386.12,20049.72
EMP423G,DT4,JR09,1,72100,8652,0,2.7,622.94,64070.94
EMP424G,DT9,JR06,5,40640,4876.8,0,4.4,1228.95,36992.15
EMP425G,DT8,JR01,9,21900,2628,0,4.4,1692.43,20964.43
EMP426G,DT2,JR12,11,133450,16014,0,4,21298.62,138734.62
EMP427G,DT9,JR05,11,54600,6552,0,4.8,12230.4,60278.4
EMP428G,DT6,JR03,3,23882.5,2865.9,0,2.9,535.92,21552.52
EMP429G,DT7,JR02,10,27090,3250.8,0,3.9,5472.18,29311.38
EMP430G,DT7,JR07,2,44000,5280,0,2,915.2,39635.2
EMP431G,DT9,JR12,11,132600,15912,0,3.9,12475.01,129163.01
EMP432G,DT8,JR13,11,185400,22248,0,3.9,16166.88,179318.88
EMP433G,DT3,JR14,6,132000,15840,0,4.9,15206.4,131366.4
EMP434G,DT4,JR08,6,71225,8547,0,4.9,3193.73,65871.73
EMP435G,DT8,JR08,2,59675,7161,0,2.6,1582.58,54096.58
EMP436G,DT7,JR15,10,135900,16308,0,4,14416.27,134008.27
EMP437G,DT8,JR06,6,41120,4934.4,0,4.8,1406.3,37591.9
EMP438G,DT2,JR04,1,29960,3595.2,0,2,788.55,27153.35
EMP439G,DT7,JR04,6,36120,4334.4,0,4.1,3603.33,35388.93
EMP440G,DT3,JR16,11,133450,16014,0,3.9,7302.38,124738.38
EMP441G,DT2,JR08,6,72600,8712,0,4.5,3717.12,67605.12
EMP442G,DT3,JR05,10,52675,6321,0,4.7,5532.98,51886.98
EMP443G,DT3,JR06,2,35680,4281.6,0,3.5,656.51,32054.91
EMP444G,DT1,JR06,9,46400,5568,0,4.7,2672.64,43504.64
EMP445G,DT9,JR02,11,28080,3369.6,0,4.1,3270.76,27981.16
EMP446G,DT1,JR01,8,20775,2493,155.81,4.5,1855.62,19981.81
EMP447G,DT3,JR14,9,143500,17220,0,4.6,13982.64,140262.64
EMP448G,DT4,JR07,1,41400,4968,0,2.4,255.02,36687.02
EMP449G,DT3,JR12,2,94775,11373,0,4.5,1918.25,85320.25
EMP450G,DT1,JR08,8,76175,9141,0,4.4,11496.33,78530.33
EMP451G,DT3,JR04,7,37520,4502.4,0,4.9,4490.39,37507.99
EMP452G,DT4,JR03,1,21832.5,2619.9,0,3,215.71,19428.31
EMP453G,DT1,JR09,8,99400,11928,0,5,12023.42,99495.42
EMP454G,DT9,JR13,9,174600,20952,0,4,12710.88,166358.88
EMP455G,DT1,JR01,8,20850,2502,156.38,3.9,2797.24,20988.86
EMP456G,DT1,JR04,8,39340,4720.8,0,3.9,3696.39,38315.59
EMP457G,DT1,JR06,10,48480,5817.6,0,5,2396.85,45059.25
EMP458G,DT1,JR06,9,46560,5587.2,0,4.6,6948.61,47921.41
EMP459G,DT1,JR06,2,35360,4243.2,0,3.5,742.56,31859.36
EMP460G,DT1,JR12,7,113475,13617,0,4.3,9123.39,108981.39
EMP461G,DT9,JR12,7,115600,13872,0,4.4,15980.54,117708.54
EMP462G,DT3,JR13,7,161400,19368,0,4,7572.89,149604.89
EMP463G,DT1,JR05,8,48125,5775,0,4.6,6641.25,48991.25
EMP464G,DT8,JR15,11,139950,16794,0,4.3,24233.74,147389.74
EMP465G,DT3,JR01,3,17475,2097,131.06,3.1,484.41,15731.35
EMP466G,DT9,JR08,6,71775,8613,0,4.7,8406.29,71568.29
EMP467G,DT2,JR01,4,18300,2196,137.25,3.4,611.95,16578.7
EMP468G,DT2,JR10,9,161700,19404,0,4.4,18847.75,161143.75
EMP469G,DT2,JR09,6,92400,11088,0,4.3,8279.04,89591.04
EMP470G,DT1,JR12,5,105400,12648,0,2.7,4249.73,97001.73
EMP471G,DT7,JR06,2,34720,4166.4,0,2.8,259.71,30813.31
EMP472G,DT7,JR10,5,137500,16500,0,2.2,12375,133375
EMP473G,DT5,JR06,2,35840,4300.8,0,3.8,1032.19,32571.39
EMP474G,DT6,JR10,3,124850,14982,0,2,5123.84,114991.84
EMP475G,DT2,JR08,4,66275,7953,0,4.1,4565.02,62887.02
EMP476G,DT2,JR11,1,67600,8112,0,2.5,1059.97,60547.97
EMP477G,DT6,JR15,6,117450,14094,0,4.5,4012.09,107368.09
EMP478G,DT5,JR01,9,21750,2610,0,4.2,2583.9,21723.9
EMP479G,DT6,JR10,4,132550,15906,0,2.7,9999.57,126643.57
EMP480G,DT1,JR12,4,103275,12393,0,3.8,2486.86,93368.86
EMP481G,DT6,JR10,1,114950,13794,0,2.9,579.35,101735.35
EMP482G,DT8,JR10,9,157850,18942,0,4.3,25268.63,164176.63
EMP483G,DT9,JR05,1,36925,4431,0,2.4,568.65,33062.65
EMP484G,DT2,JR11,4,79300,9516,0,3.4,5024.45,74808.45
EMP485G,DT2,JR04,3,32480,3897.6,0,3.3,1746.12,30328.52
EMP486G,DT1,JR01,11,23325,2799,0,4.5,4556.77,25082.77
EMP487G,DT7,JR07,5,49400,5928,0,2.3,928.72,44400.72
EMP488G,DT5,JR16,3,95625,11475,0,3.9,3060,87210
EMP489G,DT2,JR13,8,170400,20448,0,4.4,25764.48,175716.48
EMP490G,DT4,JR01,12,23625,2835,0,4.9,4347,25137
EMP491G,DT9,JR10,8,155100,18612,0,4.5,15261.84,151749.84
EMP492G,DT4,JR09,5,88900,10668,0,4.3,8833.1,87065.1
EMP493G,DT4,JR04,2,30100,3612,0,1.8,252.84,26740.84
EMP494G,DT9,JR08,3,63800,7656,0,4.3,3184.9,59328.9
EMP495G,DT4,JR12,3,96900,11628,0,3.2,4015.54,89287.54
EMP496G,DT4,JR15,3,103500,12420,0,2.1,5589,96669
EMP497G,DT8,JR16,10,125800,15096,0,4.1,10627.58,121331.58
EMP498G,DT2,JR04,5,35140,4216.8,0,4.7,2365.62,33288.82
EMP499G,DT4,JR03,3,23370,2804.4,0,4.3,1125.5,21691.1
EMP500G,DT1,JR16,9,121125,14535,0,3.9,11942.93,118532.93
EMP501G,DT5,JR07,6,51400,6168,0,3.9,2578.22,47810.22
EMP502G,DT3,JR16,3,96050,11526,0,2.1,2996.76,87520.76
EMP503G,DT1,JR12,10,126225,15147,0,4.2,23508.14,134586.14
EMP504G,DT6,JR01,7,20400,2448,153,4.2,646.27,18445.27
EMP505G,DT9,JR10,0,111650,13398,0,2.9,147.38,98399.38
EMP506G,DT3,JR09,9,100800,12096,0,4.1,5322.24,94026.24
EMP507G,DT3,JR11,1,69550,8346,0,1.5,1596.87,62800.87
EMP508G,DT7,JR05,9,50925,6111,0,5,5375.64,50189.64
EMP509G,DT1,JR03,1,21730,2607.6,0,2.6,229.47,19351.87
EMP510G,DT4,JR15,5,113400,13608,0,4.8,2830.46,102622.46
EMP511G,DT9,JR07,7,53800,6456,0,4.9,7424.4,54768.4
EMP512G,DT7,JR13,6,157200,18864,0,4.1,17543.52,155879.52
EMP513G,DT8,JR04,0,28560,3427.2,0,1.9,173.64,25306.44
EMP514G,DT5,JR03,1,21217.5,2546.1,0,2.3,225.75,18897.15
EMP515G,DT1,JR11,5,81900,9828,0,4,4258.8,76330.8
EMP516G,DT1,JR10,1,113850,13662,0,1.9,956.34,101144.34
EMP517G,DT2,JR15,1,95850,11502,0,1.7,2342.57,86690.57
EMP518G,DT2,JR13,3,139200,16704,0,4.2,6057.98,128553.98
EMP519G,DT9,JR05,3,40075,4809,0,2.6,1580.56,36846.56
EMP520G,DT5,JR02,11,27900,3348,0,4.3,2946.24,27498.24
EMP521G,DT9,JR14,3,112500,13500,0,2.7,2700,101700
EMP522G,DT9,JR03,2,22447.5,2693.7,0,2,511.8,20265.6
EMP523G,DT8,JR11,0,65975,7917,0,1.5,277.1,58335.1
EMP524G,DT4,JR07,3,45000,5400,0,3,1710,41310
EMP525G,DT3,JR14,10,148500,17820,0,4.5,8642.7,139322.7
EMP526G,DT5,JR05,1,36400,4368,0,2.4,430.98,32462.98
EMP527G,DT4,JR06,3,36800,4416,0,2.9,1192.32,33576.32
EMP528G,DT3,JR02,11,27900,3348,0,4.8,5155.92,29707.92
EMP529G,DT7,JR07,6,51200,6144,0,4.5,1720.32,46776.32
EMP530G,DT9,JR04,4,33040,3964.8,0,3.9,808.82,29884.02
EMP531G,DT4,JR10,2,121000,14520,0,2.5,4356,110836
EMP532G,DT5,JR03,5,25522.5,3062.7,0,2.3,900.43,23360.23
EMP533G,DT7,JR15,8,125550,15066,0,4.5,4760.86,115244.86
EMP534G,DT1,JR15,3,104850,12582,0,4.1,6781.7,99049.7
EMP535G,DT8,JR01,2,16500,1980,123.75,2.1,435.6,14831.85
EMP536G,DT6,JR03,2,22242.5,2669.1,0,2.9,242,19815.4
EMP537G,DT1,JR06,0,32480,3897.6,0,1.5,116.93,28699.33
EMP538G,DT6,JR10,4,130350,15642,0,3.3,7909.64,122617.64
EMP539G,DT9,JR12,1,90525,10863,0,2.8,1082.68,80744.68
EMP540G,DT3,JR01,9,21900,2628,0,4.9,3143.09,22415.09
EMP541G,DT5,JR03,4,24702.5,2964.3,0,4.5,1742.02,23480.22
EMP542G,DT4,JR15,11,138600,16632,0,4.1,13771.3,135739.3
EMP543G,DT8,JR14,7,136000,16320,0,4.7,4700.16,124380.16
EMP544G,DT6,JR10,3,128700,15444,0,3.8,3500.64,116756.64
EMP545G,DT8,JR05,11,54600,6552,0,4.4,5381.38,53429.38
EMP546G,DT3,JR13,3,136800,16416,0,3.6,1838.59,122222.59
EMP547G,DT8,JR01,2,16725,2007,125.44,2.5,477,15069.56
EMP548G,DT5,JR02,9,26100,3132,0,4.3,3570.48,26538.48
EMP549G,DT9,JR16,7,113475,13617,0,4.1,3345.24,103203.24
EMP550G,DT8,JR06,4,38880,4665.6,0,2.8,2407.45,36621.85
EMP551G,DT8,JR13,9,174600,20952,0,4.8,24150.67,177798.67
EMP552G,DT1,JR05,9,49875,5985,0,4.6,5256.83,49146.83
EMP553G,DT2,JR13,8,166800,20016,0,4.5,9887.9,156671.9
EMP554G,DT3,JR11,5,79625,9555,0,3.6,5876.32,75946.32
EMP555G,DT8,JR13,7,162000,19440,0,4.8,10886.4,153446.4
EMP556G,DT2,JR06,10,47200,5664,0,4.7,3049.12,44585.12
EMP557G,DT2,JR02,3,20250,2430,151.88,2.9,627.75,18295.87
EMP558G,DT3,JR06,8,45440,5452.8,0,4.6,6870.53,46857.73
EMP559G,DT5,JR10,0,110550,13266,0,1.8,198.99,97482.99
EMP560G,DT4,JR11,11,99450,11934,0,4.9,13915.04,101431.04
EMP561G,DT2,JR06,9,46880,5625.6,0,4,3836.66,45091.06
EMP562G,DT9,JR13,12,189600,22752,0,4.9,21113.86,187961.86
EMP563G,DT5,JR04,5,35280,4233.6,0,5,2421.62,33468.02
EMP564G,DT6,JR10,3,128150,15378,0,2.9,4736.42,117508.42
EMP565G,DT6,JR11,4,76375,9165,0,2.4,1069.25,68279.25
EMP566G,DT4,JR01,8,20925,2511,156.94,4.2,1124.09,19381.15
EMP567G,DT6,JR12,6,108375,13005,0,4.3,10013.85,105383.85
EMP568G,DT1,JR05,6,45675,5481,0,4.9,4123.54,44317.54
EMP569G,DT9,JR06,3,36480,4377.6,0,2.4,1021.44,33123.84
EMP570G,DT2,JR10,7,147400,17688,0,4.2,16838.98,146550.98
EMP571G,DT4,JR02,9,26280,3153.6,0,4,4061.84,27188.24
EMP572G,DT8,JR14,2,111500,13380,0,4.4,3179.98,101299.98
EMP573G,DT7,JR03,11,32082.5,3849.9,0,4.9,2900.26,31132.86
EMP574G,DT7,JR09,6,90650,10878,0,4.1,8343.43,88115.43
EMP575G,DT4,JR01,11,23025,2763,0,4.4,4730.26,24992.26
EMP576G,DT1,JR15,9,132300,15876,0,4.9,5471.93,121895.93
EMP577G,DT1,JR05,9,49875,5985,0,4,5256.83,49146.83
EMP578G,DT1,JR16,7,113475,13617,0,5,6994.6,106852.6
EMP579G,DT7,JR12,11,130900,15708,0,4.2,23185.01,138377.01
EMP580G,DT8,JR01,2,16725,2007,125.44,2.9,753.96,15346.52
EMP581G,DT4,JR07,6,52800,6336,0,4.5,6352.9,52816.9
EMP582G,DT2,JR01,9,22050,2646,0,4.3,3647.95,23051.95
EMP583G,DT3,JR07,6,52000,6240,0,4.3,1872,47632
EMP584G,DT2,JR11,7,87425,10491,0,4.3,6514.91,83448.91
EMP585G,DT2,JR06,4,39040,4684.8,0,3.2,2611,36966.2
EMP586G,DT6,JR16,10,127925,15351,0,4.1,6201.8,118775.8
EMP587G,DT6,JR03,0,20910,2509.2,156.82,3,160.59,18404.57
EMP588G,DT5,JR01,5,18375,2205,137.81,2.8,1521.45,17553.64
EMP589G,DT6,JR12,7,114750,13770,0,4.3,7068.6,108048.6
EMP590G,DT7,JR14,2,108500,13020,0,2.9,1918.28,97398.28
EMP591G,DT4,JR13,11,188400,22608,0,4,17182.08,182974.08
EMP592G,DT4,JR08,5,68200,8184,0,3.9,1833.22,61849.22
EMP593G,DT8,JR08,11,86350,10362,0,4.2,18506.53,94494.53
EMP594G,DT1,JR10,7,145750,17490,0,4.3,17810.65,146070.65
EMP595G,DT6,JR12,6,108800,13056,0,4.5,2924.54,98668.54
EMP596G,DT7,JR03,9,29417.5,3530.1,0,4.3,4299.66,30187.06
EMP597G,DT5,JR03,4,25010,3001.2,0,3.8,1584.63,23593.43
EMP598G,DT5,JR09,1,72800,8736,0,2.6,326.14,64390.14
EMP599G,DT6,JR10,1,117700,14124,0,2.8,1581.89,105157.89
EMP600G,DT7,JR16,6,111775,13413,0,4.1,7323.5,105685.5
EMP601G,DT8,JR02,4,21690,2602.8,0,4.4,1245.01,20332.21
EMP602G,DT2,JR08,6,70950,8514,0,4,3785.89,66221.89
EMP603G,DT3,JR04,7,37520,4502.4,0,4.5,3163.69,36181.29
EMP604G,DT1,JR13,11,183600,22032,0,4.7,17904.67,179472.67
EMP605G,DT2,JR07,0,40600,4872,0,2.7,146.16,35874.16
EMP606G,DT9,JR05,10,52325,6279,0,4.2,7252.24,53298.24
EMP607G,DT9,JR01,2,16575,1989,124.31,3,194.92,14656.61
EMP608G,DT8,JR03,2,22755,2730.6,0,4.5,360.44,20384.84
EMP609G,DT3,JR12,3,98175,11781,0,3.1,3895.58,90289.58
EMP610G,DT5,JR11,6,84500,10140,0,4,8720.4,83080.4
EMP611G,DT2,JR05,4,42700,5124,0,2.5,3456.99,41032.99
EMP612G,DT1,JR10,5,134750,16170,0,2.3,4608.45,123188.45
EMP613G,DT4,JR03,1,21730,2607.6,0,2.3,146.03,19268.43
EMP614G,DT8,JR16,8,120275,14433,0,4.9,11979.39,117821.39
EMP615G,DT4,JR03,1,21320,2558.4,0,1.9,218.32,18979.92
EMP616G,DT3,JR03,6,26855,3222.6,0,4.1,1598.41,25230.81
EMP617G,DT1,JR16,1,90950,10914,0,1.5,2444.74,82480.74
EMP618G,DT9,JR06,6,40960,4915.2,0,4.9,2936.01,38980.81
EMP619G,DT6,JR10,11,169950,20394,0,4.9,18524.55,168080.55
EMP620G,DT1,JR10,7,148500,17820,0,4.6,19126.8,149806.8
EMP621G,DT7,JR16,4,103700,12444,0,2.7,1825.12,93081.12
EMP622G,DT9,JR11,11,102050,12246,0,4.4,11168.35,100972.35
EMP623G,DT2,JR05,10,53025,6363,0,4.7,7209.28,53871.28
EMP624G,DT8,JR06,5,39680,4761.6,0,3.7,1752.27,36670.67
EMP625G,DT9,JR06,10,47520,5702.4,0,4,2581.29,44398.89
EMP626G,DT8,JR07,4,48000,5760,0,4.2,3148.8,45388.8
EMP627G,DT7,JR04,5,34300,4116,0,3.7,2778.3,32962.3
EMP628G,DT9,JR15,1,95400,11448,0,2.6,1648.51,85600.51
EMP629G,DT1,JR08,8,77825,9339,0,4.7,5684.34,74170.34
EMP630G,DT6,JR05,4,42350,5082,0,3.1,711.48,37979.48
EMP631G,DT5,JR15,11,137700,16524,0,3.9,21018.53,142194.53
EMP632G,DT4,JR09,2,76650,9198,0,1.8,1922.38,69374.38
EMP633G,DT1,JR06,10,48000,5760,0,4.8,9024,51264
EMP634G,DT6,JR01,11,23325,2799,0,3.9,1035.63,21561.63
EMP635G,DT3,JR05,0,35700,4284,0,2.2,74.26,31490.26
EMP636G,DT8,JR09,5,88200,10584,0,5,3669.12,81285.12
EMP637G,DT8,JR10,5,138600,16632,0,4.5,9225.22,131193.22
EMP638G,DT1,JR04,6,36820,4418.4,0,4.3,4360.96,36762.56
EMP639G,DT2,JR04,3,31920,3830.4,0,3.9,1179.76,29269.36
EMP640G,DT7,JR11,3,73775,8853,0,2.3,3585.47,68507.47
EMP641G,DT6,JR05,5,44450,5334,0,4.6,4032.5,43148.5
EMP642G,DT5,JR10,4,133100,15972,0,3.8,9615.14,126743.14
EMP643G,DT1,JR09,5,85750,10290,0,4.3,2932.65,78392.65
EMP644G,DT1,JR09,9,101150,12138,0,4.5,8642.26,97654.26
EMP645G,DT2,JR15,3,104400,12528,0,2.9,4142.59,96014.59
EMP646G,DT2,JR02,2,19620,2354.4,147.15,2.7,381.41,17499.86
EMP647G,DT1,JR14,11,153500,18420,0,4,20366.38,155446.38
EMP648G,DT8,JR01,6,19725,2367,147.94,4.9,1093.55,18303.61
EMP649G,DT6,JR03,3,23985,2878.2,0,3.9,750.25,21857.05
EMP650G,DT4,JR11,9,92950,11154,0,4.6,3517.23,85313.23
EMP651G,DT3,JR12,1,88825,10659,0,2,1215.13,79381.13
EMP652G,DT6,JR14,11,155000,18600,0,4.1,17050,153450
EMP653G,DT5,JR04,6,36400,4368,0,4.5,1048.32,33080.32
EMP654G,DT6,JR07,4,47200,5664,0,2.3,2107.01,43643.01
EMP655G,DT7,JR11,6,84500,10140,0,4.3,8923.2,83283.2
EMP656G,DT8,JR10,3,126500,15180,0,3.9,2428.8,113748.8
EMP657G,DT5,JR15,11,140400,16848,0,4,8176.9,131728.9
EMP658G,DT2,JR12,1,87125,10455,0,2.3,679.58,77349.58
EMP659G,DT5,JR04,9,41160,4939.2,0,4.3,7119.03,43339.83
EMP660G,DT3,JR06,5,39360,4723.2,0,4.1,869.07,35505.87
EMP661G,DT3,JR03,1,21217.5,2546.1,0,2.9,95.05,18766.45
EMP662G,DT5,JR16,3,96050,11526,0,2.3,4694.92,89218.92
EMP663G,DT5,JR01,11,22950,2754,0,4.5,3016.55,23212.55
EMP664G,DT9,JR12,9,123675,14841,0,4.2,18457.26,127291.26
EMP665G,DT8,JR15,0,91350,10962,0,2.2,394.63,80782.63
EMP666G,DT4,JR09,3,80150,9618,0,2.8,2324.35,72856.35
EMP667G,DT8,JR15,0,91800,11016,0,2.7,631.58,81415.58
EMP668G,DT7,JR13,2,132000,15840,0,2.3,4857.6,121017.6
EMP669G,DT2,JR01,4,17925,2151,134.44,2.7,1398.15,17037.71
EMP670G,DT9,JR15,8,124650,14958,0,4.9,13821.19,123513.19
EMP671G,DT2,JR06,1,33280,3993.6,0,1.9,511.18,29797.58
EMP672G,DT8,JR06,11,49600,5952,0,4.1,8511.36,52159.36
EMP673G,DT4,JR13,1,127200,15264,0,3,1648.51,113584.51
EMP674G,DT2,JR01,7,20250,2430,151.88,4.4,2154.6,19822.72
EMP675G,DT7,JR11,3,76050,9126,0,4.3,4240.55,71164.55
EMP676G,DT1,JR01,8,20925,2511,156.94,4.7,1983.69,20240.75
EMP677G,DT1,JR13,1,123000,14760,0,2.5,910.2,109150.2
EMP678G,DT1,JR07,6,51000,6120,0,3.9,1122,46002
EMP679G,DT7,JR11,7,87100,10452,0,4.9,2842.94,79490.94
EMP680G,DT2,JR07,6,51200,6144,0,4.4,5619.71,50675.71
EMP681G,DT2,JR15,4,107550,12906,0,4.3,4530.01,99174.01
EMP682G,DT2,JR12,5,105400,12648,0,3.8,9308.93,102060.93
EMP683G,DT7,JR09,9,101150,12138,0,4.9,14403.76,103415.76
EMP684G,DT1,JR08,7,73700,8844,0,4.1,9622.27,74478.27
EMP685G,DT4,JR14,11,156000,18720,0,5,27256.32,164536.32
EMP686G,DT8,JR01,9,21600,2592,0,4.2,2280.96,21288.96
EMP687G,DT7,JR15,0,91350,10962,0,1.7,526.18,80914.18
EMP688G,DT6,JR08,2,60225,7227,0,2.3,1235.82,54233.82
EMP689G,DT2,JR11,7,88400,10608,0,4.2,2545.92,80337.92
EMP690G,DT6,JR11,10,97175,11661,0,5,18471.02,103985.02
EMP691G,DT2,JR04,11,42840,5140.8,0,4.5,7084.02,44783.22
EMP692G,DT2,JR02,7,24030,2883.6,0,4.6,1996.41,23142.81
EMP693G,DT7,JR07,7,53200,6384,0,4.7,4213.44,51029.44
EMP694G,DT5,JR02,1,18990,2278.8,142.42,2.8,284.09,16852.87
EMP695G,DT4,JR06,7,42880,5145.6,0,4.1,1516.24,39250.64
EMP696G,DT4,JR03,6,26650,3198,0,4.3,2110.68,25562.68
EMP697G,DT1,JR10,1,113850,13662,0,2.8,988.22,101176.22
EMP698G,DT7,JR04,10,42280,5073.6,0,4.2,6037.58,43243.98
EMP699G,DT5,JR08,5,67375,8085,0,3.4,2182.95,61472.95
EMP700G,DT9,JR09,10,103250,12390,0,4.7,5885.25,96745.25
EMP701G,DT5,JR13,9,174600,20952,0,4.2,19066.32,172714.32
EMP702G,DT7,JR08,11,86075,10329,0,4.5,5057.77,80803.77
EMP703G,DT1,JR03,10,30955,3714.6,0,4.2,5430.75,32671.15
EMP704G,DT8,JR03,5,26035,3124.2,0,4.1,1405.89,24316.69
EMP705G,DT5,JR15,11,138600,16632,0,4.8,26345.09,148313.09
EMP706G,DT5,JR04,0,28280,3393.6,0,2.2,33.94,24920.34
EMP707G,DT9,JR09,10,104300,12516,0,4.8,4906.27,96690.27
EMP708G,DT4,JR13,5,150000,18000,0,2.9,4800,136800
EMP709G,DT5,JR06,1,33920,4070.4,0,2.2,341.91,30191.51
EMP710G,DT7,JR15,8,127350,15282,0,4.7,14798.07,126866.07
EMP711G,DT9,JR15,5,111150,13338,0,3.6,5433.01,103245.01
EMP712G,DT5,JR16,4,102425,12291,0,3.6,4871.33,95005.33
EMP713G,DT7,JR07,10,60600,7272,0,4.3,4494.1,57822.1
EMP714G,DT3,JR09,7,93100,11172,0,5,3440.98,85368.98
EMP715G,DT2,JR16,5,104125,12495,0,2.6,8434.12,100064.12
EMP716G,DT2,JR11,3,75400,9048,0,4.5,1061.63,67413.63
EMP717G,DT3,JR09,8,99050,11886,0,4.9,10523.07,97687.07
EMP718G,DT5,JR08,4,67100,8052,0,4.3,5196.22,64244.22
EMP719G,DT6,JR16,1,87125,10455,0,2,331.07,77001.07
EMP720G,DT9,JR16,4,100725,12087,0,4.5,4770.34,93408.34
EMP721G,DT6,JR09,11,109900,13188,0,4.9,17540.04,114252.04
EMP722G,DT4,JR09,5,85750,10290,0,3.6,1852.2,77312.2
EMP723G,DT5,JR06,2,35200,4224,0,3.3,535.04,31511.04
EMP724G,DT2,JR14,4,117500,14100,0,2.8,6909,110309
EMP725G,DT9,JR09,2,77700,9324,0,4.3,1435.9,69811.9
EMP726G,DT1,JR09,3,79800,9576,0,3.3,2323.78,72547.78
EMP727G,DT1,JR10,1,114400,13728,0,1.5,512.51,101184.51
EMP728G,DT1,JR03,2,22140,2656.8,0,2.8,566.78,20049.98
EMP729G,DT1,JR03,9,29622.5,3554.7,0,4,2214.58,28282.38
EMP730G,DT8,JR07,7,53000,6360,0,4.8,4685.2,51325.2
EMP731G,DT4,JR02,7,24210,2905.2,0,4.3,1737.31,23042.11
EMP732G,DT4,JR12,8,117300,14076,0,4.1,9271.39,112495.39
EMP733G,DT8,JR11,5,80600,9672,0,3.3,2321.28,73249.28
EMP734G,DT5,JR06,3,37120,4454.4,0,2,902.76,33568.36
EMP735G,DT5,JR15,4,105750,12690,0,2.5,6070.05,99130.05
EMP736G,DT9,JR04,11,43960,5275.2,0,4,2605.95,41290.75
EMP737G,DT8,JR10,2,118800,14256,0,1.5,1064.45,105608.45
EMP738G,DT1,JR03,7,27880,3345.6,0,4.3,3292.07,27826.47
EMP739G,DT6,JR09,1,72100,8652,0,2.2,207.65,63655.65
EMP740G,DT7,JR16,6,110925,13311,0,4.2,10555.62,108169.62
EMP741G,DT6,JR16,9,121125,14535,0,4.1,18120.3,124710.3
EMP742G,DT3,JR05,2,37625,4515,0,2.7,880.42,33990.42
EMP743G,DT5,JR15,11,139050,16686,0,4.4,12125.16,134489.16
EMP744G,DT8,JR16,4,99875,11985,0,2.7,5033.7,92923.7
EMP745G,DT7,JR02,6,23130,2775.6,0,4.5,1951.25,22305.65
EMP746G,DT7,JR06,7,43040,5164.8,0,3.9,2138.23,40013.43
EMP747G,DT6,JR08,8,77275,9273,0,3.9,11767.44,79769.44
EMP748G,DT2,JR12,6,109225,13107,0,3.9,7969.06,104087.06
EMP749G,DT6,JR09,10,104300,12516,0,4,15536.53,107320.53
EMP750G,DT5,JR11,5,82225,9867,0,5,7495.63,79853.63
EMP751G,DT8,JR02,4,21780,2613.6,0,3.2,804.99,19971.39
EMP752G,DT8,JR12,1,88825,10659,0,2.8,1215.13,79381.13
EMP753G,DT5,JR06,1,32960,3955.2,0,2.3,300.6,29305.4
EMP754G,DT2,JR03,1,21730,2607.6,0,2.4,156.46,19278.86
EMP755G,DT9,JR13,10,180600,21672,0,5,13133.23,172061.23
EMP756G,DT1,JR16,6,110500,13260,0,4.8,9282,106522
EMP757G,DT3,JR04,5,35420,4250.4,0,4,901.08,32070.68
EMP758G,DT9,JR10,3,125950,15114,0,3,1899.33,112735.33
EMP759G,DT2,JR16,9,122825,14739,0,4.8,20988.34,129074.34
EMP760G,DT8,JR08,11,84975,10197,0,5,18154.06,92932.06
EMP761G,DT2,JR05,11,53375,6405,0,4,9191.17,56161.17
EMP762G,DT5,JR03,6,26547.5,3185.7,0,5,2380.78,25742.58
EMP763G,DT9,JR03,5,25317.5,3038.1,0,2.5,1237.52,23516.92
EMP764G,DT6,JR04,2,31220,3746.4,0,3.4,1091.45,28565.05
EMP765G,DT9,JR13,6,156000,18720,0,4,13478.4,150758.4
EMP766G,DT3,JR08,8,76725,9207,0,4.1,11395.2,78913.2
EMP767G,DT9,JR05,7,47775,5733,0,4.9,2929.56,44971.56
EMP768G,DT8,JR11,2,70200,8424,0,2.5,2246.4,64022.4
EMP769G,DT1,JR05,11,54425,6531,0,4.8,4591.29,52485.29
EMP770G,DT7,JR09,5,88900,10668,0,5,4800.6,83032.6
EMP771G,DT4,JR06,7,43200,5184,0,4.9,2056.32,40072.32
EMP772G,DT7,JR14,2,109500,13140,0,1.7,1248.3,97608.3
EMP773G,DT5,JR02,1,18540,2224.8,139.05,2.3,182.43,16358.58
EMP774G,DT6,JR14,3,114000,13680,0,3.3,2298.24,102618.24
EMP775G,DT5,JR01,10,22200,2664,0,4.9,4091.9,23627.9
EMP776G,DT1,JR01,5,18900,2268,141.75,4.4,1336.61,17826.86
EMP777G,DT1,JR05,0,35525,4263,0,1.8,119.36,31381.36
EMP778G,DT9,JR10,3,128150,15378,0,3.6,7104.64,119876.64
EMP779G,DT2,JR07,1,42000,5040,0,1.5,268.8,37228.8
EMP780G,DT9,JR11,3,76050,9126,0,3.4,4757.69,71681.69
EMP781G,DT9,JR12,8,118575,14229,0,5,6744.55,111090.55
EMP782G,DT8,JR02,3,21060,2527.2,0,2.3,687.4,19220.2
EMP783G,DT7,JR08,8,78100,9372,0,4.7,5773.15,74501.15
EMP784G,DT4,JR12,3,95625,11475,0,3.1,4685.63,88835.63
EMP785G,DT7,JR03,1,21422.5,2570.7,0,1.5,362.47,19214.27
EMP786G,DT4,JR04,8,38920,4670.4,0,4.5,1214.3,35463.9
EMP787G,DT3,JR16,11,131750,15810,0,3.9,19130.1,135070.1
EMP788G,DT8,JR07,7,54200,6504,0,4.3,4463.91,52159.91
EMP789G,DT4,JR03,7,27470,3296.4,0,4.5,3362.33,27535.93
EMP790G,DT8,JR16,3,99025,11883,0,3.8,5620.66,92762.66
EMP791G,DT2,JR04,8,39620,4754.4,0,4.9,4866.92,39732.52
EMP792G,DT2,JR09,6,92050,11046,0,4.6,3479.49,84483.49
EMP793G,DT1,JR04,3,32620,3914.4,0,3.6,688.93,29394.53
EMP794G,DT8,JR13,10,178800,21456,0,4.7,35044.8,192388.8
EMP795G,DT9,JR07,5,50600,6072,0,4.2,2252.71,46780.71
EMP796G,DT1,JR11,3,76050,9126,0,2.7,2378.84,69302.84
EMP797G,DT2,JR04,2,31220,3746.4,0,4.2,1321.23,28794.83
EMP798G,DT5,JR05,4,42000,5040,0,4.2,739.2,37699.2
EMP799G,DT3,JR03,4,24292.5,2915.1,0,3.5,467.39,21844.79
EMP800G,DT2,JR03,7,27982.5,3357.9,0,5,3268.36,27892.96
EMP801G,DT9,JR10,10,166650,19998,0,3.9,17164.95,163816.95
EMP802G,DT9,JR06,10,48640,5836.8,0,4.3,6474.96,49278.16
EMP803G,DT8,JR14,6,132000,15840,0,4.8,14530.56,130690.56
EMP804G,DT3,JR12,10,127500,15300,0,4.5,7650,119850
EMP805G,DT1,JR05,6,45150,5418,0,4.9,4608.91,44340.91
EMP806G,DT2,JR14,7,133500,16020,0,4.6,6797.82,124277.82
EMP807G,DT4,JR07,8,55600,6672,0,4.1,2775.55,51703.55
EMP808G,DT1,JR08,10,81675,9801,0,4.3,12992.86,84866.86
EMP809G,DT4,JR05,10,52325,6279,0,4.6,9531.52,55577.52
EMP810G,DT3,JR09,2,76650,9198,0,2.5,1165.08,68617.08
EMP811G,DT1,JR10,10,163350,19602,0,4,12675.96,156423.96
EMP812G,DT5,JR04,9,40880,4905.6,0,4.5,6619.29,42593.69
EMP813G,DT7,JR09,10,105350,12642,0,5,20429.47,113137.47
EMP814G,DT7,JR15,4,108450,13014,0,2.4,4802.17,100238.17
EMP815G,DT8,JR10,11,168850,20262,0,4.4,9394.81,157982.81
EMP816G,DT2,JR15,7,122400,14688,0,4.6,7050.24,114762.24
EMP817G,DT8,JR12,2,92650,11118,0,1.6,1934.53,83466.53
EMP818G,DT3,JR07,7,54200,6504,0,4.2,5849.26,53545.26
EMP819G,DT2,JR13,3,140400,16848,0,3.4,4582.66,128134.66
EMP820G,DT3,JR10,8,154000,18480,0,4.1,6899.2,142419.2
EMP821G,DT5,JR05,7,47775,5733,0,3.9,6975.15,49017.15
EMP822G,DT1,JR06,4,38560,4627.2,0,2.1,1201.53,35134.33
EMP823G,DT5,JR09,6,89600,10752,0,4.8,9031.68,87879.68
EMP824G,DT5,JR15,10,136800,16416,0,4.3,13658.11,134042.11
EMP825G,DT1,JR09,5,86800,10416,0,2,5832.96,82216.96
EMP826G,DT3,JR07,8,55800,6696,0,4.1,5466.17,54570.17
EMP827G,DT6,JR06,3,36480,4377.6,0,3.5,1470.87,33573.27
EMP828G,DT1,JR10,1,114400,13728,0,2.4,1281.28,101953.28
EMP829G,DT6,JR08,0,55550,6666,0,2.2,164.43,49048.43
EMP830G,DT9,JR02,7,24030,2883.6,0,4.4,2060.81,23207.21
EMP831G,DT1,JR01,2,16650,1998,124.88,3.1,263.74,14790.86
EMP832G,DT6,JR04,11,43820,5258.4,0,4.1,4555.53,43117.13
EMP833G,DT2,JR05,8,49175,5901,0,4.5,2230.58,45504.58
EMP834G,DT2,JR03,0,20500,2460,153.75,2.1,0,17886.25
EMP835G,DT2,JR07,2,44600,5352,0,2.7,1723.34,40971.34
EMP836G,DT2,JR16,1,89675,10761,0,2.4,1144.25,80058.25
EMP837G,DT3,JR01,2,16125,1935,120.94,2.5,338.62,14407.68
EMP838G,DT2,JR03,3,23165,2779.8,0,3.8,1204.58,21589.78
EMP839G,DT6,JR14,2,110000,13200,0,2.3,2552,99352
EMP840G,DT6,JR15,7,121950,14634,0,4.3,4502.39,111818.39
EMP841G,DT8,JR13,4,144000,17280,0,2.4,7372.8,134092.8
EMP842G,DT4,JR15,8,126900,15228,0,4.9,19979.14,131651.14
EMP843G,DT7,JR14,0,102000,12240,0,1.7,799.68,90559.68
EMP844G,DT8,JR15,8,124650,14958,0,4.9,4223.14,113915.14
EMP845G,DT1,JR13,4,141000,16920,0,3.9,7303.8,131383.8
EMP846G,DT5,JR04,9,40040,4804.8,0,4.8,6335.93,41571.13
EMP847G,DT5,JR11,8,91650,10998,0,4.7,12625.7,93277.7
EMP848G,DT9,JR07,11,61400,7368,0,5,6832.59,60864.59
EMP849G,DT1,JR12,9,122825,14739,0,4.6,18802.05,126888.05
EMP850G,DT5,JR07,11,61000,7320,0,4.2,4611.6,58291.6
EMP851G,DT7,JR08,9,79200,9504,0,4.4,6969.6,76665.6
EMP852G,DT1,JR12,2,94350,11322,0,2.7,2822.95,85850.95
EMP853G,DT8,JR16,5,105400,12648,0,3.9,4047.36,96799.36
EMP854G,DT4,JR13,10,182400,21888,0,4.1,15934.46,176446.46
EMP855G,DT7,JR09,7,94150,11298,0,4,7535.77,90387.77
EMP856G,DT8,JR10,11,168850,20262,0,4.9,25293.73,173881.73
EMP857G,DT8,JR10,8,156200,18744,0,4.2,6297.98,143753.98
EMP858G,DT1,JR10,9,157850,18942,0,4.3,13732.95,152640.95
EMP859G,DT8,JR03,3,23370,2804.4,0,3.5,1177.85,21743.45
EMP860G,DT7,JR16,11,130475,15657,0,3.9,15077.69,129895.69
EMP861G,DT8,JR05,2,38325,4599,0,1.6,466.03,34192.03
EMP862G,DT5,JR10,3,123750,14850,0,4.2,1732.5,110632.5
EMP863G,DT6,JR11,5,79625,9555,0,3.8,5876.32,75946.32
EMP864G,DT6,JR10,3,127050,15246,0,3,7246.93,119050.93
EMP865G,DT5,JR08,2,61600,7392,0,4,2424.58,56632.58
EMP866G,DT4,JR16,2,93500,11220,0,4.1,2393.6,84673.6
EMP867G,DT3,JR15,3,102600,12312,0,4.1,4596.48,94884.48
EMP868G,DT7,JR03,2,22755,2730.6,0,3,320.39,20344.79
EMP869G,DT8,JR15,3,103950,12474,0,3.9,3480.25,94956.25
EMP870G,DT2,JR02,8,25290,3034.8,0,4.8,983.28,23238.48
EMP871G,DT1,JR10,12,174350,20922,0,4.8,39981.94,193409.94
EMP872G,DT7,JR10,7,146300,17556,0,5,4634.78,133378.78
EMP873G,DT3,JR01,3,17025,2043,127.69,3.8,533.22,15387.53
EMP874G,DT9,JR06,8,45440,5452.8,0,4.1,3969.64,43956.84
EMP875G,DT5,JR03,12,32390,3886.8,0,3.9,4508.69,33011.89
EMP876G,DT9,JR10,0,110550,13266,0,1.8,203.41,97487.41
EMP877G,DT9,JR15,8,126000,15120,0,3.9,9273.6,120153.6
EMP878G,DT2,JR12,2,92225,11067,0,2.6,3072.94,84230.94
EMP879G,DT2,JR13,2,134400,16128,0,2.3,3741.7,122013.7
EMP880G,DT8,JR15,10,136350,16362,0,4.5,17976.38,137964.38
EMP881G,DT1,JR16,1,90525,10863,0,2.9,1129.75,80791.75
EMP882G,DT5,JR07,9,57800,6936,0,4.9,2880.75,53744.75
EMP883G,DT5,JR14,4,122000,14640,0,2.7,6441.6,113801.6
EMP884G,DT2,JR09,8,96950,11634,0,5,11347.03,96663.03
EMP885G,DT9,JR15,5,110250,13230,0,3,7342.65,104362.65
EMP886G,DT3,JR11,1,67925,8151,0,2,953.67,60727.67
EMP887G,DT1,JR16,4,102850,12342,0,2.8,2246.24,92754.24
EMP888G,DT1,JR12,2,91800,11016,0,2,1116.29,81900.29
EMP889G,DT5,JR07,10,59400,7128,0,4,2996.14,55268.14
EMP890G,DT4,JR05,6,44625,5355,0,4.5,1079.93,40349.93
EMP891G,DT6,JR10,11,172700,20724,0,4.8,29925.46,181901.46
EMP892G,DT3,JR05,7,46550,5586,0,5,3195.19,44159.19
EMP893G,DT5,JR09,11,108150,12978,0,4.8,11788.35,106960.35
EMP894G,DT3,JR04,10,42140,5056.8,0,4,8171.79,45254.99
EMP895G,DT6,JR06,11,48960,5875.2,0,4.5,8096.03,51180.83
EMP896G,DT8,JR15,11,141300,16956,0,4.8,25773.12,150117.12
EMP897G,DT2,JR14,10,151000,18120,0,4.7,22178.88,155058.88
EMP898G,DT5,JR15,7,121050,14526,0,4.5,8352.45,114876.45
EMP899G,DT6,JR14,4,118000,14160,0,2.4,6456.96,110296.96
EMP900G,DT4,JR10,2,119350,14322,0,1.5,1055.05,106083.05
EMP901G,DT1,JR02,7,24390,2926.8,0,5,1870.23,23333.43
EMP902G,DT5,JR16,2,93925,11271,0,2.1,946.76,83600.76
EMP903G,DT2,JR15,3,104850,12582,0,2,3321.65,95589.65
EMP904G,DT3,JR16,11,130475,15657,0,4.3,17311.42,132129.42
EMP905G,DT1,JR10,11,169950,20394,0,4.7,30380.26,179936.26
EMP906G,DT1,JR03,3,23780,2853.6,0,2.5,365.26,21291.66
EMP907G,DT7,JR12,2,94775,11373,0,3.9,2615.79,86017.79
EMP908G,DT6,JR05,5,44275,5313,0,4,2534.3,41496.3
EMP909G,DT8,JR11,4,78650,9438,0,2.2,1453.45,70665.45
EMP910G,DT7,JR03,0,20602.5,2472.3,154.52,2.1,40.38,18016.06
EMP911G,DT3,JR09,8,97300,11676,0,4.8,9714.43,95338.43
EMP912G,DT7,JR04,9,40040,4804.8,0,4.3,2754.75,37989.95
EMP913G,DT9,JR13,5,150000,18000,0,4.2,12900,144900
EMP914G,DT7,JR12,10,125800,15096,0,4,17390.59,128094.59
EMP915G,DT2,JR15,8,127800,15336,0,3.9,15029.28,127493.28
EMP916G,DT7,JR14,5,124500,14940,0,3.2,7564.62,117124.62
EMP917G,DT2,JR07,7,54000,6480,0,4.6,3024,50544
EMP918G,DT3,JR02,10,27000,3240,0,4.5,4428,28188
EMP919G,DT4,JR16,11,131750,15810,0,4.6,7536.1,123476.1
EMP920G,DT7,JR15,10,133650,16038,0,4.1,12964.05,130576.05
EMP921G,DT2,JR14,10,149500,17940,0,3.9,29601,161161
EMP922G,DT1,JR11,3,74425,8931,0,3.6,1726.66,67220.66
EMP923G,DT3,JR04,8,38640,4636.8,0,5,1761.98,35765.18
EMP924G,DT4,JR04,3,32340,3880.8,0,2.3,521.32,28980.52
EMP925G,DT7,JR07,11,61600,7392,0,4.5,8781.7,62989.7
EMP926G,DT9,JR13,7,160200,19224,0,4,9445.39,150421.39
EMP927G,DT1,JR03,6,26342.5,3161.1,0,4.3,2342.38,25523.78
EMP928G,DT7,JR06,1,34240,4108.8,0,2.6,364.31,30495.51
EMP929G,DT6,JR12,6,110075,13209,0,4,4416.21,101282.21
EMP930G,DT7,JR10,2,122100,14652,0,2.3,5264.95,112712.95
EMP931G,DT6,JR10,10,165000,19800,0,3.9,17160,162360
EMP932G,DT8,JR12,8,117300,14076,0,4.2,8558.21,111782.21
EMP933G,DT5,JR07,0,40800,4896,0,2,228.48,36132.48
EMP934G,DT5,JR06,10,47680,5721.6,0,4.8,9158.37,51116.77
EMP935G,DT6,JR15,5,113400,13608,0,4.5,10378.37,110170.37
EMP936G,DT6,JR02,8,25560,3067.2,0,4.5,3349.38,25842.18
EMP937G,DT5,JR14,2,108500,13020,0,2.5,1623.16,97103.16
EMP938G,DT1,JR09,8,96250,11550,0,4.2,8662.5,93362.5
EMP939G,DT7,JR15,0,90450,10854,0,1.6,43.42,79639.42
EMP940G,DT7,JR10,2,121550,14586,0,2.3,3267.26,110231.26
EMP941G,DT6,JR02,3,20970,2516.4,157.28,3.5,498.25,18794.57
EMP942G,DT3,JR13,10,180600,21672,0,3.9,36481.2,195409.2
EMP943G,DT7,JR01,8,20925,2511,156.94,4.5,3041.66,21298.72
EMP944G,DT5,JR12,6,108800,13056,0,4.1,9992.19,105736.19
EMP945G,DT7,JR14,8,141000,16920,0,4.1,22199.04,146279.04
EMP946G,DT9,JR12,8,119850,14382,0,4.2,12186.35,117654.35
EMP947G,DT4,JR16,9,122825,14739,0,4.4,10056.91,118142.91
EMP948G,DT7,JR15,1,95400,11448,0,2.8,1648.51,85600.51
EMP949G,DT7,JR04,6,36820,4418.4,0,4,2690.81,35092.41
EMP950G,DT4,JR05,3,40775,4893,0,3.9,2529.68,38411.68
EMP951G,DT7,JR13,5,151200,18144,0,4.5,5660.93,138716.93
EMP952G,DT1,JR06,11,49120,5894.4,0,4.7,9460.51,52686.11
EMP953G,DT8,JR04,2,30800,3696,0,2.5,960.96,28064.96
EMP954G,DT4,JR08,10,83600,10032,0,4.7,5216.64,78784.64
EMP955G,DT1,JR14,12,158500,19020,0,4.1,26704.08,166184.08
EMP956G,DT2,JR14,1,107000,12840,0,1.9,838.88,94998.88
EMP957G,DT3,JR07,4,47600,5712,0,2.3,1736.45,43624.45
EMP958G,DT9,JR12,7,113900,13668,0,5,11462.9,111694.9
EMP959G,DT8,JR12,3,97750,11730,0,3.9,3401.7,89421.7
EMP960G,DT4,JR13,2,129600,15552,0,1.8,1410.05,115458.05
EMP961G,DT3,JR03,10,31160,3739.2,0,4.5,5703.53,33124.33
EMP962G,DT4,JR09,1,73850,8862,0,2.4,422.42,65410.42
EMP963G,DT8,JR09,3,80150,9618,0,3.4,3161.12,73693.12
EMP964G,DT3,JR16,7,114325,13719,0,4.4,4101.98,104707.98
EMP965G,DT2,JR05,9,51275,6153,0,4,7248.23,52370.23
EMP966G,DT9,JR03,7,27982.5,3357.9,0,4.7,3268.36,27892.96
EMP967G,DT9,JR15,8,127800,15336,0,4.9,18035.14,130499.14
EMP968G,DT8,JR10,10,166100,19932,0,3.9,17619.89,163787.89
EMP969G,DT8,JR13,1,125400,15048,0,2.7,1354.32,111706.32
EMP970G,DT6,JR15,4,108450,13014,0,3.2,2667.87,98103.87
EMP971G,DT6,JR15,7,123300,14796,0,4.7,6569.42,115073.42
EMP972G,DT4,JR16,10,127075,15249,0,4.5,16606.16,128432.16
EMP973G,DT4,JR15,9,131850,15822,0,4.9,12262.05,128290.05
EMP974G,DT6,JR16,5,107100,12852,0,4.3,3341.52,97589.52
EMP975G,DT4,JR16,0,85850,10302,0,1.8,295.32,75843.32
EMP976G,DT4,JR02,7,23940,2872.8,0,4.5,1896.05,22963.25
EMP977G,DT7,JR11,8,90350,10842,0,4.4,8174.87,87682.87
EMP978G,DT4,JR07,1,41400,4968,0,2.6,312.98,36744.98
EMP979G,DT9,JR05,7,47425,5691,0,4.1,5118.11,46852.11
EMP980G,DT9,JR09,4,82950,9954,0,3.6,4419.58,77415.58
EMP981G,DT8,JR04,5,35560,4267.2,0,4.6,2534.72,33827.52
EMP982G,DT6,JR05,9,50400,6048,0,4.1,3902.98,48254.98
EMP983G,DT6,JR08,9,78375,9405,0,4.6,11724.9,80694.9
EMP984G,DT9,JR02,9,25650,3078,0,4.2,3750.03,26322.03
EMP985G,DT3,JR03,7,27265,3271.8,0,4.7,1295.63,25288.83
EMP986G,DT7,JR09,0,71400,8568,0,1.7,388.42,63220.42
EMP987G,DT6,JR15,8,125550,15066,0,4.7,11505.4,121989.4
EMP988G,DT3,JR09,9,101500,12180,0,4.4,7308,96628
EMP989G,DT2,JR01,11,22950,2754,0,3.9,1654.24,21850.24
EMP990G,DT1,JR05,12,55300,6636,0,4.5,5901.62,54565.62
EMP991G,DT1,JR05,4,41825,5019,0,3.1,1565.93,38371.93
EMP992G,DT9,JR08,0,55000,6600,0,3,0,48400
EMP993G,DT6,JR06,7,42400,5088,0,4.2,4740.32,42052.32
EMP994G,DT5,JR07,4,47200,5664,0,2.9,3330.43,44866.43
EMP995G,DT2,JR07,5,49200,5904,0,4.1,2625.31,45921.31
EMP996G,DT8,JR12,10,125375,15045,0,4.7,11434.2,121764.2
EMP997G,DT7,JR14,1,106000,12720,0,1.7,2544,95824
EMP998G,DT3,JR05,5,43750,5250,0,3.2,2450,40950
EMP999G,DT3,JR04,9,40320,4838.4,0,4.3,4683.57,40165.17
EMP001H,DT2,JR04,8,39760,4771.2,0,4,5477.34,40466.14
EMP002H,DT9,JR09,11,107100,12852,0,4.1,7265.66,101513.66
EMP003H,DT4,JR05,5,44100,5292,0,4.7,1009.01,39817.01
EMP004H,DT1,JR12,8,118150,14178,0,4.3,10690.21,114662.21
EMP005H,DT4,JR14,7,132500,15900,0,4.7,13091,129691
EMP006H,DT4,JR16,8,120275,14433,0,4.3,14375.27,120217.27
EMP007H,DT3,JR02,1,19260,2311.2,144.45,1.5,377.5,17181.85
EMP008H,DT5,JR03,2,22447.5,2693.7,0,1.8,511.8,20265.6
EMP009H,DT7,JR13,6,158400,19008,0,4.4,6893.57,146285.57
EMP010H,DT5,JR05,0,35000,4200,0,2.5,0,30800
EMP011H,DT3,JR14,0,101500,12180,0,1.9,438.48,89758.48
EMP012H,DT5,JR08,7,73975,8877,0,3.9,4695.93,69793.93
EMP013H,DT1,JR11,1,66625,7995,0,2.3,479.7,59109.7
EMP014H,DT7,JR01,1,15600,1872,117,1.6,124.8,13735.8
EMP015H,DT1,JR15,4,107550,12906,0,2.7,5201.12,99845.12
EMP016H,DT6,JR07,11,62200,7464,0,4.7,4418.69,59154.69
EMP017H,DT7,JR12,9,123250,14790,0,4.7,20853.9,129313.9
EMP018H,DT5,JR02,6,23490,2818.8,0,4,974.37,21645.57
EMP019H,DT5,JR16,6,108800,13056,0,4.9,8042.5,103786.5
EMP020H,DT2,JR07,9,58200,6984,0,4.8,6567.29,57783.29
EMP021H,DT5,JR15,2,99450,11934,0,2.2,1670.76,89186.76
EMP022H,DT3,JR16,9,121975,14637,0,4.8,15281.03,122619.03
EMP023H,DT4,JR15,8,124650,14958,0,4.4,14205.11,123897.11
EMP024H,DT6,JR16,1,90100,10812,0,2.3,1254.19,80542.19
EMP025H,DT8,JR13,9,171000,20520,0,4.6,12790.8,163270.8
EMP026H,DT5,JR16,4,100725,12087,0,2.1,7006.43,95644.43
EMP027H,DT7,JR12,4,101150,12138,0,3.5,3074.96,92086.96
EMP028H,DT6,JR13,6,155400,18648,0,4.4,6601.39,143353.39
EMP029H,DT3,JR16,9,121125,14535,0,3.9,4941.9,111531.9
EMP030H,DT5,JR03,6,26342.5,3161.1,0,4.7,960.97,24142.37
EMP031H,DT7,JR13,10,181200,21744,0,4.5,27353.95,186809.95
EMP032H,DT3,JR16,9,121975,14637,0,4.2,8489.46,115827.46
EMP033H,DT4,JR09,2,77000,9240,0,3.2,1540,69300
EMP034H,DT4,JR09,7,95200,11424,0,4.6,7951.1,91727.1
EMP035H,DT7,JR09,6,89250,10710,0,3.9,5890.5,84430.5
EMP036H,DT7,JR11,8,92300,11076,0,3.9,5272.18,86496.18
EMP037H,DT7,JR09,7,94850,11382,0,5,4579.36,88047.36
EMP038H,DT5,JR02,10,26730,3207.6,0,4.8,3526.22,27048.62
EMP039H,DT4,JR08,6,71225,8547,0,5,5883.19,68561.19
EMP040H,DT2,JR06,0,32640,3916.8,0,2.7,83.56,28806.76
EMP041H,DT2,JR07,9,57800,6936,0,4.8,8230.72,59094.72
EMP042H,DT8,JR01,9,21450,2574,0,4,2508.79,21384.79
EMP043H,DT6,JR09,3,80850,9702,0,3.9,4010.16,75158.16
EMP044H,DT5,JR05,6,45500,5460,0,4.9,3276,43316
EMP045H,DT7,JR11,11,99775,11973,0,4.4,11102.96,98904.96
EMP046H,DT2,JR13,3,139200,16704,0,3.4,5879.81,128375.81
EMP047H,DT7,JR11,8,91650,10998,0,4.9,8417.14,89069.14
EMP048H,DT5,JR09,6,89250,10710,0,4,2945.25,81485.25
EMP049H,DT4,JR16,9,122825,14739,0,4.4,20551.08,128637.08
EMP050H,DT5,JR07,4,48400,5808,0,3.7,3333.79,45925.79
EMP051H,DT6,JR06,6,41920,5030.4,0,4.7,4678.27,41567.87
EMP052H,DT9,JR01,8,20925,2511,156.94,4.6,1983.69,20240.75
EMP053H,DT1,JR06,5,40640,4876.8,0,4.9,1492.3,37255.5
EMP054H,DT3,JR15,4,107100,12852,0,2.9,5372.14,99620.14
EMP055H,DT9,JR11,9,92950,11154,0,4.3,10231.94,92027.94
EMP056H,DT5,JR01,0,15300,1836,114.75,2,93.02,13442.27
EMP057H,DT3,JR14,7,135000,16200,0,4.3,7560,126360
EMP058H,DT2,JR07,11,62400,7488,0,4.3,10622.98,65534.98
EMP059H,DT7,JR02,7,24390,2926.8,0,4.5,3117.04,24580.24
EMP060H,DT2,JR09,9,100450,12054,0,4.5,6292.19,94688.19
EMP061H,DT7,JR05,3,40950,4914,0,2.5,1782.14,37818.14
EMP062H,DT5,JR12,10,129200,15504,0,4.7,25798.66,139494.66
EMP063H,DT5,JR13,1,127800,15336,0,2.3,3123.43,115587.43
EMP064H,DT4,JR12,9,123250,14790,0,4.6,8430.3,116890.3
EMP065H,DT3,JR10,10,166650,19998,0,4.1,28150.52,174802.52
EMP066H,DT7,JR11,11,101725,12207,0,4.4,20690.87,110208.87
EMP067H,DT2,JR15,11,139950,16794,0,4.1,14291.69,137447.69
EMP068H,DT6,JR14,2,112000,13440,0,2.3,1827.84,100387.84
EMP069H,DT7,JR10,4,130900,15708,0,2,8356.66,123548.66
EMP070H,DT5,JR07,1,42400,5088,0,2.5,284.93,37596.93
EMP071H,DT5,JR03,10,31160,3739.2,0,3.9,1814.76,29235.56
EMP072H,DT7,JR06,2,34720,4166.4,0,2,377.75,30931.35
EMP073H,DT4,JR06,1,33120,3974.4,0,2.7,250.39,29395.99
EMP074H,DT2,JR10,4,132000,15840,0,2.4,8448,124608
EMP075H,DT3,JR09,8,96950,11634,0,4.8,3284.67,88600.67
EMP076H,DT8,JR12,7,115175,13821,0,4.3,16027.75,117381.75
EMP077H,DT3,JR16,10,126225,15147,0,3.9,16161.85,127239.85
EMP078H,DT4,JR12,5,107100,12852,0,3.9,4900.9,99148.9
EMP079H,DT4,JR11,8,91650,10998,0,4.9,6012.24,86664.24
EMP080H,DT1,JR04,7,38220,4586.4,0,4.8,1897.24,35530.84
EMP081H,DT8,JR09,8,96600,11592,0,4.5,11746.56,96754.56
EMP082H,DT8,JR01,9,21825,2619,0,4.7,1747.75,20953.75
EMP083H,DT7,JR06,9,46400,5568,0,5,2004.48,42836.48
EMP084H,DT8,JR05,4,41300,4956,0,3.2,1546.27,37890.27
EMP085H,DT7,JR11,10,98475,11817,0,4.9,6491.47,93149.47
EMP086H,DT3,JR10,6,143000,17160,0,5,11325.6,137165.6
EMP087H,DT2,JR15,11,138600,16632,0,4.2,12573.79,134541.79
EMP088H,DT3,JR02,11,27990,3358.8,0,3.9,6213.78,30844.98
EMP089H,DT7,JR12,3,98175,11781,0,3.6,2191.27,88585.27
EMP090H,DT6,JR03,5,25625,3075,0,2.2,1691.25,24241.25
EMP091H,DT1,JR14,11,157000,18840,0,5,10022.88,148182.88
EMP092H,DT6,JR11,0,65000,7800,0,2.6,0,57200
EMP093H,DT3,JR07,8,56200,6744,0,4.8,8376.05,57832.05
EMP094H,DT4,JR04,1,28700,3444,0,2.6,200.9,25456.9
EMP095H,DT8,JR16,7,114750,13770,0,3.9,13815.9,114795.9
EMP096H,DT1,JR08,3,63800,7656,0,3.5,3348.22,59492.22
EMP097H,DT8,JR03,7,27162.5,3259.5,0,4.8,2754.28,26657.28
EMP098H,DT1,JR07,9,57800,6936,0,4.3,5761.5,56625.5
EMP099H,DT9,JR14,9,144500,17340,0,4,20062.38,147222.38
EMP100H,DT2,JR08,9,78925,9471,0,5,4394.54,73848.54
EMP101H,DT6,JR09,6,91350,10962,0,4.2,2451.83,82839.83
EMP102H,DT3,JR02,4,21420,2570.4,0,2.2,390.7,19240.3
EMP103H,DT6,JR15,4,106650,12798,0,2.4,6787.21,100639.21
EMP104H,DT6,JR03,12,32287.5,3874.5,0,3.9,4752.72,33165.72
EMP105H,DT6,JR03,0,20705,2484.6,155.29,1.5,31.47,18096.58
EMP106H,DT8,JR10,4,134200,16104,0,3,4015.26,122111.26
EMP107H,DT9,JR07,6,51000,6120,0,4,1458.6,46338.6
EMP108H,DT4,JR04,5,35140,4216.8,0,4.3,2293.94,33217.14
EMP109H,DT8,JR09,1,74200,8904,0,2.4,676.7,65972.7
EMP110H,DT1,JR13,10,180600,21672,0,4.4,26996.09,185924.09
EMP111H,DT3,JR16,2,92650,11118,0,1.9,1067.33,82599.33
EMP112H,DT6,JR03,9,29315,3517.8,0,3.9,4638.81,30436.01
EMP113H,DT7,JR02,10,27360,3283.2,0,5,3869.8,27946.6
EMP114H,DT6,JR03,10,30340,3640.8,0,4.7,2796.13,29495.33
EMP115H,DT2,JR05,4,42350,5082,0,4,1707.55,38975.55
EMP116H,DT4,JR16,7,112625,13515,0,4.2,8784.75,107894.75
EMP117H,DT1,JR04,11,43680,5241.6,0,4.8,2739.61,41178.01
EMP118H,DT5,JR05,6,44800,5376,0,4.2,2007.04,41431.04
EMP119H,DT3,JR10,5,136950,16434,0,3.8,7784.24,128300.24
EMP120H,DT9,JR08,2,59675,7161,0,2.1,933.32,53447.32
EMP121H,DT6,JR01,6,19425,2331,145.69,4.8,1421.13,18369.44
EMP122H,DT9,JR16,10,127500,15300,0,4.3,19890,132090
EMP123H,DT8,JR10,1,112750,13530,0,1.5,586.3,99806.3
EMP124H,DT1,JR16,10,127075,15249,0,5,20631.9,132457.9
EMP125H,DT6,JR02,9,26280,3153.6,0,5,3965.13,27091.53
EMP126H,DT6,JR09,7,94500,11340,0,3.9,10319.4,93479.4
EMP127H,DT9,JR05,10,53025,6363,0,4.6,9830.84,56492.84
EMP128H,DT5,JR04,0,28140,3376.8,0,2.1,55.15,24818.35
EMP129H,DT5,JR13,1,126000,15120,0,2.9,1108.8,111988.8
EMP130H,DT6,JR10,11,172700,20724,0,5,21262.82,173238.82
EMP131H,DT5,JR05,6,45500,5460,0,4.4,2839.2,42879.2
EMP132H,DT8,JR07,6,52600,6312,0,4.7,4904.42,51192.42
EMP133H,DT3,JR13,4,141000,16920,0,4.4,5922,130002
EMP134H,DT5,JR06,4,37920,4550.4,0,3.4,1010.19,34379.79
EMP135H,DT8,JR04,6,36820,4418.4,0,4.9,2783.59,35185.19
EMP136H,DT7,JR13,4,143400,17208,0,4.3,7158.53,133350.53
EMP137H,DT8,JR05,10,53200,6384,0,5,9073.79,55889.79
EMP138H,DT9,JR11,10,95875,11505,0,4.2,9108.12,93478.12
EMP139H,DT9,JR07,11,61000,7320,0,5,10248,63928
EMP140H,DT7,JR03,6,26240,3148.8,0,4.2,705.33,23796.53
EMP141H,DT2,JR08,7,75075,9009,0,4.4,5699.69,71765.69
EMP142H,DT7,JR08,3,63250,7590,0,4.1,3415.5,59075.5
EMP143H,DT2,JR10,2,120450,14454,0,1.5,4485.56,110481.56
EMP144H,DT4,JR15,3,101250,12150,0,3.2,2227.5,91327.5
EMP145H,DT4,JR01,11,23400,2808,0,5,2935.3,23527.3
EMP146H,DT3,JR04,10,42560,5107.2,0,4.8,7259.03,44711.83
EMP147H,DT3,JR06,11,50240,6028.8,0,4.9,6185.55,50396.75
EMP148H,DT5,JR16,3,98600,11832,0,2.2,3660.03,90428.03
EMP149H,DT3,JR07,0,40600,4872,0,2.1,63.34,35791.34
EMP150H,DT5,JR09,10,103250,12390,0,4,18832.8,109692.8
EMP151H,DT5,JR10,11,172700,20724,0,4.1,10237.66,162213.66
EMP152H,DT1,JR08,7,75075,9009,0,4.4,3507.5,69573.5
EMP153H,DT7,JR07,10,59200,7104,0,4.3,3409.92,55505.92
EMP154H,DT9,JR06,4,38240,4588.8,0,4.1,1014.12,34665.32
EMP155H,DT1,JR16,10,129200,15504,0,3.9,19886.46,133582.46
EMP156H,DT5,JR03,8,28802.5,3456.3,0,4,3826.12,29172.32
EMP157H,DT1,JR13,2,134400,16128,0,2.6,3741.7,122013.7
EMP158H,DT5,JR05,9,50050,6006,0,4.1,2926.92,46970.92
EMP159H,DT7,JR12,8,116875,14025,0,4.7,6311.25,109161.25
EMP160H,DT7,JR16,4,102850,12342,0,3.5,4146.91,94654.91
EMP161H,DT9,JR11,5,79950,9594,0,3.6,1912.4,72268.4
EMP162H,DT9,JR14,5,125500,15060,0,4.3,12288.96,122728.96
EMP163H,DT8,JR10,10,167200,20064,0,4,15997.7,163133.7
EMP164H,DT2,JR04,2,30380,3645.6,0,2,846.99,27581.39
EMP165H,DT4,JR13,0,121200,14544,0,2.9,126.05,106782.05
EMP166H,DT5,JR07,1,41400,4968,0,2.5,440.5,36872.5
EMP167H,DT5,JR11,11,100100,12012,0,3.9,16432.42,104520.42
EMP168H,DT8,JR08,1,58025,6963,0,2,1225.49,52287.49
EMP169H,DT7,JR06,9,46080,5529.6,0,4,6001.46,46551.86
EMP170H,DT2,JR01,9,21600,2592,0,4.9,988.42,19996.42
EMP171H,DT8,JR14,3,114000,13680,0,3,2553.6,102873.6
EMP172H,DT7,JR16,2,91800,11016,0,2.1,2056.32,82840.32
EMP173H,DT8,JR05,5,44450,5334,0,4.4,2112.26,41228.26
EMP174H,DT8,JR01,9,21375,2565,0,4.7,3633.75,22443.75
EMP175H,DT1,JR16,3,99450,11934,0,2.4,3516.55,91032.55
EMP176H,DT5,JR11,11,100425,12051,0,4.9,20141.24,108515.24
EMP177H,DT8,JR04,6,35840,4300.8,0,4.9,3933.8,35473
EMP178H,DT7,JR16,2,93925,11271,0,4.3,3550.37,86204.37
EMP179H,DT6,JR08,11,83875,10065,0,4.9,10920.52,84730.52
EMP180H,DT3,JR01,6,19200,2304,144,4.1,516.1,17268.1
EMP181H,DT7,JR13,6,156000,18720,0,4.9,4492.8,141772.8
EMP182H,DT2,JR01,12,23700,2844,0,4.6,1979.42,22835.42
EMP183H,DT6,JR13,2,130200,15624,0,1.5,2479.01,117055.01
EMP184H,DT7,JR12,4,102425,12291,0,3.1,2687.63,92821.63
EMP185H,DT6,JR04,7,37940,4552.8,0,4.7,3663.49,37050.69
EMP186H,DT1,JR11,4,76700,9204,0,3.3,4197.02,71693.02
EMP187H,DT3,JR16,1,89250,10710,0,2.7,1642.2,80182.2
EMP188H,DT6,JR07,4,47400,5688,0,2.1,3437.45,45149.45
EMP189H,DT1,JR14,7,136500,16380,0,4.7,5181.54,125301.54
EMP190H,DT6,JR08,2,59125,7095,0,2.7,674.02,52704.02
EMP191H,DT3,JR16,7,115600,13872,0,4.4,3329.28,105057.28
EMP192H,DT5,JR09,8,97300,11676,0,4.9,4857.22,90481.22
EMP193H,DT6,JR12,5,107525,12903,0,4.8,7294.5,101916.5
EMP194H,DT9,JR05,9,50750,6090,0,4.3,8952.3,53612.3
EMP195H,DT3,JR10,1,112750,13530,0,3,924.55,100144.55
EMP196H,DT7,JR01,8,20775,2493,155.81,4.2,1919.61,20045.8
EMP197H,DT1,JR07,11,62200,7464,0,4,9389.71,64125.71
EMP198H,DT5,JR02,6,23220,2786.4,0,4,754.19,21187.79
EMP199H,DT2,JR01,11,22950,2754,0,4.7,3795.01,23991.01
EMP200H,DT7,JR07,11,61600,7392,0,4.2,8249.47,62457.47
EMP201H,DT3,JR05,7,47600,5712,0,4.6,5346.43,47234.43
EMP202H,DT2,JR08,0,55825,6699,0,2.5,147.38,49273.38
EMP203H,DT5,JR16,2,94775,11373,0,3.2,4359.65,87761.65
EMP204H,DT3,JR11,9,93925,11271,0,4.1,12706.17,95360.17
EMP205H,DT5,JR02,3,20250,2430,151.88,2.6,1012.5,18680.62
EMP206H,DT5,JR03,2,22037.5,2644.5,0,1.8,661.12,20054.12
EMP207H,DT1,JR14,10,150000,18000,0,4.2,6000,138000
EMP208H,DT4,JR02,1,19260,2311.2,144.45,2.8,388.28,17192.63
EMP209H,DT7,JR01,0,15000,1800,112.5,1.9,0,13087.5
EMP210H,DT1,JR12,1,88400,10608,0,2,876.93,78668.93
EMP211H,DT1,JR14,2,111500,13380,0,4.5,2974.82,101094.82
EMP212H,DT1,JR02,1,19080,2289.6,143.1,2.1,329.7,16977
EMP213H,DT5,JR11,7,86450,10374,0,4.4,6618.61,82694.61
EMP214H,DT5,JR12,7,113900,13668,0,4.1,8984.43,109216.43
EMP215H,DT6,JR14,0,100000,12000,0,2.6,0,88000
EMP216H,DT9,JR04,10,41860,5023.2,0,4.5,3646.84,40483.64
EMP217H,DT1,JR05,1,36575,4389,0,2,434.51,32620.51
EMP218H,DT9,JR04,11,42840,5140.8,0,4.3,5630.89,43330.09
EMP219H,DT7,JR07,10,59000,7080,0,5,6053.4,57973.4
EMP220H,DT4,JR09,9,100450,12054,0,3.9,12234.81,100630.81
EMP221H,DT9,JR10,4,133100,15972,0,3.5,4024.94,121152.94
EMP222H,DT8,JR15,7,121950,14634,0,4.2,7965.77,115281.77
EMP223H,DT2,JR04,4,33460,4015.2,0,4.5,782.96,30227.76
EMP224H,DT5,JR16,11,130475,15657,0,4.4,17311.42,132129.42
EMP225H,DT7,JR09,7,93800,11256,0,4.7,5868.13,88412.13
EMP226H,DT1,JR04,9,40460,4855.2,0,4.1,6481.69,42086.49
EMP227H,DT6,JR10,10,164450,19734,0,4.9,16931.77,161647.77
EMP228H,DT6,JR10,1,114950,13794,0,2.4,827.64,101983.64
EMP229H,DT9,JR10,6,141350,16962,0,4.9,9668.34,134056.34
EMP230H,DT5,JR08,10,83325,9999,0,4.6,16478.35,89804.35
EMP231H,DT4,JR07,10,60000,7200,0,4.4,4800,57600
EMP232H,DT6,JR15,7,119250,14310,0,5,3720.6,108660.6
EMP233H,DT8,JR04,6,36120,4334.4,0,3.9,3687.13,35472.73
EMP234H,DT9,JR12,6,110925,13311,0,4.1,3518.54,101132.54
EMP235H,DT9,JR15,4,109350,13122,0,2.7,8463.69,104691.69
EMP236H,DT6,JR16,6,109650,13158,0,4.8,8140.42,104632.42
EMP237H,DT6,JR04,6,36960,4435.2,0,4.1,4447.03,36971.83
EMP238H,DT7,JR01,4,17700,2124,132.75,2.3,1019.52,16462.77
EMP239H,DT5,JR10,11,168850,20262,0,4.1,9394.81,157982.81
EMP240H,DT6,JR11,6,83200,9984,0,4.2,2795.52,76011.52
EMP241H,DT8,JR16,3,98175,11781,0,2.6,2799.95,89193.95
EMP242H,DT5,JR10,2,118250,14190,0,2.5,709.5,104769.5
EMP243H,DT8,JR12,2,91375,10965,0,2.2,2193,82603
EMP244H,DT4,JR06,11,50080,6009.6,0,4,7696.29,51766.69
EMP245H,DT3,JR16,1,87125,10455,0,1.7,191.68,76861.68
EMP246H,DT5,JR13,3,138600,16632,0,2.2,6015.24,127983.24
EMP247H,DT5,JR04,5,35000,4200,0,3.1,2590,33390
EMP248H,DT2,JR13,8,169200,20304,0,4,18869.18,167765.18
EMP249H,DT2,JR07,0,40200,4824,0,1.8,54.67,35430.67
EMP250H,DT8,JR03,3,23677.5,2841.3,0,4.3,734,21570.2
EMP251H,DT6,JR06,9,46240,5548.8,0,3.9,4609.2,45300.4
EMP252H,DT7,JR03,8,29007.5,3480.9,0,4.9,2118.71,27645.31
EMP253H,DT9,JR01,12,23700,2844,0,4.9,4068.82,24924.82
EMP254H,DT3,JR13,9,176400,21168,0,4,11938.75,167170.75
EMP255H,DT4,JR01,8,20625,2475,154.69,4.6,990,18985.31
EMP256H,DT9,JR11,8,89700,10764,0,4.6,7635.26,86571.26
EMP257H,DT7,JR12,10,129200,15504,0,4.7,11286.91,124982.91
EMP258H,DT7,JR14,11,154000,18480,0,4.6,21288.96,156808.96
EMP259H,DT3,JR10,2,121000,14520,0,2.2,4743.2,111223.2
EMP260H,DT8,JR09,6,89250,10710,0,4.4,8835.75,87375.75
EMP261H,DT9,JR14,9,143500,17220,0,4.2,12484.5,138764.5
EMP262H,DT3,JR13,10,179400,21528,0,4.8,34100.35,191972.35
EMP263H,DT6,JR04,4,33320,3998.4,0,2.3,1316.81,30638.41
EMP264H,DT4,JR09,9,101850,12222,0,4.5,14458.63,104086.63
EMP265H,DT9,JR08,4,64900,7788,0,3.6,3925.15,61037.15
EMP266H,DT6,JR12,12,133875,16065,0,3.9,27712.12,145522.12
EMP267H,DT7,JR06,3,37120,4454.4,0,4.5,1805.52,34471.12
EMP268H,DT8,JR03,11,31262.5,3751.5,0,5,5646.01,33157.01
EMP269H,DT1,JR03,11,31775,3813,0,4,2796.2,30758.2
EMP270H,DT3,JR11,7,86775,10413,0,3.9,3720.91,80082.91
EMP271H,DT4,JR16,4,99875,11985,0,4.4,4614.22,92504.22
EMP272H,DT8,JR06,9,46880,5625.6,0,4.8,6278.17,47532.57
EMP273H,DT5,JR15,3,104850,12582,0,2.2,5674.48,97942.48
EMP274H,DT1,JR13,4,142200,17064,0,2.6,5050.94,130186.94
EMP275H,DT2,JR01,11,23550,2826,0,4.6,3973.36,24697.36
EMP276H,DT1,JR06,10,48480,5817.6,0,4.6,5992.13,48654.53
EMP277H,DT7,JR05,2,38850,4662,0,2.2,1094.02,35282.02
EMP278H,DT8,JR16,4,101150,12138,0,3.9,6611.16,95623.16
EMP279H,DT4,JR14,8,138500,16620,0,4.5,5118.96,126998.96
EMP280H,DT6,JR01,8,20625,2475,154.69,3.9,2970,20965.31
EMP281H,DT5,JR06,7,43520,5222.4,0,4.2,4136.14,42433.74
EMP282H,DT8,JR01,5,18450,2214,138.38,3,1493.71,17591.33
EMP283H,DT3,JR10,7,150150,18018,0,4.7,5699.69,137831.69
EMP284H,DT7,JR05,4,42350,5082,0,3.9,996.07,38264.07
EMP285H,DT5,JR13,3,136200,16344,0,3.7,6030.94,125886.94
EMP286H,DT4,JR06,10,48480,5817.6,0,4.5,7190.55,49852.95
EMP287H,DT9,JR11,7,87750,10530,0,3.9,7371,84591
EMP288H,DT8,JR02,3,20790,2494.8,155.92,4.5,541.37,18680.65
EMP289H,DT6,JR08,5,68750,8250,0,4.4,4400,64900
EMP290H,DT9,JR07,4,47400,5688,0,4.2,1473.19,43185.19
EMP291H,DT4,JR11,4,78975,9477,0,4,3124.25,72622.25
EMP292H,DT9,JR11,1,69550,8346,0,2.4,1480.02,62684.02
EMP293H,DT9,JR05,9,50575,6069,0,4.7,5221.36,49727.36
EMP294H,DT4,JR10,1,116600,13992,0,2.9,2742.43,105350.43
EMP295H,DT3,JR05,4,41650,4998,0,2.8,2342.4,38994.4
EMP296H,DT5,JR12,8,120700,14484,0,4,8111.04,114327.04
EMP297H,DT3,JR16,1,88400,10608,0,2.1,905.22,78697.22
EMP298H,DT5,JR09,6,92050,11046,0,4.1,10670.44,91674.44
EMP299H,DT6,JR08,5,69300,8316,0,3.9,4612.61,65596.61
EMP300H,DT7,JR16,8,116875,14025,0,5,15076.88,117926.88
EMP301H,DT6,JR06,10,47520,5702.4,0,4.7,4056.31,45873.91
EMP302H,DT2,JR10,11,167750,20130,0,4.9,31000.2,178620.2
EMP303H,DT3,JR01,7,19950,2394,149.62,4.5,2422.73,19829.11
EMP304H,DT1,JR03,4,24395,2927.4,0,2,1594.46,23062.06
EMP305H,DT7,JR11,8,89375,10725,0,4.1,8848.12,87498.12
EMP306H,DT1,JR10,1,113850,13662,0,2.3,1275.12,101463.12
EMP307H,DT7,JR08,5,67925,8151,0,4.2,2170.88,61944.88
EMP308H,DT2,JR04,6,36540,4384.8,0,5,2942.2,35097.4
EMP309H,DT6,JR06,11,49120,5894.4,0,4.3,3573.97,46799.57
EMP310H,DT8,JR11,6,83200,9984,0,4.4,8013.82,81229.82
EMP311H,DT6,JR01,9,21375,2565,0,3.9,1235.47,20045.47
EMP312H,DT2,JR09,4,82950,9954,0,3.2,4542.34,77538.34
EMP313H,DT3,JR13,6,153600,18432,0,4.3,14450.69,149618.69
EMP314H,DT8,JR04,9,39900,4788,0,4.3,4476.78,39588.78
EMP315H,DT7,JR05,7,47250,5670,0,4.7,5556.6,47136.6
EMP316H,DT4,JR16,10,125800,15096,0,5,14975.23,125679.23
EMP317H,DT9,JR02,7,24030,2883.6,0,4.5,2447.22,23593.62
EMP318H,DT9,JR13,1,126600,15192,0,1.6,835.56,112243.56
EMP319H,DT6,JR01,1,15825,1899,118.69,2.5,257.63,14064.94
EMP320H,DT2,JR06,0,32320,3878.4,0,2.6,111.18,28552.78
EMP321H,DT1,JR01,0,15300,1836,114.75,2.5,105.26,13454.51
EMP322H,DT7,JR13,3,137400,16488,0,2,7491.05,128403.05
EMP323H,DT2,JR11,7,88725,10647,0,4.7,8031.39,86109.39
EMP324H,DT8,JR12,10,125375,15045,0,4.7,21915.55,132245.55
EMP325H,DT3,JR10,7,145750,17490,0,4.9,3789.5,132049.5
EMP326H,DT2,JR13,2,133200,15984,0,2.4,1992.67,119208.67
EMP327H,DT2,JR11,0,66300,7956,0,1.8,307.63,58651.63
EMP328H,DT6,JR04,0,28280,3393.6,0,2,47.51,24933.91
EMP329H,DT9,JR08,10,81400,9768,0,4.7,15003.65,86635.65
EMP330H,DT1,JR04,2,30660,3679.2,0,3,1141.78,28122.58
EMP331H,DT2,JR04,5,35000,4200,0,2.4,2520,33320
EMP332H,DT1,JR12,0,85425,10251,0,1.6,71.76,75245.76
EMP333H,DT7,JR15,8,125100,15012,0,4.7,13270.61,123358.61
EMP334H,DT4,JR07,6,52200,6264,0,4.1,5604.19,51540.19
EMP335H,DT9,JR15,8,124200,14904,0,4.5,15480.29,124776.29
EMP336H,DT7,JR02,9,25920,3110.4,0,5,3467.06,26276.66
EMP337H,DT6,JR03,3,23062.5,2767.5,0,2.1,738,21033
EMP338H,DT8,JR07,7,54200,6504,0,4.3,2154.99,49850.99
EMP339H,DT1,JR08,1,57200,6864,0,2.6,549.12,50885.12
EMP340H,DT7,JR06,11,48800,5856,0,4.1,4099.2,47043.2
EMP341H,DT9,JR10,4,134200,16104,0,3,11573.41,129669.41
EMP342H,DT1,JR10,4,132550,15906,0,2.7,7173.61,123817.61
EMP343H,DT4,JR14,7,134000,16080,0,4.2,6560.64,124480.64
EMP344H,DT4,JR09,9,101150,12138,0,4.2,5041.32,94053.32
EMP345H,DT9,JR13,8,166200,19944,0,4.1,22523.42,168779.42
EMP346H,DT4,JR13,10,180600,21672,0,4.7,8755.49,167683.49
EMP347H,DT1,JR02,12,28350,3402,0,3.9,3781.89,28729.89
EMP348H,DT3,JR16,12,133875,16065,0,4.1,12932.33,130742.33
EMP349H,DT2,JR02,9,26190,3142.8,0,4.4,3527.27,26574.47
EMP350H,DT8,JR03,6,26752.5,3210.3,0,4.5,1566.63,25108.83
EMP351H,DT1,JR08,10,81675,9801,0,3.9,12042.16,83916.16
EMP352H,DT9,JR14,7,134500,16140,0,4.3,11507.82,129867.82
EMP353H,DT6,JR12,11,130475,15657,0,4.2,10610.23,125428.23
EMP354H,DT9,JR12,1,88825,10659,0,1.6,1183.15,79349.15
EMP355H,DT6,JR02,8,25290,3034.8,0,4.2,1802.67,24057.87
EMP356H,DT2,JR01,8,21300,2556,0,4.4,3435.26,22179.26
EMP357H,DT2,JR14,1,103000,12360,0,2.5,1013.52,91653.52
EMP358H,DT2,JR12,4,103275,12393,0,3.3,2486.86,93368.86
EMP359H,DT8,JR01,5,18450,2214,138.38,2.3,1493.71,17591.33
EMP360H,DT7,JR05,9,51100,6132,0,4.8,3949.01,48917.01
EMP361H,DT1,JR14,2,111000,13320,0,3.6,2148.96,99828.96
EMP362H,DT3,JR12,2,92225,11067,0,2.4,2884.8,84042.8
EMP363H,DT5,JR12,3,99025,11883,0,3.9,1568.56,88710.56
EMP364H,DT7,JR10,9,157850,18942,0,3.9,20874.08,159782.08
EMP365H,DT4,JR03,1,21320,2558.4,0,2.8,156.92,18918.52
EMP366H,DT2,JR10,6,142450,17094,0,4.5,8404.55,133760.55
EMP367H,DT4,JR16,7,113475,13617,0,3.9,14901.54,114759.54
EMP368H,DT4,JR04,7,37100,4452,0,4.3,4437.16,37085.16
EMP369H,DT2,JR07,4,48600,5832,0,3.5,1337.47,44105.47
EMP370H,DT9,JR15,5,111600,13392,0,4.3,4499.71,102707.71
EMP371H,DT1,JR06,8,45120,5414.4,0,4.7,5919.74,45625.34
EMP372H,DT1,JR03,6,26650,3198,0,3.9,1151.28,24603.28
EMP373H,DT6,JR10,2,119900,14388,0,1.5,1985.54,107497.54
EMP374H,DT7,JR09,6,90300,10836,0,4.5,2304.46,81768.46
EMP375H,DT2,JR13,1,123600,14832,0,1.6,385.63,109153.63
EMP376H,DT8,JR09,10,104300,12516,0,4.5,6950.55,98734.55
EMP377H,DT6,JR04,10,42560,5107.2,0,3.9,8498.38,45951.18
EMP378H,DT4,JR15,6,118800,14256,0,4.8,14902.27,119446.27
EMP379H,DT7,JR02,6,23400,2808,0,4.8,2190.24,22782.24
EMP380H,DT5,JR07,10,60400,7248,0,4.4,3696.48,56848.48
EMP381H,DT8,JR15,3,105300,12636,0,2.3,1718.5,94382.5
EMP382H,DT8,JR06,11,49120,5894.4,0,4,6517.24,49742.84
EMP383H,DT4,JR12,9,124100,14892,0,4.7,18267.52,127475.52
EMP384H,DT8,JR09,9,100450,12054,0,4.8,16429.6,104825.6
EMP385H,DT2,JR08,3,61875,7425,0,2.3,1546.88,55996.88
EMP386H,DT9,JR06,2,34400,4128,0,1.8,887.52,31159.52
EMP387H,DT9,JR11,11,100750,12090,0,4.8,10639.2,99299.2
EMP388H,DT8,JR03,11,31570,3788.4,0,4.2,4091.47,31873.07
EMP389H,DT9,JR16,6,111775,13413,0,5,7886.84,106248.84
EMP390H,DT3,JR14,11,152500,18300,0,4.3,10248,144448
EMP391H,DT6,JR15,10,135000,16200,0,4.4,23760,142560
EMP392H,DT9,JR03,8,28905,3468.6,0,4.6,1232.51,26668.91
EMP393H,DT5,JR05,8,48650,5838,0,4.1,3946.49,46758.49
EMP394H,DT8,JR04,5,35420,4250.4,0,3.9,2853.44,34023.04
EMP395H,DT6,JR06,0,32160,3859.2,0,2.8,14.15,28314.95
EMP396H,DT8,JR10,1,112750,13530,0,2.5,969.65,100189.65
EMP397H,DT9,JR14,1,104500,12540,0,2.6,1391.94,93351.94
EMP398H,DT7,JR14,3,116000,13920,0,3.6,3415.04,105495.04
EMP399H,DT4,JR15,4,106650,12798,0,2.2,6945.05,100797.05
EMP400H,DT8,JR08,3,63800,7656,0,3.8,3266.56,59410.56
EMP401H,DT7,JR05,4,42525,5103,0,4.5,1536,38958
EMP402H,DT2,JR05,3,40600,4872,0,3.3,1351.17,37079.17
EMP403H,DT7,JR11,6,84175,10101,0,4.6,8542.08,82616.08
EMP404H,DT5,JR16,3,99025,11883,0,2.3,5228.52,92370.52
EMP405H,DT1,JR02,10,26820,3218.4,0,4.6,2418.09,26019.69
EMP406H,DT5,JR06,2,35360,4243.2,0,2.4,1425.72,32542.52
EMP407H,DT3,JR12,2,91375,10965,0,2.3,877.2,81287.2
EMP408H,DT7,JR13,2,129600,15552,0,1.7,1078.27,115126.27
EMP409H,DT8,JR10,10,162800,19536,0,4.9,10002.43,153266.43
EMP410H,DT2,JR02,3,20520,2462.4,153.9,4.4,1080.17,18983.87
EMP411H,DT3,JR01,4,17850,2142,133.88,3.5,515.51,16089.63
EMP412H,DT7,JR07,3,46400,5568,0,3.3,950.27,41782.27
EMP413H,DT8,JR16,11,130050,15606,0,4.7,22607.89,137051.89
EMP414H,DT6,JR14,11,154500,18540,0,4.3,17514.12,153474.12
EMP415H,DT9,JR06,4,37920,4550.4,0,2.5,1795.89,35165.49
EMP416H,DT1,JR05,0,35175,4221,0,2.5,63.32,31017.32
EMP417H,DT5,JR07,11,61600,7392,0,4.1,6120.58,60328.58
EMP418H,DT8,JR13,4,146400,17568,0,3.4,9533.57,138365.57
EMP419H,DT6,JR09,7,94850,11382,0,4.6,4309.98,87777.98
EMP420H,DT8,JR07,11,61000,7320,0,4.5,8967,62647
EMP421H,DT9,JR11,2,72475,8697,0,2.5,1933.63,65711.63
EMP422H,DT3,JR08,2,59950,7194,0,1.8,1035.94,53791.94
EMP423H,DT5,JR10,7,145750,17490,0,4.9,18568.55,146828.55
EMP424H,DT4,JR15,10,133650,16038,0,4.6,13482.61,131094.61
EMP425H,DT8,JR06,11,49120,5894.4,0,5,3153.5,46379.1
EMP426H,DT3,JR10,7,146850,17622,0,4.6,5903.37,135131.37
EMP427H,DT6,JR12,10,125375,15045,0,3.9,20962.7,131292.7
EMP428H,DT1,JR14,2,110000,13200,0,4,2816,99616
EMP429H,DT9,JR01,9,22050,2646,0,4.4,1823.98,21227.98
EMP430H,DT2,JR11,9,93600,11232,0,5,4612.61,86980.61
EMP431H,DT8,JR16,11,130900,15708,0,4.1,13571.71,128763.71
EMP432H,DT3,JR14,4,117500,14100,0,2.3,4606,108006
EMP433H,DT4,JR06,3,36640,4396.8,0,3.8,1615.09,33858.29
EMP434H,DT8,JR16,8,117300,14076,0,4.4,14620.27,117844.27
EMP435H,DT1,JR13,1,126000,15120,0,1.8,1864.8,112744.8
EMP436H,DT5,JR04,7,37940,4552.8,0,4.5,4740.98,38128.18
EMP437H,DT7,JR08,3,62150,7458,0,3.5,2068.35,56760.35
EMP438H,DT8,JR06,2,34880,4185.6,0,2.5,954.32,31648.72
EMP439H,DT5,JR15,1,95850,11502,0,1.8,1146.37,85494.37
EMP440H,DT3,JR09,12,110600,13272,0,4.3,9237.31,106565.31
EMP441H,DT7,JR16,12,133875,16065,0,4.9,20322.22,138132.22
EMP442H,DT3,JR11,7,87100,10452,0,4.2,10187.22,86835.22
EMP443H,DT7,JR12,9,121975,14637,0,4.3,9762.88,117100.88
EMP444H,DT2,JR01,2,16125,1935,120.94,1.9,203.18,14272.24
EMP445H,DT3,JR02,2,19530,2343.6,146.47,1.8,491.37,17531.3
EMP446H,DT7,JR06,3,36160,4339.2,0,2.5,1880.32,33701.12
EMP447H,DT6,JR13,7,159600,19152,0,3.9,8426.88,148874.88
EMP448H,DT2,JR12,5,104975,12597,0,4.1,1973.53,94351.53
EMP449H,DT9,JR03,4,24702.5,2964.3,0,2.9,1944.58,23682.78
EMP450H,DT6,JR12,9,121550,14586,0,4,7526.38,114490.38
EMP451H,DT5,JR06,1,32800,3936,0,1.8,301.76,29165.76
EMP452H,DT1,JR03,9,29417.5,3530.1,0,5,3173.56,29060.96
EMP453H,DT7,JR16,4,99875,11985,0,3.5,2377.03,90267.03
EMP454H,DT3,JR09,8,99050,11886,0,4.7,6248.07,93412.07
EMP455H,DT1,JR03,10,30955,3714.6,0,4.2,3662.6,30903
EMP456H,DT4,JR15,5,112500,13500,0,3.9,9000,108000
EMP457H,DT6,JR07,9,58200,6984,0,4.1,4448.81,55664.81
EMP458H,DT3,JR09,6,89600,10752,0,4.5,5419.01,84267.01
EMP459H,DT1,JR05,11,53375,6405,0,4.9,9191.17,56161.17
EMP460H,DT8,JR03,8,28187.5,3382.5,0,5,3297.94,28102.94
EMP461H,DT8,JR08,7,75350,9042,0,4,3791.61,70099.61
EMP462H,DT6,JR16,3,99025,11883,0,3.1,4052.1,91194.1
EMP463H,DT1,JR16,2,94775,11373,0,2.1,1831.05,85233.05
EMP464H,DT4,JR10,6,140250,16830,0,4.6,11416.35,134836.35
EMP465H,DT2,JR03,11,31467.5,3776.1,0,4,5387.24,33078.64
EMP466H,DT8,JR12,0,86700,10404,0,2.7,665.86,76961.86
EMP467H,DT3,JR08,8,77000,9240,0,4.1,4681.6,72441.6
EMP468H,DT9,JR04,3,32060,3847.2,0,3.9,1487.58,29700.38
EMP469H,DT6,JR14,5,124000,14880,0,2.3,7856.64,116976.64
EMP470H,DT2,JR07,10,60800,7296,0,4.6,7334.91,60838.91
EMP471H,DT2,JR06,6,41120,4934.4,0,5,2062.58,38248.18
EMP472H,DT2,JR03,10,31057.5,3726.9,0,4.8,3198.92,30529.52
EMP473H,DT3,JR15,3,103950,12474,0,3.8,2706.86,94182.86
EMP474H,DT6,JR09,8,96250,11550,0,4.3,9528.75,94228.75
EMP475H,DT7,JR16,5,104550,12546,0,3.2,3270.32,95274.32
EMP476H,DT4,JR08,12,86900,10428,0,4.2,14112.56,90584.56
EMP477H,DT3,JR06,8,44960,5395.2,0,4,4370.11,43934.91
EMP478H,DT5,JR02,5,22050,2646,0,4,436.59,19840.59
EMP479H,DT6,JR07,5,50600,6072,0,4.2,2896.34,47424.34
EMP480H,DT2,JR08,4,66275,7953,0,3.3,4238.95,62560.95
EMP481H,DT8,JR06,3,37440,4492.8,0,3.3,1731.23,34678.43
EMP482H,DT1,JR07,3,46400,5568,0,3.6,2791.42,43623.42
EMP483H,DT5,JR12,10,126225,15147,0,4.1,22038.88,133116.88
EMP484H,DT2,JR11,3,75075,9009,0,4.1,1210.21,67276.21
EMP485H,DT4,JR12,4,103700,12444,0,3,6935.46,98191.46
EMP486H,DT8,JR12,3,98600,11832,0,3.4,2271.74,89039.74
EMP487H,DT7,JR01,10,22125,2655,0,3.9,2774.47,22244.47
EMP488H,DT1,JR11,6,85150,10218,0,4.5,10558.6,85490.6
EMP489H,DT7,JR04,8,38780,4653.6,0,4.9,2747.18,36873.58
EMP490H,DT4,JR07,7,54800,6576,0,4.5,6326.11,54550.11
EMP491H,DT9,JR16,4,99875,11985,0,2.2,4054.92,91944.92
EMP492H,DT5,JR12,9,123675,14841,0,4.8,21158.32,129992.32
EMP493H,DT5,JR14,11,154500,18540,0,4,7409.82,143369.82
EMP494H,DT1,JR03,12,32287.5,3874.5,0,4.3,6534.99,34947.99
EMP495H,DT4,JR08,6,70675,8481,0,4.9,4511.89,66705.89
EMP496H,DT1,JR11,1,68250,8190,0,1.8,518.7,60578.7
EMP497H,DT7,JR05,8,49000,5880,0,4.3,5644.8,48764.8
EMP498H,DT5,JR12,2,94775,11373,0,2.2,2877.37,86279.37
EMP499H,DT6,JR04,6,36260,4351.2,0,4.3,2995.08,34903.88
EMP500H,DT7,JR06,5,39520,4742.4,0,3.6,1411.65,36189.25
EMP501H,DT8,JR09,7,92750,11130,0,4.2,2652.65,84272.65
EMP502H,DT6,JR11,10,98150,11778,0,4.4,6807.68,93179.68
EMP503H,DT4,JR05,4,42000,5040,0,2.6,1478.4,38438.4
EMP504H,DT4,JR03,5,25932.5,3111.9,0,3.9,989.58,23810.18
EMP505H,DT7,JR01,4,18000,2160,135,2.5,633.6,16338.6
EMP506H,DT4,JR14,1,104500,12540,0,2.8,1166.22,93126.22
EMP507H,DT2,JR16,5,106250,12750,0,2.6,2550,96050
EMP508H,DT9,JR07,2,43800,5256,0,2.8,466.03,39010.03
EMP509H,DT8,JR01,7,20325,2439,152.44,4,1500.8,19234.36
EMP510H,DT5,JR08,8,78100,9372,0,4.3,7085.23,75813.23
EMP511H,DT9,JR16,4,101575,12189,0,3.9,5387.54,94773.54
EMP512H,DT7,JR10,11,172150,20658,0,4.1,31124.72,182616.72
EMP513H,DT8,JR12,6,108375,13005,0,4.3,7868.02,103238.02
EMP514H,DT4,JR07,9,58400,7008,0,4.4,7521.92,58913.92
EMP515H,DT6,JR14,8,138500,16620,0,4.5,11091.08,132971.08
EMP516H,DT7,JR02,9,26370,3164.4,0,4.5,1177.16,24382.76
EMP517H,DT1,JR07,3,46000,5520,0,2.2,2097.6,42577.6
EMP518H,DT2,JR05,11,53725,6447,0,4.7,5748.57,53026.57
EMP519H,DT8,JR10,9,158400,19008,0,4,7805.95,147197.95
EMP520H,DT3,JR03,4,24087.5,2890.5,0,3.3,1180.29,22377.29
EMP521H,DT5,JR05,6,44975,5397,0,3.9,1743.23,41321.23
EMP522H,DT9,JR06,2,35520,4262.4,0,2,1125.27,32382.87
EMP523H,DT3,JR02,8,25200,3024,0,4.9,3709.44,25885.44
EMP524H,DT4,JR15,9,129150,15498,0,4.5,5393.3,119045.3
EMP525H,DT7,JR14,8,139000,16680,0,4.8,19515.6,141835.6
EMP526H,DT1,JR14,6,129500,15540,0,4.3,4584.3,118544.3
EMP527H,DT7,JR07,6,52000,6240,0,4.2,1872,47632
EMP528H,DT7,JR07,0,40200,4824,0,1.8,35.38,35411.38
EMP529H,DT7,JR11,8,90350,10842,0,5,8456.76,87964.76
EMP530H,DT6,JR11,0,66300,7956,0,1.9,424.32,58768.32
EMP531H,DT2,JR06,5,40480,4857.6,0,4.3,1029.81,36652.21
EMP532H,DT3,JR02,4,21240,2548.8,0,3.7,825.81,19517.01
EMP533H,DT4,JR02,10,27360,3283.2,0,4.4,2731.62,26808.42
EMP534H,DT1,JR07,11,62200,7464,0,4.2,8008.87,62744.87
EMP535H,DT7,JR07,1,42200,5064,0,2.1,872.7,38008.7
EMP536H,DT8,JR11,5,81575,9789,0,4.6,7821.41,79607.41
EMP537H,DT4,JR02,10,26820,3218.4,0,4.8,2838.63,26440.23
EMP538H,DT6,JR01,11,23550,2826,0,5,3758.58,24482.58
EMP539H,DT5,JR03,4,24087.5,2890.5,0,2.9,1315.18,22512.18
EMP540H,DT4,JR09,9,101150,12138,0,3.9,8282.16,97294.16
EMP541H,DT4,JR09,12,110250,13230,0,4.5,5578.65,102598.65
EMP542H,DT7,JR02,3,20610,2473.2,154.57,3.6,884.58,18866.81
EMP543H,DT4,JR16,2,92650,11118,0,2.3,2401.49,83933.49
EMP544H,DT2,JR11,5,81575,9789,0,4.4,7655,79441
EMP545H,DT2,JR06,10,48000,5760,0,4.9,6336,48576
EMP546H,DT1,JR04,11,42980,5157.6,0,4.6,2943.27,40765.67
EMP547H,DT4,JR03,7,27265,3271.8,0,4,3095.12,27088.32
EMP548H,DT5,JR08,8,77275,9273,0,3.9,8011.87,76013.87
EMP549H,DT3,JR07,10,60000,7200,0,4.7,8880,61680
EMP550H,DT2,JR05,4,41825,5019,0,4.1,2218.4,39024.4
EMP551H,DT2,JR12,3,99450,11934,0,4.3,4328.06,91844.06
EMP552H,DT5,JR05,2,37625,4515,0,2.5,248.33,33358.33
EMP553H,DT5,JR16,4,100725,12087,0,3,3577.75,92215.75
EMP554H,DT3,JR13,5,148800,17856,0,4.2,5999.62,136943.62
EMP555H,DT7,JR09,9,102200,12264,0,4.8,12787.26,102723.26
EMP556H,DT1,JR10,12,173800,20856,0,4.7,24999.39,177943.39
EMP557H,DT4,JR14,10,149000,17880,0,4.2,19858.72,150978.72
EMP558H,DT9,JR11,11,100425,12051,0,4.6,4816.38,93190.38
EMP559H,DT3,JR15,11,138150,16578,0,4.3,24242.56,145814.56
EMP560H,DT9,JR13,2,131400,15768,0,2,1597.82,117229.82
EMP561H,DT7,JR09,10,103600,12432,0,4.9,19493.38,110661.38
EMP562H,DT2,JR12,9,123250,14790,0,3.9,7099.2,115559.2
EMP563H,DT9,JR11,9,92950,11154,0,3.9,7034.46,88830.46
EMP564H,DT3,JR08,9,79200,9504,0,4.5,6690.82,76386.82
EMP565H,DT6,JR10,5,138050,16566,0,5,7885.42,129369.42
EMP566H,DT3,JR07,0,40200,4824,0,2.8,53.06,35429.06
EMP567H,DT4,JR12,6,110500,13260,0,4.4,3978,101218
EMP568H,DT2,JR04,1,29400,3528,0,2,435.12,26307.12
EMP569H,DT1,JR10,0,112200,13464,0,1.9,592.42,99328.42
EMP570H,DT7,JR09,10,106050,12726,0,4.4,13107.78,106431.78
EMP571H,DT2,JR07,6,51000,6120,0,5,4039.2,48919.2
EMP572H,DT9,JR07,3,45200,5424,0,4.1,611.1,40387.1
EMP573H,DT3,JR11,7,88400,10608,0,4.6,3818.88,81610.88
EMP574H,DT5,JR10,1,117150,14058,0,2.6,2193.05,105285.05
EMP575H,DT1,JR03,7,27880,3345.6,0,4.3,1605.89,26140.29
EMP576H,DT8,JR08,10,82775,9933,0,4.3,8025.86,80867.86
EMP577H,DT4,JR08,3,63525,7623,0,3.4,1575.42,57477.42
EMP578H,DT5,JR14,2,109000,13080,0,2.4,2825.28,98745.28
EMP579H,DT3,JR04,11,42700,5124,0,3.9,7352.94,44928.94
EMP580H,DT1,JR13,3,136800,16416,0,3.2,7660.8,128044.8
EMP581H,DT8,JR14,1,102500,12300,0,2.5,963.5,91163.5
EMP582H,DT9,JR03,8,28495,3419.4,0,3.9,4356.32,29431.92
EMP583H,DT4,JR06,4,37600,4512,0,2.2,2000.32,35088.32
EMP584H,DT7,JR01,8,20775,2493,155.81,4.2,2047.58,20173.77
EMP585H,DT7,JR16,10,128350,15402,0,3.9,10997.03,123945.03
EMP586H,DT1,JR06,5,39200,4704,0,4.5,2822.4,37318.4
EMP587H,DT8,JR02,8,25380,3045.6,0,4.5,1415.19,23749.59
EMP588H,DT4,JR15,8,127350,15282,0,5,10147.25,122215.25
EMP589H,DT4,JR09,11,108150,12978,0,4,11788.35,106960.35
EMP590H,DT7,JR01,6,19650,2358,147.38,4.5,1851.82,18996.44
EMP591H,DT5,JR08,11,83875,10065,0,4.5,14443.27,88253.27
EMP592H,DT5,JR08,11,83875,10065,0,4.5,7397.77,81207.77
EMP593H,DT4,JR06,7,43520,5222.4,0,4.4,5013.5,43311.1
EMP594H,DT8,JR06,4,38080,4569.6,0,3.1,2083.74,35594.14
EMP595H,DT4,JR07,5,50800,6096,0,4.1,5376.67,50080.67
EMP596H,DT1,JR04,6,36820,4418.4,0,4,3247.52,35649.12
EMP597H,DT1,JR08,8,76450,9174,0,4,9540.96,76816.96
EMP598H,DT9,JR14,4,120000,14400,0,3.8,5376,110976
EMP599H,DT8,JR03,11,31570,3788.4,0,4.9,3136.8,30918.4
EMP600H,DT6,JR03,4,25010,3001.2,0,2.1,1452.58,23461.38
EMP601H,DT3,JR13,2,130800,15696,0,2.9,1883.52,116987.52
EMP602H,DT4,JR07,9,58600,7032,0,4.7,9591.65,61159.65
EMP603H,DT6,JR03,2,22652.5,2718.3,0,2.1,799.18,20733.38
EMP604H,DT5,JR10,0,110550,13266,0,2.6,57.49,97341.49
EMP605H,DT1,JR10,7,149600,17952,0,4.8,9909.5,141557.5
EMP606H,DT1,JR04,8,39620,4754.4,0,4,5524.61,40390.21
EMP607H,DT5,JR09,10,106050,12726,0,4.5,15729.34,109053.34
EMP608H,DT2,JR07,7,53400,6408,0,4,4865.81,51857.81
EMP609H,DT7,JR07,10,59200,7104,0,4.4,3864.58,55960.58
EMP610H,DT2,JR12,4,102425,12291,0,3.1,8398.85,98532.85
EMP611H,DT2,JR12,2,95200,11424,0,3.9,2741.76,86517.76
EMP612H,DT7,JR01,5,18450,2214,138.38,3.3,1391.87,17489.49
EMP613H,DT8,JR15,3,104400,12528,0,3.3,5746.18,97618.18
EMP614H,DT5,JR04,1,29680,3561.6,0,2.5,199.45,26317.85
EMP615H,DT2,JR15,3,102150,12258,0,4.3,4192.24,94084.24
EMP616H,DT9,JR14,11,155000,18600,0,4.2,18414,154814
EMP617H,DT1,JR06,1,33280,3993.6,0,2.5,394.04,29680.44
EMP618H,DT5,JR01,2,16350,1962,122.62,1.9,294.3,14559.68
EMP619H,DT8,JR11,10,95875,11505,0,4.5,12751.38,97121.38
EMP620H,DT9,JR14,7,133500,16020,0,4.3,16457.88,133937.88
EMP621H,DT9,JR12,8,119000,14280,0,4.8,5331.2,110051.2
EMP622H,DT2,JR12,12,133875,16065,0,4.8,25248.83,143058.83
EMP623H,DT3,JR03,2,22550,2706,0,4.4,775.72,20619.72
EMP624H,DT5,JR08,11,84425,10131,0,3.9,13008.2,87302.2
EMP625H,DT9,JR05,7,47075,5649,0,4.6,5197.08,46623.08
EMP626H,DT8,JR01,2,16725,2007,125.44,3.1,600.09,15192.65
EMP627H,DT6,JR04,8,38780,4653.6,0,4.9,5016.58,39142.98
EMP628H,DT9,JR04,6,36820,4418.4,0,4.9,3061.95,35463.55
EMP629H,DT6,JR06,1,33440,4012.8,0,1.5,216.69,29643.89
EMP630H,DT5,JR02,8,24840,2980.8,0,4.5,2794,24653.2
EMP631H,DT6,JR12,5,106250,12750,0,3.1,6587.5,100087.5
EMP632H,DT2,JR08,4,66550,7986,0,3,5590.2,64154.2
EMP633H,DT6,JR12,2,91800,11016,0,2.4,1233.79,82017.79
EMP634H,DT1,JR02,8,25200,3024,0,3.9,1612.8,23788.8
EMP635H,DT9,JR02,9,26280,3153.6,0,4,2901.31,26027.71
EMP636H,DT9,JR16,11,133450,16014,0,4.8,17038.9,134474.9
EMP637H,DT5,JR09,2,78400,9408,0,3.8,1505.28,70497.28
EMP638H,DT1,JR13,4,146400,17568,0,3.5,5153.28,133985.28
EMP639H,DT9,JR09,5,88550,10626,0,4.9,3003.62,80927.62
EMP640H,DT1,JR01,1,15975,1917,119.81,1.6,124.61,14062.8
EMP641H,DT2,JR05,1,36750,4410,0,2.8,455.7,32795.7
EMP642H,DT8,JR12,2,93925,11271,0,2.1,3708.16,86362.16
EMP643H,DT1,JR03,12,32390,3886.8,0,4.3,3907.53,32410.73
EMP644H,DT6,JR13,3,139200,16704,0,3.9,2850.82,125346.82
EMP645H,DT6,JR15,1,92250,11070,0,2.9,627.3,81807.3
EMP646H,DT9,JR12,3,99450,11934,0,3.4,5139.58,92655.58
EMP647H,DT9,JR01,6,19425,2331,145.69,4.9,2017.09,18965.4
EMP648H,DT8,JR16,9,121975,14637,0,4.2,16129.97,123467.97
EMP649H,DT4,JR06,9,46880,5625.6,0,4.2,4359.84,45614.24
EMP650H,DT8,JR09,7,95900,11508,0,4.2,8515.92,92907.92
EMP651H,DT7,JR09,1,74200,8904,0,2,1317.79,66613.79
EMP652H,DT7,JR11,7,88725,10647,0,3.9,4145.23,82223.23
EMP653H,DT3,JR10,6,142450,17094,0,3.9,15464.37,140820.37
EMP654H,DT4,JR10,3,127050,15246,0,2.3,2048.05,113852.05
EMP655H,DT8,JR01,6,19800,2376,148.5,4.1,557.57,17833.07
EMP656H,DT8,JR12,9,121125,14535,0,5,6177.38,112767.38
EMP657H,DT8,JR13,1,127200,15264,0,2.1,1648.51,113584.51
EMP658H,DT3,JR05,10,53025,6363,0,5,8301.59,54963.59
EMP659H,DT5,JR08,6,70125,8415,0,3.9,2314.12,64024.12
EMP660H,DT1,JR14,9,145500,17460,0,4.2,25421.76,153461.76
EMP661H,DT2,JR06,7,43840,5260.8,0,4.2,6099.02,44678.22
EMP662H,DT2,JR08,7,73975,8877,0,4.2,4287.59,69385.59
EMP663H,DT9,JR12,1,89675,10761,0,1.8,789.14,79703.14
EMP664H,DT7,JR07,9,58200,6984,0,4.3,3389.57,54605.57
EMP665H,DT8,JR07,2,43000,5160,0,2,1006.2,38846.2
EMP666H,DT2,JR03,5,25215,3025.8,0,2.3,2180.59,24369.79
EMP667H,DT9,JR12,0,85425,10251,0,2.5,164.02,75338.02
EMP668H,DT7,JR03,10,30852.5,3702.3,0,5,1745.02,28895.22
EMP669H,DT5,JR09,8,97300,11676,0,4.8,7285.82,92909.82
EMP670H,DT5,JR10,11,169950,20394,0,4,22229.46,171785.46
EMP671H,DT1,JR13,3,136800,16416,0,2.7,4136.83,124520.83
EMP672H,DT1,JR07,8,56000,6720,0,4.4,7347.2,56627.2
EMP673H,DT9,JR09,2,77350,9282,0,3.7,2598.96,70666.96
EMP674H,DT9,JR14,2,111000,13320,0,4.5,2930.4,100610.4
EMP675H,DT9,JR12,8,119425,14331,0,4.3,18186.04,123280.04
EMP676H,DT3,JR01,9,21750,2610,0,4.4,3758.4,22898.4
EMP677H,DT1,JR08,8,75625,9075,0,4.3,5671.88,72221.88
EMP678H,DT1,JR16,11,133450,16014,0,3.9,11562.11,128998.11
EMP679H,DT8,JR11,6,84825,10179,0,4.3,7451.03,82097.03
EMP680H,DT6,JR09,6,91700,11004,0,4,4320.9,85016.9
EMP681H,DT3,JR01,1,15900,1908,119.25,2.9,282.38,14155.13
EMP682H,DT9,JR06,4,38560,4627.2,0,3.5,1897.15,35829.95
EMP683H,DT1,JR01,2,16500,1980,123.75,2.7,475.2,14871.45
EMP684H,DT2,JR11,7,86450,10374,0,4.8,7303.3,83379.3
EMP685H,DT5,JR09,6,92400,11088,0,3.9,4021.25,85333.25
EMP686H,DT8,JR16,3,99025,11883,0,2.8,4052.1,91194.1
EMP687H,DT9,JR16,3,96900,11628,0,4,4558.18,89830.18
EMP688H,DT8,JR07,10,59600,7152,0,4.5,6775.33,59223.33
EMP689H,DT3,JR14,5,125500,15060,0,5,3584.28,114024.28
EMP690H,DT7,JR07,11,62000,7440,0,4,6547.2,61107.2
EMP691H,DT1,JR07,0,40400,4848,0,2.8,122.82,35674.82
EMP692H,DT9,JR08,8,78100,9372,0,4.9,11283.89,80011.89
EMP693H,DT3,JR11,10,97825,11739,0,5,13437.24,99523.24
EMP694H,DT8,JR06,2,35040,4204.8,0,1.9,372.83,31208.03
EMP695H,DT1,JR06,5,40160,4819.2,0,4.6,2867.42,38208.22
EMP696H,DT8,JR03,4,24292.5,2915.1,0,3.5,719.06,22096.46
EMP697H,DT2,JR04,4,34160,4099.2,0,2,2284.62,32345.42
EMP698H,DT6,JR08,7,75075,9009,0,4.4,5699.69,71765.69
EMP699H,DT2,JR12,5,105400,12648,0,2.8,8701.82,101453.82
EMP700H,DT6,JR04,10,42420,5090.4,0,4.2,2621.56,39951.16
EMP701H,DT4,JR05,3,39550,4746,0,4.4,2056.6,36860.6
EMP702H,DT7,JR03,0,20807.5,2496.9,156.06,1.6,107.37,18261.91
EMP703H,DT1,JR04,8,39760,4771.2,0,4.5,2671.87,37660.67
EMP704H,DT8,JR03,6,26342.5,3161.1,0,4.8,840.85,24022.25
EMP705H,DT1,JR05,6,44800,5376,0,4.2,4214.78,43638.78
EMP706H,DT1,JR07,8,55600,6672,0,4.1,1908.19,50836.19
EMP707H,DT2,JR11,7,89050,10686,0,4.4,8171.23,86535.23
EMP708H,DT7,JR10,2,119350,14322,0,3,3489.79,108517.79
EMP709H,DT5,JR13,6,154800,18576,0,5,10055.81,146279.81
EMP710H,DT9,JR04,6,35700,4284,0,4.1,3063.06,34479.06
EMP711H,DT1,JR10,3,124850,14982,0,2.1,5798.03,115666.03
EMP712H,DT9,JR03,4,24907.5,2988.9,0,3.2,1156.7,23075.3
EMP713H,DT9,JR13,7,159600,19152,0,4.9,20224.51,160672.51
EMP714H,DT1,JR10,5,135850,16302,0,2,5874.15,125422.15
EMP715H,DT4,JR12,6,108800,13056,0,4,4630.53,100374.53
EMP716H,DT7,JR07,11,62400,7488,0,4.5,2795.52,57707.52
EMP717H,DT4,JR08,10,81400,9768,0,3.9,11252.74,82884.74
EMP718H,DT9,JR16,11,129625,15555,0,3.9,24499.12,138569.12
EMP719H,DT3,JR09,3,81900,9828,0,4.3,2561.83,74633.83
EMP720H,DT9,JR03,7,27162.5,3259.5,0,4.1,1200.58,25103.58
EMP721H,DT6,JR15,3,101700,12204,0,2.1,5076.86,94572.86
EMP722H,DT7,JR05,6,45500,5460,0,4,4586.4,44626.4
EMP723H,DT8,JR11,4,77350,9282,0,3,2939.3,71007.3
EMP724H,DT2,JR12,10,126650,15198,0,4.8,11915.23,123367.23
EMP725H,DT4,JR15,8,127350,15282,0,5,19026.09,131094.09
EMP726H,DT7,JR07,1,42200,5064,0,2.1,222.82,37358.82
EMP727H,DT5,JR08,4,65725,7887,0,2.7,2870.87,60708.87
EMP728H,DT2,JR16,10,128350,15402,0,4.9,19899.38,132847.38
EMP729H,DT3,JR04,2,30240,3628.8,0,1.9,812.85,27424.05
EMP730H,DT2,JR12,3,98175,11781,0,2,2921.69,89315.69
EMP731H,DT1,JR08,9,80300,9636,0,4.2,10933.65,81597.65
EMP732H,DT3,JR12,11,132175,15861,0,4.2,12324,128638
EMP733H,DT3,JR09,1,74900,8988,0,1.6,880.82,66792.82
EMP734H,DT3,JR02,7,24300,2916,0,4.4,2721.6,24105.6
EMP735H,DT4,JR16,9,124100,14892,0,4.1,5480.26,114688.26
EMP736H,DT8,JR02,11,27630,3315.6,0,4,3074.67,27389.07
EMP737H,DT4,JR03,6,26957.5,3234.9,0,4.4,1086.93,24809.53
EMP738H,DT7,JR08,11,84975,10197,0,4.9,11114.73,85892.73
EMP739H,DT5,JR16,11,133025,15963,0,4.2,16835.64,133897.64
EMP740H,DT9,JR10,6,140250,16830,0,5,11416.35,134836.35
EMP741H,DT1,JR09,0,70700,8484,0,2.2,56.56,62272.56
EMP742H,DT4,JR13,4,145800,17496,0,3.3,3260.09,131564.09
EMP743H,DT3,JR08,8,76450,9174,0,4.1,5009,72285
EMP744H,DT5,JR10,6,141900,17028,0,4,4279.7,129151.7
EMP745H,DT8,JR09,2,76650,9198,0,1.8,1805.87,69257.87
EMP746H,DT1,JR14,2,111500,13380,0,3.2,1333.54,99453.54
EMP747H,DT5,JR15,8,125550,15066,0,5,16266.26,126750.26
EMP748H,DT8,JR04,11,43540,5224.8,0,4,3866.35,42181.55
EMP749H,DT4,JR09,3,79450,9534,0,4,2488.37,72404.37
EMP750H,DT1,JR09,4,82600,9912,0,4.3,5114.59,77802.59
EMP751H,DT6,JR09,3,79800,9576,0,3.5,1430.02,71654.02
EMP752H,DT5,JR10,1,117700,14124,0,2.6,1054.59,104630.59
EMP753H,DT1,JR11,7,86450,10374,0,4.7,2966.96,79042.96
EMP754H,DT8,JR14,11,155000,18600,0,4.1,17050,153450
EMP755H,DT9,JR09,1,72450,8694,0,2.4,791.15,64547.15
EMP756H,DT3,JR11,2,72475,8697,0,2.3,3267.17,67045.17
EMP757H,DT4,JR06,3,37280,4473.6,0,2.2,1230.24,34036.64
EMP758H,DT7,JR09,2,78400,9408,0,2.5,827.9,69819.9
EMP759H,DT3,JR02,11,27900,3348,0,4.7,4910.4,29462.4
EMP760H,DT5,JR09,8,96600,11592,0,4.8,6460.61,91468.61
EMP761H,DT2,JR15,9,131400,15768,0,4.5,10638.14,126270.14
EMP762H,DT7,JR15,8,126000,15120,0,5,18547.2,129427.2
EMP763H,DT9,JR09,10,106050,12726,0,3.9,8738.52,102062.52
EMP764H,DT6,JR04,6,36260,4351.2,0,4.7,3166.22,35075.02
EMP765H,DT1,JR01,10,22200,2664,0,3.9,3324.67,22860.67
EMP766H,DT4,JR13,1,126000,15120,0,2.4,2520,113400
EMP767H,DT7,JR09,3,81550,9786,0,4,3767.61,75531.61
EMP768H,DT2,JR01,3,17250,2070,129.38,4.1,724.5,15775.12
EMP769H,DT1,JR14,2,112000,13440,0,2.4,4408.32,102968.32
EMP770H,DT1,JR07,11,61600,7392,0,4,4790.02,58998.02
EMP771H,DT6,JR07,11,61000,7320,0,4.1,12297.6,65977.6
EMP772H,DT6,JR12,9,124950,14994,0,4.8,15503.8,125459.8
EMP773H,DT7,JR09,10,103600,12432,0,4.1,9149.95,100317.95
EMP774H,DT5,JR14,8,138000,16560,0,4.6,15522.24,136962.24
EMP775H,DT8,JR06,0,32000,3840,0,1.9,0,28160
EMP776H,DT7,JR07,9,58000,6960,0,5,7308,58348
EMP777H,DT4,JR15,10,135000,16200,0,4.9,5940,124740
EMP778H,DT8,JR16,8,117725,14127,0,4.3,6526.67,110124.67
EMP779H,DT9,JR05,5,43400,5208,0,3.6,3749.76,41941.76
EMP780H,DT6,JR09,4,82950,9954,0,3.3,4174.04,77170.04
EMP781H,DT6,JR15,10,135000,16200,0,3.9,25380,144180
EMP782H,DT2,JR07,1,41200,4944,0,2,464.74,36720.74
EMP783H,DT5,JR12,6,110925,13311,0,3.9,2977.23,100591.23
EMP784H,DT3,JR09,2,77000,9240,0,2.7,2032.8,69792.8
EMP785H,DT9,JR05,1,37450,4494,0,1.8,272.64,33228.64
EMP786H,DT1,JR06,6,41440,4972.8,0,4.1,3031.75,39498.95
EMP787H,DT3,JR03,3,23472.5,2816.7,0,4.3,816.84,21472.64
EMP788H,DT9,JR15,8,123750,14850,0,4.6,5940,114840
EMP789H,DT3,JR13,5,151800,18216,0,4.5,7723.58,141307.58
EMP790H,DT8,JR16,11,132600,15912,0,4.6,24950.02,141638.02
EMP791H,DT4,JR15,9,130950,15714,0,4.1,9533.16,124769.16
EMP792H,DT3,JR10,1,113300,13596,0,1.7,1006.1,100710.1
EMP793H,DT7,JR08,8,78100,9372,0,4.2,6560.4,75288.4
EMP794H,DT9,JR12,2,92650,11118,0,2.7,1734.41,83266.41
EMP795H,DT5,JR15,11,137700,16524,0,4.9,23353.92,144529.92
EMP796H,DT6,JR16,10,126650,15198,0,5,10922.3,122374.3
EMP797H,DT5,JR13,2,133800,16056,0,3.7,4431.46,122175.46
EMP798H,DT8,JR09,7,95200,11424,0,4.9,5757.7,89533.7
EMP799H,DT5,JR11,4,78325,9399,0,3.4,4238.95,73164.95
EMP800H,DT3,JR07,4,47600,5712,0,3.6,2170.56,44058.56
EMP801H,DT7,JR03,2,22550,2706,0,2.1,396.88,20240.88
EMP802H,DT8,JR06,6,40800,4896,0,4,1346.4,37250.4
EMP803H,DT4,JR01,1,15675,1881,117.56,1.6,242.65,13919.09
EMP804H,DT7,JR02,6,23580,2829.6,0,4,1578.92,22329.32
EMP805H,DT3,JR11,4,77025,9243,0,4.4,3305.91,71087.91
EMP806H,DT2,JR07,2,44200,5304,0,2.2,445.54,39341.54
EMP807H,DT6,JR05,11,54075,6489,0,3.9,9430.68,57016.68
EMP808H,DT3,JR09,6,90650,10878,0,4.2,4278.68,84050.68
EMP809H,DT7,JR04,2,30380,3645.6,0,1.5,495.8,27230.2
EMP810H,DT5,JR15,2,99900,11988,0,3.1,1582.42,89494.42
EMP811H,DT9,JR02,7,24660,2959.2,0,4.6,802.93,22503.73
EMP812H,DT3,JR16,2,93500,11220,0,2.2,2318.8,84598.8
EMP813H,DT9,JR03,9,29315,3517.8,0,4.8,1714.34,27511.54
EMP814H,DT1,JR10,6,140250,16830,0,4.8,6788.1,130208.1
EMP815H,DT4,JR07,3,45800,5496,0,3.4,1221.94,41525.94
EMP816H,DT3,JR01,4,17925,2151,134.44,2.2,335.56,15975.12
EMP817H,DT4,JR13,12,189000,22680,0,4.3,8694,175014
EMP818H,DT9,JR05,6,44975,5397,0,5,3486.46,43064.46
EMP819H,DT5,JR15,6,115200,13824,0,4.5,4386.82,105762.82
EMP820H,DT7,JR11,0,65325,7839,0,1.9,99.29,57585.29
EMP821H,DT6,JR02,4,21330,2559.6,0,4.5,536.66,19307.06
EMP822H,DT7,JR05,1,35875,4305,0,1.6,179.38,31749.38
EMP823H,DT6,JR09,8,96950,11634,0,4.7,8062.36,93378.36
EMP824H,DT1,JR14,6,131500,15780,0,4.4,15574.86,131294.86
EMP825H,DT4,JR16,3,95625,11475,0,4.4,2486.25,86636.25
EMP826H,DT4,JR12,2,93075,11169,0,2.5,1131.79,83037.79
EMP827H,DT1,JR10,4,130350,15642,0,3.4,4244.2,118952.2
EMP828H,DT3,JR07,5,50600,6072,0,4.1,3432.7,47960.7
EMP829H,DT6,JR09,0,71050,8526,0,2.3,341.04,62865.04
EMP830H,DT8,JR12,8,118575,14229,0,4.1,13114.4,117460.4
EMP831H,DT8,JR07,7,54200,6504,0,4.9,2616.78,50312.78
EMP832H,DT9,JR08,7,73150,8778,0,4,4827.9,69199.9
EMP833H,DT7,JR10,4,130350,15642,0,4.3,3665.44,118373.44
EMP834H,DT8,JR06,4,37760,4531.2,0,3,2555.6,35784.4
EMP835H,DT6,JR10,10,162250,19470,0,4.1,7398.6,150178.6
EMP836H,DT2,JR14,3,116000,13920,0,4.2,4157.44,106237.44
EMP837H,DT8,JR14,11,156500,18780,0,4.6,29709.96,167429.96
EMP838H,DT4,JR03,10,30442.5,3653.1,0,4.2,1771.75,28561.15
EMP839H,DT8,JR15,1,93150,11178,0,2.8,834.62,82806.62
EMP840H,DT4,JR11,11,101075,12129,0,4.6,22438.65,111384.65
EMP841H,DT9,JR13,3,135600,16272,0,2.4,2820.48,122148.48
EMP842H,DT1,JR10,6,140800,16896,0,4.3,7884.8,131788.8
EMP843H,DT5,JR02,7,24570,2948.4,0,4.6,2224.08,23845.68
EMP844H,DT2,JR12,3,98600,11832,0,3.9,2650.37,89418.37
EMP845H,DT7,JR01,7,20175,2421,151.31,4.1,2004.59,19607.28
EMP846H,DT7,JR14,8,140500,16860,0,3.9,15477.48,139117.48
EMP847H,DT6,JR14,2,109000,13080,0,2.5,1883.52,97803.52
EMP848H,DT7,JR16,6,112200,13464,0,3.9,6319.1,105055.1
EMP849H,DT4,JR15,5,110700,13284,0,4.4,6925.39,104341.39
EMP850H,DT3,JR12,6,109650,13158,0,4.7,7122.86,103614.86
EMP851H,DT2,JR11,0,65325,7839,0,1.9,62.71,57548.71
EMP852H,DT2,JR01,8,21150,2538,0,4.3,2358.65,20970.65
EMP853H,DT2,JR09,7,94850,11382,0,4.4,3501.86,86969.86
EMP854H,DT4,JR16,1,88825,10659,0,1.6,639.54,78805.54
EMP855H,DT3,JR10,6,144100,17292,0,4.8,14652.09,141460.09
EMP856H,DT3,JR04,6,36540,4384.8,0,4.6,2674.73,34829.93
EMP857H,DT6,JR08,3,61875,7425,0,2.7,2598.75,57048.75
EMP858H,DT7,JR09,7,93100,11172,0,4.2,9339.79,91267.79
EMP859H,DT6,JR05,7,47425,5691,0,4,3771.24,45505.24
EMP860H,DT3,JR06,10,48640,5836.8,0,4.8,6070.27,48873.47
EMP861H,DT4,JR11,6,83525,10023,0,3.9,5713.11,79215.11
EMP862H,DT2,JR03,10,30545,3665.4,0,4.2,3472.36,30351.96
EMP863H,DT4,JR07,10,60200,7224,0,4.3,10214.74,63190.74
EMP864H,DT1,JR11,11,99125,11895,0,4.5,19983.6,107213.6
EMP865H,DT2,JR11,1,66950,8034,0,2.6,449.9,59365.9
EMP866H,DT7,JR03,9,29417.5,3530.1,0,4,1228.47,27115.87
EMP867H,DT7,JR16,5,105400,12648,0,2.8,5463.94,98215.94
EMP868H,DT8,JR15,5,110700,13284,0,4.4,3462.7,100878.7
EMP869H,DT9,JR08,6,70125,8415,0,3.9,2776.95,64486.95
EMP870H,DT1,JR11,11,100750,12090,0,4.9,11969.1,100629.1
EMP871H,DT2,JR12,1,90525,10863,0,2.5,800.24,80462.24
EMP872H,DT7,JR11,10,98150,11778,0,4.5,10411.75,96783.75
EMP873H,DT1,JR14,5,124000,14880,0,3.5,9285.12,118405.12
EMP874H,DT8,JR16,1,90950,10914,0,3,2444.74,82480.74
EMP875H,DT6,JR05,7,46375,5565,0,4.8,4823,45633
EMP876H,DT2,JR08,9,78650,9438,0,4.4,8387.24,77599.24
EMP877H,DT6,JR01,0,15150,1818,113.62,1.5,31.51,13249.89
EMP878H,DT4,JR13,11,184200,22104,0,4.6,25228.03,187324.03
EMP879H,DT9,JR04,3,32340,3880.8,0,2.5,1604.06,30063.26
EMP880H,DT9,JR01,5,18825,2259,141.19,4.5,499.24,16924.05
EMP881H,DT1,JR08,6,71225,8547,0,4.3,4538.46,67216.46
EMP882H,DT3,JR11,8,91650,10998,0,4.8,6914.08,87566.08
EMP883H,DT7,JR05,4,42000,5040,0,3.6,806.4,37766.4
EMP884H,DT3,JR11,7,87750,10530,0,4.2,7125.3,84345.3
EMP885H,DT5,JR16,2,94350,11322,0,4.2,3321.12,86349.12
EMP886H,DT4,JR02,4,21870,2624.4,0,2.1,639.48,19885.08
EMP887H,DT6,JR06,4,38240,4588.8,0,3.4,1491.36,35142.56
EMP888H,DT2,JR02,6,22950,2754,0,4.8,858.33,21054.33
EMP889H,DT4,JR07,3,46800,5616,0,2.4,1973.09,43157.09
EMP890H,DT6,JR02,5,22410,2689.2,0,3.6,922.4,20643.2
EMP891H,DT9,JR14,9,145000,17400,0,4.4,24012,151612
EMP892H,DT6,JR12,11,130050,15606,0,4.7,21505.07,135949.07
EMP893H,DT3,JR14,8,139000,16680,0,4.8,8239.92,130559.92
EMP894H,DT7,JR08,5,67375,8085,0,4,5214.82,64504.82
EMP895H,DT5,JR10,1,116600,13992,0,2.1,2630.5,105238.5
EMP896H,DT8,JR03,4,24087.5,2890.5,0,4.3,573.28,21770.28
EMP897H,DT6,JR03,10,30955,3714.6,0,4,4420.37,31660.77
EMP898H,DT1,JR16,7,113050,13566,0,4,8058.2,107542.2
EMP899H,DT4,JR01,12,23625,2835,0,4,2934.22,23724.22
EMP900H,DT7,JR01,11,23550,2826,0,4.3,4832.46,25556.46
EMP901H,DT9,JR12,7,115600,13872,0,4.7,15314.69,117042.69
EMP902H,DT4,JR14,5,123000,14760,0,2.7,6789.6,115029.6
EMP903H,DT6,JR04,2,30100,3612,0,2,415.38,26903.38
EMP904H,DT6,JR02,4,21240,2548.8,0,2.5,1162.25,19853.45
EMP905H,DT8,JR05,11,54250,6510,0,4.3,6922.3,54662.3
EMP906H,DT8,JR04,5,34300,4116,0,4.1,1543.5,31727.5
EMP907H,DT3,JR02,3,20790,2494.8,155.92,2.3,850.73,18990.01
EMP908H,DT6,JR03,8,28802.5,3456.3,0,4,2986.24,28332.44
EMP909H,DT1,JR04,8,39060,4687.2,0,4.3,3209.17,37581.97
EMP910H,DT1,JR11,0,65650,7878,0,2.5,257.35,58029.35
EMP911H,DT8,JR09,1,73150,8778,0,2.6,289.67,64661.67
EMP912H,DT8,JR12,3,99025,11883,0,3.9,6143.51,93285.51
EMP913H,DT8,JR02,7,23940,2872.8,0,4.6,2528.06,23595.26
EMP914H,DT8,JR13,6,156600,18792,0,4.8,16048.37,153856.37
EMP915H,DT4,JR03,5,25522.5,3062.7,0,3.4,1800.87,24260.67
EMP916H,DT3,JR03,4,24600,2952,0,4.4,1889.28,23537.28
EMP917H,DT7,JR01,9,21375,2565,0,4.8,1235.47,20045.47
EMP918H,DT4,JR04,6,35840,4300.8,0,5,1685.91,33225.11
EMP919H,DT9,JR07,7,54200,6504,0,4.4,4463.91,52159.91
EMP920H,DT7,JR12,7,113900,13668,0,4.6,13011.94,113243.94
EMP921H,DT7,JR09,0,71400,8568,0,2.4,285.6,63117.6
EMP922H,DT2,JR13,7,160200,19224,0,4.6,4293.36,145269.36
EMP923H,DT7,JR04,8,39760,4771.2,0,4.7,5610.93,40599.73
EMP924H,DT1,JR12,11,131750,15810,0,4.2,20869.2,136809.2
EMP925H,DT3,JR03,11,31775,3813,0,5,6710.88,34672.88
EMP926H,DT9,JR14,10,148000,17760,0,3.9,19322.88,149562.88
EMP927H,DT1,JR14,9,146000,17520,0,4.4,23640.32,152120.32
EMP928H,DT2,JR04,6,35840,4300.8,0,4.9,1204.22,32743.42
EMP929H,DT1,JR16,5,107525,12903,0,4.1,9801.98,104423.98
EMP930H,DT6,JR06,10,47360,5683.2,0,4.4,8547.53,50224.33
EMP931H,DT8,JR14,4,119000,14280,0,2.6,6873.44,111593.44
EMP932H,DT1,JR06,8,45120,5414.4,0,4.7,3995.83,43701.43
EMP933H,DT8,JR14,9,147000,17640,0,5,26530.56,155890.56
EMP934H,DT4,JR03,7,27162.5,3259.5,0,4.4,3389.88,27292.88
EMP935H,DT3,JR13,3,137400,16488,0,4,2550.14,123462.14
EMP936H,DT9,JR12,3,97325,11679,0,2,1467.66,87113.66
EMP937H,DT4,JR04,4,33040,3964.8,0,2.8,2045.84,31121.04
EMP938H,DT1,JR08,4,66825,8019,0,2,4597.56,63403.56
EMP939H,DT7,JR02,0,18000,2160,135,1.8,0,15705
EMP940H,DT1,JR07,11,61000,7320,0,5,10504.2,64184.2
EMP941H,DT6,JR13,8,170400,20448,0,4.6,15458.69,165410.69
EMP942H,DT6,JR06,12,50560,6067.2,0,4.2,11729.92,56222.72
EMP943H,DT7,JR05,5,44450,5334,0,4.1,1248.16,40364.16
EMP944H,DT2,JR11,11,101725,12207,0,4.2,16552.69,106070.69
EMP945H,DT4,JR04,10,41860,5023.2,0,3.9,5470.26,42307.06
EMP946H,DT6,JR05,9,50050,6006,0,4.8,5337.33,49381.33
EMP947H,DT6,JR04,3,32760,3931.2,0,2.1,1202.95,30031.75
EMP948H,DT4,JR11,0,65000,7800,0,1.6,0,57200
EMP949H,DT6,JR15,8,126900,15228,0,4.8,8740.87,120412.87
EMP950H,DT4,JR04,4,34020,4082.4,0,3.4,1462.86,31400.46
EMP951H,DT7,JR16,1,90950,10914,0,2.6,1171.44,81207.44
EMP952H,DT8,JR04,12,44240,5308.8,0,4.3,5131.84,44063.04
EMP953H,DT5,JR02,9,26370,3164.4,0,4.7,1667.64,24873.24
EMP954H,DT9,JR04,2,30800,3696,0,2.9,566.72,27670.72
EMP955H,DT2,JR10,3,124300,14916,0,4.5,3361.07,112745.07
EMP956H,DT7,JR07,4,48200,5784,0,4.2,869.53,43285.53
EMP957H,DT3,JR01,10,22575,2709,0,4.9,3465.71,23331.71
EMP958H,DT6,JR12,9,124525,14943,0,4.7,15749.92,125331.92
EMP959H,DT8,JR14,7,134500,16140,0,4.2,12250.26,130610.26
EMP960H,DT5,JR12,2,91800,11016,0,1.8,1116.29,81900.29
EMP961H,DT7,JR14,4,120500,14460,0,3.8,6719.08,112759.08
EMP962H,DT9,JR04,2,31360,3763.2,0,3,541.9,28138.7
EMP963H,DT4,JR07,8,55600,6672,0,4.5,5377.63,54305.63
EMP964H,DT5,JR12,2,93075,11169,0,2.1,2688.01,84594.01
EMP965H,DT1,JR05,11,54600,6552,0,4,6604.42,54652.42
EMP966H,DT9,JR13,6,153000,18360,0,4.4,16493.4,151133.4
EMP967H,DT2,JR16,9,123675,14841,0,3.9,16206.37,125040.37
EMP968H,DT7,JR05,3,40075,4809,0,4.1,1998.94,37264.94
EMP969H,DT9,JR06,7,42560,5107.2,0,4.1,1460.66,38913.46
EMP970H,DT4,JR07,1,42400,5088,0,2.8,895.49,38207.49
EMP971H,DT2,JR12,4,100725,12087,0,4.1,5366.63,94004.63
EMP972H,DT1,JR09,3,79800,9576,0,3.8,4200.67,74424.67
EMP973H,DT8,JR04,9,40040,4804.8,0,4.6,2617.01,37852.21
EMP974H,DT8,JR01,3,17100,2052,128.25,2.9,325.58,15245.33
EMP975H,DT6,JR03,3,23165,2779.8,0,2.6,1204.58,21589.78
EMP976H,DT2,JR10,6,140250,16830,0,4.3,14810.4,138230.4
EMP977H,DT7,JR12,3,95625,11475,0,4.5,2486.25,86636.25
EMP978H,DT8,JR14,5,126500,15180,0,4.7,8581.76,119901.76
EMP979H,DT8,JR13,6,153000,18360,0,3.9,4712.4,139352.4
EMP980H,DT2,JR02,1,19170,2300.4,143.78,2.7,229.27,16955.09
EMP981H,DT6,JR07,2,43600,5232,0,2,376.7,38744.7
EMP982H,DT9,JR05,10,53200,6384,0,4.2,4868.86,51684.86
EMP983H,DT6,JR15,9,130500,15660,0,4.1,7516.8,122356.8
EMP984H,DT5,JR01,10,22725,2727,0,4.6,3838.71,23836.71
EMP985H,DT8,JR12,3,96900,11628,0,4.2,3581.42,88853.42
EMP986H,DT7,JR05,10,52325,6279,0,4,4351.35,50397.35
EMP987H,DT7,JR14,9,146000,17520,0,4.1,17192.96,145672.96
EMP988H,DT8,JR15,2,100800,12096,0,3.1,4354.56,93058.56
EMP989H,DT7,JR15,2,99450,11934,0,3.1,3007.37,90523.37
EMP990H,DT3,JR03,10,30852.5,3702.3,0,4,3614.68,30764.88
EMP991H,DT9,JR13,8,168000,20160,0,4.5,13977.6,161817.6
EMP992H,DT5,JR15,6,118350,14202,0,4.7,8649.02,112797.02
EMP993H,DT5,JR01,1,15675,1881,117.56,3,169.29,13845.73
EMP994H,DT8,JR10,7,145750,17490,0,4.7,12126.4,140386.4
EMP995H,DT3,JR09,9,100800,12096,0,4.5,10999.3,99703.3
EMP996H,DT2,JR01,12,23625,2835,0,4.5,3912.3,24702.3
EMP997H,DT5,JR10,4,129800,15576,0,3.5,3364.42,117588.42
EMP998H,DT2,JR07,2,44400,5328,0,3.6,1953.6,41025.6
EMP999H,DT3,JR06,5,40160,4819.2,0,4.1,2621.64,37962.44
EMP001I,DT9,JR06,0,32320,3878.4,0,2.9,85.32,28526.92
EMP002I,DT8,JR04,1,28980,3477.6,0,2.8,210.97,25713.37
EMP003I,DT1,JR03,9,29725,3567,0,4.1,4280.4,30438.4
EMP004I,DT7,JR14,0,101500,12180,0,2.7,243.6,89563.6
EMP005I,DT5,JR01,6,19200,2304,144,4,2107.39,18859.39
EMP006I,DT1,JR13,9,173400,20808,0,4.9,20371.03,172963.03
EMP007I,DT9,JR16,2,93500,11220,0,4.4,2094.4,84374.4
EMP008I,DT6,JR04,0,28560,3427.2,0,1.5,68.54,25201.34
EMP009I,DT3,JR12,6,112200,13464,0,4.2,6319.1,105055.1
EMP010I,DT4,JR15,4,107550,12906,0,3.2,1845.56,96489.56
EMP011I,DT3,JR05,7,46550,5586,0,5,4055.44,45019.44
EMP012I,DT9,JR08,10,81400,9768,0,4.1,4688.64,76320.64
EMP013I,DT2,JR06,0,32160,3859.2,0,2.1,56.6,28357.4
EMP014I,DT9,JR11,11,99125,11895,0,3.9,18318.3,105548.3
EMP015I,DT6,JR08,1,58850,7062,0,2.2,461.38,52249.38
EMP016I,DT9,JR03,9,29622.5,3554.7,0,5,4323.7,30391.5
EMP017I,DT5,JR01,9,21375,2565,0,5,1235.47,20045.47
EMP018I,DT5,JR15,8,125550,15066,0,4.1,12298.88,122782.88
EMP019I,DT9,JR04,6,35840,4300.8,0,4.5,1043.66,32582.86
EMP020I,DT6,JR13,3,139800,16776,0,4.1,6089.69,129113.69
EMP021I,DT4,JR11,9,93925,11271,0,4.7,15381.16,98035.16
EMP022I,DT7,JR07,6,51800,6216,0,4.9,5745.66,51329.66
EMP023I,DT6,JR12,8,119000,14280,0,4.2,4188.8,108908.8
EMP024I,DT5,JR03,9,29520,3542.4,0,5,2182.12,28159.72
EMP025I,DT6,JR15,7,123300,14796,0,4.1,8394.26,116898.26
EMP026I,DT2,JR15,3,103500,12420,0,3.1,4347,95427
EMP027I,DT5,JR12,3,97750,11730,0,3.2,1759.5,87779.5
EMP028I,DT8,JR01,6,19650,2358,147.38,3.9,2339.14,19483.76
EMP029I,DT7,JR03,2,22960,2755.2,0,4.4,859.62,21064.42
EMP030I,DT7,JR07,7,54800,6576,0,4.9,4379.62,52603.62
EMP031I,DT4,JR11,0,65975,7917,0,2.3,348.35,58406.35
EMP032I,DT8,JR12,7,114750,13770,0,4.7,15422.4,116402.4
EMP033I,DT3,JR12,9,121550,14586,0,4.9,13798.36,120762.36
EMP034I,DT1,JR05,11,54075,6489,0,4.3,10845.28,58431.28
EMP035I,DT4,JR14,4,122000,14640,0,2.2,5797.44,113157.44
EMP036I,DT3,JR04,1,29820,3578.4,0,1.5,356.65,26598.25
EMP037I,DT6,JR01,12,23625,2835,0,4.2,4673.03,25463.03
EMP038I,DT5,JR11,2,71175,8541,0,1.7,811.39,63445.39
EMP039I,DT5,JR01,10,22200,2664,0,4.3,1875.46,21411.46
EMP040I,DT3,JR15,1,94050,11286,0,3,1523.61,84287.61
EMP041I,DT2,JR08,10,81400,9768,0,4.3,3438.34,75070.34
EMP042I,DT1,JR15,10,136350,16362,0,3.9,6179.38,126167.38
EMP043I,DT3,JR13,6,158400,19008,0,4.9,15814.66,155206.66
EMP044I,DT6,JR03,4,24292.5,2915.1,0,2.8,575.25,21952.65
EMP045I,DT2,JR07,1,42200,5064,0,2,761.29,37897.29
EMP046I,DT4,JR03,8,29110,3493.2,0,4.5,3325.53,28942.33
EMP047I,DT5,JR14,8,142000,17040,0,4.5,19084.8,144044.8
EMP048I,DT1,JR03,10,30750,3690,0,4.7,2091,29151
EMP049I,DT9,JR05,1,37100,4452,0,2.6,819.17,33467.17
EMP050I,DT2,JR14,6,129000,15480,0,4.3,6883.44,120403.44
EMP051I,DT2,JR15,11,137700,16524,0,3.9,7590.02,128766.02
EMP052I,DT9,JR10,10,165000,19800,0,4.6,10560,155760
EMP053I,DT1,JR02,1,19170,2300.4,143.78,1.9,468.51,17194.33
EMP054I,DT4,JR07,6,51400,6168,0,4.3,1757.88,46989.88
EMP055I,DT1,JR07,8,55000,6600,0,4.4,4785,53185
EMP056I,DT5,JR06,2,34880,4185.6,0,2.9,828.75,31523.15
EMP057I,DT8,JR11,0,65975,7917,0,2.9,348.35,58406.35
EMP058I,DT9,JR16,11,129625,15555,0,4.6,9799.65,123869.65
EMP059I,DT7,JR10,6,144100,17292,0,4.4,17511.03,144319.03
EMP060I,DT2,JR13,9,175800,21096,0,3.9,24851.09,179555.09
EMP061I,DT8,JR14,2,110500,13260,0,3.7,3434.34,100674.34
EMP062I,DT3,JR09,2,77000,9240,0,4.2,1478.4,69238.4
EMP063I,DT8,JR09,0,70700,8484,0,2.8,96.15,62312.15
EMP064I,DT2,JR04,3,32340,3880.8,0,3.1,1082.74,29541.94
EMP065I,DT4,JR04,1,28840,3460.8,0,1.8,200.73,25579.93
EMP066I,DT1,JR11,4,76375,9165,0,2.9,4383.93,71593.93
EMP067I,DT5,JR14,6,131500,15780,0,4.4,6627.6,122347.6
EMP068I,DT5,JR11,1,68575,8229,0,1.9,965.54,61311.54
EMP069I,DT9,JR16,11,131750,15810,0,4.4,23767.7,139707.7
EMP070I,DT3,JR09,7,93100,11172,0,4.5,11797.63,93725.63
EMP071I,DT9,JR10,11,168850,20262,0,4.9,29629.8,178217.8
EMP072I,DT8,JR09,1,72450,8694,0,2.3,710.01,64466.01
EMP073I,DT1,JR07,10,60000,7200,0,4.7,8880,61680
EMP074I,DT9,JR07,4,47200,5664,0,2.4,1427.33,42963.33
EMP075I,DT4,JR15,4,109800,13176,0,4.2,2318.98,98942.98
EMP076I,DT9,JR02,6,23310,2797.2,0,4.2,2640.56,23153.36
EMP077I,DT2,JR15,5,111600,13392,0,2.4,4285.44,102493.44
EMP078I,DT8,JR14,5,125000,15000,0,4.3,5750,115750
EMP079I,DT5,JR10,3,126500,15180,0,3.2,3339.6,114659.6
EMP080I,DT1,JR12,9,121550,14586,0,5,18815.94,125779.94
EMP081I,DT1,JR06,3,36160,4339.2,0,4,827.34,32648.14
EMP082I,DT5,JR01,7,20100,2412,150.75,4.1,601.39,18138.64
EMP083I,DT3,JR11,10,96525,11583,0,4.8,12359.06,97301.06
EMP084I,DT1,JR06,0,32000,3840,0,2.5,0,28160
EMP085I,DT3,JR01,0,15225,1827,114.19,2.6,49.33,13333.14
EMP086I,DT3,JR16,5,107525,12903,0,5,4559.06,99181.06
EMP087I,DT9,JR06,8,45440,5452.8,0,4.4,7023.21,47010.41
EMP088I,DT9,JR11,7,87750,10530,0,4.8,7125.3,84345.3
EMP089I,DT3,JR10,12,173250,20790,0,4.2,28690.2,181150.2
EMP090I,DT9,JR09,8,99050,11886,0,4.4,11180.76,98344.76
EMP091I,DT2,JR06,1,34080,4089.6,0,2.2,708.86,30699.26
EMP092I,DT1,JR04,10,42420,5090.4,0,4,2971.1,40300.7
EMP093I,DT2,JR09,11,109900,13188,0,3.9,10022.88,106734.88
EMP094I,DT6,JR10,11,170500,20460,0,3.9,8252.2,158292.2
EMP095I,DT9,JR16,8,117725,14127,0,4.6,9427.42,113025.42
EMP096I,DT6,JR14,6,131500,15780,0,4.3,3313.8,119033.8
EMP097I,DT2,JR10,1,114400,13728,0,1.9,1134.85,101806.85
EMP098I,DT6,JR04,9,40460,4855.2,0,5,1728.45,37333.25
EMP099I,DT2,JR07,9,58600,7032,0,4.1,9809.64,61377.64
EMP100I,DT2,JR15,11,139050,16686,0,4.4,23037.8,145401.8
EMP101I,DT6,JR02,3,20340,2440.8,152.55,3.9,994.22,18740.87
EMP102I,DT8,JR11,10,96525,11583,0,4.5,7864.86,92806.86
EMP103I,DT9,JR15,10,134100,16092,0,4.3,21026.88,139034.88
EMP104I,DT7,JR08,8,77000,9240,0,4.2,3942.4,71702.4
EMP105I,DT2,JR10,6,142450,17094,0,4.8,12774.92,138130.92
EMP106I,DT7,JR08,6,70950,8514,0,4,8065.6,70501.6
EMP107I,DT8,JR09,7,95900,11508,0,3.9,14193.2,98585.2
EMP108I,DT2,JR04,10,41860,5023.2,0,5,7956.75,44793.55
EMP109I,DT9,JR12,6,108800,13056,0,5,2437.12,98181.12
EMP110I,DT7,JR10,10,163900,19668,0,4.8,20559.62,164791.62
EMP111I,DT6,JR09,10,103600,12432,0,4,7956.48,99124.48
EMP112I,DT5,JR01,8,21000,2520,157.5,4.7,3158.4,21480.9
EMP113I,DT5,JR04,5,34580,4149.6,0,2.4,2535.41,32965.81
EMP114I,DT8,JR06,0,32640,3916.8,0,2.2,62.67,28785.87
EMP115I,DT1,JR16,7,115600,13872,0,4.9,15980.54,117708.54
EMP116I,DT6,JR06,3,36320,4358.4,0,4.2,1294.44,33256.04
EMP117I,DT9,JR16,2,93500,11220,0,3.4,1795.2,84075.2
EMP118I,DT8,JR07,7,53200,6384,0,4.5,4915.68,51731.68
EMP119I,DT2,JR10,10,166650,19998,0,4.1,30896.91,177548.91
EMP120I,DT9,JR14,9,142500,17100,0,4.2,23740.5,149140.5
EMP121I,DT2,JR01,7,20025,2403,150.19,4.2,751.34,18223.15
EMP122I,DT1,JR04,8,39480,4737.6,0,4.3,3496.35,38238.75
EMP123I,DT7,JR04,4,34020,4082.4,0,3.4,2165.03,32102.63
EMP124I,DT4,JR06,10,48000,5760,0,4.8,2688,44928
EMP125I,DT6,JR15,9,131400,15768,0,4.4,18858.53,134490.53
EMP126I,DT8,JR07,1,42400,5088,0,2.2,936.19,38248.19
EMP127I,DT6,JR16,2,93075,11169,0,2.2,3324.64,85230.64
EMP128I,DT5,JR06,8,44000,5280,0,4,2508,41228
EMP129I,DT6,JR07,8,55400,6648,0,4.8,8019.7,56771.7
EMP130I,DT6,JR04,0,28280,3393.6,0,1.9,76.92,24963.32
EMP131I,DT2,JR11,3,74425,8931,0,2,1467.66,66961.66
EMP132I,DT2,JR15,1,94500,11340,0,3,1096.2,84256.2
EMP133I,DT2,JR08,6,71500,8580,0,4.1,2745.6,65665.6
EMP134I,DT5,JR16,5,105825,12699,0,2,10370.85,103496.85
EMP135I,DT1,JR13,0,122400,14688,0,2,900.86,108612.86
EMP136I,DT4,JR15,2,96750,11610,0,2.3,2902.5,88042.5
EMP137I,DT6,JR06,2,34880,4185.6,0,2.2,1079.88,31774.28
EMP138I,DT9,JR13,8,170400,20448,0,5,12023.42,161975.42
EMP139I,DT9,JR06,5,40160,4819.2,0,4.4,3850.54,39191.34
EMP140I,DT1,JR12,7,114325,13719,0,4.6,3155.37,103761.37
EMP141I,DT8,JR12,11,131750,15810,0,4.7,25506.8,141446.8
EMP142I,DT1,JR11,9,94575,11349,0,4.2,17212.65,100438.65
EMP143I,DT4,JR14,1,105000,12600,0,2.9,1176,93576
EMP144I,DT7,JR04,7,38360,4603.2,0,4.8,3292.82,37049.62
EMP145I,DT1,JR15,11,139950,16794,0,4.7,7456.54,130612.54
EMP146I,DT7,JR04,2,30520,3662.4,0,1.5,944.9,27802.5
EMP147I,DT8,JR01,9,21750,2610,0,4,939.6,20079.6
EMP148I,DT7,JR16,10,128350,15402,0,4,7331.35,120279.35
EMP149I,DT6,JR06,0,32160,3859.2,0,2.1,42.45,28343.25
EMP150I,DT9,JR09,5,88550,10626,0,4.8,6382.68,84306.68
EMP151I,DT5,JR10,6,140800,16896,0,4.5,13877.25,137781.25
EMP152I,DT8,JR13,8,166800,20016,0,4.2,6244.99,153028.99
EMP153I,DT2,JR15,0,90900,10908,0,2.1,94.54,80086.54
EMP154I,DT9,JR02,9,26190,3142.8,0,4,3527.27,26574.47
EMP155I,DT2,JR06,11,48960,5875.2,0,5,6227.71,49312.51
EMP156I,DT4,JR01,10,22125,2655,0,4.5,3278.93,22748.93
EMP157I,DT8,JR16,1,90950,10914,0,1.5,2190.08,82226.08
EMP158I,DT1,JR05,4,41125,4935,0,4,2533.3,38723.3
EMP159I,DT8,JR11,7,88400,10608,0,4.2,10692.86,88484.86
EMP160I,DT9,JR13,7,162600,19512,0,4.9,18009.58,161097.58
EMP161I,DT2,JR12,6,110500,13260,0,4.7,2917.2,100157.2
EMP162I,DT3,JR05,6,46200,5544,0,4.6,3666.43,44322.43
EMP163I,DT7,JR15,9,131850,15822,0,4.9,22562.17,138590.17
EMP164I,DT1,JR12,3,99025,11883,0,4,3398.54,90540.54
EMP165I,DT3,JR02,4,21600,2592,0,2.3,1313.28,20321.28
EMP166I,DT8,JR01,1,15675,1881,117.56,3,242.65,13919.09
EMP167I,DT9,JR06,8,44640,5356.8,0,4.6,2398.06,41681.26
EMP168I,DT4,JR15,9,130950,15714,0,4.4,20972.95,136208.95
EMP169I,DT4,JR12,10,127075,15249,0,4.6,9561.12,121387.12
EMP170I,DT8,JR08,0,56100,6732,0,2.4,107.71,49475.71
EMP171I,DT9,JR11,8,89700,10764,0,5,8453.33,87389.33
EMP172I,DT4,JR14,1,106500,12780,0,3,1827.54,95547.54
EMP173I,DT2,JR10,11,168850,20262,0,4.6,22403.02,170991.02
EMP174I,DT7,JR16,0,86700,10404,0,2.9,194.21,76490.21
EMP175I,DT9,JR03,1,21730,2607.6,0,2.5,239.9,19362.3
EMP176I,DT1,JR14,7,134500,16140,0,4.7,6681.96,125041.96
EMP177I,DT4,JR05,4,41650,4998,0,3.6,1202.85,37854.85
EMP178I,DT8,JR03,2,22447.5,2693.7,0,2.1,580.04,20333.84
EMP179I,DT6,JR07,11,61200,7344,0,5,9860.54,63716.54
EMP180I,DT3,JR03,4,24497.5,2939.7,0,2.1,1719.72,23277.52
EMP181I,DT5,JR15,5,114300,13716,0,4.9,6419.09,107003.09
EMP182I,DT5,JR07,10,59600,7152,0,4.2,6308.06,58756.06
EMP183I,DT8,JR08,2,59675,7161,0,1.9,892.74,53406.74
EMP184I,DT2,JR02,4,21870,2624.4,0,4.4,677.1,19922.7
EMP185I,DT7,JR03,5,25727.5,3087.3,0,4.5,1731.98,24372.18
EMP186I,DT9,JR07,1,42600,5112,0,2.1,731.02,38219.02
EMP187I,DT1,JR15,2,97200,11664,0,1.5,2426.11,87962.11
EMP188I,DT5,JR12,4,103700,12444,0,3.3,3467.73,94723.73
EMP189I,DT1,JR01,9,21825,2619,0,4.8,3098.28,22304.28
EMP190I,DT7,JR07,3,46800,5616,0,3.1,2100.38,43284.38
EMP191I,DT9,JR16,4,103700,12444,0,4.4,3832.75,95088.75
EMP192I,DT8,JR10,8,154550,18546,0,4.5,20530.42,156534.42
EMP193I,DT9,JR13,6,157200,18864,0,4.5,14424.67,152760.67
EMP194I,DT6,JR01,9,22050,2646,0,4.2,1906.88,21310.88
EMP195I,DT8,JR13,6,156000,18720,0,5,14227.2,151507.2
EMP196I,DT3,JR11,3,74750,8970,0,2.7,2601.3,68381.3
EMP197I,DT2,JR03,6,26650,3198,0,4.4,1535.04,24987.04
EMP198I,DT1,JR03,5,25830,3099.6,0,4.4,2095.33,24825.73
EMP199I,DT8,JR07,5,49200,5904,0,3.6,2263.2,45559.2
EMP200I,DT2,JR15,7,119250,14310,0,4.9,5580.9,110520.9
EMP201I,DT9,JR14,3,114000,13680,0,2.1,3192,103512
EMP202I,DT1,JR05,8,49700,5964,0,3.9,3339.84,47075.84
EMP203I,DT3,JR10,10,163900,19668,0,4.5,24414.54,168646.54
EMP204I,DT9,JR05,4,41650,4998,0,2.1,1582.7,38234.7
EMP205I,DT3,JR02,2,19710,2365.2,147.82,1.7,584.2,17781.18
EMP206I,DT8,JR15,2,100350,12042,0,2.5,1846.44,90154.44
EMP207I,DT2,JR08,5,68200,8184,0,3.2,3404.54,63420.54
EMP208I,DT7,JR10,7,145750,17490,0,5,18947.5,147207.5
EMP209I,DT5,JR16,12,133875,16065,0,4.3,7389.9,125199.9
EMP210I,DT7,JR03,5,25830,3099.6,0,4.9,2310.24,25040.64
EMP211I,DT8,JR04,5,35140,4216.8,0,4.1,2939.11,33862.31
EMP212I,DT2,JR13,5,152400,18288,0,3.9,10533.89,144645.89
EMP213I,DT6,JR08,8,76450,9174,0,5,11210.63,78486.63
EMP214I,DT5,JR13,6,157800,18936,0,4.8,13520.3,152384.3
EMP215I,DT9,JR10,2,118800,14256,0,2.8,1368.58,105912.58
EMP216I,DT6,JR03,4,24087.5,2890.5,0,3.5,775.62,21972.62
EMP217I,DT1,JR09,8,98350,11802,0,5,15614.05,102162.05
EMP218I,DT6,JR05,11,53900,6468,0,4.4,6519.74,53951.74
EMP219I,DT9,JR13,11,184200,22104,0,4.6,23651.28,185747.28
EMP220I,DT4,JR08,9,79475,9537,0,4.5,6507.41,76445.41
EMP221I,DT4,JR02,8,25200,3024,0,4.3,3386.88,25562.88
EMP222I,DT3,JR06,12,50400,6048,0,3.9,9041.76,53393.76
EMP223I,DT4,JR16,10,127925,15351,0,4.8,24807.22,137381.22
EMP224I,DT4,JR01,5,18600,2232,139.5,2.4,1428.48,17656.98
EMP225I,DT2,JR16,11,132175,15861,0,4.4,12910.85,129224.85
EMP226I,DT9,JR04,11,42840,5140.8,0,4.7,6357.46,44056.66
EMP227I,DT8,JR13,7,162600,19512,0,3.9,11544.6,154632.6
EMP228I,DT6,JR06,1,33280,3993.6,0,2.9,383.39,29669.79
EMP229I,DT3,JR15,5,114300,13716,0,4.1,9875.52,110459.52
EMP230I,DT4,JR10,6,144100,17292,0,4.4,7504.73,134312.73
EMP231I,DT3,JR07,9,58400,7008,0,4.6,8381.57,59773.57
EMP232I,DT5,JR12,2,94350,11322,0,2,1660.56,84688.56
EMP233I,DT7,JR02,1,19170,2300.4,143.78,2.4,328.96,17054.78
EMP234I,DT8,JR15,11,140400,16848,0,4.4,6918.91,130470.91
EMP235I,DT5,JR10,8,154000,18480,0,3.9,11827.2,147347.2
EMP236I,DT4,JR13,7,162600,19512,0,4.3,20318.5,163406.5
EMP237I,DT4,JR13,3,138000,16560,0,4,1821.6,123261.6
EMP238I,DT7,JR11,4,77350,9282,0,2.7,4467.74,72535.74
EMP239I,DT7,JR05,9,50925,6111,0,4.9,4078.07,48892.07
EMP240I,DT9,JR06,10,48640,5836.8,0,4.7,4451.53,47254.73
EMP241I,DT6,JR10,6,140250,16830,0,4.5,13576.2,136996.2
EMP242I,DT6,JR02,6,23220,2786.4,0,4.1,1292.89,21726.49
EMP243I,DT3,JR07,9,57400,6888,0,4.5,3196.03,53708.03
EMP244I,DT5,JR03,11,31775,3813,0,4.2,4054.49,32016.49
EMP245I,DT6,JR03,4,24190,2902.8,0,2.2,1602.35,22889.55
EMP246I,DT5,JR16,0,85000,10200,0,1.7,0,74800
EMP247I,DT6,JR09,7,93100,11172,0,4,7619.3,89547.3
EMP248I,DT8,JR11,0,65975,7917,0,1.5,253.34,58311.34
EMP249I,DT3,JR12,11,129625,15555,0,4.1,23954.7,138024.7
EMP250I,DT8,JR02,1,19170,2300.4,143.78,2.5,398.74,17124.56
EMP251I,DT4,JR14,9,146500,17580,0,5,12534.54,141454.54
EMP252I,DT3,JR16,11,130900,15708,0,5,6785.86,121977.86
EMP253I,DT5,JR10,6,143550,17226,0,4.1,12959.69,139283.69
EMP254I,DT3,JR05,9,50225,6027,0,5,7515.67,51713.67
EMP255I,DT1,JR09,11,106750,12810,0,3.9,12105.45,106045.45
EMP256I,DT8,JR13,1,123600,14832,0,2.2,1156.9,109924.9
EMP257I,DT6,JR07,10,60800,7296,0,4.6,7334.91,60838.91
EMP258I,DT1,JR02,1,18990,2278.8,142.42,2.2,376,16944.78
EMP259I,DT5,JR13,11,186600,22392,0,4.1,40596.7,204804.7
EMP260I,DT2,JR02,11,27810,3337.2,0,5,2303.78,26776.58
EMP261I,DT6,JR11,9,94900,11388,0,4.8,6286.18,89798.18
EMP262I,DT7,JR14,8,141500,16980,0,4.1,4697.8,129217.8
EMP263I,DT5,JR13,8,167400,20088,0,4.6,26449.2,173761.2
EMP264I,DT5,JR11,1,66950,8034,0,2.2,674.86,59590.86
EMP265I,DT6,JR07,10,59800,7176,0,4.1,2841.7,55465.7
EMP266I,DT8,JR10,5,136950,16434,0,3.2,3489.49,124005.49
EMP267I,DT2,JR02,8,24840,2980.8,0,4.4,2038.87,23898.07
EMP268I,DT1,JR10,3,127050,15246,0,2,7562.02,119366.02
EMP269I,DT9,JR02,5,22140,2656.8,0,4.1,733.28,20216.48
EMP270I,DT7,JR03,5,25420,3050.4,0,3.1,1317.77,23687.37
EMP271I,DT9,JR14,6,129500,15540,0,4.1,11307.94,125267.94
EMP272I,DT1,JR09,11,108500,13020,0,3.9,17663.8,113143.8
EMP273I,DT7,JR08,7,74250,8910,0,5,4781.7,70121.7
EMP274I,DT8,JR14,3,115000,13800,0,4,3864,105064
EMP275I,DT3,JR14,1,103500,12420,0,2.3,1246.14,92326.14
EMP276I,DT7,JR01,1,15975,1917,119.81,3,191.06,14129.25
EMP277I,DT7,JR15,3,103500,12420,0,2,4719.6,95799.6
EMP278I,DT3,JR08,10,83325,9999,0,4.2,11672.17,84998.17
EMP279I,DT7,JR08,2,60225,7227,0,1.9,1739.3,54737.3
EMP280I,DT6,JR13,10,177600,21312,0,4,18413.57,174701.57
EMP281I,DT6,JR01,11,23250,2790,0,4.7,4296.6,24756.6
EMP282I,DT1,JR11,0,65325,7839,0,1.8,112.36,57598.36
EMP283I,DT7,JR12,11,133025,15963,0,4.9,25253.47,142315.47
EMP284I,DT3,JR03,5,25932.5,3111.9,0,4.2,1319.45,24140.05
EMP285I,DT1,JR01,4,18300,2196,137.25,3.5,1449.36,17416.11
EMP286I,DT4,JR08,4,66000,7920,0,4.3,1267.2,59347.2
EMP287I,DT4,JR06,7,43040,5164.8,0,4.6,5345.57,43220.77
EMP288I,DT8,JR13,3,135000,16200,0,2.1,4725,123525
EMP289I,DT7,JR05,6,45675,5481,0,5,3789.2,43983.2
EMP290I,DT8,JR15,11,140400,16848,0,4.4,14466.82,138018.82
EMP291I,DT3,JR13,10,177000,21240,0,4.4,14124.6,169884.6
EMP292I,DT4,JR05,4,42000,5040,0,3.2,3292.8,40252.8
EMP293I,DT5,JR09,11,108500,13020,0,4.7,15276.8,110756.8
EMP294I,DT9,JR12,7,116450,13974,0,4.5,9651.38,112127.38
EMP295I,DT6,JR14,9,144500,17340,0,4.5,14403.76,141563.76
EMP296I,DT6,JR09,8,98700,11844,0,4.3,15863.06,102719.06
EMP297I,DT9,JR04,8,38780,4653.6,0,4,2149.96,36276.36
EMP298I,DT6,JR07,3,45600,5472,0,4.3,1532.16,41660.16
EMP299I,DT9,JR12,3,96475,11577,0,3.8,1979.67,86877.67
EMP300I,DT3,JR12,2,93925,11271,0,4.4,2840.29,85494.29
EMP301I,DT3,JR03,6,26240,3148.8,0,4.1,1175.55,24266.75
EMP302I,DT9,JR14,6,129000,15480,0,5,13766.88,127286.88
EMP303I,DT7,JR05,8,48125,5775,0,4.6,4908.75,47258.75
EMP304I,DT3,JR11,3,75075,9009,0,3.2,3537.53,69603.53
EMP305I,DT1,JR13,4,145200,17424,0,3.5,4634.78,132410.78
EMP306I,DT6,JR03,4,24190,2902.8,0,2.4,592.17,21879.37
EMP307I,DT4,JR06,10,47520,5702.4,0,4.1,4793.82,46611.42
EMP308I,DT4,JR08,10,83600,10032,0,4.4,4521.09,78089.09
EMP309I,DT1,JR02,7,24480,2937.6,0,4.2,2467.58,24009.98
EMP310I,DT6,JR16,9,121125,14535,0,4.5,6177.38,112767.38
EMP311I,DT2,JR04,3,32200,3864,0,4.1,1043.28,29379.28
EMP312I,DT4,JR07,8,56600,6792,0,4.2,6013.18,55821.18
EMP313I,DT6,JR08,3,64075,7689,0,3.8,2621.95,59007.95
EMP314I,DT4,JR14,2,111000,13320,0,3.4,1465.2,99145.2
EMP315I,DT7,JR01,2,16575,1989,124.31,3.3,264.54,14726.23
EMP316I,DT4,JR11,7,86125,10335,0,4.5,6269.9,82059.9
EMP317I,DT5,JR15,9,131400,15768,0,4.6,13055.9,128687.9
EMP318I,DT5,JR16,5,106250,12750,0,3.9,7650,101150
EMP319I,DT6,JR10,11,171600,20592,0,5,27675.65,178683.65
EMP320I,DT1,JR16,9,122825,14739,0,4.5,18802.05,126888.05
EMP321I,DT4,JR12,3,99025,11883,0,2.5,1960.7,89102.7
EMP322I,DT8,JR08,1,57750,6930,0,2.1,1016.4,51836.4
EMP323I,DT4,JR14,11,156000,18720,0,4.7,6988.8,144268.8
EMP324I,DT9,JR04,9,40180,4821.6,0,4.6,5732.88,41091.28
EMP325I,DT9,JR16,8,118150,14178,0,4.1,12533.35,116505.35
EMP326I,DT3,JR08,5,68750,8250,0,4.3,5912.5,66412.5
EMP327I,DT4,JR08,7,74800,8976,0,3.9,9694.08,75518.08
EMP328I,DT7,JR07,1,42000,5040,0,1.8,705.6,37665.6
EMP329I,DT4,JR05,10,53025,6363,0,4.2,8083.13,54745.13
EMP330I,DT6,JR12,4,101150,12138,0,4.1,7379.9,96391.9
EMP331I,DT1,JR01,8,20850,2502,156.38,4.1,975.78,19167.4
EMP332I,DT7,JR02,5,22680,2721.6,0,4.9,2122.85,22081.25
EMP333I,DT9,JR16,4,101575,12189,0,2.3,3169.14,92555.14
EMP334I,DT4,JR05,11,53375,6405,0,4.4,3586.8,50556.8
EMP335I,DT4,JR05,2,37975,4557,0,1.6,852.16,34270.16
EMP336I,DT4,JR14,10,147500,17700,0,4.8,23541,153341
EMP337I,DT3,JR15,2,99450,11934,0,3.3,3926.29,91442.29
EMP338I,DT3,JR01,0,15225,1827,114.19,3,76.73,13360.54
EMP339I,DT5,JR14,3,116000,13920,0,3.2,2524.16,104604.16
EMP340I,DT6,JR12,5,106675,12801,0,4,7181.36,101055.36
EMP341I,DT9,JR10,11,170500,20460,0,4.1,12753.4,162793.4
EMP342I,DT5,JR11,4,79300,9516,0,3.6,2651.79,72435.79
EMP343I,DT7,JR14,10,149000,17880,0,4.9,16354.24,147474.24
EMP344I,DT2,JR15,5,112500,13500,0,3.8,8775,107775
EMP345I,DT2,JR02,10,26640,3196.8,0,3.9,5114.88,28558.08
EMP346I,DT7,JR05,4,42700,5124,0,3.3,3231.54,40807.54
EMP347I,DT1,JR02,3,20880,2505.6,156.6,4.3,561.25,18779.05
EMP348I,DT6,JR09,6,92400,11088,0,4.3,10881.02,92193.02
EMP349I,DT5,JR16,10,127925,15351,0,4.8,7235.44,119809.44
EMP350I,DT4,JR15,5,112500,13500,0,4.1,7200,106200
EMP351I,DT5,JR06,9,46880,5625.6,0,4.8,7847.71,49102.11
EMP352I,DT3,JR15,8,126900,15228,0,4.5,17897.98,129569.98
EMP353I,DT2,JR01,4,17625,2115,132.19,3.9,888.3,16266.11
EMP354I,DT5,JR05,10,52150,6258,0,4.5,4701.84,50593.84
EMP355I,DT7,JR05,2,37975,4557,0,2.2,464.81,33882.81
EMP356I,DT6,JR10,5,136950,16434,0,2.2,10736.88,131252.88
EMP357I,DT4,JR01,12,23700,2844,0,4.1,4948.56,25804.56
EMP358I,DT3,JR16,9,122400,14688,0,4.4,16803.07,124515.07
EMP359I,DT1,JR14,10,149500,17940,0,3.9,10064.34,141624.34
EMP360I,DT8,JR13,8,165600,19872,0,4.4,15606.14,161334.14
EMP361I,DT4,JR08,2,59125,7095,0,1.5,638.55,52668.55
EMP362I,DT2,JR01,10,22650,2718,0,4.7,2864.77,22796.77
EMP363I,DT6,JR13,9,174600,20952,0,4.6,14617.51,168265.51
EMP364I,DT7,JR06,10,48480,5817.6,0,3.9,5592.65,48255.05
EMP365I,DT4,JR13,3,137400,16488,0,3.8,5578.44,126490.44
EMP366I,DT8,JR13,10,178800,21456,0,4.7,28736.74,186080.74
EMP367I,DT7,JR07,5,49800,5976,0,3.5,1561.73,45385.73
EMP368I,DT7,JR05,10,51975,6237,0,4,8066.52,53804.52
EMP369I,DT1,JR13,2,130800,15696,0,2.3,1506.82,116610.82
EMP370I,DT6,JR04,12,44240,5308.8,0,4.3,3900.2,42831.4
EMP371I,DT7,JR16,9,122825,14739,0,4.9,19239.31,127325.31
EMP372I,DT2,JR12,11,131325,15759,0,4.6,9733.81,125299.81
EMP373I,DT8,JR03,5,25625,3075,0,2.8,1691.25,24241.25
EMP374I,DT1,JR12,6,108800,13056,0,5,9748.48,105492.48
EMP375I,DT1,JR14,4,120000,14400,0,3.5,2688,108288
EMP376I,DT4,JR06,8,44160,5299.2,0,4.9,1879.45,40740.25
EMP377I,DT3,JR11,5,81900,9828,0,5,6473.38,78545.38
EMP378I,DT4,JR04,3,31500,3780,0,3.5,1480.5,29200.5
EMP379I,DT7,JR02,1,19260,2311.2,144.45,2.5,183.36,16987.71
EMP380I,DT9,JR14,4,118500,14220,0,3.5,5086.02,109366.02
EMP381I,DT3,JR05,6,44625,5355,0,4.6,1178.1,40448.1
EMP382I,DT7,JR02,8,25470,3056.4,0,4,3889.78,26303.38
EMP383I,DT3,JR14,4,119500,14340,0,3.2,6897.54,112057.54
EMP384I,DT6,JR01,11,23100,2772,0,4.7,2594.59,22922.59
EMP385I,DT9,JR10,10,166650,19998,0,4.8,25404.13,172056.13
EMP386I,DT7,JR02,11,27630,3315.6,0,4.8,5203.28,29517.68
EMP387I,DT2,JR10,6,144100,17292,0,3.9,13579.98,140387.98
EMP388I,DT2,JR12,6,108800,13056,0,5,5361.66,101105.66
EMP389I,DT3,JR16,3,99025,11883,0,2.8,1437.84,88579.84
EMP390I,DT6,JR11,8,92300,11076,0,3.9,6202.56,87426.56
EMP391I,DT1,JR06,6,40800,4896,0,5,1077.12,36981.12
EMP392I,DT1,JR06,1,33440,4012.8,0,2.6,120.38,29547.58
EMP393I,DT4,JR01,5,18825,2259,141.19,4.7,1574.52,17999.33
EMP394I,DT7,JR08,9,78925,9471,0,4,10986.36,80440.36
EMP395I,DT5,JR07,7,53400,6408,0,4.5,4722.7,51714.7
EMP396I,DT9,JR16,5,106250,12750,0,2.6,7437.5,100937.5
EMP397I,DT1,JR03,5,25830,3099.6,0,4.4,1343.16,24073.56
EMP398I,DT6,JR05,10,51625,6195,0,5,7062.3,52492.3
EMP399I,DT6,JR15,6,114750,13770,0,5,4291.65,105271.65
EMP400I,DT1,JR07,4,48200,5784,0,4.1,1818.1,44234.1
EMP401I,DT5,JR13,7,162000,19440,0,4.2,16783.2,159343.2
EMP402I,DT4,JR08,6,70950,8514,0,3.9,3127.48,65563.48
EMP403I,DT5,JR14,1,107000,12840,0,2.7,898.8,95058.8
EMP404I,DT4,JR16,2,94350,11322,0,3.9,3155.06,86183.06
EMP405I,DT7,JR10,3,125400,15048,0,3.4,3089.86,113441.86
EMP406I,DT5,JR11,2,70525,8463,0,3,575.48,62637.48
EMP407I,DT6,JR12,0,85425,10251,0,2.7,78.59,75252.59
EMP408I,DT6,JR10,11,170500,20460,0,4.8,10502.8,160542.8
EMP409I,DT4,JR02,4,21420,2570.4,0,3.2,553.49,19403.09
EMP410I,DT8,JR04,1,28700,3444,0,2.2,97.58,25353.58
EMP411I,DT1,JR01,8,20625,2475,154.69,4.6,2351.25,20346.56
EMP412I,DT1,JR07,9,57600,6912,0,4.9,2230.27,52918.27
EMP413I,DT9,JR06,3,36320,4358.4,0,2.8,509.93,32471.53
EMP414I,DT4,JR04,7,37380,4485.6,0,4.2,4407.85,37302.25
EMP415I,DT1,JR04,4,34020,4082.4,0,3,877.72,30815.32
EMP416I,DT8,JR16,11,130475,15657,0,3.9,20662.02,135480.02
EMP417I,DT3,JR01,8,20850,2502,156.38,4.7,3252.6,21444.22
EMP418I,DT6,JR01,7,20325,2439,152.44,3.9,1789.41,19522.97
EMP419I,DT9,JR07,6,51200,6144,0,4.9,3325.95,48381.95
EMP420I,DT9,JR09,1,74550,8946,0,2.2,542.72,66146.72
EMP421I,DT6,JR15,6,116100,13932,0,4.9,8080.56,110248.56
EMP422I,DT7,JR03,3,23882.5,2865.9,0,3.6,630.5,21647.1
EMP423I,DT7,JR16,5,106675,12801,0,4,4352.34,98226.34
EMP424I,DT4,JR03,0,20910,2509.2,156.82,2.3,80.29,18324.27
EMP425I,DT6,JR09,9,102550,12306,0,4,3814.86,94058.86
EMP426I,DT1,JR13,5,147000,17640,0,3.1,10054.8,139414.8
EMP427I,DT2,JR14,0,102000,12240,0,1.8,620.16,90380.16
EMP428I,DT1,JR09,8,98700,11844,0,4.9,12625.7,99481.7
EMP429I,DT2,JR09,5,88550,10626,0,4.9,8072.22,85996.22
EMP430I,DT1,JR03,1,21115,2533.8,0,2,101.35,18682.55
EMP431I,DT9,JR09,1,73850,8862,0,2.5,844.84,65832.84
EMP432I,DT1,JR01,2,16500,1980,123.75,2.7,409.2,14805.45
EMP433I,DT8,JR08,5,69300,8316,0,4.6,2738.74,63722.74
EMP434I,DT1,JR10,2,119900,14388,0,2.1,2417.18,107929.18
EMP435I,DT4,JR04,7,37520,4502.4,0,3.9,3367.8,36385.4
EMP436I,DT5,JR02,10,26730,3207.6,0,4.6,4563.35,28085.75
EMP437I,DT2,JR06,1,33280,3993.6,0,2.2,425.98,29712.38
EMP438I,DT3,JR03,6,26547.5,3185.7,0,4.8,2568.74,25930.54
EMP439I,DT2,JR05,1,36925,4431,0,2.8,584.89,33078.89
EMP440I,DT5,JR13,4,142200,17064,0,3.9,5471.86,130607.86
EMP441I,DT3,JR08,7,75350,9042,0,4.2,8921.44,75229.44
EMP442I,DT6,JR07,3,45200,5424,0,3.4,1974.34,41750.34
EMP443I,DT3,JR10,3,124850,14982,0,3.8,5798.03,115666.03
EMP444I,DT2,JR15,9,130950,15714,0,4.5,19066.32,134302.32
EMP445I,DT3,JR08,8,75900,9108,0,3.9,2538.1,69330.1
EMP446I,DT7,JR06,1,33920,4070.4,0,2.8,748.95,30598.55
EMP447I,DT7,JR03,7,27162.5,3259.5,0,4.8,2966.15,26869.15
EMP448I,DT8,JR08,10,81125,9735,0,4.7,15105.48,86495.48
EMP449I,DT9,JR03,6,26547.5,3185.7,0,4.4,2004.87,25366.67
EMP450I,DT5,JR16,10,127075,15249,0,4.4,9561.12,121387.12
EMP451I,DT5,JR16,4,101150,12138,0,3.7,2921.21,91933.21
EMP452I,DT9,JR07,7,53800,6456,0,4.3,6088.01,53432.01
EMP453I,DT2,JR08,11,83875,10065,0,3.9,4931.85,78741.85
EMP454I,DT4,JR05,6,45675,5481,0,4.2,4012.09,44206.09
EMP455I,DT3,JR05,5,43050,5166,0,2.1,3881.39,41765.39
EMP456I,DT2,JR02,10,27270,3272.4,0,4.6,4157.04,28154.64
EMP457I,DT3,JR02,6,23310,2797.2,0,4.5,1595.34,22108.14
EMP458I,DT3,JR12,10,127500,15300,0,4.1,9180,121380
EMP459I,DT6,JR11,0,65650,7878,0,2.6,120.8,57892.8
EMP460I,DT5,JR04,11,43260,5191.2,0,4.8,3772.27,41841.07
EMP461I,DT7,JR05,3,40250,4830,0,4,2221.8,37641.8
EMP462I,DT3,JR04,11,43260,5191.2,0,4.9,6224.25,44293.05
EMP463I,DT2,JR03,7,27675,3321,0,4.8,1704.78,26058.78
EMP464I,DT7,JR09,1,72450,8694,0,2.6,770.87,64526.87
EMP465I,DT5,JR06,9,46880,5625.6,0,5,5406.2,46660.6
EMP466I,DT8,JR07,6,51800,6216,0,4.6,2322.71,47906.71
EMP467I,DT7,JR06,6,40800,4896,0,5,2692.8,38596.8
EMP468I,DT2,JR08,8,75625,9075,0,4.2,9301.87,75851.87
EMP469I,DT5,JR07,9,57200,6864,0,4.7,6296.58,56632.58
EMP470I,DT7,JR14,4,122000,14640,0,3.4,9877.12,117237.12
EMP471I,DT7,JR15,11,138150,16578,0,4.6,17738.46,139310.46
EMP472I,DT1,JR09,9,100450,12054,0,4.4,11535.68,99931.68
EMP473I,DT4,JR08,8,76175,9141,0,4.9,9619.38,76653.38
EMP474I,DT8,JR07,6,52600,6312,0,4.9,5434.63,51722.63
EMP475I,DT8,JR14,4,122000,14640,0,3.5,2791.36,110151.36
EMP476I,DT3,JR03,2,22755,2730.6,0,2.2,420.51,20444.91
EMP477I,DT2,JR14,10,152000,18240,0,5,22131.2,155891.2
EMP478I,DT7,JR01,11,23175,2781,0,4.5,3738.59,24132.59
EMP479I,DT8,JR04,8,39060,4687.2,0,3.9,6048.05,40420.85
EMP480I,DT8,JR16,8,120700,14484,0,4.1,15005.42,121221.42
EMP481I,DT5,JR15,7,123300,14796,0,4.4,8029.3,116533.3
EMP482I,DT9,JR03,8,29007.5,3480.9,0,3.9,1348.27,26874.87
EMP483I,DT5,JR11,7,87100,10452,0,5,3790.59,80438.59
EMP484I,DT1,JR05,3,39900,4788,0,3.3,2100.34,37212.34
EMP485I,DT7,JR12,1,87550,10506,0,2.5,651.37,77695.37
EMP486I,DT9,JR14,3,115500,13860,0,4.4,6731.34,108371.34
EMP487I,DT1,JR02,5,22500,2700,0,3.1,495,20295
EMP488I,DT5,JR14,6,130500,15660,0,4.9,14010.48,128850.48
EMP489I,DT2,JR04,5,35420,4250.4,0,4.8,2853.44,34023.04
EMP490I,DT1,JR10,2,121000,14520,0,4.2,2710.4,109190.4
EMP491I,DT6,JR16,10,127925,15351,0,4,18605.41,131179.41
EMP492I,DT9,JR11,6,85475,10257,0,4.9,8831.28,84049.28
EMP493I,DT6,JR04,7,37100,4452,0,4.9,4437.16,37085.16
EMP494I,DT8,JR10,9,160050,19206,0,4.6,13981.97,154825.97
EMP495I,DT4,JR03,8,28290,3394.8,0,4.2,1032.02,25927.22
EMP496I,DT6,JR14,10,147500,17700,0,4.9,19057,148857
EMP497I,DT3,JR04,7,38220,4586.4,0,3.9,3013.26,36646.86
EMP498I,DT2,JR03,7,27572.5,3308.7,0,4.1,3424.5,27688.3
EMP499I,DT8,JR14,12,158000,18960,0,4.2,17594.88,156634.88
EMP500I,DT5,JR08,4,66825,8019,0,4,1953.96,60759.96
EMP501I,DT8,JR01,0,15075,1809,113.06,2.3,27.14,13180.08
EMP502I,DT6,JR09,6,89950,10794,0,4.2,6972.92,86128.92
EMP503I,DT2,JR15,11,139050,16686,0,4.2,29706.64,152070.64
EMP504I,DT3,JR01,9,22050,2646,0,4.3,3896.68,23300.68
EMP505I,DT3,JR02,9,25650,3078,0,5,2790.72,25362.72
EMP506I,DT5,JR15,3,105300,12636,0,2,5728.32,98392.32
EMP507I,DT2,JR01,10,22350,2682,0,4.4,2190.3,21858.3
EMP508I,DT5,JR05,4,42350,5082,0,3.3,1422.96,38690.96
EMP509I,DT1,JR06,3,36320,4358.4,0,2.4,1765.15,33726.75
EMP510I,DT8,JR02,11,28170,3380.4,0,3.9,5729.78,30519.38
EMP511I,DT4,JR01,10,22650,2718,0,4.5,1848.24,21780.24
EMP512I,DT3,JR05,3,39900,4788,0,3.8,2145.02,37257.02
EMP513I,DT6,JR15,1,94950,11394,0,2.6,1587.56,85143.56
EMP514I,DT3,JR11,2,71500,8580,0,3.9,1658.8,64578.8
EMP515I,DT7,JR05,1,35875,4305,0,1.6,315.7,31885.7
EMP516I,DT8,JR16,9,121975,14637,0,4.1,16978.92,124316.92
EMP517I,DT4,JR15,10,135450,16254,0,4,25172.03,144368.03
EMP518I,DT2,JR02,0,18270,2192.4,137.03,1.5,35.08,15975.65
EMP519I,DT4,JR08,2,60775,7293,0,4.4,1225.22,54707.22
EMP520I,DT6,JR07,5,50600,6072,0,4.4,1823.62,46351.62
EMP521I,DT3,JR15,4,108450,13014,0,4,8359.33,103795.33
EMP522I,DT9,JR07,3,46400,5568,0,3.6,1366.02,42198.02
EMP523I,DT4,JR06,11,49120,5894.4,0,4.8,5466.07,48691.67
EMP524I,DT8,JR05,4,42700,5124,0,2.8,3532.14,41108.14
EMP525I,DT9,JR05,8,48475,5817,0,4.1,2687.45,45345.45
EMP526I,DT4,JR06,9,46240,5548.8,0,4.6,5761.5,46452.7
EMP527I,DT3,JR09,4,84700,10164,0,4.4,2845.92,77381.92
EMP528I,DT5,JR15,9,130950,15714,0,4.1,11916.45,127152.45
EMP529I,DT6,JR12,7,112625,13515,0,4,3513.9,102623.9
EMP530I,DT6,JR14,8,137500,16500,0,4.3,18150,139150
EMP531I,DT1,JR13,11,184200,22104,0,4.6,23651.28,185747.28
EMP532I,DT7,JR07,6,51000,6120,0,4.8,1458.6,46338.6
EMP533I,DT5,JR14,4,122000,14640,0,2.1,6871.04,114231.04
EMP534I,DT8,JR09,4,83300,9996,0,4.5,1519.39,74823.39
EMP535I,DT6,JR12,8,120275,14433,0,4.6,7986.26,113828.26
EMP536I,DT7,JR08,7,72875,8745,0,4.2,9094.8,73224.8
EMP537I,DT9,JR03,11,31980,3837.6,0,4.8,6017.36,34159.76
EMP538I,DT3,JR06,4,38080,4569.6,0,3.8,1447.04,34957.44
EMP539I,DT1,JR03,6,27060,3247.2,0,4.2,1177.65,24990.45
EMP540I,DT7,JR08,11,84700,10164,0,4.3,11708.93,86244.93
EMP541I,DT4,JR11,1,69225,8307,0,1.6,827.93,61745.93
EMP542I,DT8,JR03,1,21832.5,2619.9,0,2.6,136.23,19348.83
EMP543I,DT8,JR05,11,54075,6489,0,4.7,3064.97,50650.97
EMP544I,DT4,JR14,7,135000,16200,0,5,11718,130518
EMP545I,DT6,JR08,10,81675,9801,0,4.6,3802.79,75676.79
EMP546I,DT4,JR15,8,127800,15336,0,5,14170.46,126634.46
EMP547I,DT5,JR03,9,29417.5,3530.1,0,4,4709.15,30596.55
EMP548I,DT8,JR08,12,86900,10428,0,4.8,15322.21,91794.21
EMP549I,DT7,JR05,6,44625,5355,0,4.4,4025.18,43295.18
EMP550I,DT1,JR07,3,45800,5496,0,2.1,1009.43,41313.43
EMP551I,DT9,JR05,9,50750,6090,0,4.5,3105.9,47765.9
EMP552I,DT5,JR09,9,101850,12222,0,4.5,12234.22,101862.22
EMP553I,DT8,JR04,4,34020,4082.4,0,3.2,2282.06,32219.66
EMP554I,DT3,JR04,8,38920,4670.4,0,4.6,3157.19,37406.79
EMP555I,DT8,JR14,6,130500,15660,0,5,12736.8,127576.8
EMP556I,DT6,JR07,10,60800,7296,0,4.4,9864.19,63368.19
EMP557I,DT7,JR07,1,42800,5136,0,1.7,479.36,38143.36
EMP558I,DT4,JR02,1,18540,2224.8,139.05,2.2,164.64,16340.79
EMP559I,DT9,JR15,12,141750,17010,0,4.3,28038.15,152778.15
EMP560I,DT4,JR04,2,31220,3746.4,0,3.9,488.28,27961.88
EMP561I,DT1,JR14,1,102500,12300,0,1.9,348.5,90548.5
EMP562I,DT6,JR15,11,138600,16632,0,4.7,19160.06,141128.06
EMP563I,DT1,JR10,11,167750,20130,0,4.5,31704.75,179324.75
EMP564I,DT9,JR15,3,102150,12258,0,3.1,1434.19,91326.19
EMP565I,DT4,JR03,11,32185,3862.2,0,4.7,6457.6,34780.4
EMP566I,DT1,JR01,1,15525,1863,116.44,2.5,82.59,13628.15
EMP567I,DT4,JR08,9,80300,9636,0,4.5,11524.66,82188.66
EMP568I,DT4,JR14,7,135500,16260,0,4.8,4617.84,123857.84
EMP569I,DT8,JR09,6,90300,10836,0,3.9,9008.33,88472.33
EMP570I,DT9,JR05,7,47600,5712,0,4.2,1782.14,43670.14
EMP571I,DT7,JR05,7,46375,5565,0,4.4,3255.53,44065.53
EMP572I,DT6,JR14,10,148000,17760,0,4.8,23869.44,154109.44
EMP573I,DT1,JR16,1,89250,10710,0,2.7,1785,80325
EMP574I,DT3,JR15,1,92700,11124,0,2,845.42,82421.42
EMP575I,DT4,JR09,5,87850,10542,0,4.4,5376.42,82684.42
EMP576I,DT6,JR12,11,131325,15759,0,4.6,25765.97,141331.97
EMP577I,DT3,JR14,2,109000,13080,0,2.3,2354.4,98274.4
EMP578I,DT3,JR16,10,125375,15045,0,5,11910.62,122240.62
EMP579I,DT4,JR07,6,51200,6144,0,4.9,3899.39,48955.39
EMP580I,DT9,JR13,1,125400,15048,0,2.4,2031.48,112383.48
EMP581I,DT2,JR05,2,39025,4683,0,3.3,574.45,34916.45
EMP582I,DT6,JR13,5,152400,18288,0,4.7,11521.44,145633.44
EMP583I,DT3,JR13,6,157200,18864,0,4.7,11695.68,150031.68
EMP584I,DT7,JR09,10,104650,12558,0,5,7873.87,99965.87
EMP585I,DT6,JR05,3,39900,4788,0,3.7,1072.51,36184.51
EMP586I,DT4,JR01,7,20325,2439,152.44,4.1,2828.43,20561.99
EMP587I,DT5,JR03,10,30647.5,3677.7,0,4.5,5097.29,32067.09
EMP588I,DT6,JR07,6,52600,6312,0,4.3,2253.38,48541.38
EMP589I,DT1,JR05,4,42525,5103,0,2.4,1316.57,38738.57
EMP590I,DT5,JR08,9,80575,9669,0,3.9,3896.61,74802.61
EMP591I,DT6,JR07,3,45000,5400,0,2.3,1305,40905
EMP592I,DT1,JR07,6,51600,6192,0,4.6,4189.92,49597.92
EMP593I,DT7,JR13,11,184200,22104,0,4.2,30746.66,192842.66
EMP594I,DT3,JR08,10,81125,9735,0,4.3,8631.7,80021.7
EMP595I,DT5,JR07,7,54200,6504,0,4.4,2770.7,50466.7
EMP596I,DT9,JR01,3,17250,2070,129.38,2.3,1035,16085.62
EMP597I,DT7,JR04,0,28560,3427.2,0,1.9,114.24,25247.04
EMP598I,DT6,JR01,3,17100,2052,128.25,2,632.02,15551.77
EMP599I,DT8,JR04,6,36260,4351.2,0,4.9,3337.37,35246.17
EMP600I,DT9,JR01,2,16350,1962,122.62,2.9,482.65,14748.03
EMP601I,DT1,JR04,0,28140,3376.8,0,3,55.15,24818.35
EMP602I,DT6,JR12,6,110075,13209,0,5,6754.2,103620.2
EMP603I,DT4,JR07,1,42600,5112,0,1.9,797.47,38285.47
EMP604I,DT8,JR07,5,49000,5880,0,4.5,1587.6,44707.6
EMP605I,DT5,JR11,5,79625,9555,0,4.4,7166.25,77236.25
EMP606I,DT9,JR12,6,108375,13005,0,4.6,10013.85,105383.85
EMP607I,DT9,JR07,8,56400,6768,0,4.6,2589.89,52221.89
EMP608I,DT4,JR08,1,57750,6930,0,1.7,346.5,51166.5
EMP609I,DT2,JR07,11,61200,7344,0,3.9,5708.74,59564.74
EMP610I,DT1,JR01,3,17250,2070,129.38,4,890.1,15940.72
EMP611I,DT3,JR03,5,25830,3099.6,0,4.7,2525.14,25255.54
EMP612I,DT1,JR05,3,40600,4872,0,3.8,1195.26,36923.26
EMP613I,DT5,JR11,0,65000,7800,0,2.2,0,57200
EMP614I,DT2,JR12,10,127075,15249,0,4.9,15096.51,126922.51
EMP615I,DT8,JR03,1,21627.5,2595.3,0,1.5,123.71,19155.91
EMP616I,DT7,JR03,1,21115,2533.8,0,1.5,70.95,18652.15
EMP617I,DT1,JR05,9,50400,6048,0,4.8,7805.95,52157.95
EMP618I,DT4,JR05,9,50400,6048,0,4.5,1951.49,46303.49
EMP619I,DT3,JR04,2,30520,3662.4,0,2.5,944.9,27802.5
EMP620I,DT6,JR05,5,44275,5313,0,4.7,2628.16,41590.16
EMP621I,DT6,JR06,2,34880,4185.6,0,1.5,904.09,31598.49
EMP622I,DT4,JR12,10,126225,15147,0,4.7,4897.53,115975.53
EMP623I,DT9,JR10,9,157300,18876,0,4.7,15151.14,153575.14
EMP624I,DT6,JR02,6,22950,2754,0,4,2070.09,22266.09
EMP625I,DT7,JR06,11,50080,6009.6,0,4.3,4074.51,48144.91
EMP626I,DT6,JR14,8,138000,16560,0,4.2,17619.84,139059.84
EMP627I,DT8,JR04,2,31360,3763.2,0,3,632.22,28229.02
EMP628I,DT3,JR09,5,87850,10542,0,4.6,3225.85,80533.85
EMP629I,DT9,JR16,3,98600,11832,0,3.2,4795.9,91563.9
EMP630I,DT8,JR06,4,38400,4608,0,3.2,2150.4,35942.4
EMP631I,DT3,JR13,7,163800,19656,0,4.4,19610.14,163754.14
EMP632I,DT8,JR11,8,89700,10764,0,5,12543.65,91479.65
EMP633I,DT4,JR05,5,44275,5313,0,4.3,3379.07,42341.07
EMP634I,DT3,JR01,9,21450,2574,0,4.3,2656.37,21532.37
EMP635I,DT2,JR02,6,23490,2818.8,0,4.4,2808.46,23479.66
EMP636I,DT7,JR10,3,127050,15246,0,4.3,4726.26,116530.26
EMP637I,DT5,JR09,8,97300,11676,0,4.8,7589.4,93213.4
EMP638I,DT6,JR16,4,99875,11985,0,2.8,2377.03,90267.03
EMP639I,DT2,JR03,11,31980,3837.6,0,4.8,3868.3,32010.7
EMP640I,DT5,JR06,12,50560,6067.2,0,4.8,6334.16,50826.96
EMP641I,DT8,JR06,1,32960,3955.2,0,2.4,292.68,29297.48
EMP642I,DT3,JR15,10,135900,16308,0,4.2,26060.18,145652.18
EMP643I,DT2,JR16,7,114750,13770,0,4.8,11888.1,112868.1
EMP644I,DT2,JR10,5,136400,16368,0,3.8,4713.98,124745.98
EMP645I,DT1,JR01,2,16800,2016,126,3.8,387.07,15045.07
EMP646I,DT7,JR02,4,21600,2592,0,2.9,1624.32,20632.32
EMP647I,DT3,JR14,2,112000,13440,0,2.2,2042.88,100602.88
EMP648I,DT1,JR15,2,100800,12096,0,3.4,2612.74,91316.74
EMP649I,DT9,JR07,5,50800,6096,0,4.6,4389.12,49093.12
EMP650I,DT4,JR10,6,144650,17358,0,3.9,17861.38,145153.38
EMP651I,DT1,JR05,0,35350,4242,0,2.4,36.76,31144.76
EMP652I,DT4,JR07,9,57000,6840,0,4.1,2519.4,52679.4
EMP653I,DT5,JR13,8,170400,20448,0,4.2,17748.86,167700.86
EMP654I,DT2,JR12,6,110500,13260,0,4.8,4243.2,101483.2
EMP655I,DT3,JR11,10,96850,11622,0,4.2,6454.08,91682.08
EMP656I,DT8,JR11,3,75075,9009,0,4.3,3537.53,69603.53
EMP657I,DT5,JR16,1,89675,10761,0,2.3,1854.48,80768.48
EMP658I,DT5,JR15,4,109800,13176,0,4.4,5217.7,101841.7
EMP659I,DT5,JR03,8,28802.5,3456.3,0,4,3266.2,28612.4
EMP660I,DT7,JR03,11,31980,3837.6,0,3.9,6017.36,34159.76
EMP661I,DT4,JR12,10,128775,15453,0,3.9,7427.74,120749.74
EMP662I,DT9,JR10,1,117700,14124,0,2.9,2504.66,106080.66
EMP663I,DT3,JR08,0,56100,6732,0,1.7,224.4,49592.4
EMP664I,DT4,JR07,9,58000,6960,0,4.8,5846.4,56886.4
EMP665I,DT4,JR14,11,157000,18840,0,4.5,8591.04,146751.04
EMP666I,DT2,JR16,3,96900,11628,0,3.3,3798.48,89070.48
EMP667I,DT6,JR09,1,74900,8988,0,2.9,880.82,66792.82
EMP668I,DT9,JR14,10,150000,18000,0,4.3,24600,156600
EMP669I,DT4,JR09,1,74550,8946,0,2.3,1860.77,67464.77
EMP670I,DT8,JR14,10,148000,17760,0,4.9,26142.72,156382.72
EMP671I,DT5,JR09,9,100100,12012,0,4.8,3787.78,91875.78
EMP672I,DT6,JR10,10,166650,19998,0,4.9,16478.35,163130.35
EMP673I,DT2,JR05,7,46375,5565,0,4.8,5908.18,46718.18
EMP674I,DT3,JR15,1,93600,11232,0,2.7,1228.03,83596.03
EMP675I,DT1,JR09,0,70700,8484,0,2,214.93,62430.93
EMP676I,DT8,JR10,11,170500,20460,0,4.7,27007.2,177047.2
EMP677I,DT5,JR11,5,79950,9594,0,2.8,6914.08,77270.08
EMP678I,DT3,JR13,6,153000,18360,0,3.9,9761.4,144401.4
EMP679I,DT1,JR11,11,100750,12090,0,4.6,19061.9,107721.9
EMP680I,DT3,JR04,2,31360,3763.2,0,4.2,963.38,28560.18
EMP681I,DT6,JR08,6,72325,8679,0,4.2,8019.4,71665.4
EMP682I,DT4,JR02,10,27090,3250.8,0,4.9,5034.41,28873.61
EMP683I,DT9,JR05,0,35525,4263,0,2.9,72.47,31334.47
EMP684I,DT1,JR10,6,141900,17028,0,4.7,15801.98,140673.98
EMP685I,DT8,JR13,4,141000,16920,0,3.4,6711.6,130791.6
EMP686I,DT7,JR07,11,61200,7344,0,4.3,6487.2,60343.2
EMP687I,DT9,JR12,5,104975,12597,0,2.6,3749.71,96127.71
EMP688I,DT6,JR15,11,139500,16740,0,4.9,22096.8,144856.8
EMP689I,DT8,JR13,1,124200,14904,0,2.2,1738.8,111034.8
EMP690I,DT5,JR13,10,177000,21240,0,4.6,10761.6,166521.6
EMP691I,DT6,JR13,9,175200,21024,0,3.9,11605.25,165781.25
EMP692I,DT8,JR10,7,149600,17952,0,4.6,7755.26,139403.26
EMP693I,DT5,JR13,10,180000,21600,0,4.2,26640,185040
EMP694I,DT3,JR14,1,104000,12480,0,2.4,931.84,92451.84
EMP695I,DT7,JR15,8,127800,15336,0,4.3,18464.54,130928.54
EMP696I,DT2,JR05,2,38850,4662,0,2.9,1435.9,35623.9
EMP697I,DT3,JR05,5,43925,5271,0,4,2150.57,40804.57
EMP698I,DT5,JR14,5,126500,15180,0,4.3,8045.4,119365.4
EMP699I,DT4,JR11,2,70850,8502,0,2.6,2142.5,64490.5
EMP700I,DT6,JR08,2,60775,7293,0,2.1,1174.17,54656.17
EMP701I,DT6,JR04,3,31920,3830.4,0,3.2,1001.01,29090.61
EMP702I,DT6,JR11,10,95875,11505,0,5,14573,98943
EMP703I,DT3,JR07,7,54200,6504,0,5,4156.06,51852.06
EMP704I,DT2,JR13,4,141000,16920,0,2.9,7896,131976
EMP705I,DT3,JR12,4,99875,11985,0,2.7,2516.85,90406.85
EMP706I,DT9,JR04,11,43960,5275.2,0,4.8,4610.52,43295.32
EMP707I,DT9,JR08,7,73425,8811,0,4,7674.38,72288.38
EMP708I,DT2,JR07,8,56400,6768,0,4,7399.68,57031.68
EMP709I,DT9,JR01,3,16875,2025,126.56,3.9,759.38,15482.82
EMP710I,DT5,JR12,9,123250,14790,0,4.7,19079.1,127539.1
EMP711I,DT5,JR13,8,167400,20088,0,4.9,23804.28,171116.28
EMP712I,DT9,JR08,5,69850,8382,0,4.2,4677.16,66145.16
EMP713I,DT5,JR05,1,36400,4368,0,1.8,256.26,32288.26
EMP714I,DT9,JR01,2,16425,1971,123.19,1.6,299.59,14630.4
EMP715I,DT2,JR06,10,48000,5760,0,5,5952,48192
EMP716I,DT7,JR06,7,42880,5145.6,0,5,4082.18,41816.58
EMP717I,DT9,JR13,4,145800,17496,0,2.4,11034.14,139338.14
EMP718I,DT5,JR07,5,50200,6024,0,4.6,3891.5,48067.5
EMP719I,DT5,JR11,7,88400,10608,0,4.7,6364.8,84156.8
EMP720I,DT9,JR11,3,73125,8775,0,3.3,2925,67275
EMP721I,DT3,JR02,3,20610,2473.2,154.57,3.3,860.67,18842.9
EMP722I,DT6,JR11,1,67275,8073,0,2.5,433.25,59635.25
EMP723I,DT4,JR04,12,44100,5292,0,4.9,5882.94,44690.94
EMP724I,DT8,JR10,3,127050,15246,0,3.6,6459.22,118263.22
EMP725I,DT8,JR03,1,21935,2632.2,0,2.1,135.12,19437.92
EMP726I,DT8,JR16,1,90525,10863,0,3,1365.12,81027.12
EMP727I,DT8,JR08,3,64350,7722,0,2.1,4025.74,60653.74
EMP728I,DT2,JR07,6,51600,6192,0,4.8,2753.38,48161.38
EMP729I,DT9,JR12,6,110500,13260,0,5,12199.2,109439.2
EMP730I,DT8,JR06,9,47040,5644.8,0,4.5,2299.32,43694.52
EMP731I,DT4,JR06,12,50720,6086.4,0,4.7,8782.68,53416.28
EMP732I,DT1,JR15,10,136350,16362,0,4.6,16291.1,136279.1
EMP733I,DT8,JR03,2,22652.5,2718.3,0,3.2,608.9,20543.1
EMP734I,DT3,JR13,8,167400,20088,0,4.7,22217.33,169529.33
EMP735I,DT6,JR08,5,69300,8316,0,4.9,4900.9,65884.9
EMP736I,DT5,JR01,1,15975,1917,119.81,2.5,107.99,14046.18
EMP737I,DT9,JR09,11,108500,13020,0,4.4,10980.2,106460.2
EMP738I,DT7,JR09,2,78400,9408,0,3.3,1430.02,70422.02
EMP739I,DT8,JR03,5,25317.5,3038.1,0,2.4,2094.26,24373.66
EMP740I,DT8,JR04,11,42840,5140.8,0,3.9,6175.81,43875.01
EMP741I,DT1,JR05,5,43575,5229,0,4.2,1537.33,39883.33
EMP742I,DT7,JR14,9,146000,17520,0,5,15043.84,143523.84
EMP743I,DT7,JR10,2,121550,14586,0,4.5,3063.06,110027.06
EMP744I,DT5,JR11,6,84175,10101,0,4.5,4767.67,78841.67
EMP745I,DT2,JR10,10,165000,19800,0,4.3,24420,169620
EMP746I,DT4,JR13,2,130800,15696,0,1.9,1506.82,116610.82
EMP747I,DT4,JR09,11,106750,12810,0,4.3,11208.75,105148.75
EMP748I,DT6,JR14,0,101000,12120,0,1.7,355.52,89235.52
EMP749I,DT4,JR07,7,54600,6552,0,5,1594.32,49642.32
EMP750I,DT7,JR10,11,171050,20526,0,3.9,35694.71,186218.71
EMP751I,DT9,JR15,7,119700,14364,0,3.9,11692.3,117028.3
EMP752I,DT4,JR09,4,82950,9954,0,2.6,1841.49,74837.49
EMP753I,DT4,JR14,7,136000,16320,0,4.4,7833.6,127513.6
EMP754I,DT6,JR08,6,72050,8646,0,4.9,4645.78,68049.78
EMP755I,DT3,JR12,10,125800,15096,0,4,10627.58,121331.58
EMP756I,DT4,JR12,5,104125,12495,0,4.4,6747.3,98377.3
EMP757I,DT1,JR11,8,90025,10803,0,4.6,5822.82,85044.82
EMP758I,DT8,JR11,9,93600,11232,0,4.6,9225.22,91593.22
EMP759I,DT8,JR08,11,86350,10362,0,4,11025.17,87013.17
EMP760I,DT2,JR13,11,185400,22248,0,4.6,33950.45,197102.45
EMP761I,DT4,JR01,4,17775,2133,133.31,2.4,1236.43,16745.12
EMP762I,DT7,JR15,1,95850,11502,0,2.9,1295.89,85643.89
EMP763I,DT5,JR05,8,48125,5775,0,4.7,1876.88,44226.88
EMP764I,DT2,JR06,4,37920,4550.4,0,2.6,1234.68,34604.28
EMP765I,DT5,JR12,8,117725,14127,0,4.7,12328.16,115926.16
EMP766I,DT8,JR10,9,161150,19338,0,4.2,13787.99,155599.99
EMP767I,DT5,JR11,4,77675,9321,0,2,1332.9,69686.9
EMP768I,DT7,JR05,10,51800,6216,0,4.6,9348.86,54932.86
EMP769I,DT7,JR03,4,24292.5,2915.1,0,2.1,1258.35,22635.75
EMP770I,DT8,JR06,5,39200,4704,0,2.3,3528,38024
EMP771I,DT1,JR11,1,68900,8268,0,3,1025.23,61657.23
EMP772I,DT9,JR03,6,26547.5,3185.7,0,4.2,1127.74,24489.54
EMP773I,DT2,JR16,8,118575,14229,0,4.3,8992.73,113338.73
EMP774I,DT9,JR03,4,24907.5,2988.9,0,3.9,1970.68,23889.28
EMP775I,DT6,JR10,8,154550,18546,0,4.8,22032.65,158036.65
EMP776I,DT2,JR02,11,28170,3380.4,0,4.8,3692.52,28482.12
EMP777I,DT4,JR03,10,30750,3690,0,4.5,4797,31857
EMP778I,DT4,JR13,3,139200,16704,0,4.4,8730.62,131226.62
EMP779I,DT4,JR13,4,145200,17424,0,4.5,3171.17,130947.17
EMP780I,DT7,JR04,3,32200,3864,0,2.7,1236.48,29572.48
EMP781I,DT9,JR10,11,169400,20328,0,4.6,19758.82,168830.82
EMP782I,DT8,JR12,9,124525,14943,0,4,10191.13,119773.13
EMP783I,DT6,JR11,9,93600,11232,0,5,8236.8,90604.8
EMP784I,DT4,JR15,3,102600,12312,0,3.2,2068.42,92356.42
EMP785I,DT5,JR10,1,114950,13794,0,1.5,662.11,101818.11
EMP786I,DT4,JR01,10,22500,2700,0,3.9,2970,22770
EMP787I,DT2,JR10,3,128700,15444,0,2.3,8401.54,121657.54
EMP788I,DT9,JR06,7,43680,5241.6,0,4.4,2040.73,40479.13
EMP789I,DT5,JR04,1,29120,3494.4,0,2.3,223.64,25849.24
EMP790I,DT5,JR01,11,23550,2826,0,3.9,4402.91,25126.91
EMP791I,DT8,JR06,8,44480,5337.6,0,4.3,4995.99,44138.39
EMP792I,DT8,JR16,2,94775,11373,0,2.5,1307.89,84709.89
EMP793I,DT8,JR04,9,39900,4788,0,4.8,1627.92,36739.92
EMP794I,DT1,JR13,10,178800,21456,0,4.9,32241.22,189585.22
EMP795I,DT4,JR04,0,28280,3393.6,0,1.6,54.3,24940.7
EMP796I,DT8,JR07,9,58800,7056,0,4.7,3095.23,54839.23
EMP797I,DT5,JR07,6,51800,6216,0,4.9,3545.19,49129.19
EMP798I,DT8,JR04,7,37940,4552.8,0,4.6,5171.98,38559.18
EMP799I,DT8,JR16,8,118150,14178,0,4.4,16219.63,120191.63
EMP800I,DT7,JR01,6,19725,2367,147.94,4.5,1441.5,18651.56
EMP801I,DT9,JR03,4,24702.5,2964.3,0,2.5,1539.46,23277.66
EMP802I,DT9,JR11,9,94900,11388,0,4.7,6635.41,90147.41
EMP803I,DT9,JR15,2,99900,11988,0,4.4,3252.74,91164.74
EMP804I,DT2,JR09,3,80500,9660,0,2.2,1449,72289
EMP805I,DT8,JR06,3,36480,4377.6,0,4.2,1389.16,33491.56
EMP806I,DT4,JR01,6,19575,2349,146.81,4.5,1958.28,19037.47
EMP807I,DT8,JR08,7,75075,9009,0,4.3,5918.91,71984.91
EMP808I,DT8,JR16,10,126650,15198,0,4.8,14894.04,126346.04
EMP809I,DT2,JR02,4,21600,2592,0,4.4,1209.6,20217.6
EMP810I,DT2,JR08,7,74250,8910,0,4.9,10187.1,75527.1
EMP811I,DT3,JR05,4,41825,5019,0,2.9,3001.36,39807.36
EMP812I,DT3,JR01,9,21525,2583,0,3.9,3221,22163
EMP813I,DT6,JR13,6,155400,18648,0,3.9,5501.16,142253.16
EMP814I,DT6,JR01,4,17775,2133,133.31,3.3,447.22,15955.91
EMP815I,DT5,JR01,9,21600,2592,0,4.5,3117.31,22125.31
EMP816I,DT9,JR14,6,132000,15840,0,4.4,11489.28,127649.28
EMP817I,DT4,JR01,9,21675,2601,0,4.3,1851.91,20925.91
EMP818I,DT1,JR12,11,132175,15861,0,3.9,17018.85,133332.85
EMP819I,DT2,JR16,8,116875,14025,0,4.8,16479.38,119329.38
EMP820I,DT9,JR01,8,21000,2520,157.5,4.2,1612.8,19935.3
EMP821I,DT8,JR15,0,90450,10854,0,1.7,75.98,79671.98
EMP822I,DT3,JR15,4,108900,13068,0,4.4,8598.74,104430.74
EMP823I,DT4,JR09,11,107100,12852,0,5,6811.56,101059.56
EMP824I,DT4,JR06,11,48960,5875.2,0,4.3,8096.03,51180.83
EMP825I,DT8,JR06,7,43040,5164.8,0,4.6,1425.48,39300.68
EMP826I,DT1,JR13,8,169200,20304,0,4.1,23308.99,172204.99
EMP827I,DT7,JR02,10,26730,3207.6,0,4.9,4148.5,27670.9
EMP828I,DT3,JR02,7,24480,2937.6,0,4.7,1057.54,22599.94
EMP829I,DT7,JR02,0,18360,2203.2,137.7,1.7,61.69,16080.79
EMP830I,DT5,JR10,3,125400,15048,0,3.6,3370.75,113722.75
EMP831I,DT6,JR03,10,30545,3665.4,0,4.8,2155.26,29034.86
EMP832I,DT4,JR05,5,43400,5208,0,3.9,3249.79,41441.79
EMP833I,DT7,JR09,2,77000,9240,0,3.1,1724.8,69484.8
EMP834I,DT6,JR16,1,88400,10608,0,2.8,1018.37,78810.37
EMP835I,DT7,JR10,2,121000,14520,0,3.6,2420,108900
EMP836I,DT3,JR08,6,70400,8448,0,3.9,7569.41,69521.41
EMP837I,DT8,JR01,10,22500,2700,0,4.6,4410,24210
EMP838I,DT7,JR14,9,144500,17340,0,5,15432.6,142592.6
EMP839I,DT3,JR07,10,60400,7248,0,4.3,11089.44,64241.44
EMP840I,DT9,JR01,9,22050,2646,0,4,2321.42,21725.42
EMP841I,DT9,JR15,5,113400,13608,0,4,8255.52,108047.52
EMP842I,DT5,JR10,1,117700,14124,0,2.7,1581.89,105157.89
EMP843I,DT4,JR12,11,132600,15912,0,4.8,10692.86,127380.86
EMP844I,DT5,JR09,9,101500,12180,0,4,14616,103936
EMP845I,DT9,JR12,10,128350,15402,0,4.5,12568.03,125516.03
EMP846I,DT3,JR04,5,35000,4200,0,3.8,1960,32760
EMP847I,DT4,JR14,10,152000,18240,0,4.2,8852.48,142612.48
EMP848I,DT9,JR01,9,21450,2574,0,4.9,1401.97,20277.97
EMP849I,DT7,JR15,11,141300,16956,0,4.8,23195.81,147539.81
EMP850I,DT1,JR11,3,75400,9048,0,2.4,2026.75,68378.75
EMP851I,DT5,JR06,0,32640,3916.8,0,1.6,130.56,28853.76
EMP852I,DT1,JR13,2,132000,15840,0,2.6,3484.8,119644.8
EMP853I,DT4,JR10,7,150700,18084,0,4.4,14274.3,146890.3
EMP854I,DT1,JR08,11,85525,10263,0,4.1,12151.39,87413.39
EMP855I,DT5,JR05,4,42350,5082,0,2.9,3059.36,40327.36
EMP856I,DT9,JR12,10,126650,15198,0,4.6,14894.04,126346.04
EMP857I,DT5,JR01,1,15900,1908,119.25,2.6,114.48,13987.23
EMP858I,DT5,JR03,9,30135,3616.2,0,4.8,4532.3,31051.1
EMP859I,DT2,JR15,9,129600,15552,0,5,10948.61,124996.61
EMP860I,DT5,JR11,8,90025,10803,0,4.7,11645.63,90867.63
EMP861I,DT8,JR06,7,42560,5107.2,0,4.5,4494.34,41947.14
EMP862I,DT9,JR08,2,60500,7260,0,3.4,1645.6,54885.6
EMP863I,DT1,JR13,10,180000,21600,0,5,17280,175680
EMP864I,DT5,JR08,11,85525,10263,0,5,17847.36,93109.36
EMP865I,DT5,JR08,8,75625,9075,0,4.5,9982.5,76532.5
EMP866I,DT2,JR06,8,45440,5452.8,0,4.5,2900.89,42888.09
EMP867I,DT8,JR11,10,96200,11544,0,4,9604.61,94260.61
EMP868I,DT2,JR01,1,15825,1899,118.69,2,188,13995.31
EMP869I,DT5,JR15,2,98550,11826,0,1.6,1048.57,87772.57
EMP870I,DT2,JR02,9,26460,3175.2,0,4.9,3681.12,26965.92
EMP871I,DT4,JR06,1,32960,3955.2,0,1.8,205.67,29210.47
EMP872I,DT2,JR10,4,130900,15708,0,2.8,6168.01,121360.01
EMP873I,DT2,JR04,6,35700,4284,0,4,863.94,32279.94
EMP874I,DT8,JR01,6,19725,2367,147.94,4.8,1540.92,18750.98
EMP875I,DT4,JR10,11,168850,20262,0,4.4,19512.31,168100.31
EMP876I,DT8,JR06,2,35840,4300.8,0,3.6,653.72,32192.92
EMP877I,DT7,JR10,1,113300,13596,0,1.6,489.46,100193.46
EMP878I,DT4,JR11,8,89700,10764,0,4.8,9816.77,88752.77
EMP879I,DT8,JR12,10,129200,15504,0,4.7,20423.94,134119.94
EMP880I,DT6,JR07,5,49800,5976,0,3.7,2733.02,46557.02
EMP881I,DT4,JR14,3,117000,14040,0,3.4,1750.32,104710.32
EMP882I,DT5,JR13,1,127800,15336,0,2.8,1727.86,114191.86
EMP883I,DT2,JR12,9,123250,14790,0,4.3,19966.5,128426.5
EMP884I,DT8,JR11,6,84825,10179,0,4.7,2483.68,77129.68
EMP885I,DT4,JR16,6,108375,13005,0,4.9,5245.35,100615.35
EMP886I,DT2,JR11,8,89375,10725,0,4.5,10456.88,89106.88
EMP887I,DT8,JR16,11,131325,15759,0,4.7,21757.93,137323.93
EMP888I,DT6,JR06,3,36000,4320,0,2.9,1584,33264
EMP889I,DT4,JR15,11,139500,16740,0,4.4,11048.4,133808.4
EMP890I,DT5,JR16,4,100725,12087,0,3.3,3279.61,91917.61
EMP891I,DT6,JR13,7,160800,19296,0,4.5,14433.41,155937.41
EMP892I,DT9,JR10,2,118800,14256,0,1.8,2585.09,107129.09
EMP893I,DT2,JR10,4,133100,15972,0,4.1,9167.93,126295.93
EMP894I,DT8,JR13,1,123000,14760,0,1.8,565.8,108805.8
EMP895I,DT7,JR04,3,32340,3880.8,0,2.8,1283.25,29742.45
EMP896I,DT9,JR03,5,25112.5,3013.5,0,4.2,1084.86,23183.86
EMP897I,DT9,JR14,1,107000,12840,0,2.5,2037.28,96197.28
EMP898I,DT6,JR13,8,165000,19800,0,4.1,6930,152130
EMP899I,DT4,JR06,1,33600,4032,0,2.7,228.48,29796.48
EMP900I,DT8,JR06,1,32800,3936,0,2.4,170.56,29034.56
EMP901I,DT8,JR14,7,134000,16080,0,4.5,12392.32,130312.32
EMP902I,DT5,JR15,10,135900,16308,0,3.9,10534.97,130126.97
EMP903I,DT9,JR15,8,123750,14850,0,4.1,15963.75,124863.75
EMP904I,DT5,JR01,2,16800,2016,126,2.5,774.14,15432.14
EMP905I,DT5,JR14,11,155000,18600,0,4.9,23870,160270
EMP906I,DT8,JR05,8,49525,5943,0,4.7,2959.61,46541.61
EMP907I,DT9,JR01,5,18975,2277,142.31,4.6,1689.53,18245.22
EMP908I,DT4,JR06,6,41760,5011.2,0,4.3,3973.88,40722.68
EMP909I,DT4,JR06,7,43200,5184,0,4.8,1572.48,39588.48
EMP910I,DT2,JR07,2,44400,5328,0,2.4,820.51,39892.51
EMP911I,DT6,JR06,10,48480,5817.6,0,4.1,5992.13,48654.53
EMP912I,DT6,JR05,3,39725,4767,0,3.3,1287.09,36245.09
EMP913I,DT3,JR12,3,96900,11628,0,2.6,1627.92,86899.92
EMP914I,DT5,JR07,5,49200,5904,0,3.5,3711.65,47007.65
EMP915I,DT2,JR05,10,51800,6216,0,4.8,4177.15,49761.15
EMP916I,DT7,JR04,4,34020,4082.4,0,3.4,1111.77,31049.37
EMP917I,DT9,JR06,11,48800,5856,0,4.3,2664.48,45608.48
EMP918I,DT6,JR09,11,109550,13146,0,4.3,7427.49,103831.49
EMP919I,DT5,JR12,10,128350,15402,0,4.8,13091.7,126039.7
EMP920I,DT9,JR04,3,31640,3796.8,0,3.7,691.02,28534.22
EMP921I,DT3,JR02,3,20340,2440.8,152.55,2,930.76,18677.41
EMP922I,DT3,JR10,0,110550,13266,0,2.4,70.75,97354.75
EMP923I,DT4,JR04,5,34300,4116,0,4,1605.24,31789.24
EMP924I,DT5,JR05,5,44100,5292,0,4.4,1651.1,40459.1
EMP925I,DT5,JR06,3,37280,4473.6,0,2.5,639.72,33446.12
EMP926I,DT1,JR06,9,46560,5587.2,0,4.4,7457.05,48429.85
EMP927I,DT2,JR01,11,23475,2817,0,5,3607.64,24265.64
EMP928I,DT8,JR07,5,49600,5952,0,2.3,1999.87,45647.87
EMP929I,DT1,JR06,1,33600,4032,0,1.5,174.72,29742.72
EMP930I,DT7,JR13,0,121800,14616,0,2.8,321.55,107505.55
EMP931I,DT3,JR09,5,85750,10290,0,2.1,7717.5,83177.5
EMP932I,DT7,JR09,3,79450,9534,0,3.8,2488.37,72404.37
EMP933I,DT2,JR01,11,23475,2817,0,4.5,1591.61,22249.61
EMP934I,DT5,JR12,11,130900,15708,0,4,9047.81,124239.81
EMP935I,DT9,JR12,11,133025,15963,0,4.9,19240.74,136302.74
EMP936I,DT1,JR16,8,120275,14433,0,4.4,10382.14,116224.14
EMP937I,DT4,JR11,4,76375,9165,0,3,2031.58,69241.58
EMP938I,DT3,JR15,8,127350,15282,0,4.3,13106.86,125174.86
EMP939I,DT3,JR05,6,45150,5418,0,4.7,4294.67,44026.67
EMP940I,DT7,JR05,1,37275,4473,0,2.6,949.77,33751.77
EMP941I,DT7,JR12,4,101575,12189,0,4.4,5545.99,94931.99
EMP942I,DT2,JR16,9,124100,14892,0,4.8,8220.38,117428.38
EMP943I,DT8,JR12,10,126225,15147,0,4,14692.59,125770.59
EMP944I,DT5,JR15,6,115200,13824,0,3.9,4644.86,106020.86
EMP945I,DT7,JR13,8,169800,20376,0,4.1,24804.38,174228.38
EMP946I,DT9,JR14,10,148500,17820,0,4.6,28232.82,158912.82
EMP947I,DT3,JR07,7,54400,6528,0,4.7,6423.55,54295.55
EMP948I,DT1,JR01,11,23325,2799,0,4,1553.44,22079.44
EMP949I,DT4,JR06,5,39840,4780.8,0,4,2733.02,37792.22
EMP950I,DT2,JR14,8,139500,16740,0,4.3,16310.34,139070.34
EMP951I,DT8,JR16,7,115600,13872,0,4.8,4993.92,106721.92
EMP952I,DT1,JR06,7,43200,5184,0,5,2298.24,40314.24
EMP953I,DT6,JR01,9,21750,2610,0,3.9,3366.9,22506.9
EMP954I,DT5,JR07,1,42400,5088,0,2.7,325.63,37637.63
EMP955I,DT4,JR13,5,151800,18216,0,5,15125.35,148709.35
EMP956I,DT2,JR06,2,34880,4185.6,0,1.9,1230.57,31924.97
EMP957I,DT2,JR03,7,27572.5,3308.7,0,4.7,3652.8,27916.6
EMP958I,DT1,JR07,3,46200,5544,0,4,2119.66,42775.66
EMP959I,DT8,JR16,10,129200,15504,0,4.8,9137.02,122833.02
EMP960I,DT9,JR15,2,99450,11934,0,2.5,1169.53,88685.53
EMP961I,DT4,JR11,11,100750,12090,0,4.1,18175.3,106835.3
EMP962I,DT8,JR02,10,26910,3229.2,0,3.9,4795.36,28476.16
EMP963I,DT3,JR06,10,47360,5683.2,0,4.4,2909.8,44586.6
EMP964I,DT5,JR15,6,117900,14148,0,4.9,9648.94,113400.94
EMP965I,DT7,JR13,2,132000,15840,0,3.8,3062.4,119222.4
EMP966I,DT9,JR10,3,124850,14982,0,3.4,2022.57,111890.57
EMP967I,DT6,JR05,1,37275,4473,0,2.2,814.09,33616.09
EMP968I,DT4,JR02,10,26820,3218.4,0,3.9,5151.59,28753.19
EMP969I,DT6,JR12,10,127925,15351,0,4.8,9302.71,121876.71
EMP970I,DT2,JR16,7,113475,13617,0,4.9,3649.36,103507.36
EMP971I,DT2,JR12,7,115175,13821,0,4.8,8177.42,109531.42
EMP972I,DT5,JR04,3,32340,3880.8,0,4.5,1804.57,30263.77
EMP973I,DT3,JR14,6,127500,15300,0,4.3,4768.5,116968.5
EMP974I,DT3,JR03,4,24190,2902.8,0,2.4,348.34,21635.54
EMP975I,DT5,JR08,11,85800,10296,0,4.2,16528.51,92032.51
EMP976I,DT1,JR09,8,98700,11844,0,4.5,4856.04,91712.04
EMP977I,DT5,JR02,6,23670,2840.4,0,4.3,2445.58,23275.18
EMP978I,DT6,JR12,10,127500,15300,0,3.9,13770,125970
EMP979I,DT4,JR15,7,121050,14526,0,4.7,12361.63,118885.63
EMP980I,DT1,JR06,4,37760,4531.2,0,4.1,598.12,33826.92
EMP981I,DT7,JR11,1,66625,7995,0,2.4,399.75,59029.75
EMP982I,DT3,JR14,9,143000,17160,0,4,12789.92,138629.92
EMP983I,DT8,JR12,12,133875,16065,0,4.5,29559.6,147369.6
EMP984I,DT6,JR12,1,90950,10914,0,1.5,967.71,81003.71
EMP985I,DT1,JR03,10,31160,3739.2,0,4.1,2074.01,29494.81
EMP986I,DT3,JR04,3,32620,3914.4,0,2.4,1463.99,30169.59
EMP987I,DT8,JR05,0,35525,4263,0,2.9,161.99,31423.99
EMP988I,DT7,JR16,4,100300,12036,0,2.7,6932.74,95196.74
EMP989I,DT3,JR08,9,80575,9669,0,4,14986.95,85892.95
EMP990I,DT1,JR15,1,94500,11340,0,1.9,1587.6,84747.6
EMP991I,DT2,JR05,5,44450,5334,0,3.9,3456.43,42572.43
EMP992I,DT4,JR09,11,107800,12936,0,3.9,21887.71,116751.71
EMP993I,DT9,JR15,4,105750,12690,0,2.3,6218.1,99278.1
EMP994I,DT8,JR15,1,92250,11070,0,2.1,424.35,81604.35
EMP995I,DT6,JR03,5,25830,3099.6,0,4.7,1343.16,24073.56
EMP996I,DT2,JR16,11,132175,15861,0,4.7,28169.14,144483.14
EMP997I,DT7,JR03,1,21115,2533.8,0,2.9,131.76,18712.96
EMP998I,DT7,JR12,9,121550,14586,0,5,11289.56,118253.56
EMP999I,DT6,JR10,6,141900,17028,0,4.3,8230.2,133102.2
EMP001J,DT1,JR10,2,121000,14520,0,4.2,3968.8,110448.8
EMP002J,DT8,JR07,8,56400,6768,0,4.9,2959.87,52591.87
EMP003J,DT3,JR12,1,87550,10506,0,2,840.48,77884.48
EMP004J,DT9,JR07,0,40200,4824,0,1.9,73.97,35449.97
EMP005J,DT5,JR04,2,31220,3746.4,0,4.3,746.78,28220.38
EMP006J,DT8,JR13,7,161400,19368,0,5,19600.42,161632.42
EMP007J,DT4,JR13,10,180000,21600,0,3.9,20160,178560
EMP008J,DT9,JR06,5,39840,4780.8,0,4.3,3045.37,38104.57
EMP009J,DT1,JR06,6,41920,5030.4,0,4.6,3846.58,40736.18
EMP010J,DT7,JR16,5,107100,12852,0,4.8,4455.36,98703.36
EMP011J,DT4,JR13,1,123600,14832,0,2.4,444.96,109212.96
EMP012J,DT4,JR09,8,96950,11634,0,4.4,13735.88,99051.88
EMP013J,DT4,JR16,10,128775,15453,0,5,22283.23,135605.23
EMP014J,DT7,JR16,8,118575,14229,0,4.6,8618.03,112964.03
EMP015J,DT1,JR12,1,87125,10455,0,2.9,714.43,77384.43
EMP016J,DT8,JR02,9,26460,3175.2,0,3.9,4079.07,27363.87
EMP017J,DT8,JR02,8,25110,3013.2,0,4,3967.38,26064.18
EMP018J,DT2,JR12,8,118575,14229,0,3.9,10491.52,114837.52
EMP019J,DT1,JR11,3,73775,8853,0,4.2,1513.86,66435.86
EMP020J,DT6,JR03,12,32390,3886.8,0,4.3,5711,34214.2
EMP021J,DT3,JR14,8,142000,17040,0,4.8,21947.52,146907.52
EMP022J,DT1,JR07,1,41800,5016,0,2.2,451.44,37235.44
EMP023J,DT8,JR15,4,107100,12852,0,4.1,5372.14,99620.14
EMP024J,DT2,JR08,2,59675,7161,0,2.1,811.58,53325.58
EMP025J,DT2,JR06,3,37120,4454.4,0,2.7,1948.06,34613.66
EMP026J,DT3,JR09,6,89950,10794,0,4.9,7588.18,86744.18
EMP027J,DT6,JR04,1,28700,3444,0,1.9,86.1,25342.1
EMP028J,DT4,JR09,11,107450,12894,0,4.8,15176.24,109732.24
EMP029J,DT1,JR07,11,61600,7392,0,3.9,11708.93,65916.93
EMP030J,DT5,JR15,1,95400,11448,0,1.5,503.71,84455.71
EMP031J,DT4,JR02,9,25650,3078,0,4.5,2267.46,24839.46
EMP032J,DT9,JR10,1,114950,13794,0,1.6,869.02,102025.02
EMP033J,DT3,JR15,6,115650,13878,0,4.6,11338.33,113110.33
EMP034J,DT6,JR09,9,101500,12180,0,4.7,16077.6,105397.6
EMP035J,DT8,JR06,0,32320,3878.4,0,2.3,113.77,28555.37
EMP036J,DT4,JR14,5,125500,15060,0,4,9472.74,119912.74
EMP037J,DT4,JR09,5,87150,10458,0,3.5,2049.77,78741.77
EMP038J,DT5,JR01,3,17550,2106,131.62,2.1,501.23,15813.61
EMP039J,DT2,JR01,1,15750,1890,118.12,1.9,100.8,13842.68
EMP040J,DT5,JR14,6,131500,15780,0,4.6,6627.6,122347.6
EMP041J,DT3,JR04,10,41300,4956,0,4,5649.84,41993.84
EMP042J,DT4,JR04,4,33880,4065.6,0,4.1,1764.47,31578.87
EMP043J,DT2,JR03,7,27880,3345.6,0,5,3613.25,28147.65
EMP044J,DT8,JR02,6,23760,2851.2,0,4.6,1581.47,22490.27
EMP045J,DT7,JR08,2,60225,7227,0,3,1922.38,54920.38
EMP046J,DT6,JR11,8,90025,10803,0,4.4,6931.93,86153.93
EMP047J,DT3,JR15,0,90450,10854,0,1.7,137.48,79733.48
EMP048J,DT6,JR13,8,170400,20448,0,3.9,23474.3,173426.3
EMP049J,DT8,JR16,5,107525,12903,0,4.2,8662.21,103284.21
EMP050J,DT4,JR12,8,119000,14280,0,3.9,7996.8,112716.8
EMP051J,DT8,JR13,4,142800,17136,0,3.9,10201.63,135865.63
EMP052J,DT3,JR10,8,155100,18612,0,4.1,5596.01,142084.01
EMP053J,DT4,JR06,1,33440,4012.8,0,2.1,144.46,29571.66
EMP054J,DT7,JR05,11,54425,6531,0,4.7,4832.94,52726.94
EMP055J,DT8,JR14,1,105000,12600,0,2.8,1386,93786
EMP056J,DT8,JR13,12,189600,22752,0,4.6,11436.67,178284.67
EMP057J,DT2,JR10,2,121550,14586,0,2.8,3063.06,110027.06
EMP058J,DT9,JR13,8,168600,20232,0,4,7647.7,156015.7
EMP059J,DT1,JR13,7,160200,19224,0,3.9,11592.07,152568.07
EMP060J,DT9,JR16,9,124950,14994,0,5,10335.86,120291.86
EMP061J,DT5,JR03,6,26240,3148.8,0,3.9,1351.88,24443.08
EMP062J,DT2,JR08,1,58025,6963,0,1.5,842.52,51904.52
EMP063J,DT6,JR09,8,96950,11634,0,4,4479.09,89795.09
EMP064J,DT7,JR12,7,115600,13872,0,4.8,9987.84,111715.84
EMP065J,DT3,JR13,7,163200,19584,0,3.9,16920.58,160536.58
EMP066J,DT9,JR05,4,42700,5124,0,3.3,2630.32,40206.32
EMP067J,DT2,JR05,7,46550,5586,0,5,4547,45511
EMP068J,DT3,JR10,6,143000,17160,0,4.7,6177.6,132017.6
EMP069J,DT3,JR13,4,146400,17568,0,4.5,7729.92,136561.92
EMP070J,DT2,JR01,1,16050,1926,120.38,1.6,125.83,14129.45
EMP071J,DT8,JR07,5,50200,6024,0,4.1,2150.57,46326.57
EMP072J,DT7,JR02,10,26820,3218.4,0,3.9,3995.11,27596.71
EMP073J,DT9,JR12,3,96900,11628,0,4.3,3147.31,88419.31
EMP074J,DT1,JR07,4,48200,5784,0,2.8,3557.16,45973.16
EMP075J,DT1,JR07,8,56400,6768,0,4.9,3884.83,53516.83
EMP076J,DT1,JR02,6,23490,2818.8,0,5,2693.83,23365.03
EMP077J,DT3,JR13,10,179400,21528,0,4.7,19181.45,177053.45
EMP078J,DT9,JR08,9,79200,9504,0,4.8,6133.25,75829.25
EMP079J,DT8,JR08,6,72600,8712,0,4.4,6690.82,70578.82
EMP080J,DT8,JR07,8,55600,6672,0,4.4,4683.74,53611.74
EMP081J,DT3,JR04,1,29120,3494.4,0,1.6,428.65,26054.25
EMP082J,DT9,JR12,8,117300,14076,0,4.4,11054.35,114278.35
EMP083J,DT9,JR11,0,65975,7917,0,1.5,95,58153
EMP084J,DT5,JR12,7,113900,13668,0,4,13321.74,113553.74
EMP085J,DT2,JR01,8,20700,2484,155.25,4,2642.98,20703.73
EMP086J,DT2,JR14,1,104500,12540,0,2.5,1580.04,93540.04
EMP087J,DT6,JR15,4,108450,13014,0,3.7,3557.16,98993.16
EMP088J,DT4,JR06,1,33920,4070.4,0,2,211.66,30061.26
EMP089J,DT9,JR04,2,31080,3729.6,0,3.8,1039.32,28389.72
EMP090J,DT9,JR09,3,79800,9576,0,2.4,2234.4,72458.4
EMP091J,DT8,JR06,0,32000,3840,0,2,0,28160
EMP092J,DT2,JR14,7,134000,16080,0,4.4,12027.84,129947.84
EMP093J,DT5,JR13,10,181800,21816,0,4.4,27713.59,187697.59
EMP094J,DT9,JR10,1,114950,13794,0,2.1,1779.43,102935.43
EMP095J,DT2,JR04,9,40320,4838.4,0,4.4,3690.09,39171.69
EMP096J,DT1,JR12,9,124525,14943,0,5,19455.79,129037.79
EMP097J,DT7,JR10,9,158400,19008,0,4.3,24532.99,163924.99
EMP098J,DT4,JR03,4,25010,3001.2,0,3.6,748.3,22757.1
EMP099J,DT5,JR03,7,27572.5,3308.7,0,4.1,761,25024.8
EMP100J,DT8,JR03,8,28495,3419.4,0,4.5,1778.09,26853.69
EMP101J,DT5,JR11,8,91650,10998,0,4,3006.12,83658.12
EMP102J,DT5,JR10,1,112750,13530,0,1.6,924.55,100144.55
EMP103J,DT3,JR07,3,45800,5496,0,2.3,1753.22,42057.22
EMP104J,DT4,JR14,9,142500,17100,0,4,8236.5,133636.5
EMP105J,DT7,JR16,2,91800,11016,0,2.2,2291.33,83075.33
EMP106J,DT9,JR09,6,89950,10794,0,4.7,4922.06,84078.06
EMP107J,DT1,JR05,1,36750,4410,0,2.1,220.5,32560.5
EMP108J,DT4,JR12,10,125375,15045,0,4.4,5240.68,115570.68
EMP109J,DT5,JR14,5,124500,14940,0,3,8784.72,118344.72
EMP110J,DT6,JR10,8,151800,18216,0,4.7,10613.86,144197.86
EMP111J,DT8,JR09,10,105000,12600,0,4.2,15120,107520
EMP112J,DT6,JR08,10,83325,9999,0,4.4,16478.35,89804.35
EMP113J,DT7,JR04,4,32900,3948,0,3.6,783.02,29735.02
EMP114J,DT9,JR01,5,18975,2277,142.31,4.5,965.45,17521.14
EMP115J,DT7,JR12,7,115600,13872,0,3.9,13982.98,115710.98
EMP116J,DT8,JR07,8,55200,6624,0,4.3,7383.55,55959.55
EMP117J,DT8,JR06,4,38080,4569.6,0,3.4,2025.86,35536.26
EMP118J,DT8,JR10,1,114950,13794,0,2.4,413.82,101569.82
EMP119J,DT5,JR03,9,29930,3591.6,0,4.8,4625.98,30964.38
EMP120J,DT7,JR02,0,18000,2160,135,2.5,0,15705
EMP121J,DT7,JR08,11,84700,10164,0,5,10245.31,84781.31
EMP122J,DT3,JR16,7,112625,13515,0,4.5,6734.97,105844.97
EMP123J,DT5,JR09,10,104300,12516,0,4.8,5723.98,97507.98
EMP124J,DT6,JR08,7,73700,8844,0,4.3,3407.89,68263.89
EMP125J,DT3,JR14,6,130000,15600,0,4.3,7800,122200
EMP126J,DT7,JR07,1,42600,5112,0,2.5,775.32,38263.32
EMP127J,DT9,JR15,7,119250,14310,0,4.6,7131.15,112071.15
EMP128J,DT9,JR05,2,37625,4515,0,1.9,632.1,33742.1
EMP129J,DT2,JR05,6,46025,5523,0,4.2,1623.76,42125.76
EMP130J,DT2,JR16,3,96050,11526,0,2.5,4195.46,88719.46
EMP131J,DT6,JR16,10,125375,15045,0,4.9,6669.95,116999.95
EMP132J,DT4,JR12,2,91375,10965,0,2,1480.27,81890.27
EMP133J,DT2,JR09,10,105000,12600,0,4.7,10500,102900
EMP134J,DT6,JR08,8,76450,9174,0,4.7,10972.1,78248.1
EMP135J,DT4,JR13,2,130200,15624,0,2.4,3098.76,117674.76
EMP136J,DT6,JR08,2,60775,7293,0,4.4,2093.09,55575.09
EMP137J,DT5,JR10,6,140800,16896,0,4.8,10407.94,134311.94
EMP138J,DT9,JR14,10,147500,17700,0,4.1,9528.5,139328.5
EMP139J,DT3,JR06,3,36480,4377.6,0,2.6,1838.59,33940.99
EMP140J,DT3,JR13,2,129600,15552,0,2.9,1244.16,115292.16
EMP141J,DT2,JR02,10,26640,3196.8,0,4.8,1841.36,25284.56
EMP142J,DT2,JR01,8,21225,2547,0,4.5,2748.21,21426.21
EMP143J,DT3,JR08,8,77825,9339,0,4,10851.92,79337.92
EMP144J,DT7,JR08,1,57475,6897,0,2.2,206.91,50784.91
EMP145J,DT3,JR13,2,129000,15480,0,2.6,3637.8,117157.8
EMP146J,DT2,JR13,4,142200,17064,0,2.1,2315.02,127451.02
EMP147J,DT7,JR11,2,71500,8580,0,3.1,2459.6,65379.6
EMP148J,DT2,JR09,1,74550,8946,0,2.6,814.09,66418.09
EMP149J,DT1,JR13,6,158400,19008,0,4.1,10137.6,149529.6
EMP150J,DT7,JR02,1,19260,2311.2,144.45,1.6,312.78,17117.13
EMP151J,DT6,JR08,8,77825,9339,0,4.9,12918.95,81404.95
EMP152J,DT4,JR06,1,34080,4089.6,0,1.6,460.76,30451.16
EMP153J,DT6,JR14,7,135500,16260,0,4.8,5387.48,124627.48
EMP154J,DT9,JR16,3,98600,11832,0,3.1,3533.82,90301.82
EMP155J,DT7,JR03,8,29110,3493.2,0,4.4,3325.53,28942.33
EMP156J,DT6,JR11,1,67600,8112,0,2.5,648.96,60136.96
EMP157J,DT6,JR08,6,71500,8580,0,4.2,7207.2,70127.2
EMP158J,DT3,JR10,11,172700,20724,0,4.5,11025.17,163001.17
EMP159J,DT5,JR10,9,157300,18876,0,4.5,24891.15,163315.15
EMP160J,DT1,JR08,9,79475,9537,0,4.7,9902.59,79840.59
EMP161J,DT3,JR08,11,86075,10329,0,4.7,8170.24,83916.24
EMP162J,DT4,JR07,6,52600,6312,0,4.4,4771.87,51059.87
EMP163J,DT7,JR06,11,50080,6009.6,0,4.7,9507.19,53577.59
EMP164J,DT3,JR03,10,30955,3714.6,0,4.3,4546.67,31787.07
EMP165J,DT9,JR07,10,59800,7176,0,4.4,6393.82,59017.82
EMP166J,DT6,JR05,1,36750,4410,0,2.4,382.2,32722.2
EMP167J,DT3,JR16,5,105400,12648,0,3.9,4452.1,97204.1
EMP168J,DT5,JR09,11,109200,13104,0,4.4,16144.13,112240.13
EMP169J,DT3,JR16,10,127925,15351,0,4.1,23256.76,135830.76
EMP170J,DT7,JR05,7,47250,5670,0,5,6218.1,47798.1
EMP171J,DT6,JR02,11,28080,3369.6,0,4.9,3396.56,28106.96
EMP172J,DT2,JR03,2,22447.5,2693.7,0,2.1,375.32,20129.12
EMP173J,DT4,JR12,9,121125,14535,0,4,16473,123063
EMP174J,DT8,JR11,6,85150,10218,0,5,8235.71,83167.71
EMP175J,DT8,JR01,6,19500,2340,146.25,4.5,1357.2,18370.95
EMP176J,DT2,JR10,8,154000,18480,0,4.6,14291.2,149811.2
EMP177J,DT1,JR04,4,33600,4032,0,2,1290.24,30858.24
EMP178J,DT5,JR07,5,49800,5976,0,2.4,2928.24,46752.24
EMP179J,DT2,JR15,8,123750,14850,0,3.9,5197.5,114097.5
EMP180J,DT2,JR15,8,126000,15120,0,4.8,10483.2,121363.2
EMP181J,DT2,JR15,10,134100,16092,0,4.9,21026.88,139034.88
EMP182J,DT9,JR05,8,48125,5775,0,4.5,4042.5,46392.5
EMP183J,DT2,JR11,3,73125,8775,0,3.5,3436.88,67786.88
EMP184J,DT2,JR13,1,125400,15048,0,2.4,677.16,111029.16
EMP185J,DT4,JR11,2,70850,8502,0,1.7,1836.43,64184.43
EMP186J,DT3,JR10,8,154550,18546,0,4.8,13520.03,149524.03
EMP187J,DT4,JR13,8,166200,19944,0,4.3,12285.5,158541.5
EMP188J,DT3,JR13,1,124200,14904,0,2,904.18,110200.18
EMP189J,DT5,JR15,2,98550,11826,0,2.4,2321.84,89045.84
EMP190J,DT8,JR01,1,15600,1872,117,2.3,184.7,13795.7
EMP191J,DT7,JR02,11,28260,3391.2,0,4,2190.72,27059.52
EMP192J,DT7,JR11,4,79300,9516,0,2,4884.88,74668.88
EMP193J,DT1,JR10,2,118250,14190,0,2.6,1986.6,106046.6
EMP194J,DT7,JR01,7,20325,2439,152.44,4.4,1500.8,19234.36
EMP195J,DT4,JR15,2,99900,11988,0,3,3868.13,91780.13
EMP196J,DT7,JR12,1,89675,10761,0,2.4,828.6,79742.6
EMP197J,DT4,JR14,9,145000,17400,0,4.2,9918,137518
EMP198J,DT6,JR11,1,67925,8151,0,2.9,342.34,60116.34
EMP199J,DT3,JR14,2,108500,13020,0,2.6,1549.38,97029.38
EMP200J,DT2,JR02,4,21240,2548.8,0,3.4,1376.35,20067.55
EMP201J,DT1,JR09,4,84000,10080,0,3.5,2553.6,76473.6
EMP202J,DT9,JR11,2,69875,8385,0,2.7,545.02,62035.02
EMP203J,DT6,JR16,8,118575,14229,0,4.9,15737.27,120083.27
EMP204J,DT9,JR14,3,112500,13500,0,3.9,3825,102825
EMP205J,DT2,JR16,9,122400,14688,0,4.6,6031.87,113743.87
EMP206J,DT3,JR07,7,53200,6384,0,4.4,5617.92,52433.92
EMP207J,DT4,JR16,3,96050,11526,0,2.3,4894.71,89418.71
EMP208J,DT6,JR05,7,47425,5691,0,4,6599.66,48333.66
EMP209J,DT4,JR04,7,37940,4552.8,0,4.8,1723.99,35111.19
EMP210J,DT4,JR02,6,23760,2851.2,0,4.2,1034.04,21942.84
EMP211J,DT6,JR01,5,18750,2250,140.62,2.7,1350,17709.38
EMP212J,DT7,JR07,0,40200,4824,0,2.5,73.97,35449.97
EMP213J,DT7,JR06,11,49600,5952,0,4.7,4364.8,48012.8
EMP214J,DT6,JR16,1,90950,10914,0,2.7,2342.87,82378.87
EMP215J,DT7,JR12,0,86700,10404,0,2.4,513.26,76809.26
EMP216J,DT7,JR13,3,136800,16416,0,2.7,7047.94,127431.94
EMP217J,DT1,JR14,10,152000,18240,0,4.1,24660.48,158420.48
EMP218J,DT1,JR07,4,47400,5688,0,2.5,2595.62,44307.62
EMP219J,DT8,JR01,1,15675,1881,117.56,2.3,101.57,13778.01
EMP220J,DT5,JR11,2,69875,8385,0,2.1,1425.45,62915.45
EMP221J,DT2,JR14,2,112000,13440,0,2,2903.04,101463.04
EMP222J,DT9,JR06,6,42080,5049.6,0,4.9,3605.41,40635.81
EMP223J,DT7,JR03,0,20602.5,2472.3,154.52,1.7,18.13,17993.81
EMP224J,DT6,JR04,8,39060,4687.2,0,4.2,4566.9,38939.7
EMP225J,DT8,JR06,5,40320,4838.4,0,4.8,2096.64,37578.24
EMP226J,DT4,JR16,11,129625,15555,0,4.2,7621.95,121691.95
EMP227J,DT6,JR11,8,91975,11037,0,4.2,10992.85,91930.85
EMP228J,DT3,JR07,9,57400,6888,0,4.9,7590.58,58102.58
EMP229J,DT1,JR15,5,110700,13284,0,3.5,8554.9,105970.9
EMP230J,DT6,JR12,4,101150,12138,0,2.3,5842.42,94854.42
EMP231J,DT9,JR04,10,41300,4956,0,4.7,3609.62,39953.62
EMP232J,DT3,JR09,9,101150,12138,0,4.1,11883.1,100895.1
EMP233J,DT1,JR06,9,45600,5472,0,4.4,5891.52,46019.52
EMP234J,DT1,JR11,2,72475,8697,0,2.6,2400.37,66178.37
EMP235J,DT8,JR13,8,166800,20016,0,4.7,21337.06,168121.06
EMP236J,DT8,JR05,1,36925,4431,0,1.6,259.95,32753.95
EMP237J,DT4,JR03,5,25830,3099.6,0,3.9,1289.43,24019.83
EMP238J,DT1,JR06,4,38080,4569.6,0,3.9,1215.51,34725.91
EMP239J,DT8,JR10,3,128700,15444,0,3.2,3500.64,116756.64
EMP240J,DT5,JR05,4,41650,4998,0,2.5,823,37475
EMP241J,DT2,JR04,6,36120,4334.4,0,4,1173.18,32958.78
EMP242J,DT2,JR11,11,99775,11973,0,4.8,12811.11,100613.11
EMP243J,DT1,JR10,0,110550,13266,0,1.7,66.33,97350.33
EMP244J,DT3,JR08,4,66000,7920,0,2.2,3273.6,61353.6
EMP245J,DT9,JR06,10,47840,5740.8,0,4.6,2841.7,44940.9
EMP246J,DT4,JR08,11,85800,10296,0,4.7,5381.38,80885.38
EMP247J,DT7,JR16,4,102425,12291,0,2.7,3191.56,93325.56
EMP248J,DT6,JR13,2,129600,15552,0,2,3898.37,117946.37
EMP249J,DT7,JR16,7,113050,13566,0,4.5,8356.66,107840.66
EMP250J,DT1,JR15,8,127800,15336,0,4.1,7729.34,120193.34
EMP251J,DT9,JR04,4,33600,4032,0,2.1,1128.96,30696.96
EMP252J,DT1,JR16,0,86700,10404,0,2,291.31,76587.31
EMP253J,DT1,JR15,5,110250,13230,0,3.4,4167.45,101187.45
EMP254J,DT4,JR11,1,69225,8307,0,2,1259.9,62177.9
EMP255J,DT5,JR04,5,35280,4233.6,0,4.9,807.21,31853.61
EMP256J,DT6,JR04,0,28420,3410.4,0,2.5,37.51,25047.11
EMP257J,DT8,JR11,2,69875,8385,0,1.7,1844.7,63334.7
EMP258J,DT9,JR09,7,93800,11256,0,3.9,12756.8,95300.8
EMP259J,DT7,JR09,4,82250,9870,0,3.8,1151.5,73531.5
EMP260J,DT7,JR06,0,32640,3916.8,0,1.6,73.11,28796.31
EMP261J,DT7,JR09,3,80150,9618,0,4.1,1115.69,71647.69
EMP262J,DT4,JR04,8,39060,4687.2,0,4.2,3949.75,38322.55
EMP263J,DT1,JR02,3,21060,2527.2,0,4.2,916.53,19449.33
EMP264J,DT7,JR02,9,25920,3110.4,0,4.3,3102.11,25911.71
EMP265J,DT9,JR03,11,31570,3788.4,0,4.6,6819.12,34600.72
EMP266J,DT8,JR03,11,31262.5,3751.5,0,3.9,4201.68,31712.68
EMP267J,DT1,JR13,7,161400,19368,0,4.6,9800.21,151832.21
EMP268J,DT4,JR10,6,141900,17028,0,3.9,11851.49,136723.49
EMP269J,DT2,JR06,7,42400,5088,0,4.6,3086.72,40398.72
EMP270J,DT2,JR12,7,114325,13719,0,4.3,11674.87,112280.87
EMP271J,DT6,JR10,4,133650,16038,0,3.7,8045.73,125657.73
EMP272J,DT2,JR14,10,151500,18180,0,4.5,21222.12,154542.12
EMP273J,DT6,JR07,2,44600,5352,0,2,1518.18,40766.18
EMP274J,DT6,JR07,4,47200,5664,0,4.5,3194.5,44730.5
EMP275J,DT1,JR05,9,50750,6090,0,4.9,4932.9,49592.9
EMP276J,DT1,JR15,1,92250,11070,0,2.1,369,81549
EMP277J,DT6,JR07,1,41200,4944,0,2.8,207.65,36463.65
EMP278J,DT4,JR02,6,22950,2754,0,3.9,908.82,21104.82
EMP279J,DT3,JR07,11,62600,7512,0,4.5,7073.8,62161.8
EMP280J,DT9,JR06,9,46080,5529.6,0,4.4,3568.44,44118.84
EMP281J,DT5,JR05,11,54250,6510,0,4.1,7638.4,55378.4
EMP282J,DT3,JR11,2,69875,8385,0,2.5,1802.77,63292.77
EMP283J,DT7,JR03,10,30852.5,3702.3,0,4.6,5359.7,32509.9
EMP284J,DT6,JR13,5,149400,17928,0,4,14055.55,145527.55
EMP285J,DT1,JR16,6,108800,13056,0,4.3,2924.54,98668.54
EMP286J,DT1,JR15,1,95400,11448,0,1.9,503.71,84455.71
EMP287J,DT3,JR08,10,83050,9966,0,4.8,10165.32,83249.32
EMP288J,DT6,JR07,10,59600,7152,0,4.1,7476.22,59924.22
EMP289J,DT9,JR05,6,45325,5439,0,4.9,4278.68,44164.68
EMP290J,DT2,JR01,6,19500,2340,146.25,3.9,2199.6,19213.35
EMP291J,DT8,JR05,12,55300,6636,0,4.7,6158.21,54822.21
EMP292J,DT4,JR08,4,66550,7986,0,2.9,2683.3,61247.3
EMP293J,DT1,JR09,10,104300,12516,0,4.9,9403.69,101187.69
EMP294J,DT1,JR05,12,55300,6636,0,4.2,3592.29,52256.29
EMP295J,DT3,JR13,9,171600,20592,0,4.9,10625.47,161633.47
EMP296J,DT6,JR02,11,27540,3304.8,0,3.9,3970.17,28205.37
EMP297J,DT4,JR14,10,148500,17820,0,4.7,14404.5,145084.5
EMP298J,DT8,JR11,8,91975,11037,0,4.8,12519.64,93457.64
EMP299J,DT5,JR01,7,19950,2394,149.62,3.9,1369.37,18775.75
EMP300J,DT2,JR03,6,26137.5,3136.5,0,5,2817.62,25818.62
EMP301J,DT8,JR03,8,28187.5,3382.5,0,4.1,2790.56,27595.56
EMP302J,DT8,JR11,2,71825,8619,0,3.5,784.33,63990.33
EMP303J,DT3,JR11,5,82225,9867,0,4.2,4357.93,76715.93
EMP304J,DT2,JR14,9,145500,17460,0,3.9,21184.8,149224.8
EMP305J,DT5,JR02,4,21420,2570.4,0,2.4,1562.8,20412.4
EMP306J,DT5,JR04,5,34860,4183.2,0,2.3,1434.84,32111.64
EMP307J,DT5,JR03,7,27470,3296.4,0,4.1,2988.74,27162.34
EMP308J,DT2,JR16,0,85850,10302,0,2.6,267.85,75815.85
EMP309J,DT9,JR10,7,150150,18018,0,4,14468.45,146600.45
EMP310J,DT1,JR01,7,20100,2412,150.75,4.9,1640.16,19177.41
EMP311J,DT2,JR04,11,43820,5258.4,0,4.1,6536.19,45097.79
EMP312J,DT1,JR06,11,50240,6028.8,0,4.5,2749.13,46960.33
EMP313J,DT9,JR11,9,94900,11388,0,4.8,6984.64,90496.64
EMP314J,DT5,JR09,7,94500,11340,0,4.3,10319.4,93479.4
EMP315J,DT6,JR02,4,21510,2581.2,0,4.2,1442.89,20371.69
EMP316J,DT5,JR10,3,128150,15378,0,2.4,4228.95,117000.95
EMP317J,DT2,JR15,10,136350,16362,0,4.5,7302.91,127290.91
EMP318J,DT9,JR03,8,28290,3394.8,0,4.7,1548.03,26443.23
EMP319J,DT4,JR09,9,102200,12264,0,4.6,13915.55,103851.55
EMP320J,DT8,JR10,3,124850,14982,0,3.3,2561.92,112429.92
EMP321J,DT7,JR01,10,22575,2709,0,4.8,4104.13,23970.13
EMP322J,DT8,JR04,11,42700,5124,0,4.2,4483.5,42059.5
EMP323J,DT1,JR04,10,41440,4972.8,0,4.8,3023.46,39490.66
EMP324J,DT6,JR03,2,22242.5,2669.1,0,1.9,317.62,19891.02
EMP325J,DT7,JR14,8,140000,16800,0,4.4,10752,133952
EMP326J,DT1,JR02,7,23940,2872.8,0,4.9,2654.47,23721.67
EMP327J,DT5,JR15,6,116550,13986,0,4.5,12652.67,115216.67
EMP328J,DT2,JR14,5,125000,15000,0,3.7,11000,121000
EMP329J,DT2,JR02,11,28080,3369.6,0,4,5660.93,30371.33
EMP330J,DT1,JR07,6,51200,6144,0,5,1949.7,47005.7
EMP331J,DT7,JR04,10,41580,4989.6,0,4.8,4839.91,41430.31
EMP332J,DT8,JR01,8,20925,2511,156.94,4.3,2975.53,21232.59
EMP333J,DT8,JR07,10,59800,7176,0,3.9,11129.98,63753.98
EMP334J,DT5,JR04,1,28700,3444,0,1.6,241.08,25497.08
EMP335J,DT6,JR11,3,75400,9048,0,3.2,4053.5,70405.5
EMP336J,DT5,JR09,11,109200,13104,0,4.1,22014.72,118110.72
EMP337J,DT9,JR10,4,133100,15972,0,4.5,2683.3,119811.3
EMP338J,DT5,JR02,7,24480,2937.6,0,4.4,1410.05,22952.45
EMP339J,DT2,JR10,5,134750,16170,0,3.3,9944.55,128524.55
EMP340J,DT5,JR11,7,88725,10647,0,4.1,3886.15,81964.15
EMP341J,DT3,JR13,5,150600,18072,0,4.3,13517.86,146045.86
EMP342J,DT8,JR14,7,137000,16440,0,4.3,7299.36,127859.36
EMP343J,DT5,JR03,7,27367.5,3284.1,0,4.9,2200.35,26283.75
EMP344J,DT1,JR03,10,30340,3640.8,0,4.2,3262.16,29961.36
EMP345J,DT1,JR10,5,135850,16302,0,4.4,6384.95,125932.95
EMP346J,DT2,JR12,3,99025,11883,0,3.2,1307.13,88449.13
EMP347J,DT9,JR10,6,140800,16896,0,3.9,8830.98,132734.98
EMP348J,DT7,JR16,10,127925,15351,0,4.7,8785.89,121359.89
EMP349J,DT5,JR02,10,27180,3261.6,0,4.6,2661.47,26579.87
EMP350J,DT7,JR11,7,87750,10530,0,4.6,10565.1,87785.1
EMP351J,DT5,JR01,4,17775,2133,133.31,2.3,762.9,16271.59
EMP352J,DT6,JR09,4,84700,10164,0,4.5,2561.33,77097.33
EMP353J,DT1,JR12,7,113475,13617,0,4.6,11252.18,111110.18
EMP354J,DT8,JR12,8,119850,14382,0,3.9,17296.75,122764.75
EMP355J,DT7,JR06,7,43040,5164.8,0,4,3088.55,40963.75
EMP356J,DT5,JR13,10,178200,21384,0,5,13828.32,170644.32
EMP357J,DT2,JR16,3,99450,11934,0,2.4,2299.28,89815.28
EMP358J,DT8,JR01,8,21000,2520,157.5,4.1,2016,20338.5
EMP359J,DT9,JR03,1,21320,2558.4,0,1.9,231.96,18993.56
EMP360J,DT7,JR15,8,124650,14958,0,4.1,11517.66,121209.66
EMP361J,DT1,JR03,6,26342.5,3161.1,0,4,2342.38,25523.78
EMP362J,DT6,JR05,10,52325,6279,0,4.7,4351.35,50397.35
EMP363J,DT1,JR01,4,17775,2133,133.31,2.5,1157.51,16666.2
EMP364J,DT2,JR12,6,108375,13005,0,4.1,6675.9,102045.9
EMP365J,DT7,JR02,1,18810,2257.2,141.07,1.8,257.32,16669.05
EMP366J,DT1,JR02,1,18990,2278.8,142.42,1.8,392.71,16961.49
EMP367J,DT2,JR08,0,55550,6666,0,1.6,106.66,48990.66
EMP368J,DT7,JR03,2,22242.5,2669.1,0,2.2,726,20299.4
EMP369J,DT8,JR07,11,62000,7440,0,4.4,9548,64108
EMP370J,DT2,JR16,7,112625,13515,0,4.7,11713,110823
EMP371J,DT5,JR07,7,54400,6528,0,4.3,3916.8,51788.8
EMP372J,DT3,JR11,1,68575,8229,0,2.9,1297.44,61643.44
EMP373J,DT2,JR08,5,68475,8217,0,3.5,1744.74,62002.74
EMP374J,DT9,JR10,8,155100,18612,0,4.5,11700.74,148188.74
EMP375J,DT9,JR02,6,23670,2840.4,0,5,2564.88,23394.48
EMP376J,DT3,JR03,11,31877.5,3825.3,0,4.5,5519.91,33572.11
EMP377J,DT8,JR08,10,82775,9933,0,4.2,9029.1,81871.1
EMP378J,DT1,JR15,1,95850,11502,0,1.6,2442.26,86790.26
EMP379J,DT6,JR13,2,129000,15480,0,2.7,2012.4,115532.4
EMP380J,DT5,JR14,4,118000,14160,0,3.3,4757.76,108597.76
EMP381J,DT7,JR04,2,30660,3679.2,0,2,396.13,27376.93
EMP382J,DT2,JR06,8,44320,5318.4,0,4.3,3139.63,42141.23
EMP383J,DT5,JR11,1,66625,7995,0,2.4,266.5,58896.5
EMP384J,DT5,JR02,9,25740,3088.8,0,4.1,2036.55,24687.75
EMP385J,DT7,JR11,4,79300,9516,0,4.3,3070.5,72854.5
EMP386J,DT9,JR02,4,21330,2559.6,0,3.6,1357.44,20127.84
EMP387J,DT9,JR11,3,76050,9126,0,2.5,3413.12,70337.12
EMP388J,DT5,JR13,11,187800,22536,0,4.2,36500.81,201764.81
EMP389J,DT3,JR03,9,30135,3616.2,0,4.3,5212.15,31730.95
EMP390J,DT7,JR09,11,108850,13062,0,4.2,14015.53,109803.53
EMP391J,DT1,JR15,8,125550,15066,0,4.1,14282.57,124766.57
EMP392J,DT6,JR05,7,47600,5712,0,4.9,3290.11,45178.11
EMP393J,DT1,JR08,6,72600,8712,0,5,3531.26,67419.26
EMP394J,DT5,JR11,0,65650,7878,0,1.9,194.32,57966.32
EMP395J,DT6,JR14,1,106500,12780,0,2.9,1993.68,95713.68
EMP396J,DT5,JR16,10,127925,15351,0,4.2,12920.42,125494.42
EMP397J,DT3,JR10,5,139150,16698,0,4.1,5899.96,128351.96
EMP398J,DT3,JR10,3,124300,14916,0,2.2,4783.06,114167.06
EMP399J,DT6,JR09,8,99400,11928,0,4.7,4675.78,92147.78
EMP400J,DT4,JR02,11,27810,3337.2,0,4.9,3152.54,27625.34
EMP401J,DT4,JR02,10,26820,3218.4,0,3.9,4205.38,27806.98
EMP402J,DT7,JR01,4,17925,2151,134.44,4.5,1062.59,16702.15
EMP403J,DT9,JR10,1,112750,13530,0,1.5,496.1,99716.1
EMP404J,DT3,JR16,10,127925,15351,0,4.7,6201.8,118775.8
EMP405J,DT4,JR05,11,53375,6405,0,4.2,8967,55937
EMP406J,DT8,JR06,1,33280,3993.6,0,1.6,287.54,29573.94
EMP407J,DT5,JR08,11,85800,10296,0,4.3,12300.29,87804.29
EMP408J,DT5,JR14,9,145500,17460,0,4.1,19595.94,147635.94
EMP409J,DT5,JR01,10,22500,2700,0,4.3,4500,24300
EMP410J,DT4,JR06,1,33760,4051.2,0,1.9,475.34,30184.14
EMP411J,DT4,JR07,7,54800,6576,0,5,3244.16,51468.16
EMP412J,DT5,JR10,5,137500,16500,0,2.5,8250,129250
EMP413J,DT3,JR08,10,83325,9999,0,4.3,14761.86,88087.86
EMP414J,DT6,JR13,1,126000,15120,0,2.6,1260,112140
EMP415J,DT5,JR07,5,50000,6000,0,3,2600,46600
EMP416J,DT8,JR11,3,74425,8931,0,2.8,1208.66,66702.66
EMP417J,DT4,JR16,1,88400,10608,0,2.2,707.2,78499.2
EMP418J,DT3,JR04,9,41160,4939.2,0,4,5416.66,41637.46
EMP419J,DT2,JR12,3,95625,11475,0,3,1338.75,85488.75
EMP420J,DT3,JR14,11,153500,18420,0,4.2,20366.38,155446.38
EMP421J,DT3,JR04,11,43960,5275.2,0,5,4009.15,42693.95
EMP422J,DT1,JR03,11,31775,3813,0,4,3495.25,31457.25
EMP423J,DT1,JR13,5,151200,18144,0,4.2,14466.82,147522.82
EMP424J,DT7,JR07,3,45800,5496,0,4.1,1753.22,42057.22
EMP425J,DT3,JR13,9,173400,20808,0,4.7,25926.77,178518.77
EMP426J,DT3,JR16,9,121125,14535,0,4.1,16473,123063
EMP427J,DT6,JR06,7,43360,5203.2,0,4.2,3324.84,41481.64
EMP428J,DT5,JR07,3,46200,5544,0,2.8,1775.93,42431.93
EMP429J,DT8,JR08,11,84425,10131,0,5,6504.1,80798.1
EMP430J,DT2,JR07,8,55400,6648,0,4.2,6484.02,55236.02
EMP431J,DT6,JR15,10,135000,16200,0,4.6,12420,131220
EMP432J,DT9,JR06,9,46240,5548.8,0,4.2,3127.67,43818.87
EMP433J,DT1,JR16,3,99025,11883,0,2.1,2875.69,90017.69
EMP434J,DT5,JR03,9,29930,3591.6,0,4.2,2202.85,28541.25
EMP435J,DT8,JR10,3,128150,15378,0,2.1,5582.21,118354.21
EMP436J,DT6,JR07,9,58200,6984,0,4.3,7626.53,58842.53
EMP437J,DT9,JR04,11,43820,5258.4,0,4.3,4951.66,43513.26
EMP438J,DT2,JR01,2,16275,1953,122.06,2.3,132.8,14332.74
EMP439J,DT2,JR05,12,55125,6615,0,4.6,7860.83,56370.83
EMP440J,DT4,JR12,11,132175,15861,0,5,23474.28,139788.28
EMP441J,DT4,JR08,10,82500,9900,0,4.3,13860,86460
EMP442J,DT7,JR09,7,92750,11130,0,4.6,8199.1,89819.1
EMP443J,DT6,JR02,6,23220,2786.4,0,4.1,2154.82,22588.42
EMP444J,DT5,JR15,11,139500,16740,0,4.3,11048.4,133808.4
EMP445J,DT9,JR15,8,126900,15228,0,4.7,18730.44,130402.44
EMP446J,DT9,JR06,2,35200,4224,0,4.4,1351.68,32327.68
EMP447J,DT9,JR16,1,88400,10608,0,2.9,735.49,78527.49
EMP448J,DT3,JR09,9,101850,12222,0,4.6,4448.81,94076.81
EMP449J,DT9,JR04,10,42420,5090.4,0,4.5,5592.65,42922.25
EMP450J,DT5,JR02,3,21060,2527.2,0,2,429.62,18962.42
EMP451J,DT9,JR11,2,70200,8424,0,2.8,1752.19,63528.19
EMP452J,DT4,JR15,9,130050,15606,0,4.6,9722.54,124166.54
EMP453J,DT2,JR16,6,110925,13311,0,4.9,9202.34,106816.34
EMP454J,DT8,JR03,11,31262.5,3751.5,0,4.1,5777.31,33288.31
EMP455J,DT8,JR01,10,22275,2673,0,4.8,950.7,20552.7
EMP456J,DT2,JR12,6,111775,13413,0,4,9013.54,107375.54
EMP457J,DT3,JR04,9,41160,4939.2,0,4,5261.89,41482.69
EMP458J,DT6,JR09,3,79800,9576,0,4.3,1787.52,72011.52
EMP459J,DT2,JR03,1,21320,2558.4,0,1.5,204.67,18966.27
EMP460J,DT5,JR05,8,49700,5964,0,4.3,1836.91,45572.91
EMP461J,DT5,JR10,7,149050,17886,0,4.8,11005.85,142169.85
EMP462J,DT3,JR12,6,111350,13362,0,4.2,3037.63,101025.63
EMP463J,DT7,JR03,9,30135,3616.2,0,3.9,1133.08,27651.88
EMP464J,DT6,JR16,5,104125,12495,0,4.2,7497,99127
EMP465J,DT1,JR04,3,31780,3813.6,0,3.4,789.42,28755.82
EMP466J,DT3,JR14,1,104000,12480,0,1.6,366.08,91886.08
EMP467J,DT2,JR09,11,109550,13146,0,4.2,5941.99,102345.99
EMP468J,DT5,JR13,8,169200,20304,0,4.7,26083.87,174979.87
EMP469J,DT7,JR10,6,143000,17160,0,4.4,4804.8,130644.8
EMP470J,DT2,JR05,4,42525,5103,0,2.2,1901.72,39323.72
EMP471J,DT9,JR15,4,107550,12906,0,2.6,1845.56,96489.56
EMP472J,DT8,JR05,7,47250,5670,0,4,4630.5,46210.5
EMP473J,DT5,JR16,6,109225,13107,0,5,4980.66,101098.66
EMP474J,DT9,JR07,8,56600,6792,0,4.1,4134.06,53942.06
EMP475J,DT3,JR16,5,105400,12648,0,3,7892.35,100644.35
EMP476J,DT8,JR06,11,48960,5875.2,0,4.6,2698.68,45783.48
EMP477J,DT5,JR15,4,108450,13014,0,2.2,7114.32,102550.32
EMP478J,DT2,JR13,11,188400,22608,0,4.8,24914.02,190706.02
EMP479J,DT8,JR14,7,133000,15960,0,4.4,14044.8,131084.8
EMP480J,DT2,JR12,12,133875,16065,0,4.8,11084.85,128894.85
EMP481J,DT1,JR05,11,53550,6426,0,4.9,9536.18,56660.18
EMP482J,DT3,JR01,4,18075,2169,135.56,3,1067.15,16837.59
EMP483J,DT3,JR13,3,139800,16776,0,2.9,6458.76,129482.76
EMP484J,DT7,JR14,4,119500,14340,0,2.7,9321,114481
EMP485J,DT3,JR09,8,96600,11592,0,4.4,4992.29,90000.29
EMP486J,DT8,JR06,3,37120,4454.4,0,4,1140.33,33805.93
EMP487J,DT7,JR07,1,42800,5136,0,1.8,359.52,38023.52
EMP488J,DT9,JR07,5,50600,6072,0,4.9,4827.24,49355.24
EMP489J,DT5,JR12,2,92225,11067,0,2,2696.66,83854.66
EMP490J,DT1,JR08,1,58850,7062,0,2.5,428.43,52216.43
EMP491J,DT7,JR03,9,29827.5,3579.3,0,4.9,4668.6,30916.8
EMP492J,DT6,JR02,10,26550,3186,0,3.9,4035.6,27399.6
EMP493J,DT2,JR12,6,109225,13107,0,4,4980.66,101098.66
EMP494J,DT8,JR14,5,124500,14940,0,3.5,5856.48,115416.48
EMP495J,DT1,JR04,11,42700,5124,0,4.4,2152.08,39728.08
EMP496J,DT4,JR14,7,136500,16380,0,5,18733.26,138853.26
EMP497J,DT4,JR04,5,35280,4233.6,0,4,1907.94,32954.34
EMP498J,DT2,JR07,11,61000,7320,0,4.8,6405,60085
EMP499J,DT2,JR15,8,124650,14958,0,4.3,8446.28,118138.28
EMP500J,DT8,JR16,6,110075,13209,0,3.9,12988.85,109854.85
EMP501J,DT4,JR02,6,23490,2818.8,0,4.2,2636.52,23307.72
EMP502J,DT2,JR04,11,42980,5157.6,0,4.3,7358.18,45180.58
EMP503J,DT2,JR02,4,21690,2602.8,0,2.5,1707.44,20794.64
EMP504J,DT5,JR08,8,75625,9075,0,4.2,10663.12,77213.12
EMP505J,DT7,JR02,3,20250,2430,151.88,4,688.5,18356.62
EMP506J,DT2,JR01,7,20550,2466,154.12,4.1,2250.64,20180.52
EMP507J,DT2,JR09,9,100800,12096,0,4.9,14192.64,102896.64
EMP508J,DT5,JR15,8,126900,15228,0,4.5,10822.03,122494.03
EMP509J,DT9,JR09,5,87150,10458,0,4.3,2391.4,79083.4
EMP510J,DT5,JR06,7,42880,5145.6,0,4.1,2332.67,40067.07
EMP511J,DT6,JR13,1,124200,14904,0,1.8,938.95,110234.95
EMP512J,DT8,JR15,1,95400,11448,0,1.9,1877.47,85829.47
EMP513J,DT9,JR09,9,101150,12138,0,4.5,4681.22,93693.22
EMP514J,DT8,JR10,2,122650,14718,0,2.8,4739.2,112671.2
EMP515J,DT1,JR05,1,36225,4347,0,2.5,446.29,32324.29
EMP516J,DT1,JR08,9,78650,9438,0,4,12716.13,81928.13
EMP517J,DT5,JR09,4,85400,10248,0,2.3,5110.34,80262.34
EMP518J,DT4,JR13,9,172200,20664,0,4.9,18576.94,170112.94
EMP519J,DT8,JR09,2,76650,9198,0,2.3,1689.37,69141.37
EMP520J,DT3,JR06,9,46560,5587.2,0,4.8,7796.01,48768.81
EMP521J,DT3,JR06,6,41120,4934.4,0,3.9,3468.88,39654.48
EMP522J,DT7,JR07,9,58400,7008,0,4.7,9241.22,60633.22
EMP523J,DT8,JR09,0,70350,8442,0,2.3,87.23,61995.23
EMP524J,DT2,JR10,7,145750,17490,0,4.2,18189.6,146449.6
EMP525J,DT3,JR12,3,96050,11526,0,3.4,4095.57,88619.57
EMP526J,DT1,JR02,4,21510,2581.2,0,2,1308.67,20237.47
EMP527J,DT3,JR06,2,35200,4224,0,4.5,929.28,31905.28
EMP528J,DT8,JR06,1,33600,4032,0,1.9,362.88,29930.88
EMP529J,DT7,JR03,1,21115,2533.8,0,2.8,101.35,18682.55
EMP530J,DT2,JR09,9,102900,12348,0,4.6,15863.06,106415.06
EMP531J,DT3,JR11,3,75075,9009,0,3.7,3537.53,69603.53
EMP532J,DT3,JR16,9,122400,14688,0,4.7,18957.31,126669.31
EMP533J,DT3,JR07,10,60400,7248,0,4,4928.64,58080.64
EMP534J,DT9,JR04,5,34720,4166.4,0,4,1333.25,31886.85
EMP535J,DT9,JR08,7,73150,8778,0,4.7,2896.74,67268.74
EMP536J,DT2,JR10,8,151800,18216,0,4.1,21227.71,154811.71
EMP537J,DT6,JR06,2,35360,4243.2,0,2.9,475.24,31592.04
EMP538J,DT5,JR05,8,49350,5922,0,5,7445.93,50873.93
EMP539J,DT4,JR07,3,45400,5448,0,3.3,1618.06,41570.06
EMP540J,DT4,JR04,12,44100,5292,0,5,8925.84,47733.84
EMP541J,DT7,JR15,7,121950,14634,0,4.6,7273.1,114589.1
EMP542J,DT6,JR08,3,62150,7458,0,2.1,711,55403
EMP543J,DT5,JR09,9,100800,12096,0,4.2,13837.82,102541.82
EMP544J,DT8,JR08,2,60500,7260,0,3.3,2226.4,55466.4
EMP545J,DT2,JR14,8,141500,16980,0,4.7,16442.3,140962.3
EMP546J,DT6,JR05,1,37100,4452,0,2,854.78,33502.78
EMP547J,DT2,JR05,7,46550,5586,0,4.1,5775.92,46739.92
EMP548J,DT4,JR12,7,112625,13515,0,4.1,6149.33,105259.33
EMP549J,DT4,JR03,6,26752.5,3210.3,0,4.8,2284.66,25826.86
EMP550J,DT1,JR10,4,131450,15774,0,4.5,9227.79,124903.79
EMP551J,DT9,JR10,8,152350,18282,0,4.7,5161.62,139229.62
EMP552J,DT4,JR03,3,23575,2829,0,2.5,650.67,21396.67
EMP553J,DT9,JR03,7,27470,3296.4,0,4.8,2689.86,26863.46
EMP554J,DT7,JR16,5,107525,12903,0,4.8,6838.59,101460.59
EMP555J,DT3,JR08,1,56375,6765,0,1.6,259.32,49869.32
EMP556J,DT5,JR16,4,103275,12393,0,4,7460.59,98342.59
EMP557J,DT4,JR09,4,82250,9870,0,2.4,3915.1,76295.1
EMP558J,DT4,JR04,11,43960,5275.2,0,4.6,3407.78,42092.58
EMP559J,DT9,JR16,5,107950,12954,0,4.2,4663.44,99659.44
EMP560J,DT2,JR08,4,64625,7755,0,2,3076.15,59946.15
EMP561J,DT4,JR07,11,61400,7368,0,4.4,7883.76,61915.76
EMP562J,DT4,JR16,8,120700,14484,0,4.7,6488.83,112704.83
EMP563J,DT7,JR04,9,40460,4855.2,0,4.7,2016.53,37621.33
EMP564J,DT2,JR13,4,142800,17136,0,2.5,4558.18,130222.18
EMP565J,DT1,JR12,11,131325,15759,0,4.2,25193.39,140759.39
EMP566J,DT3,JR10,11,167750,20130,0,4.7,28886.55,176506.55
EMP567J,DT7,JR06,11,48960,5875.2,0,4.1,9964.34,53049.14
EMP568J,DT1,JR09,3,80850,9702,0,2.1,2406.1,73554.1
EMP569J,DT6,JR13,10,178800,21456,0,4.3,19625.09,176969.09
EMP570J,DT2,JR02,2,19350,2322,145.12,2.7,185.76,17068.64
EMP571J,DT6,JR02,1,18990,2278.8,142.42,2.6,242.31,16811.09
EMP572J,DT6,JR16,2,92225,11067,0,2.8,2508.52,83666.52
EMP573J,DT8,JR02,9,25740,3088.8,0,4.2,3453.28,26104.48
EMP574J,DT3,JR01,9,21825,2619,0,4.6,3892.71,23098.71
EMP575J,DT2,JR14,9,144000,17280,0,4.1,22302.72,149022.72
EMP576J,DT6,JR07,7,53400,6408,0,4.7,6296.93,53288.93
EMP577J,DT2,JR11,1,66625,7995,0,2.2,639.6,59269.6
EMP578J,DT2,JR08,6,71225,8547,0,4.8,6891.73,69569.73
EMP579J,DT5,JR01,5,18600,2232,139.5,3.4,857.09,17085.59
EMP580J,DT9,JR13,1,123000,14760,0,1.5,319.8,108559.8
EMP581J,DT5,JR10,1,117700,14124,0,2.4,1911.45,105487.45
EMP582J,DT8,JR01,9,21525,2583,0,4.4,3146.09,22088.09
EMP583J,DT9,JR05,5,44100,5292,0,4.7,1375.92,40183.92
EMP584J,DT9,JR12,1,87125,10455,0,2.9,644.73,77314.73
EMP585J,DT3,JR13,8,169800,20376,0,4.1,6201.1,155625.1
EMP586J,DT4,JR10,3,128150,15378,0,3.3,2368.21,115140.21
EMP587J,DT5,JR16,8,116875,14025,0,4.4,4207.5,107057.5
EMP588J,DT4,JR04,9,40460,4855.2,0,4.4,2592.68,38197.48
EMP589J,DT1,JR03,8,29110,3493.2,0,4.4,4792.67,30409.47
EMP590J,DT4,JR13,7,163200,19584,0,4.5,11280.38,154896.38
EMP591J,DT8,JR14,7,135000,16200,0,4.6,13608,132408
EMP592J,DT5,JR14,7,134000,16080,0,4,9840.96,127760.96
EMP593J,DT6,JR06,6,41280,4953.6,0,4.3,1340.77,37667.17
EMP594J,DT9,JR10,9,160600,19272,0,4.7,11820.16,153148.16
EMP595J,DT8,JR09,8,96600,11592,0,4,10865.57,95873.57
EMP596J,DT1,JR06,11,49600,5952,0,4.3,7638.4,51286.4
EMP597J,DT4,JR12,11,131750,15810,0,4.9,16811.3,132751.3
EMP598J,DT6,JR15,11,137250,16470,0,3.9,14411.25,135191.25
EMP599J,DT3,JR07,10,59200,7104,0,4.2,4091.9,56187.9
EMP600J,DT8,JR12,6,111350,13362,0,4.5,6351.4,104339.4
EMP601J,DT3,JR16,1,89675,10761,0,1.7,1065.34,79979.34
EMP602J,DT8,JR16,1,88400,10608,0,1.7,367.74,78159.74
EMP603J,DT2,JR04,10,42140,5056.8,0,3.9,7661.05,44744.25
EMP604J,DT3,JR11,11,101400,12168,0,4.3,5905.54,95137.54
EMP605J,DT8,JR16,10,129200,15504,0,4.6,15049.22,128745.22
EMP606J,DT5,JR11,7,87750,10530,0,4.9,5405.4,82625.4
EMP607J,DT8,JR04,0,28280,3393.6,0,1.8,42.99,24929.39
EMP608J,DT6,JR09,0,70000,8400,0,2.8,0,61600
EMP609J,DT6,JR07,4,47800,5736,0,3.9,2013.34,44077.34
EMP610J,DT8,JR16,6,111350,13362,0,4.3,5522.96,103510.96
EMP611J,DT5,JR03,4,24600,2952,0,2,708.48,22356.48
EMP612J,DT3,JR07,11,62800,7536,0,4.1,6586.46,61850.46
EMP613J,DT4,JR14,8,138000,16560,0,4.5,10907.52,132347.52
EMP614J,DT9,JR02,10,27360,3283.2,0,4,1251.99,25328.79
EMP615J,DT3,JR07,1,42200,5064,0,1.7,185.68,37321.68
EMP616J,DT6,JR06,10,47840,5740.8,0,5,3978.37,46077.57
EMP617J,DT9,JR08,10,83050,9966,0,4.7,6438.04,79522.04
EMP618J,DT5,JR11,9,94575,11349,0,4.7,16868.4,100094.4
EMP619J,DT2,JR10,3,127600,15312,0,2.3,2939.9,115227.9
EMP620J,DT6,JR06,11,48800,5856,0,4,7583.52,50527.52
EMP621J,DT2,JR03,7,27777.5,3333.3,0,5,2682.2,27126.4
EMP622J,DT8,JR08,2,60225,7227,0,2.6,2242.78,55240.78
EMP623J,DT9,JR13,0,120000,14400,0,2.8,0,105600
EMP624J,DT4,JR03,9,29930,3591.6,0,4.4,1982.56,28320.96
EMP625J,DT1,JR01,2,16200,1944,121.5,1.7,321.41,14455.91
EMP626J,DT5,JR08,7,74525,8943,0,4.5,6561.18,72143.18
EMP627J,DT3,JR03,3,23985,2878.2,0,2.8,1011.21,22118.01
EMP628J,DT1,JR11,8,90025,10803,0,5,5822.82,85044.82
EMP629J,DT8,JR11,5,80925,9711,0,3.6,6344.52,77558.52
EMP630J,DT7,JR16,10,126650,15198,0,4.7,9432.89,120884.89
EMP631J,DT9,JR14,1,105500,12660,0,1.8,1114.08,93954.08
EMP632J,DT9,JR15,2,97200,11664,0,2.1,1555.2,87091.2
EMP633J,DT9,JR04,4,34020,4082.4,0,4.3,2867.21,32804.81
EMP634J,DT1,JR11,5,81250,9750,0,3.4,2112.5,73612.5
EMP635J,DT4,JR13,0,121800,14616,0,1.6,277.7,107461.7
EMP636J,DT8,JR02,10,26820,3218.4,0,4.4,3679.7,27281.3
EMP637J,DT3,JR08,12,86625,10395,0,4.6,14345.1,90575.1
EMP638J,DT6,JR03,5,25112.5,3013.5,0,2.9,1627.29,23726.29
EMP639J,DT7,JR06,7,43520,5222.4,0,4.1,1880.06,40177.66
EMP640J,DT9,JR04,11,42700,5124,0,4.4,5200.86,42776.86
EMP641J,DT1,JR12,6,110075,13209,0,4.5,6234.65,103100.65
EMP642J,DT8,JR10,3,126500,15180,0,4.4,6072,117392
EMP643J,DT4,JR15,6,115200,13824,0,4.8,6451.2,107827.2
EMP644J,DT8,JR16,3,95625,11475,0,4.1,2008.13,86158.13
EMP645J,DT5,JR07,4,47000,5640,0,3.8,2237.2,43597.2
EMP646J,DT9,JR11,8,89375,10725,0,4.5,9920.62,88570.62
EMP647J,DT8,JR07,4,47400,5688,0,3.4,1332.89,43044.89
EMP648J,DT4,JR04,8,38500,4620,0,4.6,2541,36421
EMP649J,DT9,JR10,7,150700,18084,0,4.6,5798.94,138414.94
EMP650J,DT9,JR14,5,123500,14820,0,4.5,4875.78,113555.78
EMP651J,DT7,JR16,4,100725,12087,0,2,4919.41,93557.41
EMP652J,DT2,JR02,2,19530,2343.6,146.47,2.8,517.94,17557.87
EMP653J,DT8,JR04,10,41860,5023.2,0,4.3,3812.61,40649.41
EMP654J,DT9,JR01,1,16050,1926,120.38,1.8,107.86,14111.48
EMP655J,DT4,JR01,7,19950,2394,149.62,4.8,2317.39,19723.77
EMP656J,DT8,JR06,10,48000,5760,0,4.7,6720,48960
EMP657J,DT1,JR09,11,109550,13146,0,4.6,16835.64,113239.64
EMP658J,DT2,JR09,5,87850,10542,0,4.4,7347.77,84655.77
EMP659J,DT3,JR13,11,183600,22032,0,4.4,21796.99,183364.99
EMP660J,DT1,JR13,2,133200,15984,0,3.5,3750.91,120966.91
EMP661J,DT6,JR16,2,93925,11271,0,3,1262.35,83916.35
EMP662J,DT7,JR09,3,81200,9744,0,3.9,1974.78,73430.78
EMP663J,DT3,JR10,1,117700,14124,0,2.5,1845.54,105421.54
EMP664J,DT5,JR10,9,158400,19008,0,4.7,15054.34,154446.34
EMP665J,DT4,JR16,3,95625,11475,0,3.4,4207.5,88357.5
EMP666J,DT4,JR15,3,104400,12528,0,3.4,4944.38,96816.38
EMP667J,DT4,JR09,10,106050,12726,0,4.4,9175.45,102499.45
EMP668J,DT7,JR07,3,45200,5424,0,4.3,752.13,40528.13
EMP669J,DT5,JR04,0,28420,3410.4,0,2,54.57,25064.17
EMP670J,DT2,JR05,2,38675,4641,0,2.9,1266.99,35300.99
EMP671J,DT7,JR02,3,20340,2440.8,152.55,3.1,232.69,17979.34
EMP672J,DT6,JR02,3,21060,2527.2,0,2.7,687.4,19220.2
EMP673J,DT1,JR03,7,28085,3370.2,0,4.4,3907.19,28621.99
EMP674J,DT6,JR15,4,109800,13176,0,3.7,5217.7,101841.7
EMP675J,DT7,JR08,1,57475,6897,0,2.3,372.44,50950.44
EMP676J,DT8,JR15,5,112950,13554,0,5,2765.02,102161.02
EMP677J,DT8,JR10,4,129250,15510,0,2.8,3619,117359
EMP678J,DT3,JR08,2,59950,7194,0,1.9,2071.87,54827.87
EMP679J,DT1,JR13,6,156600,18792,0,3.9,10698.91,148506.91
EMP680J,DT3,JR01,10,22800,2736,0,4.5,2940.29,23004.29
EMP681J,DT8,JR15,7,123300,14796,0,4.4,15328.66,123832.66
EMP682J,DT2,JR02,6,22950,2754,0,4.4,1312.74,21508.74
EMP683J,DT8,JR13,5,148200,17784,0,4.5,4736.47,135152.47
EMP684J,DT7,JR11,2,69875,8385,0,2.8,670.8,62160.8
EMP685J,DT4,JR10,0,112200,13464,0,2.6,736.03,99472.03
EMP686J,DT9,JR09,8,99400,11928,0,4.4,14695.3,102167.3
EMP687J,DT9,JR11,5,81575,9789,0,4.2,1996.96,73782.96
EMP688J,DT9,JR14,0,101000,12120,0,1.8,129.28,89009.28
EMP689J,DT2,JR06,4,38400,4608,0,3,1843.2,35635.2
EMP690J,DT8,JR06,4,38720,4646.4,0,3.1,2146.64,36220.24
EMP691J,DT5,JR10,10,162800,19536,0,4.6,20004.86,163268.86
EMP692J,DT6,JR07,7,53400,6408,0,3.9,5008.92,52000.92
EMP693J,DT2,JR06,3,36800,4416,0,2,839.04,33223.04
EMP694J,DT2,JR06,5,39680,4761.6,0,3.5,761.86,35680.26
EMP695J,DT2,JR05,2,38150,4578,0,2.1,1016.32,34588.32
EMP696J,DT2,JR10,9,157850,18942,0,4.3,9338.41,148246.41
EMP697J,DT4,JR07,9,58400,7008,0,3.9,5587.71,56979.71
EMP698J,DT8,JR02,5,22230,2667.6,0,4.3,1922.45,21484.85
EMP699J,DT4,JR12,10,128350,15402,0,4.5,17804.71,130752.71
EMP700J,DT8,JR02,3,20430,2451.6,153.22,4,441.29,18266.47
EMP701J,DT9,JR06,4,38560,4627.2,0,3.3,822.1,34754.9
EMP702J,DT5,JR13,9,171600,20592,0,4.3,23021.86,174029.86
EMP703J,DT3,JR11,11,99125,11895,0,4.1,15820.35,103050.35
EMP704J,DT4,JR09,6,90650,10878,0,4.3,3636.88,83408.88
EMP705J,DT1,JR11,5,80600,9672,0,2.6,7118.59,78046.59
EMP706J,DT2,JR01,9,22050,2646,0,4.5,3730.86,23134.86
EMP707J,DT7,JR03,8,28802.5,3456.3,0,4.6,1866.4,27212.6
EMP708J,DT3,JR13,6,158400,19008,0,4.1,16625.66,156017.66
EMP709J,DT3,JR10,9,157850,18942,0,4.6,21423.4,160331.4
EMP710J,DT9,JR10,10,163900,19668,0,4.1,10922.3,155154.3
EMP711J,DT5,JR03,1,21422.5,2570.7,0,2.6,169.67,19021.47
EMP712J,DT9,JR11,8,91325,10959,0,3.9,7693.22,88059.22
EMP713J,DT3,JR06,8,44800,5376,0,5,3440.64,42864.64
EMP714J,DT5,JR10,12,173800,20856,0,4.9,16935.07,169879.07
EMP715J,DT5,JR16,0,86700,10404,0,1.5,541.01,76837.01
EMP716J,DT1,JR05,7,47425,5691,0,3.9,5118.11,46852.11
EMP717J,DT9,JR04,7,38080,4569.6,0,4.3,3728.79,37239.19
EMP718J,DT5,JR02,5,22500,2700,0,4,1845,21645
EMP719J,DT6,JR02,0,18270,2192.4,137.03,1.6,81.12,16021.69
EMP720J,DT6,JR09,6,89250,10710,0,4.2,1963.5,80503.5
EMP721J,DT6,JR05,6,46025,5523,0,4.6,2087.69,42589.69
EMP722J,DT9,JR04,4,34160,4099.2,0,2,2945.96,33006.76
EMP723J,DT7,JR16,1,87975,10557,0,3,985.32,78403.32
EMP724J,DT6,JR02,3,20790,2494.8,155.92,4.1,592.93,18732.21
EMP725J,DT9,JR05,4,41475,4977,0,2,1289.04,37787.04
EMP726J,DT3,JR12,11,132600,15912,0,4.4,20197.63,136885.63
EMP727J,DT5,JR06,11,49120,5894.4,0,4.8,2312.57,45538.17
EMP728J,DT3,JR06,8,44960,5395.2,0,4.6,4515.78,44080.58
EMP729J,DT7,JR07,5,49200,5904,0,3.7,1448.45,44744.45
EMP730J,DT7,JR12,3,97750,11730,0,2.3,5747.7,91767.7
EMP731J,DT4,JR08,2,59675,7161,0,2.6,1866.63,54380.63
EMP732J,DT8,JR03,6,26240,3148.8,0,4.7,764.11,23855.31
EMP733J,DT5,JR07,1,41200,4944,0,1.5,435.07,36691.07
EMP734J,DT7,JR16,2,92650,11118,0,2.2,1934.53,83466.53
EMP735J,DT4,JR15,11,139950,16794,0,4.7,24855.12,148011.12
EMP736J,DT1,JR07,2,44200,5304,0,4.3,891.07,39787.07
EMP737J,DT8,JR15,9,130950,15714,0,4.6,21926.27,137162.27
EMP738J,DT1,JR03,6,26957.5,3234.9,0,4.6,2037.99,25760.59
EMP739J,DT3,JR06,1,33920,4070.4,0,2.1,390.76,30240.36
EMP740J,DT7,JR07,6,51400,6168,0,4.3,3164.18,48396.18
EMP741J,DT5,JR11,1,66950,8034,0,1.8,482.04,59398.04
EMP742J,DT9,JR08,7,74800,8976,0,4.8,10771.2,76595.2
EMP743J,DT3,JR10,11,172700,20724,0,4.1,14962.73,166938.73
EMP744J,DT8,JR03,8,28905,3468.6,0,4.6,1042.89,26479.29
EMP745J,DT7,JR11,2,70525,8463,0,2.7,2206.02,64268.02
EMP746J,DT2,JR11,5,80275,9633,0,3.8,4527.51,75169.51
EMP747J,DT9,JR05,1,35875,4305,0,2.7,229.6,31799.6
EMP748J,DT7,JR04,1,28980,3477.6,0,2.6,121.72,25624.12
EMP749J,DT1,JR16,7,113900,13668,0,4,13941.36,114173.36
EMP750J,DT6,JR01,8,21075,2529,0,5,2048.49,20594.49
EMP751J,DT2,JR07,10,60000,7200,0,4.1,9120,61920
EMP752J,DT8,JR16,1,90950,10914,0,2.1,865.84,80901.84
EMP753J,DT5,JR01,2,16575,1989,124.31,2.8,222.77,14684.46
EMP754J,DT8,JR08,1,58300,6996,0,2.1,475.73,51779.73
EMP755J,DT1,JR09,7,94500,11340,0,4.5,8467.2,91627.2
EMP756J,DT5,JR16,11,133025,15963,0,4.3,18639.46,135701.46
EMP757J,DT1,JR01,8,21225,2547,0,4.7,3452.88,22130.88
EMP758J,DT4,JR13,5,147000,17640,0,2.9,3175.2,132535.2
EMP759J,DT1,JR16,8,119425,14331,0,4,16251.35,121345.35
EMP760J,DT2,JR11,11,100750,12090,0,4.8,8866,97526
EMP761J,DT2,JR07,3,46800,5616,0,2.9,1527.55,42711.55
EMP762J,DT6,JR11,0,65650,7878,0,2,252.1,58024.1
EMP763J,DT8,JR02,5,22860,2743.2,0,4.3,1086.31,21203.11
EMP764J,DT1,JR12,7,116025,13923,0,4.7,5081.89,107183.89
EMP765J,DT7,JR06,4,38880,4665.6,0,2.6,2139.96,36354.36
EMP766J,DT9,JR11,4,78325,9399,0,2.3,5651.93,74577.93
EMP767J,DT3,JR07,6,51200,6144,0,4.6,3784.7,48840.7
EMP768J,DT3,JR07,5,49000,5880,0,3.7,3616.2,46736.2
EMP769J,DT8,JR15,7,121950,14634,0,3.9,9697.46,117013.46
EMP770J,DT3,JR01,5,18675,2241,140.06,2.9,1244.5,17538.44
EMP771J,DT8,JR08,9,79475,9537,0,4.8,7356.21,77294.21
EMP772J,DT3,JR11,0,65975,7917,0,2.6,118.75,58176.75
EMP773J,DT3,JR08,2,60225,7227,0,2.7,2151.24,55149.24
EMP774J,DT8,JR01,11,23325,2799,0,4.4,3831.83,24357.83
EMP775J,DT6,JR09,6,91350,10962,0,4.3,8247.08,88635.08
EMP776J,DT1,JR07,8,56600,6792,0,4.9,7704.39,57512.39
EMP777J,DT8,JR09,2,78050,9366,0,3.9,2585.02,71269.02
EMP778J,DT8,JR05,3,39725,4767,0,4.2,643.55,35601.55
EMP779J,DT5,JR05,6,44625,5355,0,4.6,4712.4,43982.4
EMP780J,DT3,JR08,8,75900,9108,0,4.9,5999.14,72791.14
EMP781J,DT7,JR16,2,94775,11373,0,3.6,1656.67,85058.67
EMP782J,DT3,JR10,5,139700,16764,0,5,7242.05,130178.05
EMP783J,DT1,JR07,1,42800,5136,0,2.1,239.68,37903.68
EMP784J,DT8,JR11,10,95875,11505,0,4.2,9108.12,93478.12
EMP785J,DT3,JR15,9,129600,15552,0,4.3,6842.88,120890.88
EMP786J,DT4,JR05,9,50925,6111,0,4.2,2780.51,47594.51
EMP787J,DT5,JR06,9,46240,5548.8,0,4.8,6090.73,46781.93
EMP788J,DT9,JR04,1,29680,3561.6,0,2.8,498.62,26617.02
EMP789J,DT9,JR03,0,20705,2484.6,155.29,2.8,33.13,18098.24
EMP790J,DT4,JR12,1,88825,10659,0,1.6,767.45,78933.45
EMP791J,DT2,JR05,9,51100,6132,0,5,6393.63,51361.63
EMP792J,DT3,JR16,3,96900,11628,0,2.8,4232.59,89504.59
EMP793J,DT5,JR11,1,67275,8073,0,2.9,885.34,60087.34
EMP794J,DT1,JR11,1,67600,8112,0,2.9,540.8,60028.8
EMP795J,DT3,JR15,5,112500,13500,0,3.1,7200,106200
EMP796J,DT3,JR15,8,124650,14958,0,5,16124.72,125816.72
EMP797J,DT3,JR09,4,83300,9996,0,3.5,3038.78,76342.78
EMP798J,DT5,JR10,8,154000,18480,0,4,10841.6,146361.6
EMP799J,DT3,JR08,4,66550,7986,0,4.3,5142.98,63706.98
EMP800J,DT5,JR13,3,139200,16704,0,2.4,4810.75,127306.75
EMP801J,DT5,JR13,8,169200,20304,0,3.9,13319.42,162215.42
EMP802J,DT5,JR04,1,29960,3595.2,0,2.4,251.66,26616.46
EMP803J,DT6,JR08,11,86075,10329,0,4.8,8559.3,84305.3
EMP804J,DT7,JR16,10,125375,15045,0,4.9,9528.5,119858.5
EMP805J,DT5,JR08,5,67650,8118,0,4.4,3485.33,63017.33
EMP806J,DT4,JR02,11,27720,3326.4,0,5,3113.51,27507.11
EMP807J,DT5,JR16,1,88825,10659,0,2.8,927.33,79093.33
EMP808J,DT2,JR15,11,141300,16956,0,4.2,11597.9,135941.9
EMP809J,DT7,JR12,2,95200,11424,0,2.6,1370.88,85146.88
EMP810J,DT1,JR07,7,53400,6408,0,4.6,5438.26,52430.26
EMP811J,DT7,JR16,12,133875,16065,0,4.5,10469.02,128279.02
EMP812J,DT2,JR15,6,117450,14094,0,4.4,12322.85,115678.85
EMP813J,DT6,JR04,1,28840,3460.8,0,3,193.8,25573
EMP814J,DT9,JR15,6,117900,14148,0,4.8,12865.25,116617.25
EMP815J,DT3,JR16,5,105825,12699,0,4.1,8089.26,101215.26
EMP816J,DT6,JR04,6,36120,4334.4,0,4.6,2178.76,33964.36
EMP817J,DT1,JR15,2,99900,11988,0,3.7,2989.01,90901.01
EMP818J,DT4,JR10,11,172150,20658,0,4.1,24899.78,176391.78
EMP819J,DT2,JR11,7,88725,10647,0,4.1,12176.62,90254.62
EMP820J,DT8,JR14,4,120500,14460,0,4.3,5928.6,111968.6
EMP821J,DT1,JR09,7,92750,11130,0,4.9,11334.05,92954.05
EMP822J,DT8,JR13,4,146400,17568,0,2.1,4122.62,132954.62
EMP823J,DT1,JR14,2,107500,12900,0,2.3,967.5,95567.5
EMP824J,DT2,JR15,9,129600,15552,0,4,9580.03,123628.03
EMP825J,DT1,JR06,4,38720,4646.4,0,3.3,2016.54,36090.14
EMP826J,DT4,JR16,8,118150,14178,0,4.5,4423.54,108395.54
EMP827J,DT7,JR16,3,98600,11832,0,3.2,3028.99,89796.99
EMP828J,DT6,JR16,11,132175,15861,0,4,7629.14,123943.14
EMP829J,DT1,JR11,2,70200,8424,0,2.1,1437.7,63213.7
EMP830J,DT1,JR13,6,154200,18504,0,4,14414.62,150110.62
EMP831J,DT3,JR06,0,32000,3840,0,2.7,0,28160
EMP832J,DT8,JR13,11,185400,22248,0,4.6,10508.47,173660.47
EMP833J,DT7,JR04,11,43540,5224.8,0,4.2,5412.89,43728.09
EMP834J,DT4,JR11,11,102050,12246,0,5,13029.74,102833.74
EMP835J,DT9,JR05,1,37275,4473,0,2.7,426.43,33228.43
EMP836J,DT2,JR16,7,113900,13668,0,4,4337.31,104569.31
EMP837J,DT4,JR02,7,24300,2916,0,4.8,2381.4,23765.4
EMP838J,DT3,JR04,10,41300,4956,0,4,2824.92,39168.92
EMP839J,DT7,JR01,4,17775,2133,133.31,2.5,394.61,15903.3
EMP840J,DT2,JR11,6,85475,10257,0,4.5,4307.94,79525.94
EMP841J,DT8,JR01,8,21075,2529,0,5,1707.08,20253.08
EMP842J,DT7,JR03,5,25522.5,3062.7,0,4.3,1100.53,23560.33
EMP843J,DT3,JR01,5,18675,2241,140.06,4.5,1244.5,17538.44
EMP844J,DT3,JR06,4,37920,4550.4,0,4.2,1178.55,34548.15
EMP845J,DT9,JR09,7,95200,11424,0,4.2,4660.99,88436.99
EMP846J,DT3,JR12,5,106250,12750,0,2.1,9775,103275
EMP847J,DT5,JR10,5,135300,16236,0,3.2,8464.37,127528.37
EMP848J,DT7,JR02,3,20700,2484,155.25,2.6,968.76,19029.51
EMP849J,DT3,JR01,3,17400,2088,130.5,4.1,556.8,15738.3
EMP850J,DT7,JR01,3,17325,2079,129.94,2.2,816.35,15932.41
EMP851J,DT7,JR03,9,29622.5,3554.7,0,4.6,2425.49,28493.29
EMP852J,DT1,JR10,7,146850,17622,0,4.4,14561.65,143789.65
EMP853J,DT7,JR09,9,100800,12096,0,5,8160.77,96864.77
EMP854J,DT5,JR16,6,110500,13260,0,4.9,9812.4,107052.4
EMP855J,DT1,JR11,11,100425,12051,0,4.8,15324.85,103698.85
EMP856J,DT4,JR06,2,35200,4224,0,3.3,985.6,31961.6
EMP857J,DT5,JR12,11,130050,15606,0,4.7,25364.95,139808.95
EMP858J,DT9,JR13,5,148200,17784,0,3.8,5850.94,136266.94
EMP859J,DT2,JR06,4,38080,4569.6,0,2.1,752.46,34262.86
EMP860J,DT9,JR09,8,96950,11634,0,4,5374.91,90690.91
EMP861J,DT5,JR05,5,44275,5313,0,4.7,2440.44,41402.44
EMP862J,DT1,JR15,11,140400,16848,0,5,9434.88,132986.88
EMP863J,DT2,JR03,6,26957.5,3234.9,0,5,2581.45,26304.05
EMP864J,DT2,JR14,11,154500,18540,0,4.8,7409.82,143369.82
EMP865J,DT5,JR15,3,102150,12258,0,2.3,2868.37,92760.37
EMP866J,DT5,JR12,2,94350,11322,0,4.4,2739.92,85767.92
EMP867J,DT5,JR01,11,22875,2745,0,5,1345.05,21475.05
EMP868J,DT6,JR08,1,58300,6996,0,2.6,951.46,52255.46
EMP869J,DT1,JR10,5,136950,16434,0,4.3,12615.83,133131.83
EMP870J,DT3,JR14,1,105500,12660,0,2.2,1485.44,94325.44
EMP871J,DT5,JR06,2,34720,4166.4,0,2.1,448.58,31002.18
EMP872J,DT1,JR01,9,21600,2592,0,4.1,760.32,19768.32
EMP873J,DT5,JR15,6,115650,13878,0,4.6,5801,107573
EMP874J,DT1,JR14,10,148500,17820,0,4.9,17861.58,148541.58
EMP875J,DT6,JR09,6,91000,10920,0,4.3,3494.4,83574.4
EMP876J,DT2,JR04,2,30240,3628.8,0,2.1,832.2,27443.4
EMP877J,DT3,JR15,4,107100,12852,0,2.8,7976.81,102224.81
EMP878J,DT5,JR01,11,22950,2754,0,4.5,4670.78,24866.78
EMP879J,DT2,JR16,2,95200,11424,0,3.8,2558.98,86334.98
EMP880J,DT2,JR16,2,93500,11220,0,2.4,3141.6,85421.6
EMP881J,DT2,JR08,6,72325,8679,0,4.9,8566.17,72212.17
EMP882J,DT8,JR13,3,139800,16776,0,2.6,6089.69,129113.69
EMP883J,DT6,JR16,7,113900,13668,0,5,3407.89,103639.89
EMP884J,DT9,JR13,4,141000,16920,0,3.9,2763.6,126843.6
EMP885J,DT4,JR05,12,55475,6657,0,4.7,3375.1,52193.1
EMP886J,DT3,JR01,5,19050,2286,142.88,4.5,1111,17732.12
EMP887J,DT6,JR05,4,41475,4977,0,2.4,675.21,37173.21
EMP888J,DT3,JR07,1,42000,5040,0,1.7,688.8,37648.8
EMP889J,DT6,JR06,0,32480,3897.6,0,1.5,105.24,28687.64
EMP890J,DT3,JR10,8,152900,18348,0,4,15742.58,150294.58
EMP891J,DT7,JR08,3,64075,7689,0,3,2029.9,58415.9
EMP892J,DT2,JR10,10,163900,19668,0,5,19917.13,164149.13
EMP893J,DT7,JR11,7,88725,10647,0,4.3,8549.54,86627.54
EMP894J,DT8,JR11,7,89050,10686,0,4.2,8171.23,86535.23
EMP895J,DT1,JR16,10,128775,15453,0,4.2,23874.89,137196.89
EMP896J,DT1,JR16,1,88825,10659,0,2,703.49,78869.49
EMP897J,DT1,JR03,9,30135,3616.2,0,4.9,2152.84,28671.64
EMP898J,DT2,JR07,12,63000,7560,0,4.5,10722.6,66162.6
EMP899J,DT1,JR12,7,112625,13515,0,4.7,6734.97,105844.97
EMP900J,DT9,JR03,1,21217.5,2546.1,0,2.3,291.1,18962.5
EMP901J,DT4,JR13,1,127800,15336,0,2.2,1063.3,113527.3
EMP902J,DT6,JR16,11,133025,15963,0,4.5,25253.47,142315.47
EMP903J,DT6,JR10,7,150700,18084,0,4.8,16058.59,148674.59
EMP904J,DT8,JR11,2,71175,8541,0,2.9,2109.63,64743.63
EMP905J,DT1,JR16,11,131750,15810,0,4.7,10434.6,126374.6
EMP906J,DT4,JR02,4,21780,2613.6,0,2.2,585.45,19751.85
EMP907J,DT2,JR16,9,124100,14892,0,4.8,5480.26,114688.26
EMP908J,DT2,JR09,6,92400,11088,0,4,9698.3,91010.3
EMP909J,DT1,JR15,1,93600,11232,0,2.9,1377.79,83745.79
EMP910J,DT9,JR15,6,116100,13932,0,4.2,4848.34,107016.34
EMP911J,DT1,JR10,2,120450,14454,0,3,3661.68,109657.68
EMP912J,DT4,JR04,7,37380,4485.6,0,4,1803.21,34697.61
EMP913J,DT1,JR08,0,55000,6600,0,2.9,0,48400
EMP914J,DT1,JR12,5,106675,12801,0,4.6,3917.11,97791.11
EMP915J,DT3,JR03,1,21217.5,2546.1,0,2,154.46,18825.86
EMP916J,DT5,JR16,0,85850,10302,0,2.4,281.59,75829.59
EMP917J,DT4,JR10,1,115500,13860,0,2.9,1201.2,102841.2
EMP918J,DT6,JR16,2,92225,11067,0,2.2,2069.53,83227.53
EMP919J,DT8,JR11,11,100100,12012,0,4,14702.69,102790.69
EMP920J,DT3,JR06,6,42080,5049.6,0,4.7,3287.29,40317.69
EMP921J,DT5,JR01,9,21450,2574,0,4.9,3025.31,21901.31
EMP922J,DT9,JR13,3,138600,16632,0,2.7,4640.33,126608.33
EMP923J,DT8,JR15,2,100800,12096,0,3.5,4161.02,92865.02
EMP924J,DT4,JR16,8,117725,14127,0,3.9,6889.27,110487.27
EMP925J,DT6,JR14,8,140500,16860,0,4,20940.12,144580.12
EMP926J,DT1,JR03,10,31057.5,3726.9,0,4.5,4222.58,31553.18
EMP927J,DT4,JR07,1,42000,5040,0,3,554.4,37514.4
EMP928J,DT5,JR08,10,83325,9999,0,4.6,6522.68,79848.68
EMP929J,DT6,JR13,8,166200,19944,0,5,11773.61,158029.61
EMP930J,DT3,JR09,5,86100,10332,0,3.9,7129.08,82897.08
EMP931J,DT5,JR13,12,189000,22680,0,4.7,14779.8,181099.8
EMP932J,DT5,JR13,4,142200,17064,0,4.4,3577.75,128713.75
EMP933J,DT2,JR14,2,109000,13080,0,2.2,1726.56,97646.56
EMP934J,DT4,JR14,10,151000,18120,0,4.1,8625.12,141505.12
EMP935J,DT5,JR03,7,27367.5,3284.1,0,4.6,2713.76,26797.16
EMP936J,DT8,JR09,3,79450,9534,0,2.6,1458.7,71374.7
EMP937J,DT7,JR14,7,135000,16200,0,4.1,10206,129006
EMP938J,DT8,JR14,4,118500,14220,0,3.1,8067.48,112347.48
EMP939J,DT4,JR15,7,122400,14688,0,3.9,15510.53,123222.53
EMP940J,DT8,JR09,8,98700,11844,0,4.2,10359.55,97215.55
EMP941J,DT2,JR02,10,26550,3186,0,4.7,2925.81,26289.81
EMP942J,DT6,JR15,8,126450,15174,0,4.7,9013.36,120289.36
EMP943J,DT8,JR08,8,77825,9339,0,4.9,5684.34,74170.34
EMP944J,DT2,JR14,7,134500,16140,0,4.4,15591.24,133951.24
EMP945J,DT8,JR14,2,107500,12900,0,1.5,2709,97309
EMP946J,DT6,JR09,1,72100,8652,0,2.5,467.21,63915.21
EMP947J,DT9,JR01,3,17325,2079,129.94,4.4,279.28,15395.34
EMP948J,DT4,JR02,7,24660,2959.2,0,3.9,2554.78,24255.58
EMP949J,DT9,JR05,3,40075,4809,0,3.7,2277.86,37543.86
EMP950J,DT1,JR16,0,85000,10200,0,2.5,0,74800
EMP951J,DT2,JR09,11,107100,12852,0,3.9,14531.33,108779.33
EMP952J,DT3,JR09,5,86800,10416,0,2.5,7332.86,83716.86
EMP953J,DT5,JR05,7,47425,5691,0,4.2,4175.3,45909.3
EMP954J,DT7,JR09,9,99750,11970,0,4.4,5087.25,92867.25
EMP955J,DT3,JR04,3,32620,3914.4,0,4.2,861.17,29566.77
EMP956J,DT9,JR15,5,112500,13500,0,2.7,9450,108450
EMP957J,DT9,JR10,3,128700,15444,0,4.3,2275.42,115531.42
EMP958J,DT2,JR04,6,36120,4334.4,0,4.5,2849.15,34634.75
EMP959J,DT7,JR13,6,153000,18360,0,4.2,16830,151470
EMP960J,DT5,JR12,6,112200,13464,0,4.5,13212.67,111948.67
EMP961J,DT4,JR11,12,102375,12285,0,4.6,18837,108927
EMP962J,DT2,JR09,4,82950,9954,0,2.5,2455.32,75451.32
EMP963J,DT3,JR13,1,126600,15192,0,2.2,1671.12,113079.12
EMP964J,DT2,JR15,2,97650,11718,0,1.8,1527.25,87459.25
EMP965J,DT4,JR11,8,90675,10881,0,4.9,5157.59,84951.59
EMP966J,DT8,JR02,1,19080,2289.6,143.1,2.4,146.53,16793.83
EMP967J,DT2,JR15,10,135900,16308,0,4.1,14970.74,134562.74
EMP968J,DT8,JR12,3,96475,11577,0,3.4,5209.65,90107.65
EMP969J,DT7,JR13,1,128400,15408,0,1.6,790.94,113782.94
EMP970J,DT8,JR14,5,124500,14940,0,3.7,11956.98,121516.98
EMP971J,DT7,JR12,7,113475,13617,0,4.3,6082.26,105940.26
EMP972J,DT8,JR02,9,26190,3142.8,0,4.6,3336.61,26383.81
EMP973J,DT4,JR07,4,48600,5832,0,4.3,1504.66,44272.66
EMP974J,DT3,JR03,6,26752.5,3210.3,0,4.7,2088.84,25631.04
EMP975J,DT8,JR14,6,129500,15540,0,4.7,8862.98,122822.98
EMP976J,DT3,JR14,5,125500,15060,0,4.8,11520.9,121960.9
EMP977J,DT8,JR02,6,23040,2764.8,0,4.5,2374.04,22649.24
EMP978J,DT5,JR02,7,23850,2862,0,4,1178.19,22166.19
EMP979J,DT6,JR15,10,135450,16254,0,4,9849.92,129045.92
EMP980J,DT5,JR13,6,156600,18792,0,4.7,6113.66,143921.66
EMP981J,DT1,JR08,0,56100,6732,0,2.6,421.87,49789.87
EMP982J,DT9,JR03,5,25215,3025.8,0,3.5,927.91,23117.11
EMP983J,DT9,JR02,10,27090,3250.8,0,5,2188.87,26028.07
EMP984J,DT4,JR10,2,118800,14256,0,2.6,1976.83,106520.83
EMP985J,DT8,JR08,9,80850,9702,0,4.1,13071.83,84219.83
EMP986J,DT3,JR06,3,36640,4396.8,0,3.4,552.53,32795.73
EMP987J,DT9,JR13,10,178800,21456,0,4.6,27334.94,184678.94
EMP988J,DT7,JR16,7,113900,13668,0,4.6,8364.82,108596.82
EMP989J,DT5,JR08,7,74800,8976,0,4.7,8832.38,74656.38
EMP990J,DT4,JR04,8,38920,4670.4,0,4.3,2307.18,36556.78
EMP991J,DT4,JR11,8,91975,11037,0,5,7023.21,87961.21
EMP992J,DT4,JR13,2,133200,15984,0,2,3047.62,120263.62
EMP993J,DT9,JR11,6,82875,9945,0,4.3,3646.5,76576.5
EMP994J,DT4,JR02,8,25020,3002.4,0,3.9,1405.12,23422.72
EMP995J,DT3,JR01,1,15525,1863,116.44,1.9,95.63,13641.19
EMP996J,DT4,JR02,1,18450,2214,138.38,1.8,177.12,16274.74
EMP997J,DT7,JR13,9,171600,20592,0,4.9,28334.59,179342.59
EMP998J,DT7,JR12,1,90525,10863,0,2.3,847.31,80509.31
EMP999J,DT4,JR06,8,45280,5433.6,0,4.6,2405.27,42251.67
EMP001K,DT5,JR06,4,38560,4627.2,0,3.3,1201.53,35134.33
EMP002K,DT9,JR08,3,63525,7623,0,3.1,2520.67,58422.67
EMP003K,DT8,JR14,6,129000,15480,0,4.2,10474.8,123994.8
EMP004K,DT6,JR01,6,19575,2349,146.81,4.1,1480.65,18559.84
EMP005K,DT8,JR13,0,121800,14616,0,2.9,496.94,107680.94
EMP006K,DT3,JR07,9,58000,6960,0,4.6,6890.4,57930.4
EMP007K,DT5,JR10,6,144650,17358,0,4.2,4374.22,131666.22
EMP008K,DT9,JR01,11,23250,2790,0,3.9,1125.3,21585.3
EMP009K,DT8,JR15,9,130950,15714,0,4.7,18113,133349
EMP010K,DT1,JR03,1,21525,2583,0,2.1,198.03,19140.03
